"ARRIVAL_TM","AUTOMOBILE_COUNT","BELTED_DEATH_COUNT","BELTED_SUSP_SERIOUS_INJ_COUNT","BICYCLE_COUNT","BICYCLE_DEATH_COUNT","BICYCLE_SUSP_SERIOUS_INJ_COUNT","BUS_COUNT","CHLDPAS_DEATH_COUNT","CHLDPAS_SUSP_SERIOUS_INJ_COUNT","COLLISION_TYPE","COMM_VEH_COUNT","CONS_ZONE_SPD_LIM","COUNTY","CRASH_MONTH","CRASH_YEAR","CRN","DAY_OF_WEEK","DEC_LAT","DEC_LONG","DISPATCH_TM","DISTRICT","DRIVER_COUNT_16YR","DRIVER_COUNT_17YR","DRIVER_COUNT_18YR","DRIVER_COUNT_19YR","DRIVER_COUNT_20YR","DRIVER_COUNT_50_64YR","DRIVER_COUNT_65_74YR","DRIVER_COUNT_75PLUS","EST_HRS_CLOSED","FATAL_COUNT","HEAVY_TRUCK_COUNT","HORSE_BUGGY_COUNT","HOUR_OF_DAY","ILLUMINATION","INJURY_COUNT","INTERSECT_TYPE","LANE_CLOSED","LATITUDE","LN_CLOSE_DIR","LOCATION_TYPE","LONGITUDE","MAX_SEVERITY_LEVEL","MCYCLE_DEATH_COUNT","MCYCLE_SUSP_SERIOUS_INJ_COUNT","MOTORCYCLE_COUNT","MUNICIPALITY","NONMOTR_COUNT","NONMOTR_DEATH_COUNT","NONMOTR_SUSP_SERIOUS_INJ_COUNT","NTFY_HIWY_MAINT","PED_COUNT","PED_DEATH_COUNT","PED_SUSP_SERIOUS_INJ_COUNT","PERSON_COUNT","POLICE_AGCY","POSSIBLE_INJ_COUNT","RDWY_SURF_TYPE_CD","RELATION_TO_ROAD","ROAD_CONDITION","SCH_BUS_IND","SCH_ZONE_IND","SMALL_TRUCK_COUNT","SPEC_JURIS_CD","SUSP_MINOR_INJ_COUNT","SUSP_SERIOUS_INJ_COUNT","SUV_COUNT","TCD_FUNC_CD","TCD_TYPE","TFC_DETOUR_IND","TIME_OF_DAY","TOT_INJ_COUNT","TOTAL_UNITS","UNB_DEATH_COUNT","UNB_SUSP_SERIOUS_INJ_COUNT","UNBELTED_OCC_COUNT","UNK_INJ_DEG_COUNT","UNK_INJ_PER_COUNT","URBAN_RURAL","VAN_COUNT","VEHICLE_COUNT","WORK_ZONE_IND","WORK_ZONE_LOC","WORK_ZONE_TYPE","WORKERS_PRES","WZ_CLOSE_DETOUR","WZ_FLAGGER","WZ_LAW_OFFCR_IND","WZ_LN_CLOSURE","WZ_MOVING","WZ_OTHER","WZ_SHLDER_MDN","ROADWAY_CLEARED","WEATHER1","WEATHER2","WZ_WORKERS_INJ_KILLED","SECONDARY_CRASH","INTERSECTION_RELATED"
"0758","3","0","0","0","0","0","0","0","0","4","0","","36","01","2017","2017000050","1","40.033","-76.3068","0755","08","0","0","0","0","0","0","0","1","2","0","0","0","07","1","0","01","1","40 01:58.902","2","00","76 18:24.637","0","0","0","0","36301","0","0","0","N","0","0","0","2","36301","0","","1","01","N","N","0","","0","0","1","3","2","N","0751","0","4","0","0","0","0","0","3","0","4","N","","","","","","","","","","","","03","  ","","",""
"0919","1","0","0","0","0","0","0","0","0","7","0","","36","01","2017","2017000059","1","40.0911","-76.168","0913","08","0","0","0","0","0","0","0","0","1","0","0","0","09","1","0","00","1","40 05:27.821","3","00","76 10:04.713","0","0","0","0","36234","0","0","0","N","0","0","0","1","36215","0","","4","01","N","N","0","","0","0","0","0","0","N","0912","0","1","0","0","0","0","0","1","0","1","N","","","","","","","","","","","","03","  ","","",""
"0451","1","0","0","0","0","0","0","0","0","7","0","","36","01","2017","2017000142","1","40.0816","-76.4921","0438","08","0","0","0","0","0","0","0","0","4","0","0","0","04","2","1","00","2","40 04:53.896","5","00","76 29:31.593","8","0","0","0","36230","0","0","0","N","0","0","0","2","36410","0","","4","01","N","N","0","","0","0","0","0","0","Y","0436","1","1","0","0","1","1","1","1","0","1","N","","","","","","","","","","","","03","  ","","",""
"2144","1","0","0","0","0","0","0","0","0","4","0","","36","01","2017","2017000167","1","40.0655","-76.2728","2137","08","0","0","0","0","0","0","0","0","3","0","0","0","21","2","0","00","1","40 03:55.685","4","07","76 16:22.173","0","0","0","0","36101","0","0","0","N","0","0","0","4","36101","0","","1","01","N","N","0","","0","0","1","0","0","N","2134","0","2","0","0","0","0","0","3","0","2","N","","","","","","","","","","","","03","  ","","",""
"1216","2","0","0","0","0","0","0","0","0","1","0","","36","01","2017","2017000292","2","40.0642","-76.3411","1211","08","0","0","1","0","0","1","0","0","2","0","0","0","12","1","0","00","1","40 03:51.227","4","00","76 20:28.084","0","0","0","0","36101","0","0","0","N","0","0","0","3","36101","0","","1","09","N","N","0","","0","0","0","0","0","N","1208","0","2","0","0","0","0","0","3","0","2","N","","","","","","","","","","","","07","  ","","",""
"0604","2","0","0","0","0","0","0","0","0","4","0","","36","01","2017","2017000467","3","40.068","-76.3309","0556","08","0","0","1","0","0","0","0","0","","0","0","0","05","3","0","00","0","40 04:04.825","","00","76 19:51.124","9","0","0","0","36101","0","0","0","N","0","0","0","3","36101","0","","1","09","N","N","0","","0","0","0","0","0","","0550","0","2","0","0","0","0","1","3","0","2","N","","","","","","","","","","","","07","  ","","",""
"1636","1","0","0","0","0","0","0","0","0","7","0","","36","01","2017","2017000479","2","40.2552","-76.1502","1633","08","0","0","0","0","0","0","0","0","2","0","0","0","16","2","0","00","2","40 15:18.596","6","00","76 09:00.666","0","0","0","0","36236","0","0","0","N","0","0","0","1","36408","0","","5","09","N","N","0","","0","0","0","0","0","Y","1631","0","1","0","0","0","0","0","1","0","1","N","","","","","","","","","","","","07","  ","","",""
"1240","2","0","0","0","0","0","0","0","0","4","0","","36","01","2017","2017000584","3","40.0409","-76.3919","1236","08","0","0","0","0","0","1","0","0","2","0","0","0","12","1","0","00","1","40 02:27.215","4","00","76 23:30.967","0","0","0","0","36214","0","0","0","N","0","0","0","2","36214","0","","1","09","N","N","0","","0","0","0","0","0","N","1235","0","2","0","0","0","0","0","3","0","2","N","","","","","","","","","","","","07","  ","","",""
"1332","0","0","0","0","0","0","0","0","0","5","1","","36","01","2017","2017000598","3","40.0642","-76.2828","1328","08","0","0","0","0","0","2","0","0","","0","1","0","13","1","0","00","0","40 03:51.180","","00","76 16:58.109","0","0","0","0","36101","0","0","0","Y","0","0","0","3","36101","0","","1","09","N","N","0","","0","0","2","0","0","","1324","0","3","0","0","0","0","0","3","0","3","N","","","","","","","","","","","","07","  ","","",""
"1548","2","0","0","0","0","0","0","0","0","1","0","","36","01","2017","2017000644","3","40.1476","-76.6034","1547","08","0","0","0","0","0","1","0","0","2","0","0","0","15","1","0","00","1","40 08:51.317","2","00","76 36:12.281","0","0","0","0","36407","0","0","0","N","0","0","0","7","36407","0","","1","09","N","N","0","","0","0","1","0","0","N","1545","0","3","0","0","0","0","0","2","0","3","N","","","","","","","","","","","","07","  ","","",""
"1745","1","0","0","0","0","0","0","0","0","7","0","","36","01","2017","2017000703","2","39.9256","-76.3737","1732","08","0","0","0","0","0","1","0","0","","0","0","0","17","2","0","00","0","39 55:32.000","","00","76 22:25.200","0","0","0","0","36206","0","0","0","N","0","0","0","1","36503","0","","4","09","N","N","0","","0","0","0","0","0","","1730","0","1","0","0","0","0","0","1","0","1","N","","","","","","","","","","","","07","  ","","",""
"2328","1","0","0","0","0","0","0","0","0","6","0","","36","01","2017","2017000747","3","40.0364","-76.3054","2325","08","0","0","0","0","0","1","0","0","2","0","0","0","23","3","2","01","1","40 02:10.941","1","00","76 18:19.324","3","0","0","0","36301","0","0","0","N","0","0","0","2","36301","1","","1","09","N","N","0","","1","0","1","3","2","N","2322","2","2","0","0","0","0","0","3","0","2","N","","","","","","","","","","","","03","  ","","",""
"0607","1","0","0","0","0","0","0","0","0","4","0","","36","01","2017","2017000781","4","40.1117","-76.4517","0600","08","0","0","0","0","0","0","0","0","2","0","0","0","06","3","1","01","1","40 06:42.333","6","00","76 27:05.926","4","0","0","0","36230","0","0","0","N","0","0","0","2","36410","1","","1","09","N","N","0","","0","0","0","3","2","N","0600","1","2","0","0","0","0","0","1","1","2","N","","","","","","","","","","","","05","  ","","",""
"0757","2","0","0","0","0","0","0","0","0","4","0","","36","01","2017","2017000806","4","40.037","-76.3147","0757","08","0","0","0","0","1","0","0","0","","0","0","0","07","1","0","01","0","40 02:13.183","","00","76 18:53.043","0","0","0","0","36301","0","0","0","N","0","0","0","3","36301","0","","1","01","N","N","0","","0","0","0","3","3","","0757","0","2","0","0","0","0","0","3","0","2","N","","","","","","","","","","","","03","  ","","",""
"1431","2","0","0","0","0","0","0","0","0","1","0","","36","01","2017","2017000807","1","40.0375","-76.2668","1424","08","0","0","0","0","0","0","0","0","","0","0","0","14","1","1","00","0","40 02:15.078","","00","76 16:00.409","4","0","0","0","36215","0","0","0","N","0","0","0","3","36215","1","","1","01","N","N","0","","0","0","0","0","0","","1422","1","2","0","0","0","0","1","1","0","2","N","","","","","","","","","","","","03","  ","","",""
"1716","2","0","0","0","0","0","0","0","0","5","0","","36","01","2017","2017000818","1","40.0317","-76.3196","1716","08","0","0","0","0","0","1","0","0","","0","0","0","16","1","1","01","0","40 01:54.135","","00","76 19:10.435","4","0","0","0","36301","0","0","0","N","0","0","0","4","36301","1","","1","01","N","N","0","","0","0","0","0","0","","1611","1","2","0","0","0","0","0","3","0","2","N","","","","","","","","","","","","03","  ","","",""
"1456","0","0","0","0","0","0","0","0","0","6","0","","36","01","2017","2017000845","1","40.0382","-76.3414","1453","08","0","0","0","0","0","0","0","0","3","0","0","0","14","1","2","01","2","40 02:17.361","6","00","76 20:28.994","4","0","0","0","36220","0","0","0","N","0","0","0","3","36101","2","","1","01","N","N","1","","0","0","1","3","2","Y","1452","2","2","0","0","1","0","0","3","0","2","N","","","","","","","","","","","","03","  ","","",""
"1648","2","0","0","0","0","0","0","0","0","4","0","","36","01","2017","2017000851","3","40.1297","-76.3048","1644","08","0","0","0","0","0","0","0","1","1","0","0","0","16","3","1","02","1","40 07:47.006","2","00","76 18:17.258","3","0","0","0","36235","0","0","0","","0","0","0","2","36506","0","","1","09","N","N","0","","1","0","0","3","2","N","1644","1","2","0","0","1","0","0","1","0","2","N","","","","","","","","","","","","07","  ","","",""
"1015","1","0","0","0","0","0","0","0","0","7","0","","36","01","2017","2017001604","4","40.0241","-76.4545","1011","08","0","0","0","0","0","0","0","0","","0","0","0","00","2","0","00","0","40 01:26.927","","03","76 27:16.288","0","0","0","0","36239","0","0","0","N","0","0","0","1","36239","0","","4","09","N","N","0","","0","0","0","0","0","","0000","0","1","0","0","0","0","0","3","0","1","N","","","","","","","","","","","","07","05","","",""
"1148","2","0","0","0","0","0","0","0","0","4","0","","36","01","2017","2017001606","4","40.0408","-76.2935","1141","08","0","0","0","0","0","1","0","0","1","0","0","0","11","1","0","01","1","40 02:26.970","4","00","76 17:36.562","0","0","0","0","36301","0","0","0","N","0","0","0","4","36301","0","","1","01","N","N","0","","0","0","0","3","3","N","1139","0","2","0","0","0","0","0","3","0","2","N","","","","","","","","","","","","03","  ","","",""
"1504","1","0","0","0","0","0","0","0","0","4","0","","36","01","2017","2017001623","4","40.0422","-76.2956","1451","08","0","0","0","0","0","0","1","0","1","0","0","0","14","1","1","01","1","40 02:31.984","3","00","76 17:44.246","4","0","0","0","36301","0","0","0","N","0","0","0","2","36301","1","","1","01","N","N","1","","0","0","0","3","3","N","1451","1","2","0","0","0","0","0","3","0","2","N","","","","","","","","","","","","03","  ","","",""
"0451","0","0","0","0","0","0","0","0","0","7","0","","36","01","2017","2017001790","2","40.1805","-76.0315","0424","08","0","0","0","0","0","0","0","0","","0","0","0","04","2","1","00","0","40 10:49.860","","00","76 01:53.380","8","0","0","0","36202","0","0","0","","0","0","0","1","68J01","0","","5","09","N","N","0","","0","0","1","0","0","","0424","1","1","0","0","1","1","0","1","0","1","N","","","","","","","","","","","","07","  ","","",""
"1721","4","0","0","0","0","0","0","0","0","1","0","","36","01","2017","2017001816","4","39.9879","-76.2749","1720","08","0","0","0","1","0","0","1","0","2","0","0","0","17","2","3","00","2","39 59:16.518","5","00","76 16:29.578","4","0","0","0","36240","0","0","0","N","0","0","0","6","36240","2","","1","01","N","N","0","","0","0","0","0","0","Y","1719","3","4","0","0","1","1","0","1","0","4","N","","","","","","","","","","","","03","  ","","",""
"1843","1","0","0","0","0","0","0","0","0","4","0","","36","01","2017","2017001833","1","39.9858","-76.3154","1831","08","0","0","0","1","0","1","0","0","1","0","0","0","18","3","2","01","2","39 59:09.014","7","00","76 18:55.276","8","0","0","0","36228","0","0","0","N","0","0","0","5","36503","0","","1","01","N","N","0","","0","0","2","3","2","Y","1828","2","3","0","0","0","2","1","1","0","3","N","","","","","","","","","","","","03","  ","","",""
"1309","1","0","0","0","0","0","0","0","0","2","0","","36","01","2017","2017001962","4","40.0456","-76.2924","1258","08","0","0","0","0","0","0","0","1","1","0","0","0","12","1","1","01","2","40 02:44.055","5","00","76 17:32.492","8","0","0","0","36301","0","0","0","N","0","0","0","2","36301","0","","1","01","N","N","0","","0","0","1","0","0","Y","1253","1","2","0","0","0","1","0","3","0","2","N","","","","","","","","","","","","03","  ","","",""
"1512","0","0","0","0","0","0","0","0","0","4","0","","36","01","2017","2017002067","5","40.0499","-76.2435","1507","08","0","0","0","0","0","0","1","1","","0","0","0","15","1","0","01","0","40 02:59.726","","00","76 14:36.434","0","0","0","0","36215","0","0","0","N","0","0","0","2","36215","0","","1","01","N","N","1","","0","0","1","3","3","","1504","0","2","0","0","0","0","0","1","0","2","N","","","","","","","","","","","","03","  ","","",""
"1520","0","0","0","0","0","0","0","0","0","7","0","","36","01","2017","2017002131","4","40.2305","-76.0298","1456","08","0","0","0","0","0","0","0","0","3","0","0","0","14","1","0","00","2","40 13:49.860","5","00","76 01:47.350","0","0","0","0","36202","0","0","0","","0","0","0","1","68J01","0","","4","01","N","N","1","","0","0","0","0","0","Y","1444","0","1","0","0","0","0","0","1","0","1","N","","","","","","","","","","","","03","  ","","",""
"1641","0","0","0","0","0","0","0","0","0","1","0","","36","01","2017","2017002204","4","39.9852","-76.0177","1628","08","0","0","0","0","0","1","1","0","","0","0","0","16","1","0","00","0","39 59:06.715","","00","76 01:03.647","0","0","0","0","36232","0","0","0","","0","0","0","2","68J01","0","","1","01","N","N","1","","0","0","1","0","0","","1619","0","2","0","0","0","0","0","1","0","2","N","","","","","","","","","","","","03","  ","","",""
"1918","1","0","0","0","0","0","0","0","0","7","0","","36","01","2017","2017002209","2","40.0188","-75.9659","1910","08","0","0","0","0","0","0","0","0","","0","0","0","18","2","1","02","0","40 01:07.647","","00","75 57:57.366","3","0","0","0","36232","0","0","0","","0","0","0","1","68J01","0","","4","09","N","N","0","","1","0","0","3","3","","1845","1","1","0","0","0","0","0","1","0","1","N","","","","","","","","","","","","07","  ","","",""
"2017","1","0","0","0","0","0","0","0","0","4","0","","36","01","2017","2017002253","5","40.0386","-76.3358","2011","08","0","0","0","0","0","1","1","0","2","0","0","0","20","3","1","01","2","40 02:18.842","7","00","76 20:08.849","4","0","0","0","36220","0","0","0","N","0","0","0","2","36101","1","","1","09","N","N","1","","0","0","0","3","2","Y","2010","1","2","0","0","0","0","0","3","0","2","N","","","","","","","","","","","","03","  ","","",""
"2222","1","0","0","0","0","0","0","0","0","7","0","","36","01","2017","2017002278","5","40.2237","-76.1061","2222","08","0","0","0","0","0","0","0","0","1","0","0","0","22","3","0","00","1","40 13:25.331","2","00","76 06:22.008","0","0","0","0","36210","0","0","0","N","0","0","0","1","36210","0","","4","07","N","N","0","","0","0","0","0","0","N","2222","0","1","0","0","0","0","0","1","0","1","N","","","","","","","","","","","","10","  ","","",""
"2320","0","0","0","0","0","0","0","0","0","7","0","","36","01","2017","2017002289","5","40.0143","-76.3096","2301","08","0","0","0","0","0","0","0","0","2","0","0","0","22","2","0","02","1","40 00:51.600","2","00","76 18:34.500","0","0","0","0","36220","0","0","0","N","0","0","0","1","36101","0","","3","07","N","N","0","","0","0","1","0","0","N","2257","0","1","0","0","0","0","0","3","0","1","N","","","","","","","","","","","","10","  ","","",""
"2231","0","0","0","0","0","0","0","0","0","7","0","","36","01","2017","2017002290","5","40.2185","-76.1504","2231","08","0","0","0","0","1","0","0","0","","0","0","0","22","2","0","00","0","40 13:06.646","","00","76 09:01.378","0","0","0","0","36210","0","0","0","N","0","0","0","1","36210","0","","4","02","N","N","0","","0","0","1","0","0","","2231","0","1","0","0","0","0","0","1","0","1","N","","","","","","","","","","","","10","  ","","",""
"2359","1","0","0","0","0","0","0","0","0","7","0","","36","01","2017","2017002294","5","40.2185","-76.1504","2352","08","0","0","0","0","0","0","0","0","","0","0","0","23","2","0","00","0","40 13:06.646","","00","76 09:01.378","0","0","0","0","36210","0","0","0","N","0","0","0","1","36210","0","","4","07","N","N","0","","0","0","0","0","0","","2352","0","1","0","0","0","0","0","1","0","1","N","","","","","","","","","","","","10","  ","","",""
"2146","2","0","0","0","0","0","0","0","0","4","0","","36","01","2017","2017002296","5","40.1633","-76.609","2145","08","0","1","0","0","0","0","0","0","","0","0","0","21","3","0","00","0","40 09:47.980","","07","76 36:32.471","0","0","0","0","36225","0","0","0","N","0","0","0","2","36505","0","","1","07","N","N","0","","0","0","0","0","0","","2145","0","2","0","0","0","0","0","2","0","2","N","","","","","","","","","","","","10","  ","","",""
"0027","0","0","0","0","0","0","0","0","0","7","0","","36","01","2017","2017002305","6","40.0396","-76.2922","0021","08","0","0","0","0","0","0","0","0","","0","0","0","00","3","0","00","0","40 02:22.507","","00","76 17:31.924","0","0","0","0","36301","0","0","0","N","0","0","0","1","36301","0","","4","07","N","N","0","","0","0","0","0","0","","0011","0","1","0","0","0","0","0","3","1","1","N","","","","","","","","","","","","10","  ","","",""
"0715","0","0","0","0","0","0","0","0","0","7","0","","36","01","2017","2017002383","6","40.2156","-76.0962","0707","08","0","0","0","0","0","0","0","0","","0","0","0","07","5","0","00","0","40 12:56.184","","00","76 05:46.375","0","0","0","0","36210","0","0","0","N","0","0","0","1","36210","0","","5","06","N","N","1","","0","0","0","0","0","","0700","0","1","0","0","0","0","0","1","0","1","N","","","","","","","","","","","","03","  ","","",""
"0645","1","0","0","0","0","0","0","0","0","7","0","","36","01","2017","2017002385","6","40.0231","-76.2757","0635","08","0","0","0","0","0","0","0","0","","0","0","0","06","2","0","00","0","40 01:23.303","","00","76 16:32.570","0","0","0","0","36240","0","0","0","N","0","0","0","1","36240","0","","5","02","N","N","0","","0","0","0","0","0","","0635","0","1","0","0","0","0","0","1","0","1","N","","","","","","","","","","","","03","  ","","",""
"0746","1","0","0","0","0","0","0","0","0","7","0","","36","01","2017","2017002480","6","40.1063","-76.4473","0732","08","0","0","0","0","0","0","1","0","","0","0","0","07","1","1","00","0","40 06:22.593","","00","76 26:50.215","8","0","0","0","36239","0","0","0","","0","0","0","2","36239","0","","2","07","","","0","","0","0","0","0","0","","0730","1","1","0","0","1","1","0","3","0","1","N","","","","","","","","","","","","99","  ","","",""
"0812","2","0","0","0","0","0","0","0","0","1","0","","36","01","2017","2017002513","3","40.1138","-76.3056","0812","08","0","0","0","0","1","0","1","0","2","0","0","0","08","1","0","01","1","40 06:49.608","2","00","76 18:20.148","0","0","0","0","36101","0","0","0","N","0","0","0","2","36101","0","","1","09","N","N","0","","0","0","0","3","2","N","0812","0","2","0","0","0","0","0","3","0","2","N","","","","","","","","","","","","07","  ","","",""
"1440","0","0","0","0","0","0","0","0","0","4","0","","36","01","2017","2017002516","6","40.0899","-76.3244","1438","08","0","1","0","0","0","0","1","0","2","0","0","0","14","1","0","00","1","40 05:23.700","4","07","76 19:28.000","0","0","0","0","36101","0","0","0","N","0","0","0","4","36101","0","","1","09","N","N","0","","0","0","2","0","0","N","1438","0","2","0","0","0","0","0","3","0","2","N","","","","","","","","","","","","03","  ","","",""
"2302","1","0","0","0","0","0","0","0","0","7","0","","36","01","2017","2017002574","5","39.8847","-76.2027","2227","08","0","0","0","0","0","0","0","0","2","0","0","0","22","2","0","00","1","39 53:04.944","4","00","76 12:09.808","0","0","0","0","36212","0","0","0","","0","0","0","1","68J01","0","","4","07","N","N","0","","0","0","0","0","0","N","2215","0","1","0","0","0","0","0","1","0","1","N","","","","","","","","","","","","10","  ","","",""
"2125","0","0","0","0","0","0","0","0","0","9","0","","36","01","2017","2017002638","1","40.2351","-76.3001","2106","08","0","0","0","0","0","1","0","0","","0","0","0","21","2","1","00","0","40 14:06.485","","00","76 18:03.557","8","0","0","0","36217","0","0","0","","0","0","0","1","68T06","0","","1","01","N","N","1","","0","0","0","0","0","","2106","1","1","0","0","0","1","0","1","0","1","N","","","","","","","","","","","","03","  ","","",""
"0812","1","0","0","0","0","0","0","0","0","7","0","","36","01","2017","2017002641","2","40.2437","-76.1556","0802","08","0","0","0","0","0","0","0","0","","0","0","0","08","1","0","00","0","40 14:37.226","","00","76 09:20.620","0","0","0","0","36236","0","0","0","","0","0","0","3","68T06","0","","3","09","N","N","0","","0","0","0","0","0","","0800","0","1","0","0","0","0","0","1","0","1","N","","","","","","","","","","","","07","  ","","",""
"2058","0","0","0","0","0","0","0","0","0","8","0","","36","01","2017","2017002709","6","40.0856","-76.2083","2057","08","0","0","0","0","0","0","0","0","","0","0","0","20","3","1","00","0","40 05:08.326","","00","76 12:29.803","3","0","0","0","36234","1","0","0","N","1","0","0","4","36215","0","","1","01","N","N","0","","1","0","1","0","0","","2056","1","2","0","0","0","0","0","1","0","1","N","","","","","","","","","","","","03","  ","","",""
"1112","2","0","0","0","0","0","0","0","0","1","0","","36","01","2017","2017002812","6","40.1587","-76.2041","1112","08","0","0","0","0","0","0","1","0","","0","0","0","11","1","1","00","0","40 09:31.163","","07","76 12:14.789","4","0","0","0","36402","0","0","0","N","0","0","0","2","36402","1","","1","01","N","N","0","","0","0","0","0","0","","1110","1","2","0","0","0","0","0","2","0","2","N","","","","","","","","","","","","03","  ","","",""
"1505","0","0","0","0","0","0","0","0","0","1","0","","36","01","2017","2017002792","3","40.0513","-76.3988","1504","08","0","0","0","0","0","1","0","0","2","0","0","0","15","1","0","00","1","40 03:04.770","4","00","76 23:55.640","0","0","0","0","36214","0","0","0","","0","0","0","2","36214","0","","1","09","N","N","0","","0","0","2","0","0","N","1503","0","2","0","0","0","0","0","3","0","2","N","","","","","","","","","","","","07","  ","","",""
"1953","2","0","0","0","0","0","0","0","0","4","0","","36","01","2017","2017002793","5","40.0833","-76.3516","1941","08","0","0","0","0","0","1","0","1","","0","0","0","19","3","0","02","0","40 05:00.042","","00","76 21:05.706","0","0","0","0","36214","0","0","0","","0","0","0","2","36214","0","","1","01","N","N","0","","0","0","0","3","3","","1939","0","2","0","0","0","0","0","3","0","2","N","","","","","","","","","","","","03","  ","","",""
"0739","1","0","0","0","0","0","0","0","0","4","1","","36","01","2017","2017002801","6","40.0698","-76.3168","0733","08","0","0","0","0","0","2","0","0","3","0","1","0","06","1","0","01","1","40 04:11.336","1","00","76 19:00.464","0","0","0","0","36101","0","0","0","N","0","0","0","2","36101","0","","1","09","N","N","0","","0","0","0","3","2","N","0630","0","2","0","0","0","0","0","3","0","2","N","","","","","","","","","","","","10","  ","","",""
"1452","2","0","0","0","0","0","0","0","0","1","0","","36","01","2017","2017002807","6","40.0315","-76.48","1452","08","0","0","0","0","0","1","1","0","","0","0","0","14","1","1","02","0","40 01:53.464","","00","76 28:48.019","4","0","0","0","36239","0","0","0","N","0","0","0","5","36239","1","","1","09","N","N","1","","0","0","0","0","0","","1450","1","3","0","0","0","0","0","3","0","3","N","","","","","","","","","","","","03","  ","","",""
"0111","2","0","0","0","0","0","0","0","0","1","0","","36","01","2017","2017002815","7","40.0325","-76.3015","0111","08","0","0","0","0","0","0","0","0","2","0","0","0","01","3","1","00","2","40 01:57.100","1","00","76 18:05.300","4","0","0","0","36301","0","0","0","N","0","0","0","1","36301","1","","1","01","N","N","0","","0","0","0","0","0","N","0111","1","2","0","0","0","0","0","3","0","2","N","","","","","","","","","","","","03","  ","","",""
"1527","2","0","0","0","0","0","0","0","0","1","0","","36","01","2017","2017002820","3","40.0555","-76.2687","1522","08","0","0","0","0","0","1","0","0","2","0","0","0","15","1","0","00","1","40 03:19.961","4","00","76 16:07.378","0","0","0","0","36215","0","0","0","N","0","0","0","2","36215","0","","1","09","N","N","0","","0","0","0","0","0","N","1514","0","2","0","0","0","0","0","1","0","2","N","","","","","","","","","","","","07","  ","","",""
"1258","0","0","0","0","0","0","0","0","0","4","0","","36","01","2017","2017002827","3","40.1008","-76.0994","1251","08","0","0","0","0","0","1","1","0","1","0","0","0","12","1","1","02","1","40 06:02.869","5","00","76 05:57.876","3","0","0","0","36415","0","0","0","N","0","0","0","2","36415","0","","1","09","N","N","1","","1","0","1","0","0","Y","1247","1","2","0","0","0","0","0","1","0","2","N","","","","","","","","","","","","07","  ","","",""
"1226","1","0","0","0","0","0","0","0","0","1","0","","36","01","2017","2017002828","6","40.1565","-76.2052","1225","08","0","0","0","0","0","0","0","0","2","0","0","0","12","1","1","01","2","40 09:23.506","1","00","76 12:18.574","4","0","0","0","36402","0","0","0","N","0","0","0","2","36402","1","","1","01","N","N","0","","0","0","1","0","0","Y","1224","1","2","0","0","0","0","0","2","0","2","N","","","","","","","","","","","","03","  ","","",""
"1433","2","0","0","0","0","0","0","0","0","4","0","","36","01","2017","2017002830","6","40.0299","-76.3315","1428","08","0","0","0","0","0","0","2","0","","0","0","0","14","1","0","01","0","40 01:47.485","","00","76 19:53.248","0","0","0","0","36220","0","0","0","N","0","0","0","2","36101","0","","1","09","N","N","1","","0","0","0","0","0","","1428","0","3","0","0","0","0","0","3","0","3","N","","","","","","","","","","","","03","  ","","",""
"1028","0","0","0","0","0","0","0","0","0","7","0","","36","01","2017","2017002845","7","40.0764","-76.3378","1028","08","0","0","0","0","0","0","0","0","1","0","0","0","10","1","0","06","1","40 04:35.008","3","00","76 20:16.119","0","0","0","0","36101","0","0","0","Y","0","0","0","1","36101","0","","2","07","N","N","1","","0","0","0","0","0","N","1026","0","1","0","0","0","0","0","3","0","1","N","","","","","","","","","","","","10","  ","","",""
"1108","0","0","0","0","0","0","0","0","0","7","0","","36","01","2017","2017002861","7","","","1108","08","0","0","0","0","0","1","0","0","","0","0","0","11","1","1","00","0","","","00","","4","0","0","0","36301","0","0","0","N","0","0","0","1","36301","1","","3","06","N","N","0","","0","0","0","0","0","","1108","1","1","0","0","0","0","0","3","0","1","N","","","","","","","","","","","","10","  ","","",""
"1728","2","0","0","0","0","0","0","0","0","1","0","","36","01","2017","2017002871","6","40.0398","-76.4553","1722","08","0","0","0","0","0","0","0","0","1","0","0","0","17","2","0","01","1","40 02:23.562","4","02","76 27:19.110","0","0","0","0","36239","0","0","0","","0","0","0","3","36239","0","","1","01","","","0","","0","0","1","3","2","N","1722","0","3","0","0","0","0","0","3","0","3","N","","","","","","","","","","","","03","  ","","",""
"1135","1","0","0","0","0","0","0","0","0","7","0","","36","01","2017","2017002879","7","40.2044","-76.1184","1123","08","0","0","0","0","0","1","0","0","2","0","0","0","11","1","1","00","1","40 12:15.774","2","00","76 07:06.070","4","0","0","0","36210","0","0","0","Y","0","0","0","2","36210","1","","2","07","N","N","0","","0","0","0","0","0","N","1120","1","1","0","0","0","0","0","1","0","1","N","","","","","","","","","","","","10","  ","","",""
"1134","1","0","0","0","0","0","0","0","0","7","0","","36","01","2017","2017002880","7","40.1641","-76.1488","1126","08","0","0","0","1","0","0","0","0","1","0","0","0","11","1","0","00","1","40 09:50.719","2","00","76 08:55.683","0","0","0","0","36218","0","0","0","N","0","0","0","1","36408","0","","2","07","N","N","0","","0","0","0","0","0","N","1124","0","1","0","0","0","0","0","1","0","1","N","","","","","","","","","","","","10","  ","","",""