"ARRIVAL_TM","AUTOMOBILE_COUNT","BELTED_DEATH_COUNT","BELTED_SUSP_SERIOUS_INJ_COUNT","BICYCLE_COUNT","BICYCLE_DEATH_COUNT","BICYCLE_SUSP_SERIOUS_INJ_COUNT","BUS_COUNT","CHLDPAS_DEATH_COUNT","CHLDPAS_SUSP_SERIOUS_INJ_COUNT","COLLISION_TYPE","COMM_VEH_COUNT","CONS_ZONE_SPD_LIM","COUNTY","CRASH_MONTH","CRASH_YEAR","CRN","DAY_OF_WEEK","DEC_LAT","DEC_LONG","DISPATCH_TM","DISTRICT","DRIVER_COUNT_16YR","DRIVER_COUNT_17YR","DRIVER_COUNT_18YR","DRIVER_COUNT_19YR","DRIVER_COUNT_20YR","DRIVER_COUNT_50_64YR","DRIVER_COUNT_65_74YR","DRIVER_COUNT_75PLUS","EST_HRS_CLOSED","FATAL_COUNT","HEAVY_TRUCK_COUNT","HORSE_BUGGY_COUNT","HOUR_OF_DAY","ILLUMINATION","INJURY_COUNT","INTERSECT_TYPE","LANE_CLOSED","LATITUDE","LN_CLOSE_DIR","LOCATION_TYPE","LONGITUDE","MAX_SEVERITY_LEVEL","MCYCLE_DEATH_COUNT","MCYCLE_SUSP_SERIOUS_INJ_COUNT","MOTORCYCLE_COUNT","MUNICIPALITY","NONMOTR_COUNT","NONMOTR_DEATH_COUNT","NONMOTR_SUSP_SERIOUS_INJ_COUNT","NTFY_HIWY_MAINT","PED_COUNT","PED_DEATH_COUNT","PED_SUSP_SERIOUS_INJ_COUNT","PERSON_COUNT","POLICE_AGCY","POSSIBLE_INJ_COUNT","RDWY_SURF_TYPE_CD","RELATION_TO_ROAD","ROAD_CONDITION","SCH_BUS_IND","SCH_ZONE_IND","SMALL_TRUCK_COUNT","SPEC_JURIS_CD","SUSP_MINOR_INJ_COUNT","SUSP_SERIOUS_INJ_COUNT","SUV_COUNT","TCD_FUNC_CD","TCD_TYPE","TFC_DETOUR_IND","TIME_OF_DAY","TOT_INJ_COUNT","TOTAL_UNITS","UNB_DEATH_COUNT","UNB_SUSP_SERIOUS_INJ_COUNT","UNBELTED_OCC_COUNT","UNK_INJ_DEG_COUNT","UNK_INJ_PER_COUNT","URBAN_RURAL","VAN_COUNT","VEHICLE_COUNT","WORK_ZONE_IND","WORK_ZONE_LOC","WORK_ZONE_TYPE","WORKERS_PRES","WZ_CLOSE_DETOUR","WZ_FLAGGER","WZ_LAW_OFFCR_IND","WZ_LN_CLOSURE","WZ_MOVING","WZ_OTHER","WZ_SHLDER_MDN","ROADWAY_CLEARED","WEATHER1","WEATHER2","WZ_WORKERS_INJ_KILLED","SECONDARY_CRASH","INTERSECTION_RELATED"
"0834","0","0","0","0","0","0","0","0","0","7","0","","36","01","2017","2017002890","7","40.0892","-76.3939","0826","08","0","1","0","0","0","0","0","0","1","0","0","0","08","1","0","00","1","40 05:21.245","4","00","76 23:37.920","0","0","0","0","36214","0","0","0","N","0","0","0","1","36214","0","","5","07","N","N","0","","0","0","1","0","0","N","0824","0","1","0","0","0","0","0","3","0","1","N","","","","","","","","","","","","10","  ","","",""
"0957","0","0","0","0","0","0","0","0","0","7","0","","36","01","2017","2017002912","7","40.0674","-76.3314","0951","08","0","0","0","0","0","0","0","0","2","0","0","0","09","1","0","07","1","40 03:59.811","3","02","76 19:57.881","0","0","0","0","36101","0","0","0","N","0","0","0","1","36101","0","","1","02","N","N","0","","0","0","1","0","0","Y","0950","0","1","0","0","0","0","0","3","0","1","N","","","","","","","","","","","","10","  ","","",""
"1226","0","0","0","0","0","0","0","0","0","4","0","","36","01","2017","2017002915","7","40.0629","-76.3235","1220","08","0","0","0","0","0","0","0","0","2","0","0","0","12","1","0","00","2","40 03:46.457","1","07","76 19:24.449","0","0","0","0","36101","0","0","0","N","0","0","0","2","36101","0","","1","09","N","N","1","","0","0","1","0","0","N","1220","0","2","0","0","0","0","0","3","0","2","N","","","","","","","","","","","","03","  ","","",""
"1143","0","0","0","0","0","0","0","0","0","7","0","","36","01","2017","2017002922","7","40.0713","-76.3247","1128","08","0","0","0","0","0","0","0","0","","0","0","0","11","1","0","00","0","40 04:16.657","","03","76 19:29.084","0","0","0","0","36101","0","0","0","N","0","0","0","1","36101","0","","1","02","N","N","1","","0","0","0","0","0","","1125","0","1","0","0","0","0","0","3","0","1","N","","","","","","","","","","","","10","  ","","",""
"1101","1","0","0","0","0","0","0","0","0","7","0","","36","01","2017","2017002928","7","40.0696","-76.3113","1058","08","0","0","0","1","0","0","0","0","2","0","0","0","10","1","1","00","2","40 04:10.735","4","00","76 18:40.843","4","0","0","0","36101","0","0","0","N","0","0","0","1","36101","1","","4","07","N","N","0","","0","0","0","0","0","N","1056","1","1","0","0","0","0","0","3","0","1","N","","","","","","","","","","","","10","  ","","",""
"1030","0","0","0","0","0","0","0","0","0","7","0","","36","01","2017","2017002934","7","40.0569","-76.2677","1025","08","0","0","0","0","0","1","0","0","","0","0","0","10","1","0","00","0","40 03:24.762","","02","76 16:03.905","0","0","0","0","36215","0","0","0","N","0","0","0","5","36215","0","","4","07","N","N","0","","0","0","1","0","0","","1021","0","1","0","0","0","0","0","1","0","1","N","","","","","","","","","","","","10","  ","","",""
"1514","1","0","0","0","0","0","0","0","0","0","0","","36","01","2017","2017002940","3","39.9603","-76.3652","1504","08","0","0","0","0","0","0","0","0","1","0","0","0","15","1","1","00","1","39 57:37.197","5","00","76 21:54.728","4","0","0","0","36206","0","0","0","N","0","0","0","1","36503","1","","5","09","N","N","0","","0","0","0","0","0","N","1500","1","1","0","0","1","0","0","1","0","1","N","","","","","","","","","","","","07","05","","",""
"1537","1","0","0","0","0","0","0","0","0","4","0","","36","01","2017","2017002999","7","39.993","-76.2753","1532","08","0","0","0","0","0","0","1","0","","0","0","0","15","1","0","01","0","39 59:34.623","","00","76 16:30.907","0","0","0","0","36240","0","0","0","N","0","0","0","3","36240","0","","1","09","N","N","1","","0","0","0","3","3","","1532","0","2","0","0","0","0","0","1","0","2","N","","","","","","","","","","","","03","  ","","",""
"1640","0","0","0","0","0","0","0","0","0","7","0","","36","01","2017","2017003011","7","39.9739","-76.2546","1635","08","0","0","1","0","0","0","0","0","","0","0","0","16","1","1","00","0","39 58:26.183","","00","76 15:16.563","3","0","0","0","36240","0","0","0","N","0","0","0","1","36240","0","","4","07","N","N","0","","1","0","1","0","0","","1635","1","1","0","0","0","0","0","1","0","1","N","","","","","","","","","","","","03","  ","","",""
"1840","2","0","0","0","0","0","0","0","0","4","0","","36","01","2017","2017003029","7","40.144","-76.2082","1828","08","0","0","0","0","0","0","0","0","","0","0","0","18","2","0","02","0","40 08:38.338","","00","76 12:29.485","0","0","0","0","36238","0","0","0","N","0","0","0","3","36238","0","","1","01","N","N","0","","0","0","0","3","3","","1825","0","2","0","0","0","0","0","3","0","2","N","","","","","","","","","","","","03","  ","","",""
"2009","1","0","0","0","0","0","0","0","0","7","0","","36","01","2017","2017003030","3","40.244","-76.0884","2005","08","0","0","1","0","0","0","0","0","","0","0","0","20","3","0","00","0","40 14:38.433","","00","76 05:18.291","0","0","0","0","36210","0","0","0","N","0","0","0","1","36210","0","","2","09","N","N","0","","0","0","0","0","0","","2004","0","1","0","0","0","0","0","1","0","1","N","","","","","","","","","","","","07","  ","","",""
"2202","2","0","1","0","0","0","0","0","0","2","0","","36","01","2017","2017003031","6","40.0344","-76.4608","2201","08","0","0","0","0","0","1","0","0","2","0","0","0","21","3","2","00","2","40 02:03.669","4","00","76 27:38.866","2","0","0","0","36239","0","0","0","N","0","0","0","2","36239","0","","1","01","N","N","0","","0","1","0","0","0","N","2159","2","2","0","0","0","1","0","3","0","2","N","","","","","","","","","","","","03","  ","","",""
"0127","1","0","0","0","0","0","0","0","0","7","0","","36","01","2017","2017003062","1","40.0614","-76.3529","0127","08","0","0","0","0","0","0","0","0","3","1","0","0","01","3","0","00","2","40 03:40.961","4","00","76 21:10.303","1","0","0","0","36214","0","0","0","Y","0","0","0","1","36214","0","1","4","01","N","N","0","0","0","0","0","0","0","Y","0120","0","1","1","0","1","0","0","3","0","1","N","","","","","","","","","","","","03","  ","","",""
"0830","1","0","0","0","0","0","0","0","0","4","0","","36","01","2017","2017003067","7","40.0489","-76.3627","0822","08","0","0","0","0","0","0","1","0","","0","0","0","08","1","0","00","0","40 02:56.163","","00","76 21:45.735","0","0","0","0","36214","0","0","0","N","0","0","0","3","36214","0","","1","07","N","N","0","","0","0","1","0","0","","0820","0","2","0","0","0","0","0","3","0","2","N","","","","","","","","","","","","10","  ","","",""
"1756","2","0","0","0","0","0","0","0","0","1","0","","36","01","2017","2017003072","7","40.0888","-76.3051","1750","08","0","0","0","0","0","0","1","0","","0","0","0","17","3","1","02","0","40 05:19.752","","00","76 18:18.261","4","0","0","0","36101","0","0","0","N","0","0","0","3","36101","1","","1","09","N","N","0","","0","0","0","3","2","","1724","1","2","0","0","0","0","0","3","0","2","N","","","","","","","","","","","","03","  ","","",""
"1549","1","0","0","0","0","0","0","0","0","7","0","","36","01","2017","2017003083","7","40.2615","-76.1127","1546","08","0","0","0","0","1","0","0","0","2","0","0","0","15","1","0","00","1","40 15:41.271","2","00","76 06:45.673","0","0","0","0","36236","0","0","0","N","0","0","0","1","36408","0","","4","02","N","N","0","","0","0","0","0","0","Y","1542","0","1","0","0","0","0","0","1","0","1","N","","","","","","","","","","","","10","  ","","",""
"1244","1","0","0","0","0","0","0","0","0","1","0","","36","01","2017","2017003093","3","40.0675","-76.4132","1242","08","0","0","0","0","0","1","0","1","1","0","0","0","12","1","0","01","1","40 04:03.031","3","00","76 24:47.410","0","0","0","0","36239","0","0","0","N","0","0","0","2","36239","0","","1","09","N","N","1","","0","0","0","3","2","Y","1240","0","2","0","0","0","0","0","3","0","2","N","","","","","","","","","","","","07","  ","","",""
"0645","1","0","0","0","0","0","0","0","0","7","0","","36","01","2017","2017003099","1","40.1839","-76.2263","0638","08","0","0","0","0","0","0","0","0","2","0","0","0","06","2","0","00","2","40 11:01.900","5","00","76 13:34.800","0","0","0","0","36218","0","0","0","N","0","0","0","1","36408","0","","4","02","N","N","0","","0","0","0","0","0","Y","0635","0","1","0","0","0","0","0","1","0","1","N","","","","","","","","","","","","03","  ","","",""
"1052","1","0","0","0","0","0","0","0","0","7","0","","36","01","2017","2017003105","7","40.023","-76.2775","1042","08","0","0","1","0","0","0","0","0","","0","0","0","10","1","0","00","0","40 01:22.926","","00","76 16:39.113","0","0","0","0","36240","0","0","0","Y","0","0","0","1","36240","0","","5","02","N","N","0","","0","0","0","0","0","","1042","0","1","0","0","0","0","0","1","0","1","N","","","","","","","","","","","","03","  ","","",""
"0615","0","0","0","0","0","0","0","0","0","7","0","","36","01","2017","2017003123","6","40.0498","-76.4786","0601","08","0","0","0","0","0","0","0","0","2","0","0","0","05","2","0","00","2","40 02:59.100","6","00","76 28:42.900","9","0","0","0","36239","0","0","0","N","0","0","0","1","36239","0","","5","07","N","N","1","","0","0","0","0","0","Y","0559","0","1","0","0","0","0","1","3","0","1","N","","","","","","","","","","","","10","  ","","",""
"1056","1","0","0","0","0","0","0","0","0","7","0","","36","01","2017","2017003126","1","40.1139","-76.2604","1048","08","0","0","0","0","0","0","0","1","2","0","0","0","10","1","0","00","2","40 06:50.097","6","00","76 15:37.380","0","0","0","0","36101","0","0","0","N","0","0","0","2","36101","0","","5","02","N","N","0","","0","0","0","0","0","Y","1045","0","1","0","0","0","0","0","3","0","1","N","","","","","","","","","","","","03","  ","","",""
"1156","1","0","0","0","0","0","0","0","0","0","0","","36","01","2017","2017003167","1","40.0588","-76.4337","1155","08","0","1","0","0","0","0","0","0","1","0","0","0","11","1","0","00","1","40 03:31.700","2","00","76 26:01.200","0","0","0","0","36239","0","0","0","N","0","0","0","1","36239","0","","4","02","N","N","0","","0","0","0","0","0","N","1154","0","1","0","0","0","0","0","3","0","1","N","","","","","","","","","","","","10","  ","","",""
"1531","2","0","0","0","0","0","0","0","0","5","0","","36","01","2017","2017003247","1","40.1685","-76.6059","1522","08","0","0","0","0","0","0","0","0","","0","0","0","15","1","0","00","0","40 10:06.585","","00","76 36:21.062","0","0","0","0","36225","0","0","0","N","0","0","0","3","36505","0","","2","01","N","N","0","","0","0","0","3","2","","1520","0","2","0","0","0","0","0","2","0","2","N","","","","","","","","","","","","03","  ","","",""
"2205","1","0","0","0","0","0","0","0","0","4","0","","36","01","2017","2017003347","2","40.0792","-76.3465","2152","08","0","0","0","0","0","0","0","0","1","0","0","0","21","2","1","02","1","40 04:44.998","5","02","76 20:47.326","4","0","0","0","36101","0","0","0","N","0","0","0","2","36101","1","","1","01","N","N","0","","0","0","1","0","0","N","2148","1","2","0","0","0","0","0","3","0","2","N","","","","","","","","","","","","03","  ","","",""
"0022","1","0","0","0","0","0","0","0","0","7","0","","36","01","2017","2017003352","2","40.1441","-76.1231","0016","08","0","0","0","0","1","0","0","0","","0","0","0","00","2","0","00","0","40 08:38.750","","00","76 07:23.185","0","0","0","0","36209","0","0","0","N","0","0","0","1","36415","0","","5","02","N","N","0","","0","0","0","0","0","","0016","0","1","0","0","0","0","0","1","0","1","N","","","","","","","","","","","","03","  ","","",""
"0427","1","0","0","0","0","0","0","0","0","7","0","","36","01","2017","2017003353","1","40.0531","-76.2614","0427","08","0","0","0","0","0","1","0","0","1","0","0","0","04","3","0","00","1","40 03:11.158","5","00","76 15:41.215","0","0","0","0","36301","0","0","0","N","0","0","0","1","36301","0","","5","02","N","N","0","","0","0","0","0","0","N","0427","0","1","0","0","0","0","0","3","0","1","N","","","","","","","","","","","","03","  ","","",""
"2142","2","0","0","0","0","0","0","0","0","6","0","","36","01","2017","2017003361","3","40.1043","-76.3573","2138","08","0","0","0","0","0","0","0","0","2","0","0","0","21","3","0","00","2","40 06:15.471","5","00","76 21:26.143","0","0","0","0","36406","0","0","0","N","0","0","0","1","36101","0","","6","01","N","N","0","","0","0","0","0","0","N","2136","0","2","0","0","0","0","0","3","0","2","N","","","","","","","","","","","","03","  ","","",""
"1748","0","0","0","0","0","0","0","0","0","7","0","","36","01","2017","2017003370","1","40.0376","-76.5137","1748","08","0","0","0","1","0","0","0","0","2","0","0","0","17","2","1","00","2","40 02:15.293","4","03","76 30:49.476","3","0","0","0","36404","0","0","0","","0","0","0","1","36404","0","","2","01","N","N","0","","1","0","1","3","4","Y","1742","1","1","0","0","0","0","0","3","0","1","N","","","","","","","","","","","","03","  ","","",""
"1435","0","0","0","0","0","0","0","0","0","7","0","","36","01","2017","2017003371","6","40.1948","-76.3753","1430","08","0","0","0","0","0","1","0","0","1","0","0","0","14","1","1","00","1","40 11:41.200","1","00","76 22:31.000","3","0","0","0","36227","0","0","0","","0","0","0","1","36506","0","","4","09","N","N","0","","1","0","1","0","0","N","1430","1","1","0","0","1","0","0","1","0","1","N","","","","","","","","","","","","03","  ","","",""
"0940","0","0","0","0","0","0","0","0","0","7","0","","36","01","2017","2017003372","7","40.1456","-76.3628","0935","08","0","0","0","0","0","0","0","0","","0","0","0","09","1","1","00","0","40 08:43.986","","00","76 21:45.912","8","0","0","0","36227","0","0","0","","0","0","0","2","36506","0","","4","02","N","N","0","","0","0","1","0","0","","0935","1","1","0","0","0","1","0","1","0","1","N","","","","","","","","","","","","03","  ","","",""
"0945","1","0","0","0","0","0","0","0","0","4","0","","36","01","2017","2017003373","7","40.1297","-76.3113","0938","08","0","0","0","0","0","1","1","0","1","0","0","0","09","1","1","02","1","40 07:46.800","1","00","76 18:40.700","3","0","0","0","36235","0","0","0","","0","0","0","3","36506","0","","1","07","N","N","0","","1","0","1","3","3","N","0938","1","3","0","0","0","0","0","1","1","3","N","","","","","","","","","","","","10","  ","","",""
"1604","1","0","0","0","0","0","0","0","0","0","0","","36","01","2017","2017003374","1","40.118","-76.2388","1600","08","0","0","0","0","0","0","0","0","2","0","0","0","16","1","1","00","1","40 07:04.887","1","00","76 14:19.501","8","0","0","0","36235","0","0","0","","0","0","0","1","36506","0","","4","02","N","N","0","","0","0","0","0","0","N","1600","1","1","0","0","0","1","0","1","0","1","N","","","","","","","","","","","","03","  ","","",""
"1730","1","0","0","0","0","0","0","0","0","4","1","","36","01","2017","2017003397","6","40.0436","-76.5129","1730","08","0","0","0","0","0","1","0","0","2","0","1","0","17","3","0","02","1","40 02:37.133","5","00","76 30:46.550","0","0","0","0","36239","0","0","0","N","0","0","0","3","36239","0","","1","09","N","N","0","","0","0","1","3","3","Y","1725","0","3","0","0","0","0","0","3","0","3","N","","","","","","","","","","","","07","  ","","",""
"2149","0","0","0","0","0","0","0","0","0","7","0","","36","01","2017","2017003438","5","40.0449","-76.1758","2129","08","0","0","0","0","0","0","0","0","","0","0","0","21","2","0","02","0","40 02:41.496","","00","76 10:32.745","0","0","0","0","36221","0","0","0","N","0","0","0","1","36215","0","","5","07","N","N","0","","0","0","1","3","8","","2127","0","1","0","0","0","0","0","1","0","1","N","","","","","","","","","","","","10","  ","","",""
"0227","1","0","0","0","0","0","0","0","0","5","1","","36","01","2017","2017003443","6","40.2096","-76.1081","0220","08","0","0","0","0","0","0","1","0","2","0","1","0","02","2","1","00","1","40 12:34.660","2","00","76 06:29.103","2","0","0","0","36210","0","0","0","N","0","0","0","2","36210","0","","1","06","N","N","0","","0","1","0","0","0","N","0218","1","2","0","0","0","0","0","1","0","2","N","","","","","","","","","","","","10","  ","","",""
"0028","2","0","0","0","0","0","0","0","0","1","0","","36","01","2017","2017003460","6","40.0881","-76.329","0025","08","0","0","0","1","0","0","0","0","1","0","0","0","00","2","0","00","1","40 05:17.249","2","00","76 19:44.380","0","0","0","0","36101","0","0","0","N","0","0","0","3","36101","0","","1","07","N","N","0","","0","0","0","0","0","N","0023","0","2","0","0","0","0","0","3","0","2","N","","","","","","","","","","","","10","  ","","",""
"1109","1","0","0","0","0","0","0","0","0","7","0","","36","01","2017","2017003475","2","40.0083","-76.3158","1106","08","0","0","0","0","0","0","0","0","5","0","0","0","11","1","1","00","2","40 00:29.764","6","00","76 18:56.833","4","0","0","0","36220","0","0","0","N","0","0","0","1","36101","1","","4","01","N","N","0","","0","0","0","0","0","Y","1103","1","1","0","0","0","0","0","3","0","1","N","","","","","","","","","","","","03","  ","","",""
"1232","3","0","0","0","0","0","0","0","0","5","0","","36","01","2017","2017003478","5","40.0409","-76.2931","1232","08","0","0","0","0","0","0","1","0","2","0","0","0","12","1","1","00","2","40 02:27.086","3","00","76 17:35.294","4","0","0","0","36301","0","0","0","N","0","0","0","1","36301","1","","1","01","N","N","0","","0","0","0","0","0","Y","1232","1","4","0","0","0","0","0","3","1","4","N","","","","","","","","","","","","03","  ","","",""
"1037","1","0","0","0","0","0","0","0","0","0","0","","36","01","2017","2017003499","6","40.1482","-76.2709","1031","08","0","0","0","0","0","1","0","0","2","0","0","0","10","1","0","03","2","40 08:53.356","6","00","76 16:15.240","0","0","0","0","36235","0","0","0","","0","0","0","1","36506","0","","2","07","N","N","0","","0","0","0","0","0","Y","1031","0","1","0","0","0","0","0","1","0","1","N","","","","","","","","","","","","10","  ","","",""
"2233","0","0","0","0","0","0","0","0","0","7","0","","36","01","2017","2017003724","5","40.1762","-76.4222","2227","08","0","0","0","0","0","1","0","0","3","0","0","0","22","2","0","00","2","40 10:34.400","5","00","76 25:19.800","0","0","0","0","36230","0","0","0","N","0","0","0","1","36410","0","","4","02","N","N","0","","0","0","1","0","0","Y","2222","0","1","0","0","0","0","0","1","0","1","N","","","","","","","","","","","","10","  ","","",""
"0656","0","0","0","0","0","0","0","0","0","1","0","","36","01","2017","2017003781","1","40.0166","-76.37","0646","08","0","0","0","0","0","0","0","0","1","0","0","0","06","2","0","00","1","40 00:59.600","3","00","76 22:12.000","0","0","0","0","36223","0","0","0","","0","0","0","1","36223","0","","6","02","N","N","0","","0","0","2","0","0","N","0644","0","2","0","0","0","0","0","1","0","2","N","","","","","","","","","","","","03","  ","","",""
"1302","1","0","0","0","0","0","0","0","0","2","0","","36","01","2017","2017003782","1","40.0158","-76.3822","1254","08","0","0","0","0","0","0","0","0","1","0","0","0","12","1","1","00","1","40 00:56.860","2","00","76 22:55.940","4","0","0","0","36223","0","0","0","","0","0","0","4","36223","1","","1","07","N","N","1","","0","0","0","0","0","N","1252","1","2","0","0","0","0","0","1","0","2","N","","","","","","","","","","","","03","  ","","",""
"0848","1","0","0","0","0","0","0","0","0","4","0","","36","01","2017","2017003906","3","39.975","-76.2719","0845","08","0","0","0","0","0","0","0","2","3","0","0","0","08","1","0","01","1","39 58:29.845","2","00","76 16:18.829","0","0","0","0","36240","0","0","0","N","0","0","0","2","36240","0","","1","09","N","N","0","","0","0","0","3","3","N","0811","0","2","0","0","0","0","0","1","1","2","N","","","","","","","","","","","","07","  ","","",""
"0200","1","0","0","0","0","0","0","0","0","4","0","","36","01","2017","2017003916","5","40.0318","-76.3112","0156","08","0","0","0","0","0","0","0","0","","0","0","0","01","3","0","00","0","40 01:54.598","","00","76 18:40.485","0","0","0","0","36301","0","0","0","N","0","0","0","2","36301","0","","6","01","N","N","0","","0","0","1","0","0","","0154","0","2","0","0","0","0","0","3","0","2","N","","","","","","","","","","","","03","  ","","",""
"1842","0","0","0","0","0","0","0","0","0","4","0","","36","01","2017","2017003918","2","40.012","-76.2263","1833","08","0","0","1","0","0","0","1","0","","0","0","0","18","3","0","01","0","40 00:43.379","","00","76 13:34.666","0","0","0","0","36240","0","0","0","N","0","0","0","2","36240","0","","1","01","N","N","0","","0","0","2","3","3","","1840","0","2","0","0","0","0","0","1","0","2","N","","","","","","","","","","","","03","  ","","",""
"0820","0","0","0","0","0","0","0","0","0","4","0","","36","01","2017","2017003924","4","40.0945","-76.2155","0815","08","0","0","0","0","0","0","1","0","2","0","0","0","08","1","1","01","2","40 05:40.302","5","00","76 12:55.752","4","0","0","0","36234","0","0","0","N","0","0","0","2","36215","1","","1","09","N","N","0","","0","0","0","3","3","Y","0813","1","2","0","0","0","0","0","1","2","2","N","","","","","","","","","","","","05","  ","","",""
"0647","2","0","0","0","0","0","0","0","0","1","0","","36","01","2017","2017003938","2","40.0759","-76.3367","0643","08","0","0","0","0","0","0","0","0","","0","0","0","06","2","0","00","0","40 04:33.093","","00","76 20:12.179","0","0","0","0","36101","0","0","0","N","0","0","0","3","36101","0","","1","01","N","N","0","","0","0","1","0","0","","0635","0","3","0","0","0","0","0","3","0","3","N","","","","","","","","","","","","03","  ","","",""
"1538","1","0","0","0","0","0","0","0","0","7","0","","36","01","2017","2017004001","4","40.2171","-76.4511","1530","08","0","0","0","0","0","0","0","0","1","0","0","0","15","1","0","00","1","40 13:01.696","6","00","76 27:04.099","0","0","0","0","36230","0","0","0","","0","0","0","1","36410","0","","4","01","N","N","0","","0","0","0","0","0","N","1530","0","1","0","0","0","0","0","1","0","1","N","","","","","","","","","","","","03","  ","","",""
"0642","0","0","0","0","0","0","0","0","0","4","0","","36","01","2017","2017004002","5","40.1117","-76.4517","0632","08","0","0","0","0","0","0","0","0","2","0","0","0","06","3","0","01","2","40 06:42.051","1","00","76 27:06.004","0","0","0","0","36230","0","0","0","","0","0","0","2","36410","0","","1","01","N","N","0","","0","0","2","3","2","Y","0631","0","2","0","0","0","0","0","1","0","2","N","","","","","","","","","","","","03","  ","","",""
"1215","3","0","0","0","0","0","0","0","0","4","0","","36","01","2017","2017004056","2","40.0758","-76.2968","1212","08","0","0","0","0","0","0","0","3","2","0","0","0","12","1","1","02","2","40 04:32.744","5","00","76 17:48.617","4","0","0","0","36101","0","0","0","N","0","0","0","4","36101","1","","1","01","N","N","0","","0","0","0","3","2","Y","1211","1","3","0","0","1","0","0","3","0","3","N","","","","","","","","","","","","03","  ","","",""
"0922","3","0","0","0","0","0","0","0","0","4","0","","36","01","2017","2017004138","3","40.0302","-76.293","0919","08","0","0","0","0","0","0","1","0","1","0","0","0","09","1","1","00","2","40 01:48.884","1","00","76 17:34.884","8","0","0","0","36301","0","0","0","N","0","0","0","1","36301","0","","1","01","N","N","0","","0","0","0","0","0","Y","0916","1","3","0","0","0","1","0","3","0","3","N","","","","","","","","","","","","03","  ","","",""
"0756","2","0","0","0","0","0","0","0","0","4","0","","36","01","2017","2017004202","2","40.1075","-76.2518","0727","08","0","0","0","0","0","0","0","0","","0","0","0","07","1","0","01","0","40 06:27.073","","00","76 15:06.604","0","0","0","0","36101","0","0","0","N","0","0","0","2","36101","0","","1","01","N","N","0","","0","0","0","3","3","","0725","0","2","0","0","0","0","0","3","0","2","N","","","","","","","","","","","","03","  ","","",""
"1545","2","0","0","0","0","0","0","0","0","4","0","","36","01","2017","2017004351","3","39.9922","-76.2859","1543","08","0","0","0","0","0","0","0","0","2","0","0","0","15","1","0","02","1","39 59:32.071","2","07","76 17:09.342","0","0","0","0","36240","0","0","0","N","0","0","0","2","36240","0","","1","01","N","N","0","","0","0","0","3","2","N","1542","0","2","0","0","0","0","0","1","0","2","N","","","","","","","","","","","","03","  ","","",""
"1757","0","0","0","0","0","0","0","0","0","1","0","","36","01","2017","2017004358","3","40.0583","-76.4026","1753","08","0","0","0","0","0","1","0","0","2","0","0","0","17","3","8","00","1","40 03:29.794","4","00","76 24:09.302","4","0","0","0","36214","0","0","0","N","0","0","0","10","36214","8","","1","01","N","N","0","","0","0","1","0","0","N","1750","8","3","0","0","0","0","0","3","2","3","N","","","","","","","","","","","","03","  ","","",""
"0058","1","0","0","0","0","0","0","0","0","7","0","","36","01","2017","2017004399","3","40.1414","-76.2968","0054","08","0","0","0","0","0","0","0","0","3","1","0","0","00","3","0","00","2","40 08:28.900","6","07","76 17:48.600","1","0","0","0","36409","0","0","0","N","0","0","0","1","36409","0","2","4","01","N","N","0","0","0","0","0","0","0","Y","0054","0","1","1","0","1","0","0","3","0","1","N","","","","","","","","","","","","03","  ","","",""
"2347","1","0","0","0","0","0","0","0","0","7","0","","36","01","2017","2017004408","3","40.1238","-76.3422","2342","08","0","0","0","0","0","0","0","0","","0","0","0","23","2","0","00","0","40 07:25.656","","00","76 20:32.065","0","0","0","0","36101","0","0","0","N","0","0","0","1","36101","0","","5","02","N","N","0","","0","0","0","0","0","","2325","0","1","0","0","0","0","0","3","0","1","N","","","","","","","","","","","","07","  ","","",""
"0039","0","0","0","0","0","0","0","0","0","1","0","","36","01","2017","2017004410","4","40.0492","-76.3048","0035","08","0","0","0","0","0","0","1","0","","0","0","0","00","3","0","00","0","40 02:57.062","","00","76 18:17.442","0","0","0","0","36301","0","0","0","N","0","0","0","2","36301","0","","1","06","N","N","0","","0","0","2","0","0","","0032","0","2","0","0","0","0","0","3","0","2","N","","","","","","","","","","","","07","  ","","",""
"0241","0","0","0","0","0","0","0","0","0","7","0","","36","01","2017","2017004501","2","39.9703","-76.4288","0229","08","0","0","0","0","0","0","0","0","3","0","0","0","02","3","0","00","2","39 58:13.056","6","00","76 25:43.555","0","0","0","0","36223","0","0","0","","0","0","0","1","36223","0","","5","01","N","N","1","","0","0","0","0","0","Y","0227","0","1","0","0","0","0","0","1","0","1","N","","","","","","","","","","","","99","  ","","",""
"0615","1","0","0","0","0","0","0","0","0","7","0","","36","01","2017","2017004513","4","40.0173","-76.3247","0615","08","0","0","0","0","0","0","0","0","2","0","0","0","06","2","0","00","2","40 01:02.387","5","00","76 19:28.910","0","0","0","0","36220","0","0","0","N","0","0","0","2","36101","0","","2","02","N","N","0","","0","0","0","0","0","Y","0600","0","1","0","0","0","0","0","3","0","1","N","","","","","","","","","","","","98","  ","","",""
"0823","0","0","0","0","0","0","0","0","0","1","1","","36","01","2017","2017004520","3","40.1407","-76.6119","0812","08","0","0","0","0","0","2","0","0","1","0","1","0","08","1","0","00","2","40 08:26.584","2","00","76 36:42.682","0","0","0","0","36237","0","0","0","N","0","0","0","2","36505","0","","1","01","N","N","0","","0","0","0","0","0","N","0805","0","2","0","0","0","0","0","1","1","2","N","","","","","","","","","","","","03","  ","","",""