"ARRIVAL_TM","AUTOMOBILE_COUNT","BELTED_DEATH_COUNT","BELTED_SUSP_SERIOUS_INJ_COUNT","BICYCLE_COUNT","BICYCLE_DEATH_COUNT","BICYCLE_SUSP_SERIOUS_INJ_COUNT","BUS_COUNT","CHLDPAS_DEATH_COUNT","CHLDPAS_SUSP_SERIOUS_INJ_COUNT","COLLISION_TYPE","COMM_VEH_COUNT","CONS_ZONE_SPD_LIM","COUNTY","CRASH_MONTH","CRASH_YEAR","CRN","DAY_OF_WEEK","DEC_LAT","DEC_LONG","DISPATCH_TM","DISTRICT","DRIVER_COUNT_16YR","DRIVER_COUNT_17YR","DRIVER_COUNT_18YR","DRIVER_COUNT_19YR","DRIVER_COUNT_20YR","DRIVER_COUNT_50_64YR","DRIVER_COUNT_65_74YR","DRIVER_COUNT_75PLUS","EST_HRS_CLOSED","FATAL_COUNT","HEAVY_TRUCK_COUNT","HORSE_BUGGY_COUNT","HOUR_OF_DAY","ILLUMINATION","INJURY_COUNT","INTERSECT_TYPE","LANE_CLOSED","LATITUDE","LN_CLOSE_DIR","LOCATION_TYPE","LONGITUDE","MAX_SEVERITY_LEVEL","MCYCLE_DEATH_COUNT","MCYCLE_SUSP_SERIOUS_INJ_COUNT","MOTORCYCLE_COUNT","MUNICIPALITY","NONMOTR_COUNT","NONMOTR_DEATH_COUNT","NONMOTR_SUSP_SERIOUS_INJ_COUNT","NTFY_HIWY_MAINT","PED_COUNT","PED_DEATH_COUNT","PED_SUSP_SERIOUS_INJ_COUNT","PERSON_COUNT","POLICE_AGCY","POSSIBLE_INJ_COUNT","RDWY_SURF_TYPE_CD","RELATION_TO_ROAD","ROAD_CONDITION","SCH_BUS_IND","SCH_ZONE_IND","SMALL_TRUCK_COUNT","SPEC_JURIS_CD","SUSP_MINOR_INJ_COUNT","SUSP_SERIOUS_INJ_COUNT","SUV_COUNT","TCD_FUNC_CD","TCD_TYPE","TFC_DETOUR_IND","TIME_OF_DAY","TOT_INJ_COUNT","TOTAL_UNITS","UNB_DEATH_COUNT","UNB_SUSP_SERIOUS_INJ_COUNT","UNBELTED_OCC_COUNT","UNK_INJ_DEG_COUNT","UNK_INJ_PER_COUNT","URBAN_RURAL","VAN_COUNT","VEHICLE_COUNT","WORK_ZONE_IND","WORK_ZONE_LOC","WORK_ZONE_TYPE","WORKERS_PRES","WZ_CLOSE_DETOUR","WZ_FLAGGER","WZ_LAW_OFFCR_IND","WZ_LN_CLOSURE","WZ_MOVING","WZ_OTHER","WZ_SHLDER_MDN","ROADWAY_CLEARED","WEATHER1","WEATHER2","WZ_WORKERS_INJ_KILLED","SECONDARY_CRASH","INTERSECTION_RELATED"
"0634","1","0","0","0","0","0","0","0","0","7","0","","36","01","2017","2017004537","4","40.0909","-76.4218","0634","08","0","0","0","0","0","0","0","0","","0","0","0","06","6","0","00","0","40 05:27.406","","00","76 25:18.444","0","0","0","0","36214","0","0","0","N","0","0","0","1","36214","0","","4","02","N","N","0","","0","0","0","0","0","","0630","0","1","0","0","0","0","0","3","0","1","N","","","","","","","","","","","","03","  ","","",""
"0842","1","0","0","0","0","0","0","0","0","7","0","","36","01","2017","2017004544","4","40.0399","-76.2851","0839","08","0","0","0","0","0","0","1","0","2","0","0","0","08","1","1","00","1","40 02:23.659","3","00","76 17:06.420","4","0","0","0","36220","0","0","0","N","0","0","0","1","36101","1","","2","09","N","N","0","","0","0","0","0","0","N","0839","1","1","0","0","0","0","0","3","0","1","N","","","","","","","","","","","","03","  ","","",""
"0806","2","0","0","0","0","0","0","0","0","1","1","","36","01","2017","2017004564","4","40.0876","-76.3779","0759","08","0","0","0","0","0","1","0","0","","0","1","0","07","1","0","06","0","40 05:15.225","","02","76 22:40.368","0","0","0","0","36214","0","0","0","N","0","0","0","3","36214","0","","1","02","N","N","0","","0","0","0","0","0","","0759","0","3","0","0","0","0","0","3","0","3","N","","","","","","","","","","","","03","  ","","",""
"1526","2","0","0","0","0","0","0","0","0","4","0","","36","01","2017","2017004589","3","40.0441","-76.2836","1519","08","0","0","0","0","0","1","0","1","","0","0","0","15","1","2","01","0","40 02:38.900","","00","76 17:01.014","4","0","0","0","36301","0","0","0","N","0","0","0","3","36101","2","","1","01","N","N","0","","0","0","0","3","3","","1514","2","2","0","0","0","0","0","3","0","2","N","","","","","","","","","","","","03","  ","","",""
"1020","0","0","0","0","0","0","0","0","0","8","0","","36","01","2017","2017004656","2","40.0459","-76.3072","0957","08","0","0","0","0","0","1","0","0","","0","0","0","09","1","1","01","0","40 02:45.142","","00","76 18:25.864","3","0","0","0","36301","1","0","0","N","1","0","0","2","36301","0","","1","09","N","N","0","","1","0","1","3","2","","0957","1","2","0","0","0","0","0","3","0","1","N","","","","","","","","","","","","07","  ","","",""
"0948","0","0","0","0","0","0","0","0","0","7","0","","36","01","2017","2017004712","4","40.1133","-76.6266","0937","08","1","0","0","0","0","0","0","0","2","0","0","0","09","1","0","00","2","40 06:47.800","4","00","76 37:35.800","0","0","0","0","36237","0","0","0","N","0","0","0","3","36505","0","","4","02","N","N","0","","0","0","0","0","0","N","0920","0","1","0","0","0","0","0","1","1","1","N","","","","","","","","","","","","03","  ","","",""
"1511","2","0","0","0","0","0","0","0","0","1","0","","36","01","2017","2017004716","4","40.1669","-76.6069","1504","08","0","0","0","1","0","1","0","1","1","0","0","0","15","1","2","00","2","40 10:00.692","2","00","76 36:24.990","4","0","0","0","36225","0","0","0","N","0","0","0","4","36505","2","","1","01","N","N","0","","0","0","1","0","0","N","1500","2","3","0","0","0","0","0","2","0","3","N","","","","","","","","","","","","03","  ","","",""
"1728","2","0","0","0","0","0","0","0","0","1","0","","36","01","2017","2017004868","7","40.0601","-76.3116","1716","08","0","1","0","0","0","0","0","0","","0","0","0","17","3","0","00","0","40 03:36.215","","00","76 18:41.644","0","0","0","0","36101","0","0","0","N","0","0","0","1","36101","0","","1","01","N","N","0","","0","0","0","0","0","","1708","0","2","0","0","0","0","0","3","0","2","N","","","","","","","","","","","","03","  ","","",""
"2157","2","0","0","0","0","0","0","0","0","4","0","","36","01","2017","2017004900","4","40.06","-76.2775","2051","08","0","0","1","0","0","0","0","0","2","0","0","0","21","3","0","01","1","40 03:35.530","3","00","76 16:39.623","0","0","0","0","36101","0","0","0","N","0","0","0","2","36101","0","","1","09","N","N","0","","0","0","0","3","2","N","2150","0","2","0","0","0","0","0","3","0","2","N","","","","","","","","","","","","07","  ","","",""
"1613","2","0","0","0","0","0","0","0","0","1","0","","36","01","2017","2017004907","3","39.987","-76.3147","1606","08","0","0","0","0","0","0","0","0","1","0","0","0","16","1","1","00","2","39 59:13.277","1","07","76 18:52.851","4","0","0","0","36228","0","0","0","N","0","0","0","3","36503","1","","1","01","N","N","0","","0","0","1","3","8","N","1606","1","3","0","0","0","0","0","1","0","3","N","","","","","","","","","","","","03","  ","","",""
"0805","1","0","0","0","0","0","0","0","0","7","0","","36","01","2017","2017004928","4","40.1001","-76.3524","0802","08","0","0","0","0","0","0","0","0","","0","0","0","07","1","0","01","0","40 06:00.506","","00","76 21:08.532","0","0","0","0","36406","0","0","0","N","0","0","0","4","36101","0","","2","02","N","N","0","","0","0","0","0","0","","0753","0","1","0","0","0","0","0","3","0","1","N","","","","","","","","","","","","07","  ","","",""
"0530","1","0","0","0","0","0","0","0","0","7","0","","36","01","2017","2017004930","4","40.0172","-76.3233","0525","08","0","0","0","0","0","0","0","0","","0","0","0","05","3","1","00","0","40 01:01.799","","00","76 19:23.808","8","0","0","0","36220","0","0","0","N","0","0","0","1","36101","0","","4","02","N","N","0","","0","0","0","0","0","","0525","1","1","0","0","0","1","0","3","0","1","N","","","","","","","","","","","","07","  ","","",""
"0652","0","0","0","0","0","0","0","0","0","7","0","","36","01","2017","2017004933","4","40.1419","-76.2472","0644","08","0","0","0","0","1","0","0","0","2","0","0","0","06","2","0","00","2","40 08:30.766","5","00","76 14:49.811","0","0","0","0","36235","0","0","0","","0","0","0","1","36506","0","","4","09","N","N","0","","0","0","1","0","0","Y","0644","0","1","0","0","0","0","0","1","0","1","N","","","","","","","","","","","","03","  ","","",""
"0722","0","0","0","0","0","0","0","0","0","1","0","","36","01","2017","2017005042","4","40.0103","-76.3192","0721","08","0","0","0","0","0","1","0","0","","0","0","0","07","1","1","01","0","40 00:37.141","","00","76 19:09.292","8","0","0","0","36220","0","0","0","N","0","0","0","2","36101","0","","1","02","N","N","0","","0","0","2","3","3","","0721","1","2","0","0","0","1","0","3","0","2","N","","","","","","","","","","","","07","  ","","",""
"1705","1","0","0","0","0","0","0","0","0","7","0","","36","01","2017","2017005044","1","40.195","-76.1475","1710","08","0","0","1","0","0","0","0","0","2","0","0","0","17","2","0","00","2","40 11:41.900","5","00","76 08:51.000","0","0","0","0","36218","0","0","0","N","0","0","0","2","36408","0","","4","02","N","N","0","","0","0","0","0","0","Y","1705","0","1","0","0","0","0","0","1","0","1","N","","","","","","","","","","","","03","  ","","",""
"0850","1","0","0","0","0","0","0","0","0","7","0","","36","01","2017","2017005055","4","40.0919","-76.1586","0843","08","0","0","0","0","0","0","0","0","","0","0","0","08","1","0","02","0","40 05:30.713","","00","76 09:30.825","0","0","0","0","36234","0","0","0","N","0","0","0","1","36215","0","","5","02","N","N","0","","0","0","0","3","3","","0840","0","1","0","0","0","0","0","1","0","1","N","","","","","","","","","","","","03","  ","","",""
"0719","1","0","0","0","0","0","0","0","0","7","0","","36","01","2017","2017005058","4","40.0412","-76.4553","0714","08","0","0","0","0","0","1","0","0","","0","0","0","06","1","0","02","0","40 02:28.306","","00","76 27:19.254","0","0","0","0","36239","0","0","0","","0","0","0","1","36239","0","","2","02","","","0","","0","0","0","0","0","","0656","0","1","0","0","0","0","0","3","0","1","N","","","","","","","","","","","","98","  ","","",""
"1346","2","0","0","0","0","0","0","0","0","1","0","","36","01","2017","2017005065","1","40.0982","-76.3052","1341","08","0","0","0","0","0","1","2","0","","0","0","0","13","1","0","00","0","40 05:53.643","","00","76 18:18.731","0","0","0","0","36101","0","0","0","N","0","0","0","6","36101","0","","1","01","N","N","0","","0","0","1","0","0","","1340","0","3","0","0","0","0","0","3","0","3","N","","","","","","","","","","","","03","  ","","",""
"0730","1","0","0","0","0","0","1","0","0","4","1","","36","01","2017","2017005084","5","40.0741","-76.3709","0722","08","0","0","0","0","0","1","1","0","","0","0","0","07","1","0","01","0","40 04:26.901","","00","76 22:15.317","0","0","0","0","36214","0","0","0","N","0","0","0","2","36214","0","","1","09","Y","N","0","","0","0","0","3","2","","0720","0","2","0","0","0","0","0","3","0","2","N","","","","","","","","","","","","03","  ","","",""
"1255","2","0","0","0","0","0","0","0","0","4","0","","36","01","2017","2017005099","4","40.0619","-76.4988","1249","08","0","0","0","0","0","0","1","1","1","0","0","0","12","1","1","01","2","40 03:42.752","7","00","76 29:55.590","8","0","0","0","36239","0","0","0","N","0","0","0","3","36239","0","","1","01","N","N","1","","0","0","0","3","3","N","1248","1","3","0","0","1","1","0","3","0","3","N","","","","","","","","","","","","03","  ","","",""
"0815","1","0","0","0","0","0","0","0","0","2","0","","36","01","2017","2017005124","4","40.2355","-76.2469","0804","08","0","0","0","0","0","0","0","1","2","0","0","0","08","1","1","00","2","40 14:07.972","6","00","76 14:48.876","8","0","0","0","36204","0","0","0","","0","0","0","6","36506","0","","1","02","N","N","0","","0","0","0","0","0","N","0804","1","2","0","0","2","1","0","1","1","2","N","","","","","","","","","","","","03","  ","","",""
"1124","1","0","0","0","0","0","0","0","0","1","0","","36","01","2017","2017005137","5","40.0557","-76.3856","1121","08","0","0","0","0","0","1","0","0","2","0","0","0","11","1","1","00","1","40 03:20.437","3","07","76 23:08.051","4","0","0","0","36214","0","0","0","N","0","0","0","4","36214","1","","1","01","N","N","1","","0","0","0","0","0","Y","1120","1","2","0","0","0","0","1","3","0","2","N","","","","","","","","","","","","03","  ","","",""
"1655","2","0","0","0","0","0","0","0","0","1","0","","36","01","2017","2017005139","4","40.1847","-76.4083","1652","08","0","0","0","0","1","0","0","0","1","0","0","0","16","4","2","00","2","40 11:05.004","5","00","76 24:29.784","2","0","0","0","36230","0","0","0","N","0","0","0","4","36410","0","","1","09","N","N","0","","1","1","2","0","0","Y","1652","2","4","0","1","1","0","0","1","0","4","N","","","","","","","","","","","","98","  ","","",""
"1720","2","0","0","0","0","0","0","0","0","1","0","","36","01","2017","2017005169","4","40.0697","-76.3131","1713","08","0","0","0","0","0","1","0","0","1","0","0","0","17","3","1","00","1","40 04:10.918","3","00","76 18:46.984","4","0","0","0","36101","0","0","0","N","0","0","0","2","36101","1","","1","01","N","N","0","","0","0","0","0","0","N","1713","1","2","0","0","0","0","0","3","0","2","N","","","","","","","","","","","","03","  ","","",""
"1234","1","0","0","0","0","0","0","0","0","7","0","","36","01","2017","2017005175","1","40.0676","-76.2905","1229","08","0","0","0","0","0","0","0","0","","0","0","0","12","1","0","00","0","40 04:03.232","","02","76 17:25.902","0","0","0","0","36101","0","0","0","Y","0","0","0","2","36101","0","","2","02","N","N","0","","0","0","0","0","0","","1226","0","1","0","0","0","0","0","3","0","1","N","","","","","","","","","","","","03","  ","","",""
"1757","0","0","0","0","0","0","0","0","0","1","0","","36","01","2017","2017005469","5","40.1242","-76.4706","1747","08","0","0","0","0","0","2","0","0","","0","0","0","17","2","0","02","0","40 07:27.297","","02","76 28:14.171","0","0","0","0","36230","0","0","0","N","0","0","0","2","36410","0","","1","01","N","N","1","","0","0","1","0","0","","1736","0","2","0","0","0","0","0","1","0","2","N","","","","","","","","","","","","03","  ","","",""
"1834","1","0","0","0","0","0","0","0","0","7","0","","36","01","2017","2017005492","5","40.1649","-76.0527","1834","08","0","0","0","0","0","0","0","0","2","0","0","0","18","2","0","00","1","40 09:53.590","1","00","76 03:09.698","9","0","0","0","36213","0","0","0","N","0","0","0","2","36213","0","","5","09","N","N","0","","0","0","0","0","0","N","1834","0","1","0","0","0","0","2","1","0","1","N","","","","","","","","","","","","03","  ","","",""
"2126","2","0","0","0","0","0","0","0","0","1","0","","36","01","2017","2017005498","7","40.0382","-76.3235","2124","08","0","0","0","1","0","1","0","0","","0","0","0","21","3","1","01","0","40 02:17.652","","00","76 19:24.590","3","0","0","0","36301","0","0","0","","0","0","0","2","36301","0","","1","09","","","0","","1","0","0","0","0","","2123","1","2","0","0","0","0","0","3","0","2","N","","","","","","","","","","","","03","  ","","",""
"1933","1","0","0","0","0","0","0","0","0","4","0","","36","01","2017","2017005511","5","40.0274","-76.3213","1927","08","0","0","0","0","0","0","0","0","","0","0","0","19","3","0","01","0","40 01:38.690","","00","76 19:16.636","0","0","0","0","36301","0","0","0","N","0","0","0","4","36301","0","","1","09","N","N","0","","0","0","1","3","3","","1916","0","2","0","0","0","0","0","3","0","2","N","","","","","","","","","","","","07","  ","","",""
"0335","1","0","0","0","0","0","0","0","0","7","0","","36","01","2017","2017005514","2","40.0033","-76.2262","0330","08","0","0","0","0","0","0","0","0","","0","0","0","03","2","0","00","0","40 00:11.725","","00","76 13:34.309","0","0","0","0","36240","0","0","0","N","0","0","0","1","36240","0","","4","07","N","N","0","","0","0","0","0","0","","0330","0","1","0","0","0","0","0","1","0","1","N","","","","","","","","","","","","10","  ","","",""
"0235","1","0","0","0","0","0","0","0","0","7","0","","36","01","2017","2017005515","4","40.0231","-76.2754","0230","08","0","0","0","0","0","0","0","0","","0","0","0","02","3","0","00","0","40 01:23.200","","00","76 16:31.286","9","0","0","0","36240","0","0","0","N","0","0","0","1","36240","0","","5","02","N","N","0","","0","0","0","0","0","","0230","0","1","0","0","0","0","1","1","0","1","N","","","","","","","","","","","","07","05","","",""
"1800","3","0","0","0","0","0","0","0","0","5","0","","36","01","2017","2017005519","4","40.0693","-76.3087","1745","08","0","0","0","0","0","1","0","0","","0","0","0","17","2","0","00","0","40 04:09.383","","00","76 18:31.274","0","0","0","0","36101","0","0","0","N","0","0","0","3","36101","0","","1","09","N","N","0","","0","0","0","0","0","","1719","0","3","0","0","0","0","0","3","0","3","N","","","","","","","","","","","","07","  ","","",""
"2118","3","0","0","0","0","0","0","0","0","1","0","","36","01","2017","2017005522","5","40.0316","-76.3108","2110","08","0","0","0","0","0","0","0","0","","0","0","0","21","3","0","00","0","40 01:53.691","","00","76 18:39.016","0","0","0","0","36301","0","0","0","N","0","0","0","1","36301","0","","4","09","N","N","0","","0","0","1","0","0","","2105","0","4","0","0","0","0","0","3","0","4","N","","","","","","","","","","","","07","  ","","",""
"0533","3","0","0","0","0","0","0","0","0","4","0","","36","01","2017","2017005533","4","40.0344","-76.2875","0532","08","0","0","0","0","0","0","0","0","1","0","0","0","05","5","0","00","1","40 02:03.886","1","00","76 17:15.086","0","0","0","0","36301","0","0","0","N","0","0","0","2","36301","0","","1","01","N","N","0","","0","0","0","0","0","N","0532","0","3","0","0","0","0","0","3","0","3","N","","","","","","","","","","","","03","  ","","",""
"1731","2","0","0","0","0","0","0","0","0","1","0","","36","01","2017","2017005615","2","40.0095","-76.2986","1723","08","0","0","0","0","0","0","0","0","","0","0","0","17","3","0","00","0","40 00:34.025","","00","76 17:55.018","0","0","0","0","36240","0","0","0","N","0","0","0","5","36240","0","","1","01","N","N","0","","0","0","1","0","0","","1720","0","3","0","0","0","0","0","1","0","3","N","","","","","","","","","","","","03","  ","","",""
"1731","1","0","0","0","0","0","0","0","0","4","0","","36","01","2017","2017005638","3","40.0631","-76.3391","1725","08","0","0","0","0","0","1","0","0","","0","0","0","17","1","0","06","0","40 03:47.262","","08","76 20:20.880","0","0","0","0","36101","0","0","0","N","0","0","0","2","36101","0","","1","01","N","N","1","","0","0","0","3","2","","1721","0","2","0","0","0","0","0","3","0","2","N","","","","","","","","","","","","03","  ","","",""
"0635","1","0","0","0","0","0","0","0","0","7","0","","36","01","2017","2017005715","4","39.9877","-76.2759","0635","08","0","0","0","0","0","1","0","0","","0","0","0","06","2","0","00","0","39 59:15.736","","00","76 16:33.230","0","0","0","0","36240","0","0","0","N","0","0","0","1","36240","0","","4","02","N","N","0","","0","0","0","3","2","","0625","0","1","0","0","0","0","0","1","0","1","N","","","","","","","","","","","","03","  ","","",""
"0719","1","0","0","0","0","0","0","0","0","4","0","","36","01","2017","2017005721","5","39.9991","-76.244","0718","08","1","0","0","0","0","0","0","0","2","0","0","0","07","5","1","01","1","39 59:56.657","5","00","76 14:38.508","3","0","0","0","36240","0","0","0","N","0","0","0","4","36240","0","","1","09","N","N","0","","1","0","1","3","2","Y","0715","1","2","0","0","0","0","0","1","0","2","N","","","","","","","","","","","","03","  ","","",""
"0437","1","0","0","0","0","0","0","0","0","7","0","","36","01","2017","2017005847","2","39.987","-76.3471","0413","08","0","0","0","0","0","0","0","0","","0","0","0","02","6","0","00","0","39 59:13.100","","07","76 20:49.500","0","0","0","0","36223","0","0","0","","0","0","0","1","36223","0","","3","07","N","N","0","","0","0","0","0","0","","0230","0","1","0","0","0","0","0","1","0","1","N","","","","","","","","","","","","03","  ","","",""
"2351","0","0","0","0","0","0","0","0","0","7","0","","36","01","2017","2017005914","3","40.0543","-76.461","2343","08","0","0","0","0","0","0","0","0","","0","0","0","23","2","0","00","0","40 03:15.553","","00","76 27:39.533","0","0","0","0","36239","0","0","0","N","0","0","0","1","36239","0","","4","02","N","N","1","","0","0","0","0","0","","2343","0","1","0","0","0","0","0","3","0","1","N","","","","","","","","","","","","07","  ","","",""
"2217","0","0","0","0","0","0","0","0","0","8","0","","36","01","2017","2017005945","5","40.038","-76.3057","2216","08","0","0","0","0","0","0","0","0","","0","0","0","22","3","1","01","0","40 02:16.664","","00","76 18:20.416","3","0","0","0","36301","1","0","0","N","1","0","0","1","36301","0","","1","09","N","N","0","","1","0","1","3","2","","2215","1","2","0","0","0","0","0","3","0","1","N","","","","","","","","","","","","07","  ","","",""
"1448","1","0","0","0","0","0","0","0","0","4","0","","36","01","2017","2017006108","6","40.1205","-76.5617","1442","08","0","0","0","0","0","0","0","0","","0","1","0","14","1","0","01","0","40 07:13.904","","00","76 33:42.123","0","0","0","0","36237","0","0","0","N","0","0","0","2","36505","0","","1","01","N","N","0","","0","0","0","3","3","","1435","0","2","0","0","1","0","0","1","0","2","N","","","","","","","","","","","","03","  ","","",""
"1407","1","0","0","0","0","0","0","0","0","4","0","","36","01","2017","2017006128","7","40.0515","-76.3039","1404","08","0","0","0","0","0","0","0","0","1","0","0","0","14","1","1","01","1","40 03:05.573","1","00","76 18:13.945","4","0","0","0","36301","0","0","0","N","0","0","0","5","36301","1","","1","09","N","N","1","","0","0","0","3","2","N","1402","1","2","0","0","0","0","0","3","0","2","N","","","","","","","","","","","","03","  ","","",""
"1416","1","0","0","0","0","0","0","0","0","7","0","","36","01","2017","2017006214","1","40.1558","-76.2949","1416","08","0","0","0","0","0","1","0","0","","0","0","0","12","8","0","10","0","40 09:20.869","","00","76 17:41.614","0","0","0","0","36409","0","0","0","N","0","0","0","1","36409","0","","5","07","N","N","0","","0","0","0","0","0","","1232","0","1","0","0","0","0","0","3","0","1","N","","","","","","","","","","","","10","  ","","",""
"0413","1","0","2","0","0","0","0","0","0","6","1","","36","01","2017","2017006225","7","40.2198","-76.1025","0410","08","0","0","0","1","0","0","0","0","4","0","1","0","04","2","5","00","2","40 13:11.143","5","00","76 06:08.859","2","0","0","0","36210","0","0","0","N","0","0","0","5","36210","2","","1","01","N","N","0","","0","3","0","0","0","Y","0408","5","2","0","1","1","0","0","1","0","2","N","","","","","","","","","","","","03","  ","","",""
"2017","1","0","0","0","0","0","0","0","0","8","0","","36","01","2017","2017006230","5","40.0467","-76.3113","2016","08","0","0","0","0","0","0","0","0","","0","0","0","20","3","1","00","0","40 02:47.943","","07","76 18:40.768","2","0","0","0","36301","1","0","1","N","1","0","1","2","36301","0","","1","09","N","N","0","","0","1","0","0","0","","2015","1","2","0","0","0","0","0","3","0","1","N","","","","","","","","","","","","07","  ","","",""
"2155","3","0","0","0","0","0","0","0","0","5","0","","36","01","2017","2017006256","6","40.1812","-76.182","2150","08","0","0","0","1","0","0","0","0","","0","0","0","21","3","0","00","0","40 10:52.444","","00","76 10:55.232","0","0","0","0","36408","0","0","0","N","0","0","0","1","36408","0","","1","01","N","N","0","","0","0","0","0","0","","2145","0","3","0","0","0","0","0","2","0","3","N","","","","","","","","","","","","03","  ","","",""
"1549","0","0","0","0","0","0","0","0","0","4","0","","36","01","2017","2017006285","7","40.1644","-76.1551","1546","08","0","0","0","0","0","1","0","0","1","0","0","0","15","1","2","00","1","40 09:51.719","6","00","76 09:18.193","3","0","0","0","36218","0","0","0","N","0","0","0","4","36408","0","","1","02","N","N","0","","1","0","2","0","0","N","1545","2","2","0","0","0","1","0","1","0","2","N","","","","","","","","","","","","07","  ","","",""
"1757","2","0","0","0","0","0","0","0","0","4","0","","36","01","2017","2017006299","4","40.2789","-76.1383","1753","08","0","0","0","0","0","0","0","0","2","0","0","0","17","3","2","00","2","40 16:44.017","6","07","76 08:17.983","3","0","0","0","36236","0","0","0","N","0","0","0","4","36408","0","","1","01","N","N","0","","2","0","0","0","0","Y","1753","2","2","0","0","1","0","0","1","0","2","N","","","","","","","","","","","","03","  ","","",""
"1309","1","0","0","0","0","0","0","0","0","1","0","","36","01","2017","2017006307","6","40.0569","-76.3112","1309","08","0","0","0","0","0","0","1","0","1","0","0","0","13","1","0","01","1","40 03:24.706","2","00","76 18:40.172","0","0","0","0","36101","0","0","0","N","0","0","0","2","36101","0","","1","01","N","N","0","","0","0","0","0","0","N","1307","0","2","0","0","1","0","0","3","1","2","N","","","","","","","","","","","","03","  ","","",""
"1452","1","0","0","0","0","0","0","0","0","7","0","","36","01","2017","2017006309","6","40.2325","-76.1538","1448","08","1","0","0","0","0","0","0","0","","0","0","0","14","1","1","00","0","40 13:57.000","","00","76 09:13.700","3","0","0","0","36236","0","0","0","N","0","0","0","1","36408","0","","4","01","N","N","0","","1","0","0","0","0","","1448","1","1","0","0","0","0","0","1","0","1","N","","","","","","","","","","","","03","  ","","",""
"1044","0","0","0","0","0","0","0","0","0","4","0","","36","01","2017","2017006323","1","40.1233","-76.3753","1034","08","0","0","0","0","0","1","0","0","","0","0","0","10","1","1","01","0","40 07:23.702","","00","76 22:31.147","4","0","0","0","36214","0","0","0","Y","0","0","0","5","36214","1","","1","01","N","N","1","","0","0","1","3","3","","1030","1","2","0","0","0","0","0","3","0","2","N","","","","","","","","","","","","03","  ","","",""
"1526","1","0","0","0","0","0","0","0","0","6","0","","36","01","2017","2017006330","6","40.0086","-76.2675","1515","08","0","0","0","0","0","0","0","0","2","0","0","0","15","1","0","00","2","40 00:30.829","6","00","76 16:02.937","0","0","0","0","36240","0","0","0","N","0","0","0","2","36240","0","","1","01","N","N","0","","0","0","1","0","0","Y","1510","0","2","0","0","0","0","0","1","0","2","N","","","","","","","","","","","","03","  ","","",""
"1704","2","0","0","0","0","0","0","0","0","1","0","","36","01","2017","2017006354","4","40.0309","-76.3209","1645","08","0","0","0","0","0","0","1","0","","0","0","0","16","1","1","01","0","40 01:51.342","","00","76 19:15.277","3","0","0","0","36301","0","0","0","N","0","0","0","4","36301","0","","1","01","N","N","0","","1","0","0","3","2","","1641","1","2","0","0","0","0","0","3","0","2","N","","","","","","","","","","","","03","  ","","",""
"1444","2","0","0","0","0","0","0","0","0","4","0","","36","01","2017","2017006365","6","40.0791","-76.3465","1434","08","0","0","0","0","0","0","0","0","","0","0","0","14","1","1","02","0","40 04:44.882","","00","76 20:47.296","8","0","0","0","36101","0","0","0","N","0","0","0","2","36101","0","","1","01","N","N","0","","0","0","0","3","3","","1432","1","2","0","0","0","1","0","3","0","2","N","","","","","","","","","","","","03","  ","","",""
"1228","0","0","0","0","0","0","0","0","0","4","0","","36","01","2017","2017006492","1","40.1293","-76.2191","1223","08","0","0","0","0","0","0","1","0","2","0","0","0","12","1","4","01","1","40 07:51.556","2","00","76 13:01.609","4","0","0","0","36238","0","0","0","N","0","0","0","4","36238","4","","1","01","N","N","0","","0","0","1","3","2","N","1221","4","2","0","0","1","0","0","3","1","2","N","","","","","","","","","","","","03","  ","","",""
"1647","2","0","0","0","0","0","0","0","0","1","0","","36","01","2017","2017006501","1","40.1281","-76.2174","1641","08","0","0","0","0","0","0","0","0","","0","0","0","16","1","0","06","0","40 07:35.478","","02","76 13:08.153","0","0","0","0","36238","0","0","0","N","0","0","0","2","36238","0","","1","01","N","N","0","","0","0","0","3","4","","1638","0","2","0","0","0","0","0","3","0","2","N","","","","","","","","","","","","03","  ","","",""
"1512","1","0","0","0","0","0","0","0","0","1","0","","36","01","2017","2017006511","4","40.087","-76.1929","1505","08","0","0","0","0","0","0","0","0","","0","0","0","15","1","2","00","0","40 05:13.192","","00","76 11:34.301","8","0","0","0","36234","0","0","0","N","0","0","0","3","36215","0","","1","09","N","N","0","","0","0","1","0","0","","1505","2","2","0","0","0","2","0","1","0","2","N","","","","","","","","","","","","07","  ","","",""
"0839","2","0","0","0","0","0","0","0","0","4","0","","36","01","2017","2017006537","4","40.1293","-76.2191","0835","08","0","0","0","0","0","0","0","0","2","0","0","0","08","1","0","01","1","40 07:51.556","4","00","76 13:01.609","0","0","0","0","36238","0","0","0","Y","0","0","0","2","36238","0","","1","01","N","N","0","","0","0","0","3","2","N","0833","0","2","0","0","0","0","0","3","0","2","N","","","","","","","","","","","","03","  ","","",""
"0721","1","0","0","0","0","0","0","0","0","7","0","","36","01","2017","2017006539","5","40.1998","-76.1377","0712","08","0","0","0","0","0","0","0","0","","0","0","0","07","5","1","00","0","40 11:59.200","","00","76 08:15.800","3","0","0","0","36210","0","0","0","N","0","0","0","3","36210","0","","4","01","N","N","0","","1","0","0","0","0","","0709","1","1","0","0","1","0","0","1","0","1","N","","","","","","","","","","","","03","  ","","",""