"ARRIVAL_TM","AUTOMOBILE_COUNT","BELTED_DEATH_COUNT","BELTED_SUSP_SERIOUS_INJ_COUNT","BICYCLE_COUNT","BICYCLE_DEATH_COUNT","BICYCLE_SUSP_SERIOUS_INJ_COUNT","BUS_COUNT","CHLDPAS_DEATH_COUNT","CHLDPAS_SUSP_SERIOUS_INJ_COUNT","COLLISION_TYPE","COMM_VEH_COUNT","CONS_ZONE_SPD_LIM","COUNTY","CRASH_MONTH","CRASH_YEAR","CRN","DAY_OF_WEEK","DEC_LAT","DEC_LONG","DISPATCH_TM","DISTRICT","DRIVER_COUNT_16YR","DRIVER_COUNT_17YR","DRIVER_COUNT_18YR","DRIVER_COUNT_19YR","DRIVER_COUNT_20YR","DRIVER_COUNT_50_64YR","DRIVER_COUNT_65_74YR","DRIVER_COUNT_75PLUS","EST_HRS_CLOSED","FATAL_COUNT","HEAVY_TRUCK_COUNT","HORSE_BUGGY_COUNT","HOUR_OF_DAY","ILLUMINATION","INJURY_COUNT","INTERSECT_TYPE","LANE_CLOSED","LATITUDE","LN_CLOSE_DIR","LOCATION_TYPE","LONGITUDE","MAX_SEVERITY_LEVEL","MCYCLE_DEATH_COUNT","MCYCLE_SUSP_SERIOUS_INJ_COUNT","MOTORCYCLE_COUNT","MUNICIPALITY","NONMOTR_COUNT","NONMOTR_DEATH_COUNT","NONMOTR_SUSP_SERIOUS_INJ_COUNT","NTFY_HIWY_MAINT","PED_COUNT","PED_DEATH_COUNT","PED_SUSP_SERIOUS_INJ_COUNT","PERSON_COUNT","POLICE_AGCY","POSSIBLE_INJ_COUNT","RDWY_SURF_TYPE_CD","RELATION_TO_ROAD","ROAD_CONDITION","SCH_BUS_IND","SCH_ZONE_IND","SMALL_TRUCK_COUNT","SPEC_JURIS_CD","SUSP_MINOR_INJ_COUNT","SUSP_SERIOUS_INJ_COUNT","SUV_COUNT","TCD_FUNC_CD","TCD_TYPE","TFC_DETOUR_IND","TIME_OF_DAY","TOT_INJ_COUNT","TOTAL_UNITS","UNB_DEATH_COUNT","UNB_SUSP_SERIOUS_INJ_COUNT","UNBELTED_OCC_COUNT","UNK_INJ_DEG_COUNT","UNK_INJ_PER_COUNT","URBAN_RURAL","VAN_COUNT","VEHICLE_COUNT","WORK_ZONE_IND","WORK_ZONE_LOC","WORK_ZONE_TYPE","WORKERS_PRES","WZ_CLOSE_DETOUR","WZ_FLAGGER","WZ_LAW_OFFCR_IND","WZ_LN_CLOSURE","WZ_MOVING","WZ_OTHER","WZ_SHLDER_MDN","ROADWAY_CLEARED","WEATHER1","WEATHER2","WZ_WORKERS_INJ_KILLED","SECONDARY_CRASH","INTERSECTION_RELATED"
"2335","2","0","0","0","0","0","0","0","0","4","0","","36","01","2017","2017006553","6","40.032","-76.304","2330","08","0","0","0","0","1","0","0","0","2","0","0","0","23","3","0","02","2","40 01:55.228","1","00","76 18:14.317","0","0","0","0","36301","0","0","0","N","0","0","0","2","36301","0","","1","01","N","N","0","","0","0","0","3","3","Y","2330","0","2","0","0","0","0","0","3","0","2","N","","","","","","","","","","","","03","  ","","",""
"2100","1","0","0","0","0","0","0","0","0","7","0","","36","01","2017","2017006563","2","","","2054","08","0","1","0","0","0","0","0","0","","0","0","0","20","3","0","00","0","40 04:47.2","","07","76 17:24.0","0","0","0","0","36101","0","0","0","N","0","0","0","2","36101","0","","5","02","N","N","0","","0","0","0","0","0","","2052","0","1","0","0","0","0","0","3","0","1","N","","","","","","","","","","","","03","  ","","",""
"0245","1","0","0","0","0","0","0","0","0","7","0","","36","01","2017","2017006566","2","40.0882","-76.379","0238","08","0","0","0","0","0","0","0","0","","0","0","0","02","2","0","07","0","40 05:17.496","","02","76 22:44.382","0","0","0","0","36214","0","0","0","Y","0","0","0","1","36214","0","","2","01","N","N","0","","0","0","0","0","0","","0237","0","1","0","0","1","0","0","3","0","1","N","","","","","","","","","","","","03","  ","","",""
"1619","1","0","0","0","0","0","0","0","0","7","0","","36","01","2017","2017006618","4","40.0657","-76.3268","1613","08","0","0","0","0","0","0","0","0","1","0","0","0","16","1","1","01","1","40 03:56.485","1","00","76 19:36.357","3","0","0","0","36301","0","0","0","N","0","0","0","1","36301","0","","4","01","N","N","0","","1","0","0","3","2","N","1613","1","1","0","0","0","0","0","3","0","1","N","","","","","","","","","","","","03","  ","","",""
"0814","3","0","0","0","0","0","0","0","0","4","0","","36","01","2017","2017006644","4","40.0422","-76.2956","0741","08","0","0","0","0","0","0","0","0","","0","0","0","07","1","0","01","0","40 02:31.984","","00","76 17:44.246","0","0","0","0","36301","0","0","0","N","0","0","0","3","36301","0","","1","02","N","N","0","","0","0","0","3","3","","0733","0","3","0","0","0","0","0","3","0","3","N","","","","","","","","","","","","98","  ","","",""
"1534","2","0","0","0","0","0","0","0","0","1","0","","36","01","2017","2017006703","3","40.0432","-76.2471","1534","08","0","1","0","0","0","0","0","0","1","0","0","0","15","1","0","00","1","40 02:35.699","4","00","76 14:49.706","0","0","0","0","36215","0","0","0","N","0","0","0","2","36215","0","","1","09","N","N","0","","0","0","0","0","0","N","1530","0","2","0","0","0","0","0","1","0","2","N","","","","","","","","","","","","07","  ","","",""
"1500","2","0","0","0","0","0","0","0","0","4","0","","36","01","2017","2017006745","6","40.1483","-76.3805","1452","08","0","0","0","0","0","0","0","0","","0","0","0","14","1","0","00","0","40 08:53.795","","07","76 22:49.809","0","0","0","0","36227","0","0","0","","0","0","0","4","36506","0","","1","01","N","N","0","","0","0","0","0","0","","1452","0","3","0","0","0","0","0","1","0","2","N","","","","","","","","","","","","03","  ","","",""
"2220","0","0","0","0","0","0","0","0","0","7","0","","36","01","2017","2017006746","1","","","2203","08","0","0","1","0","0","0","0","0","1","0","0","0","22","2","1","00","2","","6","00","","8","0","0","0","36204","0","0","0","","0","0","0","3","36506","0","","4","02","N","N","1","","0","0","0","0","0","N","2203","1","1","0","0","0","1","0","1","0","1","N","","","","","","","","","","","","03","  ","","",""
"0929","0","0","0","0","0","0","0","0","0","7","0","","36","01","2017","2017007001","7","40.216","-76.0902","0929","08","0","0","0","0","0","0","0","0","3","0","0","0","09","1","0","07","2","40 12:57.462","3","00","76 05:24.671","0","0","0","0","36210","0","0","0","N","0","0","0","4","36210","0","","7","02","N","N","0","","0","0","1","0","0","N","0927","0","1","0","0","0","0","0","1","0","1","N","","","","","","","","","","","","10","  ","","",""
"1713","0","0","0","0","0","0","0","0","0","1","0","","36","01","2017","2017007014","2","40.1423","-76.5573","1711","08","0","0","0","0","0","1","0","0","","0","0","0","17","4","1","02","0","40 08:32.411","","00","76 33:26.351","3","0","0","0","36225","0","0","0","N","0","0","0","3","36505","0","","1","01","N","N","1","","1","0","1","3","3","","1711","1","2","0","0","0","0","0","2","0","2","N","","","","","","","","","","","","03","  ","","",""
"0751","0","0","0","0","0","0","0","0","0","7","0","","36","01","2017","2017007015","4","40.1032","-76.2139","0745","08","0","0","0","0","0","1","0","0","3","0","0","0","07","1","1","00","1","40 06:11.400","2","03","76 12:50.000","4","0","0","0","36234","0","0","0","N","0","0","0","1","36215","1","","2","02","N","N","1","","0","0","0","0","0","N","0733","1","1","0","0","0","0","0","1","0","1","N","","","","","","","","","","","","03","  ","","",""
"0712","1","0","0","0","0","0","0","0","0","7","0","","36","01","2017","2017007018","1","40.1598","-76.1801","0708","08","0","0","1","0","0","0","0","0","","0","0","0","07","1","1","00","0","40 09:35.269","","00","76 10:48.373","4","0","0","0","36218","0","0","0","N","0","0","0","1","36408","1","","4","02","N","N","0","","0","0","0","0","0","","0706","1","1","0","0","0","0","0","1","0","1","N","","","","","","","","","","","","10","  ","","",""
"1123","0","0","0","0","0","0","0","0","0","1","0","","36","01","2017","2017007042","4","40.0149","-76.1547","1112","08","0","0","0","0","0","0","1","0","","0","0","0","10","1","1","00","0","40 00:53.762","","00","76 09:16.915","4","0","0","0","36215","0","0","0","N","0","0","0","3","36215","1","","1","01","N","N","0","","0","0","1","0","0","","1058","1","2","0","0","0","0","0","1","1","2","N","","","","","","","","","","","","03","  ","","",""
"1514","2","0","0","0","0","0","0","0","0","1","0","","36","01","2017","2017007047","3","40.0554","-76.2685","1514","08","0","0","0","0","0","0","0","0","1","0","0","0","15","1","0","00","1","40 03:19.521","4","00","76 16:06.463","9","0","0","0","36215","0","0","0","N","0","0","0","4","36215","0","","1","09","N","N","0","","0","0","1","0","0","N","1514","0","3","0","0","0","0","1","1","0","3","N","","","","","","","","","","","","07","  ","","",""
"1757","1","0","0","0","0","0","0","0","0","1","0","","36","01","2017","2017007050","6","40.1758","-76.3088","1753","08","0","0","0","0","0","0","0","0","1","0","0","0","17","3","0","00","1","40 10:32.768","2","00","76 18:31.673","0","0","0","0","36235","0","0","0","","0","0","0","2","36506","0","","1","02","N","N","1","","0","0","0","0","0","N","1753","0","2","0","0","0","0","0","1","0","2","N","","","","","","","","","","","","03","  ","","",""
"0855","2","0","0","0","0","0","0","0","0","7","0","","36","01","2017","2017007106","7","40.2337","-76.1285","0845","08","0","1","0","0","0","0","0","0","2","0","0","0","08","1","1","00","1","40 14:00.324","4","00","76 07:41.851","8","0","0","0","36405","0","0","0","","0","0","0","4","68T06","0","","5","07","N","N","0","","0","0","0","0","0","N","0845","1","2","0","0","0","1","0","1","0","2","N","","","","","","","","","","","","10","  ","","",""
"2122","1","0","0","0","0","0","0","0","0","7","0","","36","01","2017","2017007107","7","40.1719","-75.9784","2114","08","0","0","0","0","0","0","0","0","","0","0","0","21","2","0","00","0","40 10:19.365","","00","75 58:45.300","0","0","0","0","36202","0","0","0","","0","0","0","1","68T06","0","","2","01","N","N","0","","0","0","0","0","0","","2114","0","1","0","0","0","0","0","1","0","1","N","","","","","","","","","","","","03","  ","","",""
"1251","0","0","0","0","0","0","0","0","0","4","1","","36","01","2017","2017007132","3","40.0603","-76.3129","1244","08","0","0","0","0","0","2","0","0","2","0","1","0","12","1","0","00","1","40 03:37.167","2","07","76 18:46.415","0","0","0","0","36301","0","0","0","N","0","0","0","2","36301","0","","1","09","N","N","1","","0","0","0","0","0","N","1244","0","2","0","0","0","0","0","3","0","2","N","","","","","","","","","","","","07","  ","","",""
"1745","0","0","0","0","0","0","0","0","0","7","0","","36","01","2017","2017007133","1","40.1066","-76.3562","1740","08","0","0","0","0","0","0","0","0","2","0","0","0","17","2","0","00","2","40 06:23.707","5","00","76 21:22.326","0","0","0","0","36214","0","0","0","N","0","0","0","1","36214","0","","4","02","N","N","0","","0","0","1","0","0","Y","1735","0","1","0","0","0","0","0","3","0","1","N","","","","","","","","","","","","03","  ","","",""
"1511","0","0","1","0","0","0","0","0","0","2","0","","36","01","2017","2017007141","6","40.0607","-76.3208","1509","08","0","0","0","0","0","0","0","1","2","0","0","0","15","1","3","00","1","40 03:38.536","4","00","76 19:14.958","2","0","0","0","36301","0","0","0","N","0","0","0","3","36301","0","","1","01","N","N","0","","1","1","1","0","0","N","1509","3","2","0","0","0","1","0","3","1","2","N","","","","","","","","","","","","03","  ","","",""
"0804","1","0","0","0","0","0","0","0","0","4","0","","36","01","2017","2017007164","3","40.164","-76.446","0748","08","0","0","0","0","0","0","1","0","1","0","0","0","07","1","0","01","1","40 09:50.252","7","00","76 26:45.748","0","0","0","0","36230","0","0","0","N","0","0","0","2","36410","0","","1","01","N","N","0","","0","0","1","3","3","Y","0748","0","2","0","0","0","0","0","1","0","2","N","","","","","","","","","","","","03","  ","","",""
"1242","2","0","0","0","0","0","0","0","0","4","0","","36","01","2017","2017007237","3","40.0421","-76.2814","1231","08","0","0","0","0","0","0","0","0","","0","0","0","12","1","0","02","0","40 02:31.386","","00","76 16:53.213","0","0","0","0","36220","0","0","0","N","0","0","0","1","36101","0","","1","09","N","N","0","","0","0","0","0","0","","1229","0","2","0","0","0","0","0","3","0","2","N","","","","","","","","","","","","07","  ","","",""
"0216","1","0","0","0","0","0","0","0","0","7","0","","36","01","2017","2017007347","6","39.9998","-76.1582","0204","08","0","0","0","0","0","0","0","0","","0","0","0","02","2","0","00","0","39 59:59.140","","00","76 09:29.490","0","0","0","0","36233","0","0","0","","0","0","0","1","68J01","0","","4","07","N","N","0","","0","0","0","0","0","","0202","0","1","0","0","0","0","0","1","0","1","N","","","","","","","","","","","","10","  ","","",""
"0945","1","0","0","0","0","0","0","0","0","7","0","","36","01","2017","2017007352","7","40.2222","-76.2852","0923","08","0","1","0","0","0","0","0","0","","0","0","0","09","1","1","02","0","40 13:20.085","","00","76 17:06.641","3","0","0","0","36217","0","0","0","","0","0","0","1","68J01","0","","5","07","N","N","0","","1","0","0","0","0","","0918","1","1","0","0","0","0","0","1","0","1","N","","","","","","","","","","","","10","  ","","",""
"1038","0","0","0","0","0","0","0","0","0","0","0","","36","01","2017","2017007353","7","39.8313","-76.0179","0947","08","0","0","0","0","0","1","0","0","","0","0","0","09","1","0","00","0","39 49:52.520","","00","76 01:04.501","0","0","0","0","36205","0","0","0","","0","0","0","1","68J01","0","","4","07","N","N","1","","0","0","0","0","0","","0944","0","1","0","0","0","0","0","1","0","1","N","","","","","","","","","","","","10","  ","","",""
"1126","1","0","0","0","0","0","0","0","0","7","0","","36","01","2017","2017007354","7","40.2132","-75.9995","1012","08","0","0","0","0","0","0","0","0","3","0","0","0","10","1","0","00","1","40 12:47.630","6","00","75 59:58.020","0","0","0","0","36202","0","0","0","","0","0","0","1","68J01","0","","4","07","N","N","0","","0","0","0","0","0","N","1012","0","1","0","0","0","0","0","1","0","1","N","","","","","","","","","","","","10","  ","","",""
"1137","2","0","0","0","0","0","0","0","0","4","0","","36","01","2017","2017007355","7","39.8173","-76.0414","1126","08","0","0","0","0","0","1","0","0","","0","0","0","11","1","0","00","0","39 49:02.262","","00","76 02:29.148","0","0","0","0","36205","0","0","0","","0","0","0","2","68J01","0","","1","07","N","N","0","","0","0","0","0","0","","1126","0","2","0","0","0","0","0","1","0","2","N","","","","","","","","","","","","10","  ","","",""
"0705","0","0","0","0","0","0","0","0","0","7","0","","36","01","2017","2017007361","1","39.8248","-76.3158","0617","08","0","0","0","0","0","0","0","0","","0","0","0","05","2","1","00","0","39 49:29.168","","00","76 18:56.852","3","0","0","0","36224","0","0","0","","0","0","0","1","68J01","0","","5","01","N","N","1","","1","0","0","0","0","","0546","1","1","0","0","0","0","0","1","0","1","N","","","","","","","","","","","","03","  ","","",""
"1126","1","0","0","0","0","0","0","0","0","7","0","","36","01","2017","2017007362","7","40.2132","-75.9995","1042","08","0","0","0","0","0","0","0","0","3","0","0","0","10","1","0","00","1","40 12:47.630","6","00","75 59:58.020","0","0","0","0","36202","0","0","0","","0","0","0","1","68J01","0","","4","07","N","N","0","","0","0","0","0","0","N","1030","0","1","0","0","0","0","0","1","0","1","N","","","","","","","","","","","","10","  ","","",""
"1136","1","0","0","0","0","0","0","0","0","7","0","","36","01","2017","2017007363","7","40.2132","-75.9995","1046","08","0","0","0","0","0","0","0","0","2","0","0","0","09","1","0","00","1","40 12:47.630","6","00","75 59:58.020","0","0","0","0","36202","0","0","0","","0","0","0","1","68J01","0","","4","07","N","N","0","","0","0","0","0","0","N","0921","0","1","0","0","0","0","0","1","0","1","N","","","","","","","","","","","","10","  ","","",""
"0828","1","0","0","0","0","0","0","0","0","7","0","","36","01","2017","2017007436","2","39.7862","-76.1822","0817","08","0","0","0","0","0","0","0","1","2","0","0","0","08","1","1","00","2","39 47:10.228","5","00","76 10:55.941","3","0","0","0","36219","0","0","0","","0","0","0","1","68J01","0","","4","09","N","N","0","","1","0","0","0","0","Y","0813","1","1","0","0","0","0","0","1","0","1","N","","","","","","","","","","","","03","  ","","",""
"1719","2","0","0","0","0","0","0","0","0","4","0","","36","01","2017","2017007443","3","40.0591","-76.4629","1715","08","0","0","0","0","0","0","0","0","","0","0","0","17","2","1","03","0","40 03:32.814","","00","76 27:46.398","4","0","0","0","36239","0","0","0","N","0","0","0","2","36239","1","","1","09","N","N","0","","0","0","0","0","0","","1712","1","2","0","0","0","0","0","3","0","2","N","","","","","","","","","","","","07","  ","","",""
"0816","0","0","0","0","0","0","0","0","0","7","0","","36","01","2017","2017007464","6","40.1446","-76.2044","0810","08","0","0","0","0","0","0","0","0","2","0","0","0","08","1","0","00","1","40 08:40.564","6","00","76 12:15.878","0","0","0","0","36238","0","0","0","N","0","0","0","1","36238","0","","4","07","N","N","0","","0","0","1","0","0","N","0800","0","1","0","0","0","0","0","3","0","1","N","","","","","","","","","","","","10","  ","","",""
"1950","1","0","0","0","0","0","0","0","0","0","0","","36","01","2017","2017007481","2","40.1084","-76.2452","1945","08","0","0","0","0","0","1","0","0","2","0","0","0","19","3","0","00","2","40 06:30.114","2","00","76 14:42.794","0","0","0","0","36101","0","0","0","N","0","0","0","1","36101","0","","1","09","N","N","0","","0","0","0","0","0","N","1945","0","1","0","0","0","0","0","3","0","1","N","","","","","","","","","","","","03","  ","","",""
"1048","0","0","0","0","0","0","0","0","0","7","0","","36","01","2017","2017007494","7","40.0079","-76.1871","1043","08","0","0","0","0","0","1","0","0","","0","0","0","10","1","0","00","0","40 00:28.497","","00","76 11:13.454","0","0","0","0","36215","0","0","0","N","0","0","0","1","36215","0","","5","07","N","N","1","","0","0","0","0","0","","1021","0","1","0","0","0","0","0","1","0","1","N","","","","","","","","","","","","10","  ","","",""
"2148","2","0","0","0","0","0","0","0","0","4","0","","36","01","2017","2017007497","2","40.0446","-76.2882","2146","08","0","0","0","0","0","0","0","0","1","0","0","0","21","3","0","01","1","40 02:40.575","2","00","76 17:17.291","0","0","0","0","36301","0","0","0","","0","0","0","2","36301","0","","1","01","","","0","","0","0","0","3","2","N","2144","0","2","0","0","0","0","0","3","0","2","N","","","","","","","","","","","","03","  ","","",""
"0109","0","0","0","0","0","0","0","0","0","7","0","","36","01","2017","2017007501","4","40.0593","-76.3124","0109","08","0","0","0","0","0","0","0","0","","0","0","0","01","3","0","02","0","40 03:33.370","","00","76 18:44.481","0","0","0","0","36101","0","0","0","N","0","0","0","1","36101","0","","2","09","N","N","0","","0","0","1","0","0","","0109","0","1","0","0","0","0","0","3","0","1","N","","","","","","","","","","","","03","  ","","",""
"0850","2","0","0","0","0","0","0","0","0","2","0","","36","01","2017","2017007666","4","40.0414","-76.2876","0844","08","0","0","0","0","0","0","0","0","1","0","0","0","08","1","1","01","2","40 02:29.125","1","00","76 17:15.339","4","0","0","0","36301","0","0","0","N","0","0","0","3","36301","1","","1","09","N","N","0","","0","0","0","3","2","Y","0841","1","2","0","0","0","0","0","3","0","2","N","","","","","","","","","","","","07","  ","","",""
"0810","1","0","0","0","0","0","0","0","0","1","0","","36","01","2017","2017007669","4","40.0584","-76.3645","0755","08","0","0","0","0","0","1","0","0","1","0","0","0","07","1","0","00","1","40 03:30.312","3","00","76 21:52.367","0","0","0","0","36214","0","0","0","N","0","0","0","3","36214","0","","1","01","N","N","0","","0","0","2","0","0","N","0750","0","3","0","0","0","0","0","3","0","3","N","","","","","","","","","","","","03","  ","","",""
"1422","1","0","0","0","0","0","0","0","0","4","0","","36","01","2017","2017007671","3","40.1389","-76.2223","1416","08","0","0","0","0","0","1","1","0","2","0","0","0","14","1","0","01","1","40 08:20.182","6","00","76 13:20.414","0","0","0","0","36238","0","0","0","N","0","0","0","2","36402","0","","1","09","N","N","0","","0","0","0","3","3","N","1412","0","2","0","0","1","0","0","3","1","2","N","","","","","","","","","","","","07","  ","","",""
"1243","1","0","0","0","0","0","0","0","0","4","0","","36","01","2017","2017007675","1","40.1549","-76.6063","1240","08","0","0","0","1","0","0","0","1","1","0","0","0","12","1","0","01","1","40 09:17.539","1","00","76 36:22.658","0","0","0","0","36407","0","0","0","N","0","0","0","2","36407","0","","1","01","N","N","0","","0","0","1","3","3","N","1239","0","2","0","0","0","0","0","2","0","2","N","","","","","","","","","","","","03","  ","","",""
"0823","1","0","0","0","0","0","0","0","0","7","0","","36","01","2017","2017007692","4","40.2357","-76.2464","0823","08","0","0","0","0","0","1","0","0","2","0","0","0","08","1","0","02","2","40 14:08.461","6","00","76 14:46.976","0","0","0","0","36204","0","0","0","","0","0","0","9","36506","0","","4","02","N","N","0","","0","0","0","0","0","N","0823","0","2","0","0","7","0","0","1","1","2","N","","","","","","","","","","","","03","  ","","",""
"1640","0","0","0","0","0","0","0","0","0","8","0","","36","01","2017","2017007736","6","40.0483","-76.3033","1632","08","0","0","0","0","0","0","0","0","1","0","0","0","16","1","1","01","2","40 02:53.883","1","00","76 18:11.731","8","0","0","0","36301","1","0","0","N","1","0","0","2","36301","0","","1","01","N","N","0","","0","0","1","3","3","Y","1630","1","2","0","0","0","1","0","3","0","1","N","","","","","","","","","","","","03","  ","","",""
"2241","0","0","0","0","0","0","0","0","0","7","0","","36","01","2017","2017007964","5","40.2409","-76.2121","2241","08","0","0","0","0","1","0","0","0","4","0","0","0","22","2","0","00","2","40 14:27.309","6","00","76 12:43.506","0","0","0","0","36204","0","0","0","","0","0","0","2","36506","0","","4","07","N","N","1","","0","0","0","0","0","Y","2241","0","1","0","0","0","0","0","1","0","1","N","","","","","","","","","","","","10","  ","","",""
"1910","1","0","0","0","0","0","0","0","0","4","0","","36","01","2017","2017007973","6","39.9756","-75.9939","1902","08","0","0","0","0","1","0","0","0","","0","0","0","18","2","0","01","0","39 58:32.262","","00","75 59:37.905","0","0","0","0","36231","0","0","0","","0","0","0","3","68J01","0","","1","01","N","N","0","","0","0","1","3","3","","1859","0","2","0","0","0","0","0","1","0","2","N","","","","","","","","","","","","03","  ","","",""
"1215","0","0","0","0","0","0","0","0","0","7","0","","36","01","2017","2017007974","7","39.8581","-76.0739","1213","08","0","0","0","0","0","0","0","0","2","0","0","0","11","1","0","00","2","39 51:29.217","6","00","76 04:26.039","0","0","0","0","36205","0","0","0","","0","0","0","2","68J01","0","","4","07","N","N","0","","0","0","1","0","0","N","1155","0","1","0","0","0","0","0","1","0","1","N","","","","","","","","","","","","10","  ","","",""
"1820","1","0","0","0","0","0","0","0","0","7","0","","36","01","2017","2017007976","3","39.8931","-76.2398","1812","08","0","0","0","0","0","0","0","0","1","0","0","0","18","3","1","00","1","39 53:35.076","1","00","76 14:23.293","3","0","0","0","36229","0","0","0","","0","0","0","1","68J01","0","","4","01","N","N","0","","1","0","0","0","0","N","1811","1","1","0","0","0","0","0","1","0","1","N","","","","","","","","","","","","03","  ","","",""
"1747","2","0","0","0","0","0","0","0","0","7","0","","36","01","2017","2017007994","4","40.0058","-76.3679","1738","08","0","0","0","0","0","0","0","0","2","0","0","0","17","3","4","02","2","40 00:20.918","5","00","76 22:04.466","4","0","0","0","36223","0","0","0","","0","0","0","5","36223","4","","2","09","N","N","1","","0","0","0","9","2","Y","1735","4","3","0","0","0","0","0","1","0","3","N","","","","","","","","","","","","07","  ","","",""
"1615","1","0","0","0","0","0","0","0","0","4","0","","36","01","2017","2017008048","5","40.1354","-75.9027","1611","08","0","0","0","0","0","0","0","0","1","0","0","0","16","1","0","02","1","40 08:07.380","2","00","75 54:09.622","0","0","0","0","36203","0","0","0","","0","0","0","3","68J01","0","","1","09","N","N","1","","0","0","0","3","3","N","1611","0","2","0","0","0","0","0","1","0","2","N","","","","","","","","","","","","03","  ","","",""
"0843","1","0","0","0","0","0","0","0","0","2","0","","36","01","2017","2017008051","6","40.1204","-75.9168","0811","08","0","0","0","0","0","0","0","0","3","0","0","0","08","1","0","00","2","40 07:13.522","5","00","75 55:00.426","0","0","0","0","36203","0","0","0","","0","0","0","2","68J01","0","","1","06","N","N","0","","0","0","1","0","0","Y","0802","0","2","0","0","0","0","0","1","0","2","N","","","","","","","","","","","","10","  ","","",""
"0926","0","0","0","0","0","0","0","0","0","7","0","","36","01","2017","2017008056","7","39.9169","-76.195","0908","08","0","0","0","0","0","1","0","0","3","0","0","0","09","1","0","00","1","39 55:00.690","3","00","76 11:42.050","0","0","0","0","36229","0","0","0","","0","0","0","3","68J01","0","","4","07","N","N","1","","0","0","0","0","0","N","0900","0","1","0","0","1","0","0","1","0","1","N","","","","","","","","","","","","10","  ","","",""
"1320","1","0","0","0","0","0","0","0","0","7","0","","36","01","2017","2017008057","7","39.7739","-76.1791","1306","08","0","0","0","0","0","0","0","0","","0","0","0","13","1","0","01","0","39 46:25.988","","00","76 10:44.934","0","0","0","0","36219","0","0","0","","0","0","0","1","68J01","0","","4","07","N","N","0","","0","0","0","0","0","","1303","0","1","0","0","0","0","0","1","0","1","N","","","","","","","","","","","","10","  ","","",""
"1743","0","0","0","0","0","0","0","0","0","4","0","","36","01","2017","2017008090","5","39.8588","-76.2703","1725","08","0","0","0","0","0","2","0","0","1","0","0","0","17","4","1","01","1","39 51:31.698","4","00","76 16:13.124","3","0","0","0","36224","0","0","0","","0","0","0","4","68J01","0","","1","01","N","N","0","","1","0","1","3","3","N","1719","1","2","0","0","0","0","0","1","1","2","N","","","","","","","","","","","","03","  ","","",""
"1542","1","0","0","0","0","0","0","0","0","4","0","","36","01","2017","2017008091","6","40.1895","-76.31","1526","08","0","0","0","0","0","0","0","0","1","0","0","0","14","1","1","01","1","40 11:22.225","1","00","76 18:36.138","3","0","0","0","36217","0","0","0","","0","0","0","3","68J01","0","","1","01","N","N","0","","1","0","1","3","3","Y","1457","1","2","0","0","0","0","0","1","0","2","N","","","","","","","","","","","","03","  ","","",""
"1600","1","0","0","0","0","0","0","0","0","7","0","","36","01","2017","2017008107","7","40.0607","-76.0309","1541","08","1","0","0","0","0","0","0","0","","0","0","0","00","2","0","00","0","40 03:38.410","","00","76 01:51.280","0","0","0","0","36232","0","0","0","","0","0","0","1","68J01","0","","4","01","N","N","0","","0","0","0","0","0","","0005","0","1","0","0","1","0","0","1","0","1","N","","","","","","","","","","","","03","  ","","",""
"1848","0","0","0","0","0","0","0","0","0","7","0","","36","01","2017","2017008108","7","39.9814","-76.1671","1833","08","0","0","0","0","0","0","0","0","2","0","0","0","18","2","0","00","2","39 58:53.068","5","00","76 10:01.737","0","0","0","0","36233","0","0","0","","0","0","0","2","68J01","0","","4","09","N","N","0","","0","0","1","0","0","Y","1831","0","1","0","0","0","0","0","1","0","1","N","","","","","","","","","","","","07","  ","","",""
"2247","1","0","0","0","0","0","0","0","0","5","0","","36","01","2017","2017008118","1","39.877","-76.2299","2225","08","0","0","0","0","0","0","0","0","","0","0","0","22","2","0","00","0","39 52:37.109","","00","76 13:47.645","0","0","0","0","36229","0","0","0","","0","0","0","2","68J01","0","","1","01","N","N","1","","0","0","0","0","0","","2225","0","2","0","0","0","0","0","1","0","2","N","","","","","","","","","","","","03","  ","","",""
"1835","0","0","0","0","0","0","0","0","0","7","0","","36","01","2017","2017008132","3","39.892","-76.145","1820","08","0","0","0","0","0","0","0","0","3","0","0","0","18","2","0","00","1","39 53:31.182","5","00","76 08:42.087","0","0","0","0","36216","0","0","0","","0","0","0","1","68J01","0","","5","09","N","N","0","","0","0","1","0","0","Y","1820","0","1","0","0","0","0","0","1","0","1","N","","","","","","","","","","","","07","05","","",""
"1856","1","0","0","0","0","0","0","0","0","4","0","","36","01","2017","2017008182","4","40.2448","-76.1041","1856","08","0","0","0","0","0","0","0","0","1","0","0","0","18","2","0","01","1","40 14:41.210","2","00","76 06:14.877","0","0","0","0","36210","0","0","0","N","0","0","0","4","36210","0","","1","01","N","N","0","","0","0","1","0","0","N","1855","0","2","0","0","1","0","0","1","0","2","N","","","","","","","","","","","","03","  ","","",""
"0922","1","0","0","0","0","0","0","0","0","7","0","","36","01","2017","2017008231","4","40.2325","-76.1274","0915","08","0","0","0","0","0","0","1","0","","0","0","0","09","1","0","00","0","40 13:58.538","","00","76 07:40.314","0","0","0","0","36405","0","0","0","","0","0","0","2","68T06","0","","3","09","N","N","0","","0","0","0","0","0","","0913","0","1","0","0","0","0","0","1","0","1","N","","","","","","","","","","","","03","  ","","",""