"ARRIVAL_TM","AUTOMOBILE_COUNT","BELTED_DEATH_COUNT","BELTED_SUSP_SERIOUS_INJ_COUNT","BICYCLE_COUNT","BICYCLE_DEATH_COUNT","BICYCLE_SUSP_SERIOUS_INJ_COUNT","BUS_COUNT","CHLDPAS_DEATH_COUNT","CHLDPAS_SUSP_SERIOUS_INJ_COUNT","COLLISION_TYPE","COMM_VEH_COUNT","CONS_ZONE_SPD_LIM","COUNTY","CRASH_MONTH","CRASH_YEAR","CRN","DAY_OF_WEEK","DEC_LAT","DEC_LONG","DISPATCH_TM","DISTRICT","DRIVER_COUNT_16YR","DRIVER_COUNT_17YR","DRIVER_COUNT_18YR","DRIVER_COUNT_19YR","DRIVER_COUNT_20YR","DRIVER_COUNT_50_64YR","DRIVER_COUNT_65_74YR","DRIVER_COUNT_75PLUS","EST_HRS_CLOSED","FATAL_COUNT","HEAVY_TRUCK_COUNT","HORSE_BUGGY_COUNT","HOUR_OF_DAY","ILLUMINATION","INJURY_COUNT","INTERSECT_TYPE","LANE_CLOSED","LATITUDE","LN_CLOSE_DIR","LOCATION_TYPE","LONGITUDE","MAX_SEVERITY_LEVEL","MCYCLE_DEATH_COUNT","MCYCLE_SUSP_SERIOUS_INJ_COUNT","MOTORCYCLE_COUNT","MUNICIPALITY","NONMOTR_COUNT","NONMOTR_DEATH_COUNT","NONMOTR_SUSP_SERIOUS_INJ_COUNT","NTFY_HIWY_MAINT","PED_COUNT","PED_DEATH_COUNT","PED_SUSP_SERIOUS_INJ_COUNT","PERSON_COUNT","POLICE_AGCY","POSSIBLE_INJ_COUNT","RDWY_SURF_TYPE_CD","RELATION_TO_ROAD","ROAD_CONDITION","SCH_BUS_IND","SCH_ZONE_IND","SMALL_TRUCK_COUNT","SPEC_JURIS_CD","SUSP_MINOR_INJ_COUNT","SUSP_SERIOUS_INJ_COUNT","SUV_COUNT","TCD_FUNC_CD","TCD_TYPE","TFC_DETOUR_IND","TIME_OF_DAY","TOT_INJ_COUNT","TOTAL_UNITS","UNB_DEATH_COUNT","UNB_SUSP_SERIOUS_INJ_COUNT","UNBELTED_OCC_COUNT","UNK_INJ_DEG_COUNT","UNK_INJ_PER_COUNT","URBAN_RURAL","VAN_COUNT","VEHICLE_COUNT","WORK_ZONE_IND","WORK_ZONE_LOC","WORK_ZONE_TYPE","WORKERS_PRES","WZ_CLOSE_DETOUR","WZ_FLAGGER","WZ_LAW_OFFCR_IND","WZ_LN_CLOSURE","WZ_MOVING","WZ_OTHER","WZ_SHLDER_MDN","ROADWAY_CLEARED","WEATHER1","WEATHER2","WZ_WORKERS_INJ_KILLED","SECONDARY_CRASH","INTERSECTION_RELATED"
"1017","1","0","0","0","0","0","0","0","0","4","0","","36","01","2017","2017008255","2","40.0361","-76.3436","1013","08","0","0","0","0","0","1","0","0","2","0","0","0","10","1","1","02","2","40 02:10.096","5","00","76 20:36.891","4","0","0","0","36223","0","0","0","","0","0","0","2","36223","1","","1","01","N","N","0","","0","0","1","0","0","Y","1010","1","2","0","0","0","0","0","1","0","2","N","","","","","","","","","","","","03","  ","","",""
"2033","1","0","0","0","0","0","0","0","0","7","0","","36","01","2017","2017008256","3","40.0066","-76.377","2028","08","0","0","1","0","0","0","0","0","1","0","0","0","20","2","1","02","1","40 00:23.629","5","00","76 22:37.284","4","0","0","0","36223","0","0","0","","0","0","0","4","36223","1","","2","09","N","N","0","","0","0","0","0","0","Y","2026","1","1","0","0","0","0","0","1","0","1","N","","","","","","","","","","","","07","  ","","",""
"1205","0","0","0","0","0","0","0","0","0","7","0","","36","01","2017","2017008310","4","40.0424","-76.2938","1135","08","0","0","0","0","0","0","0","0","2","0","0","0","11","1","2","01","1","40 02:32.690","7","00","76 17:37.622","4","0","0","0","36301","0","0","0","N","0","0","0","2","36301","2","","4","09","N","N","0","","0","0","1","3","3","Y","1135","2","2","0","0","1","0","0","3","0","1","N","","","","","","","","","","","","03","  ","","",""
"1617","1","0","0","0","0","0","0","0","0","4","0","","36","01","2017","2017008318","4","40.049","-76.3057","1613","08","0","0","0","0","0","0","0","0","","0","0","0","16","1","1","01","0","40 02:56.516","","00","76 18:20.618","4","0","0","0","36301","0","0","0","N","0","0","0","3","36301","1","","1","01","N","N","0","","0","0","1","3","3","","1606","1","2","0","0","0","0","0","3","0","2","N","","","","","","","","","","","","03","  ","","",""
"1655","3","0","0","0","0","0","0","0","0","1","0","","36","01","2017","2017008385","4","40.1617","-76.202","1652","08","0","0","0","0","0","2","0","0","2","0","0","0","16","4","0","02","1","40 09:42.176","2","00","76 12:07.319","0","0","0","0","36218","0","0","0","N","0","0","0","3","36408","0","","1","01","N","N","0","","0","0","0","0","0","N","1649","0","3","0","0","0","0","0","1","0","3","N","","","","","","","","","","","","03","  ","","",""
"1514","2","0","0","0","0","0","0","0","0","2","0","","36","01","2017","2017008402","5","40.0487","-76.2989","1514","08","0","0","0","0","0","0","0","0","","0","0","0","15","1","0","01","0","40 02:55.215","","00","76 17:55.964","0","0","0","0","36301","0","0","0","N","0","0","0","2","36301","0","","1","01","N","N","0","","0","0","0","0","0","","1514","0","2","0","0","0","0","0","3","0","2","N","","","","","","","","","","","","03","  ","","",""
"0751","1","0","0","0","0","0","0","0","0","4","0","","36","01","2017","2017008561","4","40.0766","-76.5831","0749","08","0","0","0","0","0","0","0","0","3","0","0","0","07","1","1","01","2","40 04:35.683","5","00","76 34:59.096","3","0","0","0","36211","0","0","0","N","0","0","0","2","36504","0","","1","02","N","N","0","","1","0","0","3","3","Y","0748","1","2","0","0","0","0","0","1","1","2","N","","","","","","","","","","","","10","  ","","",""
"0252","0","0","0","0","0","0","0","0","0","4","1","","36","01","2017","2017008591","4","40.1636","-76.1525","0250","08","0","0","0","0","0","2","0","0","1","0","1","0","02","3","1","01","2","40 09:49.441","4","02","76 09:08.800","8","0","0","0","36218","0","0","0","N","0","0","0","2","36408","0","","1","02","N","N","0","","0","0","0","3","2","N","0245","1","2","0","0","1","1","0","1","1","2","N","","","","","","","","","","","","07","  ","","",""
"2023","0","0","0","0","0","0","0","0","0","4","0","","36","01","2017","2017008596","4","40.0758","-76.2968","2017","08","0","0","0","0","0","0","0","0","","0","0","0","20","3","0","03","0","40 04:32.744","","07","76 17:48.617","0","0","0","0","36101","0","0","0","N","0","0","0","3","36101","0","","1","01","N","N","0","","0","0","1","0","0","","2003","0","2","0","0","0","0","0","3","1","2","N","","","","","","","","","","","","03","  ","","",""
"1643","1","0","0","0","0","0","0","0","0","2","0","","36","01","2017","2017008660","3","40.1101","-76.4769","1637","08","0","0","0","0","1","0","0","0","1","0","0","0","16","4","0","00","1","40 06:36.268","4","00","76 28:36.823","0","0","0","0","36413","0","0","0","N","0","0","0","3","36413","0","","1","09","N","N","1","","0","0","0","0","0","Y","1637","0","2","0","0","1","0","0","2","0","2","N","","","","","","","","","","","","07","  ","","",""
"0351","1","0","0","0","0","0","0","0","0","7","0","","36","01","2017","2017008688","7","40.0606","-76.1866","0349","08","0","0","0","0","0","0","0","0","2","0","0","0","02","2","0","00","1","40 03:38.156","4","00","76 11:11.623","0","0","0","0","36234","0","0","0","N","0","0","0","1","36215","0","","4","01","N","N","0","","0","0","0","0","0","Y","0230","0","1","0","0","0","0","0","1","0","1","N","","","","","","","","","","","","03","  ","","",""
"1514","1","0","0","0","0","0","0","0","0","4","0","","36","01","2017","2017008725","6","40.0924","-76.41","1510","08","0","0","0","0","1","0","0","0","1","0","0","0","15","1","0","01","1","40 05:32.678","3","00","76 24:35.883","0","0","0","0","36214","0","0","0","N","0","0","0","2","36214","0","","1","09","N","N","1","","0","0","0","3","3","N","1500","0","2","0","0","0","0","0","3","0","2","N","","","","","","","","","","","","07","  ","","",""
"1506","2","0","0","0","0","0","0","0","0","1","0","","36","01","2017","2017008770","6","40.153","-76.607","1503","08","0","0","0","0","0","0","0","0","","0","0","0","15","1","2","01","0","40 09:10.909","","00","76 36:25.139","4","0","0","0","36407","0","0","0","N","0","0","0","3","36407","2","","1","01","N","N","0","","0","0","0","0","0","","1500","2","2","0","0","0","0","0","2","0","2","N","","","","","","","","","","","","03","  ","","",""
"0904","2","0","0","0","0","0","0","0","0","1","0","","36","01","2017","2017008777","4","40.2546","-76.2442","0901","08","0","0","0","0","0","0","0","0","2","0","0","0","09","1","1","00","2","40 15:16.676","5","00","76 14:39.060","3","0","0","0","36204","0","0","0","","0","0","0","2","36506","0","","1","02","N","N","0","","1","0","0","0","0","Y","0901","1","2","0","0","0","0","0","1","0","2","N","","","","","","","","","","","","03","  ","","",""
"1810","1","0","0","0","0","0","0","0","0","4","0","","36","01","2017","2017008803","5","40.0229","-76.2647","1805","08","0","0","0","0","0","1","1","0","","0","0","0","18","3","0","01","0","40 01:22.402","","00","76 15:52.862","0","0","0","0","36240","0","0","0","N","0","0","0","2","36240","0","","1","01","N","N","0","","0","0","1","3","2","","1800","0","2","0","0","0","0","0","1","0","2","N","","","","","","","","","","","","03","  ","","",""
"1750","1","0","0","0","0","0","0","0","0","1","0","","36","01","2017","2017008889","6","40.0437","-76.3912","1746","08","0","0","0","0","0","1","0","1","","0","0","0","17","3","0","02","0","40 02:37.348","","00","76 23:28.449","0","0","0","0","36214","0","0","0","N","0","0","0","2","36214","0","","1","09","N","N","1","","0","0","0","3","2","","1745","0","2","0","0","0","0","0","3","0","2","N","","","","","","","","","","","","07","  ","","",""
"1724","0","0","0","0","0","0","0","0","0","2","0","","36","01","2017","2017008893","6","40.0229","-76.2647","1713","08","0","0","0","0","0","0","0","0","1","0","0","0","17","3","0","01","1","40 01:22.402","7","00","76 15:52.862","0","0","0","0","36240","0","0","0","N","0","0","0","2","36240","0","","1","09","N","N","0","","0","0","2","3","2","N","1705","0","2","0","0","0","0","0","1","0","2","N","","","","","","","","","","","","07","  ","","",""
"1809","0","0","0","0","0","0","0","0","0","4","0","","36","01","2017","2017008927","4","39.8925","-76.1631","1807","08","0","0","0","0","0","0","0","0","3","0","0","0","18","3","0","01","2","39 53:33.066","2","00","76 09:47.087","0","0","0","0","36416","0","0","0","N","0","0","0","3","36416","0","","1","01","N","N","0","","0","0","2","3","2","Y","1806","0","2","0","0","0","0","0","1","0","2","N","","","","","","","","","","","","03","  ","","",""
"1835","2","0","0","0","0","0","0","0","0","1","0","","36","01","2017","2017008931","6","40.0232","-76.2794","1827","08","0","0","1","0","0","0","0","0","2","0","0","0","18","2","1","02","1","40 01:23.555","4","00","76 16:45.844","8","0","0","0","36240","0","0","0","N","0","0","0","3","36240","0","","1","09","N","N","0","","0","0","0","3","3","N","1824","1","2","0","0","0","1","0","1","0","2","N","","","","","","","","","","","","03","  ","","",""
"0246","0","0","0","0","0","0","0","0","0","7","0","","36","01","2017","2017008958","7","40.0533","-76.397","0243","08","0","0","0","0","0","0","0","0","2","0","0","0","02","3","1","00","1","40 03:11.709","5","00","76 23:49.310","4","0","0","0","36214","0","0","0","N","0","0","0","1","36214","1","","2","09","N","N","1","","0","0","0","0","0","N","0240","1","1","0","0","0","0","0","3","0","1","N","","","","","","","","","","","","05","  ","","",""
"1110","1","0","0","0","0","0","0","0","0","4","0","","36","01","2017","2017009031","6","40.1636","-76.1525","1105","08","0","0","0","0","0","0","1","1","1","0","0","0","11","1","4","05","2","40 09:49.441","3","00","76 09:08.800","3","0","0","0","36218","0","0","0","N","0","0","0","4","36408","2","","1","09","N","N","0","","2","0","0","3","2","N","1100","4","2","0","0","1","0","0","1","1","2","N","","","","","","","","","","","","07","  ","","",""
"1813","1","0","0","0","0","0","0","0","0","7","0","","36","01","2017","2017009036","3","40.0774","-76.2959","1807","08","0","0","0","0","0","0","0","0","","0","0","0","18","2","0","00","0","40 04:38.712","","00","76 17:45.277","0","0","0","0","36101","0","0","0","N","0","0","0","1","36101","0","","4","09","N","N","0","","0","0","0","0","0","","1805","0","1","0","0","0","0","0","3","0","1","N","","","","","","","","","","","","07","  ","","",""
"2303","1","0","0","0","0","0","0","0","0","7","0","","36","01","2017","2017009037","1","40.0809","-76.2066","2259","08","0","0","0","0","0","0","0","0","","0","0","0","22","3","1","00","0","40 04:51.395","","00","76 12:23.853","4","0","0","0","36234","0","0","0","N","0","0","0","1","36215","1","","4","07","N","N","0","","0","0","0","0","0","","2259","1","1","0","0","0","0","0","1","0","1","N","","","","","","","","","","","","03","  ","","",""
"0836","1","0","0","0","0","0","0","0","0","7","0","","36","01","2017","2017009054","7","40.1168","-76.5319","0833","08","0","0","0","0","0","0","0","1","","0","0","0","08","1","1","00","0","40 07:00.356","","00","76 31:54.834","3","0","0","0","36413","0","0","0","Y","0","0","0","1","36413","0","","4","09","N","N","1","","1","0","3","0","0","","0833","1","5","0","0","0","0","0","2","0","5","N","","","","","","","","","","","","07","  ","","",""
"1002","0","0","0","0","0","0","0","0","0","7","0","","36","01","2017","2017009101","7","40.0657","-76.4488","0958","08","0","0","0","0","0","0","0","0","4","0","0","0","09","1","0","00","2","40 03:56.512","6","00","76 26:55.801","0","0","0","0","36239","0","0","0","N","0","0","0","1","36239","0","","4","09","N","N","0","","0","0","1","0","0","Y","0958","0","1","0","0","0","0","0","3","0","1","N","","","","","","","","","","","","07","  ","","",""
"1252","2","0","0","0","0","0","0","0","0","2","0","","36","01","2017","2017009110","7","40.1816","-76.194","1252","08","0","0","0","0","0","1","0","0","2","0","0","0","12","1","3","01","2","40 10:53.583","6","00","76 11:38.402","3","0","0","0","36408","0","0","0","N","0","0","0","3","36408","2","","1","09","N","N","0","","1","0","0","3","2","N","1252","3","2","0","0","0","0","0","2","0","2","N","","","","","","","","","","","","03","  ","","",""
"1209","2","0","0","0","0","0","0","0","0","5","0","","36","01","2017","2017009119","6","40.0419","-76.2466","1202","08","0","0","0","0","0","0","0","0","2","0","0","0","12","1","2","07","1","40 02:30.956","3","02","76 14:47.636","4","0","0","0","36215","0","0","0","N","0","0","0","4","36215","2","","1","09","N","N","0","","0","0","1","0","0","N","1200","2","3","0","0","0","0","0","1","0","3","N","","","","","","","","","","","","07","  ","","",""
"1820","2","0","0","0","0","0","0","0","0","4","0","","36","01","2017","2017009193","6","40.026","-76.335","1819","08","0","0","0","0","0","1","0","0","2","0","0","0","18","3","0","02","1","40 01:33.646","3","00","76 20:06.118","0","0","0","0","36220","0","0","0","N","0","0","0","2","36101","0","","1","09","N","N","0","","0","0","0","3","3","N","1819","0","2","0","0","0","0","0","3","0","2","N","","","","","","","","","","","","03","  ","","",""
"1358","0","0","0","0","0","0","0","0","0","1","0","","36","01","2017","2017009195","1","40.074","-76.2041","1354","08","0","1","0","0","0","0","0","1","","0","0","0","13","1","0","02","0","40 04:26.574","","00","76 12:14.922","0","0","0","0","36234","0","0","0","N","0","0","0","3","36215","0","","1","07","N","N","1","","0","0","0","3","3","","1352","0","2","0","0","0","0","0","1","1","2","N","","","","","","","","","","","","03","  ","","",""
"2306","2","0","0","0","0","0","0","0","0","4","0","","36","01","2017","2017009226","7","40.0529","-76.36","2259","08","0","0","1","0","0","0","0","0","2","0","0","0","22","3","0","01","1","40 03:10.313","2","00","76 21:36.142","0","0","0","0","36214","0","0","0","N","0","0","0","3","36214","0","","1","09","N","N","0","","0","0","0","3","2","N","2258","0","2","0","0","0","0","0","3","0","2","N","","","","","","","","","","","","07","05","","",""
"1418","0","0","0","0","0","0","0","0","0","4","0","","36","01","2017","2017009241","7","40.0377","-76.2693","1411","08","0","0","0","0","0","0","0","0","2","0","0","0","14","1","1","00","1","40 02:15.749","3","07","76 16:09.316","4","0","0","0","36215","0","0","0","N","0","0","0","3","36215","1","","1","09","N","N","0","","0","0","1","0","0","N","1411","1","2","0","0","0","0","0","1","1","2","N","","","","","","","","","","","","03","  ","","",""
"0520","1","0","0","0","0","0","0","0","0","7","0","","36","01","2017","2017009249","1","40.0621","-76.433","0514","08","0","0","0","0","0","0","0","0","","0","0","0","05","1","0","00","0","40 03:43.415","","00","76 25:58.781","0","0","0","0","36239","0","0","0","N","0","0","0","1","36239","0","","4","09","N","N","0","","0","0","0","0","0","","0514","0","1","0","0","0","0","0","3","0","1","N","","","","","","","","","","","","07","05","","",""
"0026","2","0","0","0","0","0","0","0","0","5","0","","36","01","2017","2017009254","2","40.2249","-76.1497","0023","08","0","0","0","0","0","0","0","0","1","0","0","0","00","2","0","00","1","40 13:29.602","6","00","76 08:58.839","0","0","0","0","36405","0","0","0","N","0","0","0","1","36210","0","","6","01","N","N","0","","0","0","0","0","0","N","0018","0","2","0","0","0","0","0","1","0","2","N","","","","","","","","","","","","03","  ","","",""
"1233","1","0","0","0","0","0","0","0","0","7","0","","36","01","2017","2017009270","7","40.1157","-76.0962","1225","08","0","0","0","0","0","0","0","0","","0","0","0","12","1","0","00","0","40 06:56.515","","00","76 05:46.463","0","0","0","0","36209","0","0","0","N","0","0","0","4","36415","0","","4","07","N","N","0","","0","0","0","0","0","","1225","0","1","0","0","0","0","0","1","0","1","N","","","","","","","","","","","","10","  ","","",""
"1546","1","0","0","0","0","0","0","0","0","7","0","","36","01","2017","2017009271","1","40.0927","-76.0784","1540","08","0","0","0","0","0","0","0","0","","0","0","0","15","1","0","00","0","40 05:33.613","","00","76 04:42.263","0","0","0","0","36209","0","0","0","N","0","0","0","1","36415","0","","4","07","N","N","0","","0","0","0","0","0","","1530","0","1","0","0","0","0","0","1","0","1","N","","","","","","","","","","","","03","  ","","",""
"1222","2","0","0","0","0","0","0","0","0","1","0","","36","01","2017","2017009292","1","","","1217","08","0","0","0","0","1","0","0","0","2","0","0","0","12","1","0","00","1","","3","00","","0","0","0","0","36214","0","0","0","Y","0","0","0","4","36214","0","","1","01","N","N","0","","0","0","0","0","0","N","1210","0","2","0","0","0","0","0","3","0","2","N","","","","","","","","","","","","03","  ","","",""
"1419","2","0","0","0","0","0","0","0","0","2","0","","36","01","2017","2017009295","5","40.1021","-76.09","1416","08","0","0","0","0","0","0","1","1","1","0","0","0","14","1","2","00","2","40 06:07.709","6","00","76 05:23.860","3","0","0","0","36415","0","0","0","N","0","0","0","2","36415","1","","1","09","N","N","0","","1","0","0","0","0","Y","1415","2","2","0","0","0","0","0","1","0","2","N","","","","","","","","","","","","07","  ","","",""
"0746","2","0","0","0","0","0","0","0","0","4","0","","36","01","2017","2017009305","4","40.1147","-76.0774","0740","08","0","0","0","0","0","0","0","0","","0","0","0","07","1","0","03","0","40 06:52.808","","00","76 04:38.492","0","0","0","0","36209","0","0","0","N","0","0","0","2","36415","0","","1","07","N","N","0","","0","0","0","3","3","","0737","0","2","0","0","0","0","0","1","0","2","N","","","","","","","","","","","","10","  ","","",""
"0709","0","0","0","0","0","0","0","0","0","7","0","","36","01","2017","2017009464","4","40.0843","-76.185","0656","08","0","0","0","0","0","0","0","0","","0","0","0","06","1","0","00","0","40 05:03.575","","00","76 11:05.880","0","0","0","0","36234","0","0","0","N","0","0","0","1","36215","0","","4","02","N","N","1","","0","0","0","0","0","","0656","0","1","0","0","0","0","0","1","0","1","N","","","","","","","","","","","","98","  ","","",""
"0121","6","0","0","0","0","0","0","0","0","6","0","","36","01","2017","2017009465","1","40.0413","-76.2956","0118","08","0","0","0","0","0","0","0","0","2","0","0","0","01","3","0","00","2","40 02:28.507","5","00","76 17:44.012","0","0","0","0","36301","0","0","0","N","0","0","0","1","36301","0","","6","09","N","N","0","","0","0","0","0","0","Y","0118","0","6","0","0","0","0","0","3","0","6","N","","","","","","","","","","","","03","  ","","",""
"1058","0","0","0","0","0","0","0","0","0","1","3","","36","01","2017","2017009466","6","","","1050","08","0","0","0","0","0","2","0","0","","0","3","0","10","1","0","00","0","","","00","","0","0","0","0","36215","0","0","0","N","0","0","0","3","36215","0","","1","09","N","N","0","","0","0","0","0","0","","1050","0","3","0","0","0","0","0","1","0","3","N","","","","","","","","","","","","03","  ","","",""
"2006","1","0","0","0","0","0","0","0","0","2","0","","36","01","2017","2017009470","2","40.0477","-76.3071","1957","08","0","0","0","0","0","0","1","0","2","0","0","0","19","3","0","00","2","40 02:51.856","6","00","76 18:25.588","0","0","0","0","36301","0","0","0","N","0","0","0","2","36301","0","","1","01","N","N","0","","0","0","1","0","0","Y","1957","0","2","0","0","0","0","0","3","0","2","N","","","","","","","","","","","","03","  ","","",""
"1805","2","0","0","0","0","0","0","0","0","4","0","","36","01","2017","2017009474","2","40.0319","-76.2398","1802","08","0","0","0","0","0","0","0","0","2","0","0","0","17","3","0","02","2","40 01:54.765","6","02","76 14:23.331","0","0","0","0","36215","0","0","0","N","0","0","0","4","36215","0","","1","01","N","N","0","","0","0","0","3","2","Y","1757","0","2","0","0","0","0","0","1","0","2","N","","","","","","","","","","","","03","  ","","",""
"2019","1","0","0","0","0","0","0","0","0","7","0","","36","01","2017","2017009482","7","40.2262","-76.1133","2017","08","0","0","0","0","0","0","0","0","","0","0","0","20","3","1","00","0","40 13:34.165","","00","76 06:47.902","3","0","0","0","36210","0","0","0","N","0","0","0","1","36210","0","","5","09","N","N","0","","1","0","0","0","0","","2016","1","1","0","0","0","0","0","1","0","1","N","","","","","","","","","","","","07","  ","","",""
"1813","0","0","0","0","0","0","0","0","0","9","0","","36","01","2017","2017009484","7","40.0745","-76.231","1808","08","0","0","0","0","0","0","0","1","","0","0","0","17","6","0","00","0","40 04:28.100","","00","76 13:51.500","0","0","0","0","36215","0","0","0","N","0","0","0","6","36215","0","","1","09","N","N","0","","0","0","0","0","0","","1752","0","1","0","0","0","0","0","1","1","1","N","","","","","","","","","","","","03","  ","","",""
"1630","1","0","0","0","0","0","0","0","0","4","0","","36","01","2017","2017009505","1","40.0373","-76.2514","1615","08","0","0","0","0","0","0","0","0","","0","0","0","16","1","0","01","0","40 02:14.118","","00","76 15:05.058","0","0","0","0","36215","0","0","0","N","0","0","0","2","36215","0","","1","01","N","N","1","","0","0","0","3","3","","1614","0","2","0","0","0","0","0","1","0","2","N","","","","","","","","","","","","03","  ","","",""
"0708","2","0","0","0","0","0","0","0","0","1","0","","36","01","2017","2017009581","2","40.0635","-76.3399","0704","08","0","0","0","0","0","1","1","0","3","0","0","0","07","3","0","00","1","40 03:48.482","3","03","76 20:23.570","0","0","0","0","36101","0","0","0","N","0","0","0","3","36101","0","","1","01","N","N","0","","0","0","0","0","0","N","0700","0","3","0","0","0","0","0","3","1","3","N","","","","","","","","","","","","07","  ","","",""
"1927","0","0","0","0","0","0","0","0","0","1","0","","36","01","2017","2017009618","5","","","1926","08","0","0","0","0","0","0","0","0","","0","0","0","19","3","0","00","0","00 00:00.000","","00","00 00:00.000","0","0","0","0","36413","0","0","0","N","0","0","0","1","36413","0","","4","01","N","N","1","","0","0","1","0","0","","1925","0","2","0","0","0","0","0","2","0","2","N","","","","","","","","","","","","03","  ","","",""
"1443","0","0","0","0","0","0","0","0","0","4","1","","36","01","2017","2017009626","6","40.2191","-76.2409","1429","08","0","0","0","0","0","1","0","0","1","0","1","0","14","1","0","01","1","40 13:08.583","5","00","76 14:27.322","0","0","0","0","36204","0","0","0","","0","0","0","2","36506","0","","1","09","N","N","0","","0","0","1","3","3","N","1429","0","2","0","0","0","0","0","1","0","2","N","","","","","","","","","","","","07","  ","","",""
"1130","2","0","0","0","0","0","0","0","0","1","0","","36","01","2017","2017009639","6","40.0905","-76.2805","1130","08","0","0","0","0","0","0","1","0","","0","0","0","16","1","0","00","0","40 05:25.733","","00","76 16:49.666","0","0","0","0","36101","0","0","0","N","0","0","0","2","36101","0","","1","01","N","N","0","","0","0","0","0","0","","1645","0","2","0","0","0","0","0","3","0","2","N","","","","","","","","","","","","03","  ","","",""
"1649","2","0","0","0","0","0","0","0","0","1","0","","36","01","2017","2017009654","5","40.0679","-76.2995","1634","08","0","0","0","0","0","0","0","0","","0","0","0","16","1","2","00","0","40 04:04.581","","00","76 17:58.372","4","0","0","0","36101","0","0","0","N","0","0","0","2","36101","2","","1","01","N","N","0","","0","0","0","0","0","","1631","2","2","0","0","0","0","0","3","0","2","N","","","","","","","","","","","","03","  ","","",""
"1109","2","0","0","0","0","0","0","0","0","4","0","","36","01","2017","2017009680","1","40.0615","-76.5586","1108","08","0","0","0","0","0","0","1","0","2","0","0","0","11","1","0","01","1","40 03:41.513","4","00","76 33:30.985","0","0","0","0","36211","0","0","0","N","0","0","0","3","36504","0","","1","01","N","N","0","","0","0","0","0","0","N","1100","0","2","0","0","0","0","0","1","0","2","N","","","","","","","","","","","","03","  ","","",""
"1125","0","0","0","0","0","0","0","0","0","7","0","","36","01","2017","2017009798","6","39.8977","-76.063","1115","08","0","0","0","0","0","0","0","0","","0","0","0","11","1","0","00","0","39 53:51.857","","00","76 03:46.626","0","0","0","0","36201","0","0","0","","0","0","0","1","68J01","0","","4","01","N","N","1","","0","0","0","0","0","","1112","0","1","0","0","0","0","0","1","0","1","N","","","","","","","","","","","","03","  ","","",""
"1105","0","0","0","0","0","0","0","0","0","4","0","","36","01","2017","2017009806","1","40.2095","-76.3","1100","08","0","0","0","0","0","1","0","0","2","0","0","0","10","1","2","01","1","40 12:34.020","7","00","76 17:59.942","8","0","0","0","36217","0","0","0","","0","0","0","8","68J01","0","","1","01","N","N","0","","0","0","2","3","2","N","1058","2","2","0","0","0","2","0","1","0","2","N","","","","","","","","","","","","03","  ","","",""
"2026","0","0","0","0","0","0","0","0","0","7","0","","36","01","2017","2017009916","2","40.0681","-76.2991","2024","08","0","0","1","0","0","0","0","0","2","0","0","0","20","3","1","00","1","40 04:05.056","4","00","76 17:56.943","3","0","0","0","36101","0","0","0","N","0","0","0","1","36101","0","","2","09","N","N","0","","1","0","1","0","0","N","2020","1","1","0","0","0","0","0","3","0","1","N","","","","","","","","","","","","07","  ","","",""
"0322","1","0","0","0","0","0","0","0","0","7","0","","36","01","2017","2017009925","6","40.2178","-76.0795","0319","08","0","0","0","0","0","0","0","0","","0","0","0","03","2","0","00","0","40 13:04.204","","00","76 04:46.132","0","0","0","0","36210","0","0","0","Y","0","0","0","1","36210","0","","5","01","N","N","0","","0","0","0","0","0","","0317","0","1","0","0","0","0","0","1","0","1","N","","","","","","","","","","","","03","  ","","",""
"1430","1","0","0","0","0","0","0","0","0","1","0","","36","01","2017","2017009942","5","40.0428","-76.238","1420","08","0","1","1","0","0","0","0","0","","0","0","0","14","1","0","03","0","40 02:33.930","","00","76 14:16.852","0","0","0","0","36215","0","0","0","N","0","0","0","5","36215","0","","1","01","N","N","0","","0","0","0","0","0","","1418","0","2","0","0","0","0","0","1","1","2","N","","","","","","","","","","","","03","  ","","",""
"2125","0","0","0","0","0","0","0","0","0","7","0","","36","01","2017","2017009948","2","40.0216","-76.27","2117","08","0","0","0","0","0","0","0","0","","0","0","0","21","2","0","00","0","40 01:17.851","","00","76 16:11.985","0","0","0","0","36240","0","0","0","N","0","0","0","1","36240","0","","4","09","N","N","0","","0","0","1","0","0","","2116","0","1","0","0","0","0","0","1","0","1","N","","","","","","","","","","","","03","  ","","",""
"0017","0","0","0","0","0","0","0","0","0","7","0","","36","01","2017","2017009949","3","40.1103","-76.2839","0014","08","0","0","0","0","0","1","0","0","","0","0","0","00","3","0","00","0","40 06:37.240","","00","76 17:02.029","0","0","0","0","36101","0","0","0","N","0","0","0","1","36101","0","","4","09","N","N","1","","0","0","0","0","0","","0013","0","1","0","0","0","0","0","3","0","1","N","","","","","","","","","","","","03","  ","","",""
"2113","1","0","0","0","0","0","0","0","0","7","0","","36","01","2017","2017009950","4","40.0895","-76.4291","2111","08","0","0","0","0","0","0","0","0","","0","0","0","21","2","0","00","0","40 05:22.249","","00","76 25:44.921","0","0","0","0","36239","0","0","0","N","0","0","0","2","36239","0","","5","01","N","N","0","","0","0","0","0","0","","2105","0","1","0","0","0","0","0","3","0","1","N","","","","","","","","","","","","03","  ","","",""