"ARRIVAL_TM","AUTOMOBILE_COUNT","BELTED_DEATH_COUNT","BELTED_SUSP_SERIOUS_INJ_COUNT","BICYCLE_COUNT","BICYCLE_DEATH_COUNT","BICYCLE_SUSP_SERIOUS_INJ_COUNT","BUS_COUNT","CHLDPAS_DEATH_COUNT","CHLDPAS_SUSP_SERIOUS_INJ_COUNT","COLLISION_TYPE","COMM_VEH_COUNT","CONS_ZONE_SPD_LIM","COUNTY","CRASH_MONTH","CRASH_YEAR","CRN","DAY_OF_WEEK","DEC_LAT","DEC_LONG","DISPATCH_TM","DISTRICT","DRIVER_COUNT_16YR","DRIVER_COUNT_17YR","DRIVER_COUNT_18YR","DRIVER_COUNT_19YR","DRIVER_COUNT_20YR","DRIVER_COUNT_50_64YR","DRIVER_COUNT_65_74YR","DRIVER_COUNT_75PLUS","EST_HRS_CLOSED","FATAL_COUNT","HEAVY_TRUCK_COUNT","HORSE_BUGGY_COUNT","HOUR_OF_DAY","ILLUMINATION","INJURY_COUNT","INTERSECT_TYPE","LANE_CLOSED","LATITUDE","LN_CLOSE_DIR","LOCATION_TYPE","LONGITUDE","MAX_SEVERITY_LEVEL","MCYCLE_DEATH_COUNT","MCYCLE_SUSP_SERIOUS_INJ_COUNT","MOTORCYCLE_COUNT","MUNICIPALITY","NONMOTR_COUNT","NONMOTR_DEATH_COUNT","NONMOTR_SUSP_SERIOUS_INJ_COUNT","NTFY_HIWY_MAINT","PED_COUNT","PED_DEATH_COUNT","PED_SUSP_SERIOUS_INJ_COUNT","PERSON_COUNT","POLICE_AGCY","POSSIBLE_INJ_COUNT","RDWY_SURF_TYPE_CD","RELATION_TO_ROAD","ROAD_CONDITION","SCH_BUS_IND","SCH_ZONE_IND","SMALL_TRUCK_COUNT","SPEC_JURIS_CD","SUSP_MINOR_INJ_COUNT","SUSP_SERIOUS_INJ_COUNT","SUV_COUNT","TCD_FUNC_CD","TCD_TYPE","TFC_DETOUR_IND","TIME_OF_DAY","TOT_INJ_COUNT","TOTAL_UNITS","UNB_DEATH_COUNT","UNB_SUSP_SERIOUS_INJ_COUNT","UNBELTED_OCC_COUNT","UNK_INJ_DEG_COUNT","UNK_INJ_PER_COUNT","URBAN_RURAL","VAN_COUNT","VEHICLE_COUNT","WORK_ZONE_IND","WORK_ZONE_LOC","WORK_ZONE_TYPE","WORKERS_PRES","WZ_CLOSE_DETOUR","WZ_FLAGGER","WZ_LAW_OFFCR_IND","WZ_LN_CLOSURE","WZ_MOVING","WZ_OTHER","WZ_SHLDER_MDN","ROADWAY_CLEARED","WEATHER1","WEATHER2","WZ_WORKERS_INJ_KILLED","SECONDARY_CRASH","INTERSECTION_RELATED"
"1630","0","0","0","0","0","0","0","0","0","7","0","","36","01","2017","2017009958","2","40.0214","-76.3349","1625","08","0","0","0","0","0","0","0","1","2","0","0","0","16","1","0","00","2","40 01:17.173","6","00","76 20:05.657","0","0","0","0","36220","0","0","0","N","0","0","0","2","36101","0","","4","09","N","N","0","","0","0","0","0","0","Y","1623","0","1","0","0","0","0","0","3","1","1","N","","","","","","","","","","","","07","  ","","",""
"1256","1","0","0","0","0","0","0","0","0","7","0","","36","01","2017","2017010025","5","40.1335","-76.474","1240","08","1","0","0","0","0","0","0","0","3","0","0","0","12","1","1","00","2","40 08:00.650","5","00","76 28:26.280","8","0","0","0","36230","0","0","0","","0","0","0","1","36410","0","","4","01","N","N","0","","0","0","0","0","0","Y","1238","1","1","0","0","0","1","0","1","0","1","N","","","","","","","","","","","","03","  ","","",""
"0707","1","0","0","0","0","0","0","0","0","4","0","","36","01","2017","2017010026","5","40.1618","-76.3984","0704","08","0","0","0","0","0","0","1","0","1","0","0","0","07","1","0","01","1","40 09:42.402","3","00","76 23:54.201","0","0","0","0","36410","0","0","0","","0","0","0","2","36410","0","","1","01","N","N","0","","0","0","0","3","3","N","0703","0","2","0","0","0","0","0","2","1","2","N","","","","","","","","","","","","03","  ","","",""
"0609","0","0","0","0","0","0","0","0","0","4","0","","36","01","2017","2017010031","3","40.0417","-76.3638","0559","08","0","0","0","0","0","1","0","0","","0","0","0","05","2","0","02","0","40 02:30.029","","00","76 21:49.816","0","0","0","0","36214","0","0","0","N","0","0","0","2","36214","0","","1","09","N","N","0","","0","0","1","3","3","","0555","0","2","0","0","0","0","0","3","1","2","N","","","","","","","","","","","","07","  ","","",""
"1236","2","0","0","0","0","0","0","0","0","4","0","","36","01","2017","2017010034","7","40.0378","-76.2707","1236","08","0","0","0","0","0","0","0","0","2","0","0","0","12","1","0","03","1","40 02:16.133","3","00","76 16:14.670","0","0","0","0","36215","0","0","0","N","0","0","0","4","36215","0","","1","09","N","N","0","","0","0","0","3","2","N","1233","0","2","0","0","0","0","0","1","0","2","N","","","","","","","","","","","","03","  ","","",""
"0824","1","0","0","0","0","0","0","0","0","9","0","","36","01","2017","2017010050","3","40.1046","-76.4251","0805","08","0","0","0","0","0","0","0","0","","0","0","0","08","1","1","00","0","40 06:16.657","","00","76 25:30.183","8","0","0","0","36214","0","0","0","N","0","0","0","2","36214","0","","1","09","N","N","0","","0","0","1","0","0","","0803","1","2","0","0","0","1","0","3","0","2","N","","","","","","","","","","","","03","  ","","",""
"0740","2","0","0","0","0","0","0","0","0","4","0","","36","01","2017","2017010061","3","40.0323","-76.3246","0739","08","0","0","0","0","0","0","0","0","","0","0","0","07","1","1","01","0","40 01:56.136","","00","76 19:28.579","4","0","0","0","36220","0","0","0","N","0","0","0","5","36101","1","","1","09","N","N","0","","0","0","0","3","3","","0738","1","2","0","0","0","0","0","3","0","2","N","","","","","","","","","","","","03","  ","","",""
"0646","1","0","0","0","0","0","0","0","0","4","0","","36","01","2017","2017010066","3","40.0403","-76.245","0642","08","0","0","0","0","0","0","0","0","","0","0","0","06","3","0","02","0","40 02:25.231","","00","76 14:41.992","0","0","0","0","36215","0","0","0","N","0","0","0","2","36215","0","","1","09","N","N","0","","0","0","0","0","0","","0639","0","2","0","0","0","0","0","1","1","2","N","","","","","","","","","","","","03","  ","","",""
"1614","2","0","0","0","0","0","0","0","0","4","0","","36","01","2017","2017010141","3","40.0515","-76.3039","1607","08","0","0","0","0","0","1","0","0","2","0","0","0","16","1","1","01","2","40 03:05.573","7","00","76 18:13.945","4","0","0","0","36301","0","0","0","N","0","0","0","3","36301","1","","1","01","N","N","0","","0","0","0","3","3","Y","1606","1","2","0","0","0","0","0","3","0","2","N","","","","","","","","","","","","03","  ","","",""
"1341","1","0","0","0","0","0","0","0","0","6","0","","36","01","2017","2017010145","5","40.095","-76.2894","1333","08","0","0","0","0","0","0","0","1","2","0","0","0","13","1","0","00","1","40 05:42.175","6","00","76 17:21.942","0","0","0","0","36101","0","0","0","N","0","0","0","3","36101","0","","1","01","N","N","0","","0","0","1","0","0","N","1327","0","2","0","0","0","0","0","3","0","2","N","","","","","","","","","","","","03","  ","","",""
"1319","1","0","0","0","0","0","0","0","0","4","0","","36","01","2017","2017010204","5","40.0228","-76.3671","1312","08","0","0","0","0","0","0","0","0","1","0","0","0","13","1","2","01","2","40 01:21.946","7","00","76 22:01.509","4","0","0","0","36223","0","0","0","","0","0","0","4","36223","2","","1","01","N","N","0","","0","0","1","3","3","Y","1312","2","2","0","0","1","0","0","1","0","2","N","","","","","","","","","","","","03","  ","","",""
"0447","0","0","0","0","0","0","0","0","0","8","0","","36","01","2017","2017010307","1","39.9692","-76.2726","0440","08","0","0","0","0","0","0","0","0","","0","0","0","04","2","1","00","0","39 58:09.092","","00","76 16:21.265","8","0","0","0","36228","1","0","0","N","1","0","0","2","36503","0","","1","01","N","N","0","","0","0","0","0","0","","0440","1","2","0","0","0","1","1","1","0","1","N","","","","","","","","","","","","03","  ","","",""
"1713","2","0","0","0","0","0","0","0","0","4","0","","36","01","2017","2017010318","3","40.1359","-76.2116","1711","08","1","0","0","1","0","0","0","0","2","0","0","0","17","4","2","02","2","40 08:16.042","2","00","76 12:40.498","4","0","0","0","36238","0","0","0","N","0","0","0","4","36238","1","","1","01","N","N","0","","0","0","0","3","3","Y","1709","2","2","0","0","0","1","0","3","0","2","N","","","","","","","","","","","","03","  ","","",""
"1940","1","0","0","0","0","0","0","0","0","7","0","","36","01","2017","2017010319","2","40.0048","-76.2186","1936","08","0","0","0","0","0","0","0","0","2","0","0","0","19","2","1","00","2","40 00:17.338","5","00","76 13:07.121","3","0","0","0","36240","0","0","0","N","0","0","0","2","36240","0","","5","09","N","N","0","","1","0","0","0","0","Y","1935","1","1","0","0","0","0","0","1","0","1","N","","","","","","","","","","","","03","  ","","",""
"2207","1","0","0","0","0","0","0","0","0","1","0","","36","01","2017","2017010338","3","40.1733","-76.4012","2204","08","1","0","0","0","0","2","0","0","","0","0","0","22","2","1","00","0","40 10:23.737","","00","76 24:04.148","4","0","0","0","36230","0","0","0","N","0","0","0","3","36410","1","","1","01","N","N","0","","0","0","1","0","0","","2202","1","3","0","0","0","0","0","1","1","3","N","","","","","","","","","","","","03","  ","","",""
"2059","0","0","0","0","0","0","0","0","0","7","0","","36","01","2017","2017010364","2","40.0164","-76.3361","2053","08","0","0","0","0","0","1","0","0","2","0","0","0","20","2","2","02","2","40 00:58.935","5","00","76 20:09.945","4","0","0","0","36220","0","0","0","N","0","0","0","2","36101","2","","3","09","N","N","0","","0","0","1","0","0","Y","2052","2","1","0","0","0","0","0","3","0","1","N","","","","","","","","","","","","07","  ","","",""
"1230","0","0","0","0","0","0","0","0","0","7","1","","36","01","2017","2017010390","4","40.2167","-76.0767","1226","08","0","0","0","0","0","1","0","0","","0","1","0","12","1","0","00","0","40 12:57.300","","02","76 04:32.470","0","0","0","0","36210","0","0","0","","0","0","0","1","68T06","0","","2","01","N","N","0","","0","0","0","0","0","","1225","0","1","0","0","0","0","0","1","0","1","N","","","","","","","","","","","","03","  ","","",""
"1532","1","0","0","0","0","0","0","0","0","7","0","","36","01","2017","2017010454","1","40.2245","-76.4216","1525","08","0","0","0","0","0","0","0","0","2","0","0","0","15","1","2","00","1","40 13:27.410","3","00","76 25:16.716","3","0","0","0","36227","0","0","0","","0","0","0","2","68T06","0","","4","01","N","N","0","","2","0","0","0","0","N","1524","2","1","0","0","0","0","0","1","0","1","N","","","","","","","","","","","","03","  ","","",""
"0702","1","0","0","0","0","0","0","0","0","1","0","","36","01","2017","2017010474","4","40.0515","-76.29","0658","08","0","0","0","0","0","1","0","0","2","0","0","0","06","1","1","01","1","40 03:05.310","4","00","76 17:24.098","3","0","0","0","36301","0","0","0","N","0","0","0","2","36301","0","","1","01","N","N","0","","1","0","1","3","2","N","0658","1","2","0","0","0","0","0","3","0","2","N","","","","","","","","","","","","03","  ","","",""
"1535","1","0","0","0","0","0","0","0","0","7","0","","36","01","2017","2017010494","3","40.1162","-76.3057","1528","08","0","0","0","0","0","1","0","0","","0","0","0","15","1","0","00","0","40 06:58.480","","00","76 18:20.573","0","0","0","0","36101","0","0","0","N","0","0","0","1","36101","0","","3","01","N","N","0","","0","0","0","0","0","","1525","0","1","0","0","0","0","0","3","0","1","N","","","","","","","","","","","","03","  ","","",""
"1711","0","0","0","0","0","0","0","0","0","7","1","","36","01","2017","2017010694","4","40.2535","-76.3076","1704","08","0","0","0","0","0","1","0","0","","0","1","0","17","1","0","00","0","40 15:12.484","","00","76 18:27.478","0","0","0","0","36217","0","0","0","","0","0","0","1","68J01","0","","4","01","N","N","0","","0","0","0","0","0","","1704","0","1","0","0","0","0","0","1","0","1","N","","","","","","","","","","","","03","  ","","",""
"1902","1","0","0","0","0","0","0","0","0","7","0","","36","01","2017","2017010700","5","40.0602","-76.0317","1845","08","0","0","0","0","0","0","0","0","2","0","0","0","18","2","0","00","1","40 03:36.740","4","00","76 01:54.030","0","0","0","0","36232","0","0","0","","0","0","0","1","68J01","0","","4","01","N","N","0","","0","0","0","0","0","N","1844","0","1","0","0","0","0","0","1","0","1","N","","","","","","","","","","","","03","  ","","",""
"2257","1","0","0","0","0","0","0","0","0","4","0","","36","01","2017","2017010708","1","40.078","-76.3381","2250","08","0","0","0","0","1","1","0","0","2","0","0","0","22","3","1","01","1","40 04:40.938","1","00","76 20:17.286","3","0","0","0","36101","0","0","0","N","0","0","0","2","36101","0","","1","09","N","N","1","","1","0","0","3","2","N","2248","1","2","0","0","0","0","0","3","0","2","N","","","","","","","","","","","","03","  ","","",""
"1115","1","0","0","0","0","0","0","0","0","1","0","","36","01","2017","2017010729","4","40.1068","-76.3545","1105","08","0","0","0","0","0","2","0","0","","0","0","0","11","1","1","00","0","40 06:24.542","","00","76 21:16.121","4","0","0","0","36214","0","0","0","","0","0","0","3","36214","1","","1","09","N","N","1","","0","0","0","3","2","","1100","1","3","0","0","0","0","1","3","0","3","N","","","","","","","","","","","","07","  ","","",""
"1553","2","0","0","0","0","0","0","0","0","1","0","","36","01","2017","2017010730","4","40.0599","-76.4055","1545","08","0","0","0","0","0","0","0","0","1","0","0","0","15","1","1","02","2","40 03:35.727","6","00","76 24:19.820","4","0","0","0","36239","0","0","0","","0","0","0","2","36214","1","","1","01","N","N","0","","0","0","0","0","0","N","1543","1","2","0","0","0","0","0","3","0","2","N","","","","","","","","","","","","03","  ","","",""
"0427","1","0","0","0","0","0","0","0","0","7","0","","36","01","2017","2017010744","1","40.039","-76.0582","0420","08","0","0","0","0","0","0","0","0","3","0","0","0","04","2","1","00","2","40 02:20.510","6","00","76 03:29.379","2","0","0","0","36221","0","0","0","","0","0","0","1","68J01","0","","5","01","N","N","0","","0","1","0","0","0","Y","0419","1","1","0","1","1","0","0","1","0","1","N","","","","","","","","","","","","03","  ","","",""
"1458","0","0","0","0","0","0","0","0","0","7","0","","36","01","2017","2017010747","3","39.9082","-76.185","1418","08","0","0","0","0","0","1","0","0","","0","0","0","14","1","0","00","0","39 54:29.759","","07","76 11:05.950","0","0","0","0","36229","0","0","0","","0","0","0","1","68J01","0","","1","01","N","N","0","","0","0","1","3","3","","1415","0","1","0","0","0","0","0","1","0","1","N","","","","","","","","","","","","03","  ","","",""
"0805","0","0","0","0","0","0","0","0","0","7","0","","36","01","2017","2017010751","4","39.8184","-76.1349","0743","08","0","0","0","0","0","0","0","0","","0","0","0","07","2","1","01","0","39 49:06.261","","00","76 08:05.570","2","0","0","0","36222","0","0","0","","0","0","0","1","68J01","0","","5","02","N","N","0","","0","1","1","0","0","","0727","1","1","0","1","1","0","0","1","0","1","N","","","","","","","","","","","","03","  ","","",""
"1033","0","0","0","0","0","0","0","0","0","7","0","","36","01","2017","2017010752","4","39.945","-76.0334","1011","08","0","0","0","0","0","1","0","0","","0","0","0","05","2","0","00","0","39 56:42.061","","00","76 02:00.063","0","0","0","0","36231","0","0","0","","0","0","0","1","68J01","0","","5","02","N","N","1","","0","0","0","0","0","","0520","0","1","0","0","0","0","0","1","0","1","N","","","","","","","","","","","","03","  ","","",""
"2251","1","0","0","0","0","0","0","0","0","7","0","","36","01","2017","2017010757","7","39.8026","-76.2706","2224","08","0","0","0","0","0","0","0","0","","0","0","0","22","2","0","00","0","39 48:09.370","","00","76 16:14.190","0","0","0","0","36208","0","0","0","","0","0","0","1","68J01","0","","4","09","N","N","0","","0","0","0","0","0","","2223","0","1","0","0","0","0","0","1","0","1","N","","","","","","","","","","","","03","  ","","",""
"1303","2","0","0","0","0","0","0","0","0","4","0","","36","01","2017","2017010762","2","39.9135","-76.0453","1249","08","0","1","0","0","0","0","1","0","","0","0","0","12","1","0","01","0","39 54:48.553","","00","76 02:42.913","0","0","0","0","36201","0","0","0","","0","0","0","6","68J01","0","","1","01","N","N","0","","0","0","0","3","3","","1248","0","2","0","0","0","0","0","1","0","2","N","","","","","","","","","","","","03","  ","","",""
"1747","1","0","0","0","0","0","0","0","0","7","0","","36","01","2017","2017010764","2","40.2169","-76.307","1738","08","0","0","1","0","0","0","0","0","","0","0","0","17","2","0","00","0","40 13:00.960","","00","76 18:25.260","0","0","0","0","36217","0","0","0","","0","0","0","1","68J01","0","","4","01","N","N","0","","0","0","0","0","0","","1729","0","1","0","0","0","0","0","1","0","1","N","","","","","","","","","","","","03","  ","","",""
"0543","1","0","0","0","0","0","0","0","0","4","0","","36","01","2017","2017010767","6","40.0008","-76.0798","0530","08","0","0","0","0","0","2","0","0","2","0","0","0","05","6","1","01","1","40 00:02.780","3","00","76 04:47.453","3","0","0","0","36226","0","0","0","","0","0","0","2","68J01","0","","1","01","N","N","0","","1","0","0","3","3","N","0527","1","2","0","0","0","0","0","1","1","2","N","","","","","","","","","","","","03","  ","","",""
"0919","1","0","0","0","0","0","0","0","0","4","0","","36","01","2017","2017010768","6","39.9424","-76.0135","0908","08","0","0","0","0","0","1","1","0","2","0","0","0","08","1","1","00","2","39 56:32.680","3","00","76 00:48.650","3","0","0","0","36231","0","0","0","","0","0","0","3","68J01","0","","1","01","N","N","0","","1","0","1","0","0","N","0858","1","2","0","0","0","0","0","1","0","2","N","","","","","","","","","","","","03","  ","","",""
"2142","2","0","0","0","0","0","0","0","0","4","0","","36","01","2017","2017010773","7","40.0648","-76.0204","2127","08","0","1","0","0","0","1","0","0","2","0","0","0","21","2","0","02","2","40 03:53.452","5","00","76 01:13.265","0","0","0","0","36232","0","0","0","","0","0","0","6","68J01","0","","1","09","N","N","0","","0","0","0","0","0","Y","2114","0","2","0","0","0","0","0","1","0","2","N","","","","","","","","","","","","03","  ","","",""
"1949","0","0","0","0","0","0","0","0","0","8","0","","36","01","2017","2017010811","5","40.0411","-76.2911","1944","08","0","0","0","0","0","0","0","0","","0","0","0","19","3","1","00","0","40 02:27.858","","00","76 17:27.999","4","0","0","0","36301","1","0","0","N","1","0","0","1","36301","1","","1","01","N","N","0","","0","0","0","0","0","","1930","1","2","0","0","0","0","0","3","0","1","N","","","","","","","","","","","","03","  ","","",""
"1640","2","0","0","0","0","0","0","0","0","4","0","","36","01","2017","2017010846","5","40.0416","-76.2463","1635","08","0","0","0","0","0","0","0","0","2","0","0","0","16","1","2","06","2","40 02:37.626","4","00","76 14:50.714","8","0","0","0","36215","0","0","0","N","0","0","0","3","36215","0","","1","01","N","N","0","","0","0","0","0","0","N","1635","2","2","0","0","0","2","0","1","0","2","N","","","","","","","","","","","","03","  ","","",""
"0910","1","0","0","0","0","0","0","0","0","4","1","","36","01","2017","2017010973","4","40.0575","-76.3983","0907","08","0","0","0","0","0","0","0","0","2","0","1","0","09","1","1","01","1","40 03:26.963","4","00","76 23:53.840","3","0","0","0","36214","0","0","0","N","0","0","0","2","36214","0","","1","01","N","N","0","","1","0","0","3","2","N","0905","1","2","0","0","0","0","0","3","0","2","N","","","","","","","","","","","","03","  ","","",""
"0558","0","0","0","0","0","0","0","0","0","7","0","","36","01","2017","2017010974","5","40.1288","-76.5561","0553","08","0","0","0","0","0","0","0","0","","0","0","0","05","3","0","00","0","40 07:43.510","","00","76 33:21.998","0","0","0","0","36225","0","0","0","N","0","0","0","1","36505","0","","4","01","N","N","0","","0","0","1","0","0","","0545","0","1","0","0","0","0","0","2","0","1","N","","","","","","","","","","","","03","  ","","",""
"0820","2","0","0","0","0","0","0","0","0","1","0","","36","01","2017","2017010992","5","40.0788","-76.3385","0810","08","0","0","0","0","0","0","0","0","2","0","0","0","08","1","0","00","1","40 04:43.767","1","00","76 20:18.729","0","0","0","0","36101","0","0","0","N","0","0","0","2","36101","0","","1","09","N","N","0","","0","0","0","0","0","N","0805","0","2","0","0","0","0","0","3","0","2","N","","","","","","","","","","","","07","  ","","",""
"0935","1","0","0","1","0","1","0","0","0","8","0","","36","01","2017","2017011006","5","40.0399","-76.2952","0933","08","0","0","0","0","0","0","0","0","","0","0","0","09","1","1","01","0","40 02:23.506","","00","76 17:42.813","2","0","0","0","36301","1","0","1","N","0","0","0","2","36301","0","","1","01","N","N","0","","0","1","0","3","3","","0933","1","2","0","0","0","0","0","3","0","1","N","","","","","","","","","","","","03","  ","","",""
"0921","1","0","0","0","0","0","0","0","0","7","0","","36","01","2017","2017011008","5","39.9942","-76.2623","0917","08","0","0","0","1","0","0","0","0","1","0","0","0","09","1","1","00","2","39 59:39.193","5","00","76 15:44.157","4","0","0","0","36240","0","0","0","N","0","0","0","1","36240","1","","5","09","N","N","0","","0","0","0","0","0","N","0915","1","1","0","0","0","0","0","1","0","1","N","","","","","","","","","","","","03","  ","","",""
"1212","2","0","0","0","0","0","0","0","0","1","0","","36","01","2017","2017011043","5","40.1651","-76.2112","1210","08","0","0","0","0","0","0","0","0","2","0","0","0","12","1","2","02","2","40 09:54.322","6","00","76 12:40.169","3","0","0","0","36402","0","0","0","N","0","0","0","5","36402","1","","1","01","N","N","0","","1","0","1","3","3","Y","1205","2","4","0","0","2","0","0","2","1","4","N","","","","","","","","","","","","03","  ","","",""
"1301","1","0","0","0","0","0","0","0","0","8","0","","36","01","2017","2017011063","5","40.1056","-76.0996","1251","08","0","0","0","0","0","0","0","1","1","0","0","0","12","1","1","00","1","40 06:20.174","4","00","76 05:58.434","2","0","0","0","36415","1","0","1","N","1","0","1","2","36415","0","","1","01","N","N","0","","0","1","0","0","0","N","1251","1","2","0","0","0","0","0","1","0","1","N","","","","","","","","","","","","03","  ","","",""
"1929","1","0","0","0","0","0","0","0","0","4","0","","36","01","2017","2017011067","4","40.1555","-76.6086","1927","08","0","0","0","1","0","0","0","0","","0","0","0","19","3","0","01","0","40 09:19.933","","00","76 36:31.018","0","0","0","0","36407","0","0","0","N","0","0","0","3","36407","0","","1","01","N","N","1","","0","0","0","3","3","","1925","0","2","0","0","0","0","0","2","0","2","N","","","","","","","","","","","","03","  ","","",""
"1737","1","0","0","0","0","0","0","0","0","4","1","","36","01","2017","2017011120","2","40.1519","-75.9014","1712","08","0","0","0","0","0","0","1","0","1","0","1","0","17","3","0","01","1","40 09:06.984","3","00","75 54:04.898","0","0","0","0","36203","0","0","0","","0","0","0","3","68J01","0","","1","09","N","N","0","","0","0","0","3","2","N","1712","0","2","0","0","0","0","0","1","0","2","N","","","","","","","","","","","","07","  ","","",""
"1536","0","0","0","0","0","0","0","0","0","1","1","","36","01","2017","2017011140","5","39.747","-76.1629","1534","08","0","0","0","0","0","0","0","0","","0","1","0","15","1","0","00","0","39 44:49.129","","00","76 09:46.327","0","0","0","0","36219","0","0","0","","0","0","0","3","68J01","0","","1","01","N","N","0","","0","0","1","0","0","","1524","0","2","0","0","0","0","0","1","0","2","N","","","","","","","","","","","","03","  ","","",""
"2013","1","0","0","0","0","0","0","0","0","1","0","","36","01","2017","2017011202","5","40.1381","-76.5852","2005","08","0","0","0","0","0","1","0","1","1","0","0","0","20","2","2","01","1","40 08:17.335","2","00","76 35:06.671","3","0","0","0","36225","0","0","0","N","0","0","0","2","36505","0","","1","01","N","N","0","","2","0","0","3","2","N","2002","2","2","0","0","0","0","0","2","1","2","N","","","","","","","","","","","","03","  ","","",""
"2248","0","0","0","0","0","0","0","0","0","7","0","","36","01","2017","2017011215","5","40.1422","-76.0317","2245","08","0","0","1","0","0","0","0","0","3","0","0","0","22","2","1","00","2","40 08:31.987","5","00","76 01:54.159","8","0","0","0","36213","0","0","0","N","0","0","0","1","36213","0","","5","01","N","N","0","","0","0","1","0","0","Y","2244","1","1","0","0","0","1","0","1","0","1","N","","","","","","","","","","","","03","  ","","",""
"1821","2","0","0","0","0","0","0","0","0","4","0","","36","01","2017","2017011220","4","40.2814","-76.113","1821","08","0","0","0","0","0","0","0","0","","0","0","0","18","2","0","00","0","40 16:53.068","","00","76 06:46.782","0","0","0","0","36236","0","0","0","N","0","0","0","1","36408","0","","1","01","N","N","0","","0","0","0","0","0","","1807","0","2","0","0","0","0","0","1","0","2","N","","","","","","","","","","","","03","  ","","",""
"0647","1","0","0","0","0","0","0","0","0","4","0","","36","01","2017","2017011319","6","40.0626","-76.3137","0644","08","0","0","0","0","0","0","0","0","3","0","0","0","06","2","1","02","1","40 03:45.306","5","00","76 18:49.472","3","0","0","0","36101","0","0","0","N","0","0","0","5","36101","0","","1","01","N","N","2","","1","0","2","3","2","N","0640","1","5","0","0","1","0","0","3","0","5","N","","","","","","","","","","","","03","  ","","",""
"1635","1","0","0","0","0","0","0","0","0","4","0","","36","01","2017","2017011320","3","40.049","-76.3057","1630","08","0","0","0","0","0","2","0","0","3","0","0","0","16","1","1","01","1","40 02:56.545","7","00","76 18:20.624","3","0","0","0","36301","0","0","0","N","0","0","0","3","36301","0","","1","01","N","N","1","","1","0","0","3","3","Y","1630","1","3","0","0","0","0","0","3","1","3","N","","","","","","","","","","","","03","  ","","",""
"1934","1","0","0","0","0","0","0","0","0","7","0","","36","01","2017","2017011331","7","40.0843","-76.1881","1930","08","0","0","0","0","0","0","0","0","","0","0","0","19","3","0","00","0","40 05:03.648","","00","76 11:17.157","0","0","0","0","36234","0","0","0","N","0","0","0","1","36215","0","","2","09","N","N","0","","0","0","0","0","0","","1930","0","1","0","0","0","0","0","1","0","1","N","","","","","","","","","","","","07","  ","","",""
"1626","1","0","0","0","0","0","0","0","0","1","0","","36","01","2017","2017011332","2","40.0436","-76.5129","1612","08","0","0","0","0","0","0","0","0","","0","0","0","16","1","0","01","0","40 02:37.133","","00","76 30:46.550","0","0","0","0","36239","0","0","0","N","0","0","0","2","36239","0","","1","09","N","N","0","","0","0","1","0","0","","1612","0","2","0","0","0","0","0","3","0","2","N","","","","","","","","","","","","07","  ","","",""
"1844","2","0","0","0","0","0","0","0","0","1","0","","36","01","2017","2017011344","4","40.1518","-76.2424","1839","08","0","0","0","0","0","1","0","0","2","0","0","0","18","4","1","00","1","40 09:06.593","6","00","76 14:32.710","8","0","0","0","36235","0","0","0","","0","0","0","5","36506","0","","1","01","N","N","0","","0","0","2","0","0","N","1839","1","4","0","0","0","1","0","1","0","4","N","","","","","","","","","","","","03","  ","","",""
"1546","2","0","0","0","0","0","0","0","0","6","0","","36","01","2017","2017011377","4","40.0987","-76.2568","1542","08","0","0","0","0","0","1","0","0","","0","0","0","15","1","0","00","0","40 05:55.456","","00","76 15:24.525","0","0","0","0","36101","0","0","0","N","0","0","0","2","36101","0","","1","01","N","N","0","","0","0","0","0","0","","1532","0","2","0","0","0","0","0","3","0","2","N","","","","","","","","","","","","03","  ","","",""
"1452","1","0","0","0","0","0","0","0","0","4","0","","36","01","2017","2017011379","6","40.0401","-76.3595","1445","08","0","0","0","0","0","1","1","0","2","0","0","0","14","1","0","00","1","40 02:24.273","2","01","76 21:34.045","0","0","0","0","36214","0","0","0","N","0","0","0","2","36214","0","","1","01","N","N","0","","0","0","1","3","8","Y","1435","0","2","0","0","0","0","0","3","0","2","N","","","","","","","","","","","","03","  ","","",""
"1737","0","0","0","0","0","0","0","0","0","0","0","","36","01","2017","2017011451","6","40.1037","-76.0303","1730","08","0","0","0","0","0","0","0","0","2","0","0","0","17","2","0","02","1","40 06:13.230","4","00","76 01:49.083","0","0","0","0","36213","0","0","0","N","0","0","0","1","36213","0","","1","01","N","N","1","","0","0","0","0","0","N","1700","0","1","0","0","0","0","0","1","0","1","N","","","","","","","","","","","","03","  ","","",""
"0713","0","0","0","0","0","0","0","0","0","7","0","","36","01","2017","2017011478","6","40.0985","-76.2819","0706","08","0","0","0","0","0","1","0","0","","0","0","0","06","5","1","00","0","40 05:54.490","","00","76 16:54.970","3","0","0","0","36101","0","0","0","","0","0","0","1","68J01","0","","4","06","N","N","0","","1","0","1","0","0","","0656","1","1","0","0","0","0","0","3","0","1","N","","","","","","","","","","","","03","  ","","",""
"2104","1","0","0","0","0","0","0","0","0","1","0","","36","01","2017","2017011525","3","40.0371","-76.2926","2059","08","0","0","0","0","0","1","0","0","2","0","0","0","20","3","1","00","1","40 02:13.693","1","00","76 17:33.496","3","0","0","0","36301","0","0","0","N","0","0","0","1","36301","0","","6","01","N","N","2","","1","0","0","0","0","N","2059","1","3","0","0","0","0","0","3","0","3","N","","","","","","","","","","","","03","  ","","",""
"0032","0","0","0","0","0","0","0","0","0","7","0","","36","01","2017","2017011561","7","40.0537","-76.5199","0028","08","0","0","0","0","0","0","0","0","2","0","0","0","00","2","1","00","2","40 03:13.192","5","00","76 31:11.490","3","0","0","0","36239","0","0","0","N","0","0","0","1","36239","0","","4","01","N","N","1","","1","0","0","0","0","Y","0026","1","1","0","0","0","0","0","3","0","1","N","","","","","","","","","","","","03","  ","","",""