"ARRIVAL_TM","AUTOMOBILE_COUNT","BELTED_DEATH_COUNT","BELTED_SUSP_SERIOUS_INJ_COUNT","BICYCLE_COUNT","BICYCLE_DEATH_COUNT","BICYCLE_SUSP_SERIOUS_INJ_COUNT","BUS_COUNT","CHLDPAS_DEATH_COUNT","CHLDPAS_SUSP_SERIOUS_INJ_COUNT","COLLISION_TYPE","COMM_VEH_COUNT","CONS_ZONE_SPD_LIM","COUNTY","CRASH_MONTH","CRASH_YEAR","CRN","DAY_OF_WEEK","DEC_LAT","DEC_LONG","DISPATCH_TM","DISTRICT","DRIVER_COUNT_16YR","DRIVER_COUNT_17YR","DRIVER_COUNT_18YR","DRIVER_COUNT_19YR","DRIVER_COUNT_20YR","DRIVER_COUNT_50_64YR","DRIVER_COUNT_65_74YR","DRIVER_COUNT_75PLUS","EST_HRS_CLOSED","FATAL_COUNT","HEAVY_TRUCK_COUNT","HORSE_BUGGY_COUNT","HOUR_OF_DAY","ILLUMINATION","INJURY_COUNT","INTERSECT_TYPE","LANE_CLOSED","LATITUDE","LN_CLOSE_DIR","LOCATION_TYPE","LONGITUDE","MAX_SEVERITY_LEVEL","MCYCLE_DEATH_COUNT","MCYCLE_SUSP_SERIOUS_INJ_COUNT","MOTORCYCLE_COUNT","MUNICIPALITY","NONMOTR_COUNT","NONMOTR_DEATH_COUNT","NONMOTR_SUSP_SERIOUS_INJ_COUNT","NTFY_HIWY_MAINT","PED_COUNT","PED_DEATH_COUNT","PED_SUSP_SERIOUS_INJ_COUNT","PERSON_COUNT","POLICE_AGCY","POSSIBLE_INJ_COUNT","RDWY_SURF_TYPE_CD","RELATION_TO_ROAD","ROAD_CONDITION","SCH_BUS_IND","SCH_ZONE_IND","SMALL_TRUCK_COUNT","SPEC_JURIS_CD","SUSP_MINOR_INJ_COUNT","SUSP_SERIOUS_INJ_COUNT","SUV_COUNT","TCD_FUNC_CD","TCD_TYPE","TFC_DETOUR_IND","TIME_OF_DAY","TOT_INJ_COUNT","TOTAL_UNITS","UNB_DEATH_COUNT","UNB_SUSP_SERIOUS_INJ_COUNT","UNBELTED_OCC_COUNT","UNK_INJ_DEG_COUNT","UNK_INJ_PER_COUNT","URBAN_RURAL","VAN_COUNT","VEHICLE_COUNT","WORK_ZONE_IND","WORK_ZONE_LOC","WORK_ZONE_TYPE","WORKERS_PRES","WZ_CLOSE_DETOUR","WZ_FLAGGER","WZ_LAW_OFFCR_IND","WZ_LN_CLOSURE","WZ_MOVING","WZ_OTHER","WZ_SHLDER_MDN","ROADWAY_CLEARED","WEATHER1","WEATHER2","WZ_WORKERS_INJ_KILLED","SECONDARY_CRASH","INTERSECTION_RELATED"
"1836","1","0","0","0","0","0","0","0","0","4","0","","36","01","2017","2017011562","6","40.0199","-76.2381","1826","08","0","0","0","0","0","0","0","0","2","0","0","0","18","3","0","01","1","40 01:11.798","5","00","76 14:17.283","0","0","0","0","36215","0","0","0","N","0","0","0","3","36215","0","","1","01","N","N","0","","0","0","1","3","2","N","1824","0","2","0","0","0","0","0","1","0","2","N","","","","","","","","","","","","03","  ","","",""
"1918","0","0","0","0","0","0","0","0","0","7","0","","36","01","2017","2017011564","6","40.0091","-76.3033","1913","08","0","0","0","0","0","1","0","0","2","0","0","0","19","2","0","00","2","40 00:32.824","6","00","76 18:11.970","0","0","0","0","36220","0","0","0","N","0","0","0","1","36101","0","","4","01","N","N","0","","0","0","1","0","0","Y","1911","0","1","0","0","0","0","0","3","0","1","N","","","","","","","","","","","","03","  ","","",""
"1541","1","0","0","0","0","0","0","0","0","1","0","","36","01","2017","2017011685","6","40.068","-76.3006","1533","08","0","0","0","0","0","0","0","0","2","0","0","0","15","1","2","00","1","40 04:04.864","3","00","76 18:02.288","4","0","0","0","36101","0","0","0","N","0","0","0","2","36101","2","","1","01","N","N","1","","0","0","0","0","0","N","1528","2","2","0","0","0","0","0","3","0","2","N","","","","","","","","","","","","03","  ","","",""
"1055","0","0","0","0","0","0","0","0","0","1","0","","36","01","2017","2017011701","3","40.0307","-76.2339","1052","08","0","0","0","0","0","2","0","0","1","0","0","0","10","1","0","00","2","40 01:50.591","4","00","76 14:02.180","0","0","0","0","36215","0","0","0","N","0","0","0","2","36215","0","","1","01","N","N","0","","0","0","2","0","0","N","1049","0","2","0","0","0","0","0","1","0","2","N","","","","","","","","","","","","03","  ","","",""
"1135","1","0","0","0","0","0","0","0","0","1","0","","36","01","2017","2017011716","7","40.1943","-76.199","1125","08","0","0","0","0","0","0","0","2","2","0","0","0","11","1","0","00","1","40 11:39.460","4","00","76 11:56.268","0","0","0","0","36408","0","0","0","N","0","0","0","3","36408","0","","1","01","N","N","1","","0","0","0","0","0","N","1125","0","2","0","0","0","0","0","2","0","2","N","","","","","","","","","","","","03","  ","","",""
"1256","1","0","0","0","0","0","0","0","0","1","0","","36","01","2017","2017011723","7","40.0899","-76.3463","1251","08","0","0","0","0","0","0","0","0","","0","0","0","12","1","0","00","0","40 05:23.512","","00","76 20:46.817","0","0","0","0","36214","0","0","0","N","0","0","0","4","36214","0","","1","01","N","N","0","","0","0","0","0","0","","1240","0","2","0","0","1","0","0","3","1","2","N","","","","","","","","","","","","03","  ","","",""
"1454","3","0","0","0","0","0","0","0","0","1","0","","36","01","2017","2017011769","7","40.0367","-76.3132","1452","08","0","0","0","0","0","1","0","0","1","0","0","0","14","1","0","00","2","40 02:12.209","4","00","76 18:47.397","0","0","0","0","36301","0","0","0","N","0","0","0","1","36301","0","","6","01","N","N","1","","0","0","0","0","0","Y","1452","0","4","0","0","0","0","0","3","0","4","N","","","","","","","","","","","","03","  ","","",""
"2117","1","0","0","0","0","0","0","0","0","4","0","","36","01","2017","2017011805","6","40.033","-76.506","2115","08","0","0","0","1","0","1","0","0","1","0","0","0","21","3","1","01","1","40 01:58.979","3","00","76 30:21.554","4","0","0","0","36404","0","0","0","N","0","0","0","5","36404","1","","1","01","N","N","0","","0","0","1","0","0","Y","2113","1","2","0","0","0","0","0","3","0","2","N","","","","","","","","","","","","03","  ","","",""
"1815","0","0","0","0","0","0","0","0","0","1","0","","36","01","2017","2017011807","6","40.0331","-76.2452","1810","08","0","0","0","0","0","1","1","0","1","0","0","0","18","3","1","02","2","40 01:59.084","3","00","76 14:42.829","4","0","0","0","36215","0","0","0","N","0","0","0","2","36215","1","","1","01","N","N","1","","0","0","1","3","2","Y","1809","1","2","0","0","0","0","0","1","0","2","N","","","","","","","","","","","","03","  ","","",""
"1335","0","0","0","0","0","0","0","0","0","4","0","","36","01","2017","2017011933","1","40.0907","-76.5924","1331","08","0","0","0","0","0","1","1","0","2","0","0","0","13","1","0","01","1","40 05:26.665","2","00","76 35:32.496","0","0","0","0","36211","0","0","0","N","0","0","0","2","36504","0","","1","01","N","N","0","","0","0","2","3","3","N","1330","0","2","0","0","0","0","0","1","0","2","N","","","","","","","","","","","","03","  ","","",""
"0705","2","0","0","0","0","0","0","0","0","5","0","","36","01","2017","2017011947","1","40.0409","-76.2931","0702","08","0","0","0","0","0","0","0","0","2","0","0","0","07","5","0","00","1","40 02:27.086","4","00","76 17:35.294","0","0","0","0","36301","0","0","0","N","0","0","0","3","36301","0","","6","01","N","N","0","","0","0","0","0","0","N","0700","0","3","0","0","0","0","0","3","1","3","N","","","","","","","","","","","","03","  ","","",""
"0255","1","0","0","0","0","0","0","0","0","7","0","","36","01","2017","2017011990","1","40.0996","-76.2627","0225","08","0","0","0","0","0","0","0","0","","0","0","0","02","3","1","00","0","40 05:58.696","","00","76 15:45.656","3","0","0","0","36101","0","0","0","N","0","0","0","1","36101","0","","5","01","N","N","0","","1","0","0","0","0","","0223","1","1","0","0","0","0","0","3","0","1","N","","","","","","","","","","","","03","  ","","",""
"1736","1","0","0","0","0","0","0","0","0","8","0","","36","01","2017","2017012092","4","40.1555","-76.3072","1735","08","0","0","0","0","0","0","0","0","","0","0","0","17","3","1","01","0","40 09:19.746","","00","76 18:26.032","8","0","0","0","36409","1","0","0","N","1","0","0","4","36409","0","","1","01","N","N","0","","0","0","0","3","2","","1734","1","2","0","0","0","1","0","3","0","1","N","","","","","","","","","","","","03","  ","","",""
"2122","2","0","0","0","0","0","0","0","0","4","0","","36","01","2017","2017012095","3","40.0655","-76.6121","2118","08","0","0","0","0","1","0","0","0","2","0","0","0","21","2","4","02","2","40 03:55.654","5","00","76 36:43.499","8","0","0","0","36211","0","0","0","N","0","0","0","6","36504","0","","1","09","N","N","0","","0","0","0","0","0","Y","2115","4","2","0","0","0","4","0","1","0","2","N","","","","","","","","","","","","03","  ","","",""
"0016","2","0","0","0","0","0","0","0","0","1","0","","36","01","2017","2017012113","3","40.0269","-76.3145","0015","08","0","0","0","0","0","0","0","0","","0","0","0","00","3","0","00","0","40 01:36.782","","00","76 18:52.124","0","0","0","0","36301","0","0","0","N","0","0","0","1","36301","0","","6","09","N","N","0","","0","0","2","0","0","","0012","0","4","0","0","0","0","0","3","0","4","N","","","","","","","","","","","","07","  ","","",""
"2230","1","0","0","0","0","0","0","0","0","7","0","","36","01","2017","2017012146","3","39.8725","-76.2312","2201","08","0","0","0","0","0","0","0","0","","0","0","0","22","2","0","03","0","39 52:20.980","","00","76 13:52.312","0","0","0","0","36208","0","0","0","","0","0","0","1","68J01","0","","4","09","N","N","0","","0","0","0","3","3","","2201","0","1","0","0","0","0","0","1","0","1","N","","","","","","","","","","","","07","  ","","",""
"2250","2","0","0","0","0","0","0","0","0","1","0","","36","01","2017","2017012157","5","39.778","-76.1199","2233","08","0","0","0","0","0","0","0","0","2","0","0","0","22","2","2","01","2","39 46:40.960","6","00","76 07:11.485","8","0","0","0","36222","0","0","0","","0","0","0","4","68J01","0","","1","01","N","N","0","","0","0","0","3","3","N","2231","2","2","0","0","1","2","0","1","0","2","N","","","","","","","","","","","","03","  ","","",""
"1700","3","0","0","0","0","0","0","0","0","1","0","","36","01","2017","2017012180","2","39.9811","-76.1935","1659","08","0","0","0","0","0","1","0","0","","0","0","0","16","4","0","00","0","39 58:51.830","","00","76 11:36.764","0","0","0","0","36417","0","0","0","","0","0","0","1","36417","0","","6","01","N","N","0","","0","0","0","0","0","","1656","0","3","0","0","0","0","0","1","0","3","N","","","","","","","","","","","","03","  ","","",""
"0732","1","0","0","0","0","0","0","0","0","1","0","","36","01","2017","2017012210","4","40.1795","-76.6004","0730","08","0","0","0","0","0","0","0","0","","0","0","0","07","1","0","06","0","40 10:46.176","","02","76 36:01.501","0","0","0","0","36225","0","0","0","N","0","0","0","2","36505","0","","1","01","N","N","0","","0","0","1","3","4","","0730","0","2","0","0","0","0","0","2","0","2","N","","","","","","","","","","","","03","  ","","",""
"0658","2","0","0","0","0","0","0","0","0","4","0","","36","01","2017","2017012223","2","40.1632","-76.1511","0655","08","0","0","0","0","1","0","0","0","1","0","0","0","06","1","1","02","1","40 09:47.891","4","00","76 09:03.796","8","0","0","0","36218","0","0","0","N","0","0","0","2","36408","0","","1","01","N","N","0","","0","0","0","0","0","N","0653","1","2","0","0","0","1","0","1","0","2","N","","","","","","","","","","","","03","  ","","",""
"1025","2","0","0","0","0","0","0","0","0","1","0","55","36","01","2017","2017012236","2","40.0396","-76.505","1018","08","0","0","0","1","0","0","0","2","2","0","0","0","10","1","2","00","2","40 02:22.654","4","00","76 30:17.929","4","0","0","0","36404","0","0","0","N","0","0","0","3","36404","2","","1","01","N","N","0","","0","0","1","0","0","Y","1018","2","3","0","0","0","0","0","3","0","3","Y","4","2","Y","","","N","Y","Y","","Y","","03","  ","","",""
"1832","1","0","0","0","0","0","0","0","0","4","0","","36","01","2017","2017012248","6","40.1937","-76.3777","1828","08","0","0","1","0","0","0","1","0","2","0","0","0","18","2","0","00","2","40 11:37.300","6","07","76 22:39.800","0","0","0","0","36227","0","0","0","","0","0","0","3","36506","0","","1","01","N","N","0","","0","0","0","0","0","Y","1828","0","2","0","0","0","0","0","1","1","2","N","","","","","","","","","","","","03","  ","","",""
"1401","1","0","0","0","0","0","0","0","0","4","0","","36","01","2017","2017012279","3","39.9957","-76.3629","1356","08","0","0","0","0","0","1","0","0","2","0","0","0","13","1","0","02","1","39 59:44.411","2","00","76 21:46.439","0","0","0","0","36412","0","0","0","N","0","0","0","2","36412","0","","1","09","N","N","0","","0","0","0","3","3","N","1350","0","2","0","0","0","0","0","3","1","2","N","","","","","","","","","","","","03","  ","","",""
"0350","1","0","0","0","0","0","0","0","0","7","0","","36","01","2017","2017012346","7","40.2261","-76.1326","0347","08","0","0","0","0","0","0","0","0","3","0","0","0","03","2","0","00","2","40 13:33.800","5","00","76 07:57.500","0","0","0","0","36210","0","0","0","N","0","0","0","2","36210","0","","4","09","N","N","0","","0","0","0","0","0","Y","0343","0","1","0","0","0","0","0","1","0","1","N","","","","","","","","","","","","07","  ","","",""
"1126","1","0","0","0","0","0","0","0","0","7","0","","36","01","2017","2017012375","7","40.2132","-75.9995","1012","08","0","0","0","0","0","0","0","0","3","0","0","0","10","1","0","00","1","40 12:47.630","6","00","75 59:58.020","0","0","0","0","36202","0","0","0","","0","0","0","1","68J01","0","","4","07","N","N","0","","0","0","0","0","0","N","1012","0","1","0","0","0","0","0","1","0","1","N","","","","","","","","","","","","10","  ","","",""
"1726","1","0","0","0","0","0","0","0","0","8","0","","36","01","2017","2017012495","2","39.976","-76.2752","1722","08","0","0","0","0","0","1","0","0","1","0","0","0","17","4","1","00","2","39 58:33.449","1","00","76 16:30.817","2","0","0","0","36240","1","0","1","N","1","0","1","2","36240","0","","1","09","N","N","0","","0","1","0","0","0","N","1720","1","2","0","0","0","0","0","1","0","1","N","","","","","","","","","","","","10","  ","","",""
"1610","2","0","0","0","0","0","0","0","0","1","0","","36","01","2017","2017012528","4","40.0872","-76.5557","1606","08","0","0","0","1","0","1","0","0","2","0","0","0","16","1","1","02","2","40 05:14.096","5","00","76 33:20.591","8","0","0","0","36211","0","0","0","N","0","0","0","4","36504","0","","1","01","N","N","2","","0","0","0","0","0","Y","1600","1","4","0","0","0","1","0","1","0","4","N","","","","","","","","","","","","03","  ","","",""
"0848","2","0","0","0","0","0","0","0","0","1","0","","36","01","2017","2017012556","2","40.038","-76.3437","0848","08","0","0","0","0","1","0","1","0","2","0","0","0","08","1","0","00","1","40 02:16.839","4","00","76 20:37.176","0","0","0","0","36220","0","0","0","N","0","0","0","2","36101","0","","1","01","N","N","0","","0","0","0","0","0","N","0848","0","2","0","0","0","0","0","3","0","2","N","","","","","","","","","","","","03","  ","","",""
"1627","2","0","0","0","0","0","0","0","0","4","0","","36","01","2017","2017012646","2","40.0503","-76.3948","1622","08","0","0","0","0","0","1","1","0","1","0","0","0","16","1","0","01","2","40 03:01.162","4","00","76 23:41.207","0","0","0","0","36214","0","0","0","N","0","0","0","2","36214","0","","1","09","N","N","0","","0","0","0","3","4","Y","1621","0","2","0","0","0","0","0","3","0","2","N","","","","","","","","","","","","03","  ","","",""
"1035","1","0","0","0","0","0","0","0","0","4","0","","36","01","2017","2017012649","2","40.0685","-76.3074","1029","08","0","0","1","0","0","0","0","0","2","0","0","0","10","1","1","01","1","40 04:06.605","1","00","76 18:27.559","4","0","0","0","36101","0","0","0","N","0","0","0","2","36101","1","","1","01","N","N","0","","0","0","1","2","2","N","1027","1","2","0","0","0","0","0","3","0","2","N","","","","","","","","","","","","03","  ","","",""
"0644","1","0","0","0","0","0","0","0","0","8","0","","36","01","2017","2017012657","2","40.0348","-76.3052","0640","08","0","0","0","0","0","0","1","0","2","0","0","0","06","3","1","00","2","40 02:05.235","6","00","76 18:18.542","3","0","0","0","36301","1","0","0","N","1","0","0","2","36301","0","","1","01","N","N","0","","1","0","0","3","3","Y","0640","1","2","0","0","0","0","0","3","0","1","N","","","","","","","","","","","","03","  ","","",""
"0741","0","0","0","0","0","0","1","0","0","4","1","","36","01","2017","2017012664","3","40.0444","-76.2902","0734","08","0","0","0","0","0","1","0","0","2","0","0","0","07","1","0","01","1","40 02:39.753","4","00","76 17:24.593","0","0","0","0","36301","0","0","0","N","0","0","0","3","36301","0","","1","01","Y","N","0","","0","0","1","3","3","N","0734","0","2","0","0","0","0","0","3","0","2","N","","","","","","","","","","","","03","  ","","",""
"1725","1","0","0","0","0","0","0","0","0","1","0","","36","01","2017","2017012669","2","40.0787","-76.3464","1717","08","0","0","0","0","0","0","0","0","","0","0","0","17","3","0","06","0","40 04:41.708","","02","76 20:46.688","0","0","0","0","36101","0","0","0","N","0","0","0","2","36101","0","","1","01","N","N","0","","0","0","1","3","3","","1710","0","2","0","0","0","0","0","3","0","2","N","","","","","","","","","","","","03","  ","","",""
"0808","0","0","0","0","0","0","0","0","0","4","0","","36","01","2017","2017012707","6","40.1266","-76.3051","0757","08","0","0","0","0","0","0","1","0","2","0","0","0","07","1","0","01","1","40 07:35.600","3","00","76 18:18.296","0","0","0","0","36235","0","0","0","","0","0","0","4","36506","0","","1","01","N","N","0","","0","0","3","3","2","N","0757","0","3","0","0","0","0","0","1","0","3","N","","","","","","","","","","","","03","  ","","",""
"1538","0","0","0","0","0","0","0","0","0","1","0","","36","01","2017","2017012708","2","40.2091","-76.4217","1526","08","0","0","0","0","0","0","1","0","2","0","0","0","15","1","1","00","2","40 12:32.772","5","00","76 25:18.177","8","0","0","0","36227","0","0","0","","0","0","0","6","36506","0","","1","01","N","N","0","","0","0","2","0","0","Y","1526","1","3","0","0","0","1","0","1","1","3","N","","","","","","","","","","","","03","  ","","",""
"1631","1","0","0","0","0","0","0","0","0","1","0","","36","01","2017","2017012775","3","40.1465","-76.6027","1627","08","0","0","0","0","0","1","0","0","","0","0","0","16","1","1","00","0","40 08:47.336","","99","76 36:09.671","4","0","0","0","36407","0","0","0","N","0","0","0","2","36407","1","","1","01","N","N","1","","0","0","0","3","2","","1627","1","2","0","0","0","0","0","2","0","2","N","","","","","","","","","","","","03","  ","","",""
"0901","1","0","0","0","0","0","0","0","0","7","0","","36","01","2017","2017012794","7","40.1676","-76.2952","0900","08","0","0","0","0","0","0","0","0","1","0","0","0","09","1","0","00","2","40 10:03.276","6","00","76 17:42.879","0","0","0","0","36235","0","0","0","","0","0","0","1","36506","0","","4","01","N","N","0","","0","0","0","0","0","Y","0900","0","1","0","0","0","0","0","1","0","1","N","","","","","","","","","","","","10","  ","","",""
"0950","1","0","0","0","0","0","0","0","0","7","0","","36","01","2017","2017012816","1","39.9517","-76.4332","0940","08","0","0","0","0","0","0","0","0","","0","0","0","01","2","0","10","0","39 57:06.066","","00","76 25:59.422","9","0","0","0","36223","0","0","0","","0","0","0","1","36223","0","","5","09","N","N","0","","0","0","0","0","0","","0130","0","1","0","0","0","0","1","1","0","1","N","","","","","","","","","","","","05","  ","","",""
"1214","1","0","0","0","0","0","0","0","0","7","0","","36","01","2017","2017012836","5","39.8464","-76.3039","1142","08","0","0","0","0","0","1","0","0","","0","0","0","22","2","2","00","0","39 50:46.860","","00","76 18:14.160","3","0","0","0","36224","0","0","0","","0","0","0","2","68J01","0","","5","07","N","N","0","","2","0","0","0","0","","2200","2","1","0","0","0","0","0","1","0","1","N","","","","","","","","","","","","10","  ","","",""
"1712","2","0","0","0","0","0","0","0","0","4","0","","36","01","2017","2017012841","5","40.1819","-76.0893","1652","08","0","0","0","0","0","1","0","0","","0","0","0","16","4","1","01","0","40 10:54.786","","00","76 05:21.529","3","0","0","0","36202","0","0","0","","0","0","0","2","68J01","0","","1","09","N","N","0","","1","0","0","3","3","","1645","1","2","0","0","0","0","0","1","0","2","N","","","","","","","","","","","","03","  ","","",""
"1922","1","0","0","0","0","0","0","0","0","7","0","","36","01","2017","2017012848","3","39.9507","-76.0558","1913","08","0","1","0","0","0","0","0","0","","0","0","0","19","2","0","00","0","39 57:02.480","","00","76 03:20.790","0","0","0","0","36231","0","0","0","","0","0","0","1","68J01","0","","4","09","N","N","0","","0","0","0","0","0","","1910","0","1","0","0","0","0","0","1","0","1","N","","","","","","","","","","","","05","  ","","",""
"1954","0","0","0","0","0","0","0","0","0","7","0","","36","01","2017","2017012849","3","39.9894","-76.2178","1951","08","0","0","0","0","0","0","0","0","","0","0","0","19","2","1","00","0","39 59:21.897","","00","76 13:04.217","4","0","0","0","36233","0","0","0","","0","0","0","2","68J01","1","","2","09","N","N","0","","0","0","1","0","0","","1951","1","1","0","0","0","0","0","1","0","1","N","","","","","","","","","","","","07","05","","",""
"1915","2","0","0","0","0","0","0","0","0","1","0","","36","01","2017","2017012868","3","40.0393","-76.134","1906","08","0","0","0","0","0","0","0","0","","0","0","0","19","2","0","02","0","40 02:21.510","","00","76 08:02.410","0","0","0","0","36221","0","0","0","","0","0","0","2","68J01","0","","1","01","N","N","0","","0","0","0","0","0","","1905","0","2","0","0","0","0","0","1","0","2","N","","","","","","","","","","","","03","  ","","",""
"0918","3","0","0","0","0","0","0","0","0","7","0","","36","01","2017","2017012871","6","40.1984","-76.0173","0907","08","0","0","0","0","0","0","0","1","3","0","0","0","09","1","0","00","1","40 11:54.224","2","00","76 01:02.307","0","0","0","0","36202","0","0","0","","0","0","0","2","68J01","0","","4","01","N","N","1","","0","0","0","0","0","N","0906","0","4","0","0","0","0","0","1","0","4","N","","","","","","","","","","","","03","  ","","",""
"1609","1","0","0","0","0","0","0","0","0","7","0","","36","01","2017","2017012874","6","39.9787","-76.0025","1602","08","0","0","1","0","0","0","0","0","","0","0","0","15","1","2","00","0","39 58:43.292","","00","76 00:08.935","3","0","0","0","36231","0","0","0","","0","0","0","2","68J01","0","","5","01","N","N","0","","2","0","0","0","0","","1557","2","1","0","0","0","0","0","1","0","1","N","","","","","","","","","","","","03","  ","","",""
"0045","1","0","0","0","0","0","0","0","0","7","0","","36","01","2017","2017012881","1","40.1984","-76.0524","0033","08","0","0","0","0","0","0","0","0","1","0","0","0","00","2","1","02","1","40 11:54.066","2","00","76 03:08.548","8","0","0","0","36202","0","0","0","","0","0","0","1","68J01","0","","4","01","N","N","0","","0","0","0","0","0","N","0033","1","1","0","0","0","1","0","1","0","1","N","","","","","","","","","","","","03","  ","","",""
"0002","2","0","0","0","0","0","0","0","0","1","0","","36","01","2017","2017012929","6","40.1802","-76.1994","2355","08","0","0","0","0","0","0","0","0","","0","0","0","23","3","0","00","0","40 10:48.800","","07","76 11:58.000","0","0","0","0","36218","0","0","0","N","0","0","0","1","36408","0","","6","01","N","N","0","","0","0","0","0","0","","2353","0","2","0","0","0","0","0","1","0","2","N","","","","","","","","","","","","03","  ","","",""
"1758","1","0","0","0","0","0","0","0","0","7","0","","36","01","2017","2017012939","2","39.9501","-76.3017","1747","08","0","1","0","0","0","0","0","0","3","0","0","0","17","2","0","00","1","39 57:00.398","1","00","76 18:06.012","0","0","0","0","36228","0","0","0","N","0","0","0","1","36503","0","","4","02","N","N","0","","0","0","0","0","0","N","1747","0","1","0","0","1","0","0","1","0","1","N","","","","","","","","","","","","10","  ","","",""
"1255","1","0","0","0","0","0","0","0","0","3","1","","36","01","2017","2017012940","6","40.1055","-76.4259","1250","08","0","0","0","0","0","1","0","0","","0","1","0","12","1","0","00","0","40 06:19.836","","00","76 25:33.129","0","0","0","0","36214","0","0","0","N","0","0","0","3","36214","0","","1","01","N","N","0","","0","0","0","0","0","","1245","0","2","0","0","0","0","0","3","0","2","N","","","","","","","","","","","","03","  ","","",""
"1811","1","0","0","0","0","0","0","0","0","7","0","","36","01","2017","2017012948","3","40.0406","-76.3934","1805","08","0","0","0","0","0","0","0","0","2","0","0","0","18","2","0","00","1","40 02:26.168","4","00","76 23:36.306","0","0","0","0","36214","0","0","0","N","0","0","0","1","36214","0","","2","01","N","N","0","","0","0","0","0","0","N","1805","0","1","0","0","0","0","0","3","0","1","N","","","","","","","","","","","","03","  ","","",""
"1808","1","0","0","0","0","0","0","0","0","1","0","","36","01","2017","2017012960","2","40.0641","-76.3067","1803","08","0","0","0","0","0","2","0","0","2","0","0","0","18","3","0","00","2","40 03:50.880","2","00","76 18:24.299","0","0","0","0","36101","0","0","0","N","0","0","0","3","36101","0","","1","01","N","N","1","","0","0","1","0","0","N","1801","0","3","0","0","0","0","0","3","0","3","N","","","","","","","","","","","","03","  ","","",""
"2318","0","0","0","0","0","0","0","0","0","7","0","","36","01","2017","2017012966","3","40.0602","-76.3202","2312","08","0","0","0","0","0","0","0","0","","0","0","0","22","2","1","00","0","40 03:36.597","","00","76 19:12.651","3","0","0","0","36101","0","0","0","N","0","0","0","1","36101","0","","2","01","N","N","0","","1","0","1","0","0","","2252","1","1","0","0","0","0","0","3","0","1","N","","","","","","","","","","","","03","  ","","",""
"1812","1","0","0","0","0","0","0","0","0","1","0","","36","01","2017","2017013058","1","40.1106","-76.0203","1742","08","1","0","0","0","0","1","0","0","","0","0","0","17","3","0","00","0","40 06:38.050","","00","76 01:12.919","0","0","0","0","36213","0","0","0","N","0","0","0","3","36213","0","","1","01","N","N","0","","0","0","1","0","0","","1742","0","2","0","0","0","0","0","1","0","2","N","","","","","","","","","","","","03","  ","","",""
"1658","0","0","0","0","0","0","0","0","0","4","0","","36","01","2017","2017013098","7","40.026","-76.335","1648","08","0","0","0","0","0","0","0","1","2","0","0","0","16","1","2","02","2","40 01:33.646","6","00","76 20:06.118","4","0","0","0","36220","0","0","0","N","0","0","0","7","36101","2","","1","01","N","N","0","","0","0","1","3","3","Y","1646","2","2","0","0","0","0","0","3","1","2","N","","","","","","","","","","","","03","  ","","",""
"1244","1","0","0","0","0","0","0","0","0","9","0","","36","01","2017","2017013213","3","40.1371","-76.3035","1235","08","0","0","0","0","0","0","0","0","1","0","0","0","12","1","0","00","1","40 08:13.707","5","00","76 18:12.470","0","0","0","0","36235","0","0","0","","0","0","0","1","36506","0","","1","01","N","N","0","","0","0","0","0","0","N","1235","0","1","0","0","0","0","0","1","0","1","N","","","","","","","","","","","","03","  ","","",""
"1332","1","0","0","0","0","0","0","0","0","4","0","","36","01","2017","2017013263","1","40.0393","-76.3769","1326","08","0","0","0","0","0","1","0","0","2","0","0","0","13","1","1","00","2","40 02:21.340","5","07","76 22:36.870","4","0","0","0","36223","0","0","0","","0","0","0","2","36223","1","","1","01","N","N","1","","0","0","0","0","0","Y","1323","1","2","0","0","0","0","0","1","0","2","N","","","","","","","","","","","","03","  ","","",""
"1627","1","0","0","0","0","0","0","0","0","7","0","","36","01","2017","2017013282","3","39.7728","-76.0728","1539","08","0","0","0","0","0","0","0","0","","0","0","0","15","1","0","00","0","39 46:22.215","","00","76 04:22.107","0","0","0","0","36222","0","0","0","","0","0","0","1","68J01","0","","4","01","N","N","0","","0","0","0","0","0","","1539","0","1","0","0","1","0","0","1","0","1","N","","","","","","","","","","","","03","  ","","",""
"0905","0","0","0","0","0","0","0","0","0","4","0","","36","01","2017","2017013317","4","40.0392","-76.0644","0854","08","0","0","0","0","0","0","0","1","1","0","0","1","08","1","3","01","1","40 02:21.008","6","00","76 03:51.801","4","0","0","0","36221","3","0","0","","0","0","0","4","68J01","2","","1","01","N","N","1","","0","0","0","3","3","N","0848","3","2","0","0","0","1","0","1","0","1","N","","","","","","","","","","","","03","  ","","",""
"1758","0","0","0","0","0","0","0","0","0","2","0","","36","01","2017","2017013321","6","39.8663","-76.1154","1732","08","0","0","0","0","0","1","0","0","3","0","0","0","17","1","3","00","2","39 51:58.669","1","00","76 06:55.416","2","0","0","0","36205","0","0","0","","0","0","0","4","68J01","1","","1","01","N","N","1","","1","1","1","0","0","N","1731","3","2","0","1","1","0","0","1","0","2","N","","","","","","","","","","","","03","  ","","",""