"ARRIVAL_TM","AUTOMOBILE_COUNT","BELTED_DEATH_COUNT","BELTED_SUSP_SERIOUS_INJ_COUNT","BICYCLE_COUNT","BICYCLE_DEATH_COUNT","BICYCLE_SUSP_SERIOUS_INJ_COUNT","BUS_COUNT","CHLDPAS_DEATH_COUNT","CHLDPAS_SUSP_SERIOUS_INJ_COUNT","COLLISION_TYPE","COMM_VEH_COUNT","CONS_ZONE_SPD_LIM","COUNTY","CRASH_MONTH","CRASH_YEAR","CRN","DAY_OF_WEEK","DEC_LAT","DEC_LONG","DISPATCH_TM","DISTRICT","DRIVER_COUNT_16YR","DRIVER_COUNT_17YR","DRIVER_COUNT_18YR","DRIVER_COUNT_19YR","DRIVER_COUNT_20YR","DRIVER_COUNT_50_64YR","DRIVER_COUNT_65_74YR","DRIVER_COUNT_75PLUS","EST_HRS_CLOSED","FATAL_COUNT","HEAVY_TRUCK_COUNT","HORSE_BUGGY_COUNT","HOUR_OF_DAY","ILLUMINATION","INJURY_COUNT","INTERSECT_TYPE","LANE_CLOSED","LATITUDE","LN_CLOSE_DIR","LOCATION_TYPE","LONGITUDE","MAX_SEVERITY_LEVEL","MCYCLE_DEATH_COUNT","MCYCLE_SUSP_SERIOUS_INJ_COUNT","MOTORCYCLE_COUNT","MUNICIPALITY","NONMOTR_COUNT","NONMOTR_DEATH_COUNT","NONMOTR_SUSP_SERIOUS_INJ_COUNT","NTFY_HIWY_MAINT","PED_COUNT","PED_DEATH_COUNT","PED_SUSP_SERIOUS_INJ_COUNT","PERSON_COUNT","POLICE_AGCY","POSSIBLE_INJ_COUNT","RDWY_SURF_TYPE_CD","RELATION_TO_ROAD","ROAD_CONDITION","SCH_BUS_IND","SCH_ZONE_IND","SMALL_TRUCK_COUNT","SPEC_JURIS_CD","SUSP_MINOR_INJ_COUNT","SUSP_SERIOUS_INJ_COUNT","SUV_COUNT","TCD_FUNC_CD","TCD_TYPE","TFC_DETOUR_IND","TIME_OF_DAY","TOT_INJ_COUNT","TOTAL_UNITS","UNB_DEATH_COUNT","UNB_SUSP_SERIOUS_INJ_COUNT","UNBELTED_OCC_COUNT","UNK_INJ_DEG_COUNT","UNK_INJ_PER_COUNT","URBAN_RURAL","VAN_COUNT","VEHICLE_COUNT","WORK_ZONE_IND","WORK_ZONE_LOC","WORK_ZONE_TYPE","WORKERS_PRES","WZ_CLOSE_DETOUR","WZ_FLAGGER","WZ_LAW_OFFCR_IND","WZ_LN_CLOSURE","WZ_MOVING","WZ_OTHER","WZ_SHLDER_MDN","ROADWAY_CLEARED","WEATHER1","WEATHER2","WZ_WORKERS_INJ_KILLED","SECONDARY_CRASH","INTERSECTION_RELATED"
"1525","1","0","0","0","0","0","0","0","0","7","0","","36","01","2017","2017013326","7","40.2091","-76.3072","1510","08","0","0","0","0","0","1","0","0","","0","0","0","15","1","0","00","0","40 12:32.828","","00","76 18:25.791","0","0","0","0","36217","0","0","0","","0","0","0","1","68J01","0","","5","01","N","N","0","","0","0","0","0","0","","1507","0","1","0","0","0","0","0","1","0","1","N","","","","","","","","","","","","03","  ","","",""
"0401","1","0","0","0","0","0","0","0","0","7","0","","36","01","2017","2017013387","7","40.1588","-76.5761","0357","08","0","0","0","0","0","0","0","0","2","0","0","0","03","2","0","00","1","40 09:31.522","4","00","76 34:33.825","0","0","0","0","36225","0","0","0","Y","0","0","0","2","36505","0","","2","01","N","N","0","","0","0","0","0","0","N","0353","0","1","0","0","0","0","0","2","0","1","N","","","","","","","","","","","","03","  ","","",""
"0524","1","0","0","0","0","0","0","0","0","5","0","","36","01","2017","2017013388","3","40.1543","-76.3072","0523","08","0","0","0","0","0","0","0","1","1","0","0","0","05","3","0","00","1","40 09:15.352","2","00","76 18:25.970","9","0","0","0","36409","0","0","0","N","0","0","0","1","36409","0","","6","01","N","N","0","","0","0","1","0","0","N","0520","0","2","0","0","0","0","1","3","0","2","N","","","","","","","","","","","","03","  ","","",""
"2315","1","0","0","0","0","0","0","0","0","7","0","","36","01","2017","2017013391","1","40.1606","-76.6637","2305","08","0","0","0","0","0","0","0","0","","0","0","0","23","3","0","02","0","40 09:38.102","","00","76 39:49.381","0","0","0","0","36237","0","0","0","N","0","0","0","1","36505","0","","5","01","N","N","0","","0","0","0","3","3","","2304","0","1","0","0","0","0","0","1","0","1","N","","","","","","","","","","","","03","  ","","",""
"1318","0","0","0","0","0","0","0","0","0","4","0","","36","01","2017","2017013462","3","40.1567","-76.3043","1318","08","0","0","0","0","0","0","1","0","","0","0","0","13","1","0","01","0","40 09:24.235","","00","76 18:15.407","0","0","0","0","36409","0","0","0","","0","0","0","2","36409","0","","1","01","N","N","0","","0","0","2","3","2","","1318","0","2","0","0","0","0","0","3","0","2","N","","","","","","","","","","","","03","  ","","",""
"0812","1","0","0","0","0","0","0","0","0","1","0","","36","02","2017","2017013530","5","40.0786","-76.3089","0802","08","0","0","0","0","0","0","0","0","2","0","0","0","07","1","0","00","1","40 04:42.892","2","00","76 18:31.884","0","0","0","0","36101","0","0","0","N","0","0","0","2","36101","0","","1","01","N","N","0","","0","0","1","0","0","N","0755","0","2","0","0","0","0","0","3","0","2","N","","","","","","","","","","","","03","  ","","",""
"1842","1","0","0","0","0","0","0","0","0","4","0","","36","01","2017","2017013531","7","40.0646","-76.4655","1839","08","0","0","0","0","0","0","0","0","2","0","0","0","18","3","2","01","1","40 03:52.700","4","00","76 27:55.854","8","0","0","0","36239","0","0","0","N","0","0","0","2","36239","0","","1","01","N","N","0","","0","0","0","3","3","N","1836","2","2","0","0","0","2","0","3","1","2","N","","","","","","","","","","","","03","  ","","",""
"1216","2","0","0","0","0","0","0","0","0","4","0","","36","02","2017","2017013553","4","40.1845","-76.1729","1212","08","0","0","0","0","0","1","0","0","","0","0","0","12","1","0","01","0","40 11:04.182","","00","76 10:22.548","0","0","0","0","36408","0","0","0","N","0","0","0","5","36408","0","","1","01","N","N","0","","0","0","0","3","3","","1207","0","2","0","0","0","0","0","2","0","2","N","","","","","","","","","","","","03","  ","","",""
"0927","1","0","0","0","0","0","0","0","0","4","0","","36","02","2017","2017013562","5","40.1679","-76.166","0925","08","0","0","0","0","0","0","1","0","","0","0","0","09","1","0","02","0","40 10:04.304","","00","76 09:57.691","0","0","0","0","36408","0","0","0","N","0","0","0","2","36408","0","","1","01","N","N","1","","0","0","0","3","2","","0922","0","2","0","0","0","0","0","2","0","2","N","","","","","","","","","","","","03","  ","","",""
"1030","0","0","0","0","0","0","0","0","0","1","0","","36","02","2017","2017013567","5","40.0385","-76.4583","1025","08","0","0","0","0","0","0","0","0","1","0","0","0","10","1","1","00","1","40 02:18.583","4","00","76 27:29.870","3","0","0","0","36239","0","0","0","N","0","0","0","2","36239","0","","1","01","N","N","0","","1","0","1","3","8","N","1024","1","2","0","0","0","0","0","3","1","2","N","","","","","","","","","","","","03","  ","","",""
"1350","1","0","0","0","0","0","0","0","0","7","0","","36","01","2017","2017013575","3","40.226","-76.3739","1344","08","0","0","1","0","0","0","0","0","","0","0","0","13","1","0","00","0","40 13:33.425","","03","76 22:26.111","0","0","0","0","36227","0","0","0","","0","0","0","1","36506","0","","2","01","N","N","0","","0","0","0","0","0","","1344","0","1","0","0","0","0","0","1","0","1","N","","","","","","","","","","","","03","  ","","",""
"1117","0","0","0","0","0","0","0","0","0","4","0","","36","02","2017","2017013592","5","40.1126","-76.5147","1116","08","0","0","0","0","0","1","0","1","","0","0","0","11","1","0","00","0","40 06:45.296","","07","76 30:53.067","0","0","0","0","36413","0","0","0","N","0","0","0","3","36413","0","","1","01","N","N","0","","0","0","1","0","0","","1115","0","2","0","0","0","0","0","2","1","2","N","","","","","","","","","","","","03","  ","","",""
"0721","1","0","0","0","0","0","0","0","0","1","0","","36","02","2017","2017013610","5","40.0013","-76.2342","0713","08","0","0","1","0","0","1","0","0","","0","0","0","07","1","0","02","0","40 00:04.813","","00","76 14:03.134","0","0","0","0","36240","0","0","0","N","0","0","0","2","36240","0","","1","01","N","N","1","","0","0","0","3","3","","0713","0","2","0","0","1","0","0","1","0","2","N","","","","","","","","","","","","03","  ","","",""
"1424","1","0","0","0","0","0","0","0","0","4","0","","36","02","2017","2017013615","5","40.0403","-76.2421","1422","08","0","0","1","0","0","0","0","1","2","0","0","0","14","1","1","02","2","40 02:24.970","6","00","76 14:31.731","3","0","0","0","36215","0","0","0","N","0","0","0","3","36215","0","","1","01","N","N","0","","1","0","0","3","3","Y","1418","1","2","0","0","0","0","0","1","1","2","N","","","","","","","","","","","","03","  ","","",""
"1811","2","0","0","0","0","0","0","0","0","1","0","","36","01","2017","2017013682","3","40.0413","-76.3844","1804","08","0","0","0","0","0","0","0","0","","0","0","0","18","3","1","00","0","40 02:28.655","","00","76 23:04.015","8","0","0","0","36214","0","0","0","","0","0","0","2","36214","0","","1","01","N","N","0","","0","0","0","0","0","","1800","1","2","0","0","0","1","0","3","0","2","N","","","","","","","","","","","","03","  ","","",""
"1736","2","0","0","0","0","0","0","0","0","4","0","","36","02","2017","2017013703","4","40.0579","-76.3059","1730","08","1","0","0","0","0","0","0","0","2","0","0","0","17","4","0","00","1","40 03:28.322","2","07","76 18:21.249","0","0","0","0","36101","0","0","0","N","0","0","0","5","36101","0","","1","01","N","N","0","","0","0","0","0","0","Y","1725","0","2","0","0","0","0","0","3","0","2","N","","","","","","","","","","","","03","  ","","",""
"1559","1","0","0","0","0","0","0","0","0","1","0","","36","02","2017","2017013708","5","40.0049","-76.2188","1559","08","0","0","1","0","0","1","0","0","2","0","0","0","15","1","0","02","1","40 00:17.765","1","00","76 13:07.655","0","0","0","0","36240","0","0","0","N","0","0","0","2","36240","0","","2","01","N","N","1","","0","0","0","0","0","N","1558","0","2","0","0","0","0","0","1","0","2","N","","","","","","","","","","","","03","  ","","",""
"1953","1","0","0","0","0","0","0","0","0","5","0","","36","02","2017","2017013734","5","40.1213","-76.313","1945","08","0","1","0","0","0","0","0","0","2","0","0","0","19","2","0","00","1","40 07:16.600","3","00","76 18:46.900","0","0","0","0","36101","0","0","0","N","0","0","0","1","36101","0","","6","01","N","N","0","","0","0","0","0","0","N","1940","0","2","0","0","0","0","0","3","1","2","N","","","","","","","","","","","","03","  ","","",""
"1957","1","0","0","0","0","0","0","0","0","8","0","","36","01","2017","2017013738","1","40.0386","-76.3347","1956","08","0","0","0","0","0","0","0","0","","0","0","0","19","2","1","00","0","40 02:19.040","","00","76 20:05.003","3","0","0","0","36220","1","0","0","N","1","0","0","2","36101","0","","2","01","N","N","0","","1","0","0","0","0","","1954","1","2","0","0","0","0","0","3","0","1","N","","","","","","","","","","","","03","  ","","",""
"2101","2","0","0","0","0","0","0","0","0","1","0","","36","01","2017","2017013743","1","40.0274","-76.3213","2101","08","0","0","0","0","1","0","0","0","3","0","0","0","19","3","0","01","1","40 01:38.690","1","00","76 19:16.636","0","0","0","0","36301","0","0","0","N","0","0","0","3","36301","0","","1","01","N","N","0","","0","0","0","3","3","N","1953","0","2","0","0","0","0","0","3","0","2","N","","","","","","","","","","","","03","  ","","",""
"0020","0","0","0","0","0","0","0","0","0","7","0","","36","01","2017","2017013750","6","40.1377","-76.1761","0015","08","0","0","0","1","0","0","0","0","1","0","0","0","00","2","0","00","1","40 08:15.892","5","00","76 10:34.004","0","0","0","0","36238","0","0","0","N","0","0","0","1","36238","0","","4","07","N","N","0","","0","0","0","0","0","Y","0015","0","1","0","0","0","0","0","3","1","1","N","","","","","","","","","","","","10","  ","","",""
"2006","2","0","0","0","0","0","0","0","0","6","0","","36","02","2017","2017013753","5","40.1251","-76.4669","1958","08","0","0","0","0","0","1","0","0","1","0","0","0","19","2","1","00","1","40 07:30.426","6","00","76 28:00.816","8","0","0","0","36230","0","0","0","N","0","0","0","4","36410","0","","1","01","N","N","0","","0","0","0","0","0","Y","1957","1","2","0","0","0","1","0","1","0","2","N","","","","","","","","","","","","03","  ","","",""
"1028","1","0","0","0","0","0","0","0","0","1","0","","36","02","2017","2017013809","4","40.1559","-76.3072","1028","08","0","0","0","0","1","1","0","0","1","0","0","0","10","1","0","00","1","40 09:21.357","1","00","76 18:26.070","0","0","0","0","36409","0","0","0","","0","0","0","4","36409","0","","1","01","N","N","0","","0","0","2","9","9","N","1028","0","3","0","0","0","0","0","3","0","3","N","","","","","","","","","","","","03","  ","","",""
"1421","2","0","0","0","0","0","0","0","0","1","0","","36","01","2017","2017013833","3","40.0843","-76.2238","1418","08","0","0","0","0","0","0","0","0","1","0","0","0","14","1","1","00","1","40 05:03.580","4","00","76 13:25.764","8","0","0","0","36234","0","0","0","N","0","0","0","2","36215","0","","1","01","N","Y","0","","0","0","0","0","0","N","1418","1","2","0","0","0","1","0","1","0","2","N","","","","","","","","","","","","03","  ","","",""
"0753","3","0","0","0","0","0","0","0","0","1","0","","36","02","2017","2017013845","6","40.0596","-76.3203","0740","08","0","0","0","0","0","1","0","0","1","0","0","0","07","1","0","00","2","40 03:34.608","3","00","76 19:13.098","0","0","0","0","36301","0","0","0","N","0","0","0","3","36301","0","","1","01","N","N","0","","0","0","0","3","2","N","0740","0","3","0","0","0","0","0","3","0","3","N","","","","","","","","","","","","03","  ","","",""
"0640","2","0","0","0","0","0","0","0","0","4","0","","36","02","2017","2017013878","6","40.1805","-76.2111","0634","08","0","0","0","0","0","1","0","0","3","0","0","0","06","2","2","01","2","40 10:49.758","7","00","76 12:39.923","3","0","0","0","36218","0","0","0","N","0","0","0","2","36408","0","","1","01","N","N","0","","1","0","0","3","3","Y","0630","2","2","0","0","1","1","0","1","0","2","N","","","","","","","","","","","","03","  ","","",""
"0742","0","0","0","0","0","0","0","0","0","7","0","","36","01","2017","2017014229","7","40.0805","-76.3087","0738","08","0","0","0","1","0","0","0","0","2","0","0","0","07","1","0","00","1","40 04:49.927","2","00","76 18:31.316","0","0","0","0","36101","0","0","0","N","0","0","0","1","36101","0","","2","01","N","N","1","","0","0","0","0","0","Y","0738","0","1","0","0","1","0","0","3","0","1","N","","","","","","","","","","","","03","  ","","",""
"1543","0","0","0","0","0","0","0","0","0","8","0","","36","01","2017","2017014319","6","40.038","-76.3438","1532","08","0","0","0","0","0","0","1","0","1","0","0","0","15","1","1","01","1","40 02:16.808","2","00","76 20:37.817","2","0","0","0","36223","1","0","1","","1","0","1","2","36223","0","","1","01","N","N","0","","0","1","1","3","2","N","1532","1","2","0","0","0","0","0","1","0","1","N","","","","","","","","","","","","03","  ","","",""
"1058","1","0","0","0","0","0","0","0","0","1","0","","36","01","2017","2017014335","3","40.0457","-76.3092","1053","08","0","0","0","0","0","2","1","0","1","0","0","0","10","1","0","01","1","40 02:44.444","3","00","76 18:32.989","0","0","0","0","36301","0","0","0","N","0","0","0","4","36301","0","","1","01","N","N","0","","0","0","3","3","2","Y","1051","0","4","0","0","0","0","0","3","0","4","N","","","","","","","","","","","","03","  ","","",""
"1645","1","0","0","0","0","0","0","0","0","1","0","","36","01","2017","2017014351","2","40.0224","-76.1926","1634","08","0","0","0","0","0","0","0","0","2","0","0","0","16","1","1","00","1","40 01:20.765","4","00","76 11:33.273","8","0","0","0","36215","0","0","0","N","0","0","0","2","36215","0","","1","09","N","N","0","","0","0","1","0","0","N","1634","1","2","0","0","0","1","0","1","0","2","N","","","","","","","","","","","","03","  ","","",""
"2038","1","0","0","0","0","0","0","0","0","1","0","","36","01","2017","2017014355","1","40.1234","-76.2216","2033","08","0","0","0","0","0","0","0","0","1","0","0","0","20","2","2","00","1","40 07:24.095","1","00","76 13:17.585","8","0","0","0","36238","0","0","0","N","0","0","0","3","36238","0","","1","09","N","N","0","","0","0","1","0","0","N","2031","2","2","0","0","0","2","0","3","0","2","N","","","","","","","","","","","","07","  ","","",""
"1633","1","0","0","0","0","0","0","0","0","7","0","","36","01","2017","2017014358","2","40.1746","-76.1489","1630","08","0","0","0","0","0","0","0","0","2","0","0","0","16","1","1","00","2","40 10:28.448","5","00","76 08:55.860","8","0","0","0","36218","0","0","0","N","0","0","0","1","36408","0","","5","01","N","N","0","","0","0","0","0","0","Y","1627","1","1","0","0","0","1","0","1","0","1","N","","","","","","","","","","","","03","  ","","",""
"1633","1","0","0","0","0","0","0","0","0","7","0","","36","01","2017","2017014363","2","40.1745","-76.1489","1630","08","0","0","0","0","0","0","0","0","2","0","0","0","16","1","0","00","2","40 10:28.200","5","00","76 08:56.100","0","0","0","0","36218","0","0","0","N","0","0","0","1","36408","0","","2","01","N","N","0","","0","0","0","0","0","Y","1627","0","1","0","0","0","0","0","1","0","1","N","","","","","","","","","","","","03","  ","","",""
"1458","1","0","0","0","0","0","0","0","0","1","0","","36","01","2017","2017014370","4","40.1816","-76.194","1456","08","0","0","0","0","1","1","0","0","2","0","0","0","14","1","0","01","1","40 10:53.583","1","00","76 11:38.402","0","0","0","1","36408","0","0","0","N","0","0","0","2","36408","0","","1","01","N","N","0","","0","0","0","3","2","Y","1456","0","2","0","0","0","0","0","2","0","2","N","","","","","","","","","","","","03","  ","","",""
"1655","1","0","0","0","0","0","0","0","0","4","0","","36","02","2017","2017014382","4","40.06","-76.2775","1650","08","0","0","0","0","0","1","0","0","2","0","0","0","16","1","2","01","1","40 03:35.856","3","02","76 16:40.025","4","0","0","0","36101","0","0","0","N","0","0","0","4","36101","2","","1","01","N","N","0","","0","0","1","3","2","N","1646","2","2","0","0","0","0","0","3","0","2","N","","","","","","","","","","","","03","  ","","",""
"1631","1","0","0","1","0","0","0","0","0","4","0","","36","01","2017","2017014390","4","40.0966","-76.1062","1618","08","0","0","0","0","0","1","0","0","","0","0","0","16","1","1","01","0","40 05:47.922","","00","76 06:22.185","4","0","0","0","36415","1","0","0","N","0","0","0","2","36415","1","","1","01","N","N","0","","0","0","0","3","2","","1615","1","2","0","0","0","0","0","1","0","1","N","","","","","","","","","","","","03","  ","","",""
"1342","1","0","0","0","0","0","0","0","0","4","0","","36","02","2017","2017014468","7","40.0585","-76.5577","1336","08","0","0","0","1","0","0","0","0","3","0","0","0","13","1","2","01","2","40 03:30.758","7","00","76 33:27.597","4","0","0","0","36411","0","0","0","N","0","0","0","2","36504","2","","1","01","N","N","0","","0","0","0","0","0","Y","1334","2","2","0","0","0","0","0","1","1","2","N","","","","","","","","","","","","03","  ","","",""
"1356","3","0","0","0","0","0","0","0","0","1","0","","36","02","2017","2017014475","4","40.0872","-76.1904","1347","08","0","0","0","0","0","0","1","0","1","0","0","0","13","1","2","01","1","40 05:14.005","3","00","76 11:25.420","3","0","0","0","36234","0","0","0","N","0","0","0","3","36215","0","","1","01","N","N","0","","2","0","0","3","2","N","1346","2","3","0","0","0","0","0","1","0","3","N","","","","","","","","","","","","03","  ","","",""
"1735","1","0","0","0","0","0","0","0","0","5","1","","36","02","2017","2017014501","7","40.0991","-76.4124","1733","08","0","0","0","0","0","1","0","0","","0","1","0","17","4","0","00","0","40 05:56.915","","00","76 24:44.595","0","0","0","0","36214","0","0","0","N","0","0","0","2","36214","0","","2","01","N","N","0","","0","0","0","0","0","","1729","0","2","0","0","0","0","0","3","0","2","N","","","","","","","","","","","","03","  ","","",""
"2018","1","0","0","0","0","0","0","0","0","0","0","","36","01","2017","2017014543","2","40.0804","-76.5266","2011","08","0","1","0","0","0","0","0","0","2","0","0","0","20","2","2","00","2","40 04:49.552","2","00","76 31:35.644","3","0","0","0","36211","0","0","0","N","0","0","0","2","36504","0","","4","01","N","N","0","","2","0","0","0","0","Y","2011","2","1","0","0","0","0","0","1","0","1","N","","","","","","","","","","","","03","  ","","",""
"1527","1","0","0","0","0","0","0","0","0","8","0","","36","01","2017","2017014556","3","40.0349","-76.3051","1511","08","0","0","0","0","0","0","0","0","","0","0","0","14","1","1","01","0","40 02:05.480","","00","76 18:18.334","8","0","0","0","36301","1","0","0","N","1","0","0","1","36301","0","","1","01","N","N","0","","0","0","0","0","0","","1458","1","2","0","0","0","1","0","3","0","1","N","","","","","","","","","","","","03","  ","","",""
"1650","2","0","0","0","0","0","0","0","0","4","0","","36","01","2017","2017014557","3","40.134","-76.6174","1642","08","0","1","0","0","0","0","1","0","2","0","0","0","16","1","1","02","2","40 08:02.403","7","00","76 37:02.506","4","0","0","0","36237","0","0","0","N","0","0","0","5","36505","1","","1","01","N","N","0","","0","0","1","3","3","Y","1635","1","4","0","0","1","0","0","1","1","4","N","","","","","","","","","","","","03","  ","","",""
"0258","1","0","0","0","0","0","0","0","0","7","0","","36","01","2017","2017014559","1","40.0143","-76.2761","0254","08","0","0","0","0","0","0","0","0","","0","0","0","02","2","0","00","0","40 00:51.448","","00","76 16:33.795","9","0","0","0","36240","0","0","0","N","0","0","0","1","36240","0","","5","09","N","N","0","","0","0","0","0","0","","0200","0","1","0","0","0","0","1","1","0","1","N","","","","","","","","","","","","03","  ","","",""
"1030","1","0","0","0","0","0","0","0","0","1","1","","36","01","2017","2017014568","5","40.1466","-76.6215","1028","08","0","0","0","0","0","1","0","0","1","0","1","0","10","1","1","00","1","40 08:47.827","6","00","76 37:17.222","8","0","0","0","36237","0","0","0","N","0","0","0","6","36505","0","","1","01","N","N","0","","0","0","0","0","0","N","1025","1","2","0","0","0","1","0","1","0","2","N","","","","","","","","","","","","03","  ","","",""
"0955","1","0","0","0","0","0","0","0","0","4","0","","36","01","2017","2017014578","7","40.0374","-76.3034","0954","08","0","0","0","0","0","1","0","0","","0","0","0","09","1","0","02","0","40 02:14.588","","00","76 18:12.327","0","0","0","0","36301","0","0","0","N","0","0","0","2","36301","0","","1","01","N","N","0","","0","0","0","0","0","","0954","0","2","0","0","0","0","0","3","1","2","N","","","","","","","","","","","","03","  ","","",""
"1305","2","0","0","0","0","0","0","0","0","4","0","","36","02","2017","2017014587","1","40.1554","-76.1306","1259","08","0","0","0","0","0","1","0","0","","0","0","0","12","1","0","00","0","40 09:19.483","","07","76 07:50.157","0","0","0","0","36209","0","0","0","N","0","0","0","4","36415","0","","1","01","N","N","0","","0","0","0","0","0","","1259","0","2","0","0","0","0","0","1","0","2","N","","","","","","","","","","","","03","  ","","",""
"1233","1","0","0","0","0","0","0","0","0","4","0","","36","02","2017","2017014591","1","40.0402","-76.429","1148","08","0","0","1","0","0","0","0","0","1","0","0","0","11","1","1","02","2","40 02:24.579","5","00","76 25:44.489","8","0","0","0","36414","0","0","0","","0","0","0","5","36239","0","","1","01","","","0","","0","0","1","3","3","N","1148","1","2","0","0","0","1","0","3","0","2","N","","","","","","","","","","","","03","  ","","",""
"1246","0","0","0","0","0","0","0","0","0","4","0","","36","02","2017","2017014605","7","40.0408","-76.309","1242","08","0","0","0","0","0","1","0","0","","0","0","0","12","1","0","01","0","40 02:26.998","","00","76 18:32.533","0","0","0","0","36301","0","0","0","N","0","0","0","4","36301","0","","1","01","N","N","0","","0","0","2","3","3","","1236","0","2","0","0","0","0","0","3","0","2","N","","","","","","","","","","","","03","  ","","",""
"1438","1","0","0","0","0","0","0","0","0","4","0","","36","02","2017","2017014633","7","40.1895","-76.31","1427","08","0","0","0","0","0","1","0","0","","0","0","0","14","1","5","01","0","40 11:22.225","","00","76 18:36.138","8","0","0","0","36235","0","0","0","","0","0","0","5","36506","0","","1","01","N","N","0","","0","0","0","3","3","","1427","5","2","0","0","0","5","0","1","1","2","N","","","","","","","","","","","","03","  ","","",""
"0217","1","0","0","0","0","0","0","0","0","7","0","","36","02","2017","2017014727","1","40.0657","-76.3437","0217","08","0","0","0","0","0","0","0","0","1","0","0","0","02","3","0","00","1","40 03:56.527","6","00","76 20:37.399","0","0","0","0","36301","0","0","0","N","0","0","0","2","36301","0","","3","01","N","N","0","","0","0","0","0","0","N","0217","0","1","0","0","0","0","0","3","0","1","N","","","","","","","","","","","","03","  ","","",""
"0735","2","0","0","0","0","0","1","0","0","5","1","","36","01","2017","2017014729","4","40.1674","-76.1993","0730","08","0","0","0","0","0","2","0","0","2","0","0","0","07","1","0","05","1","40 10:02.795","1","00","76 11:57.519","0","0","0","0","36408","0","0","0","N","0","0","0","3","36408","0","","1","01","N","N","0","","0","0","0","3","2","N","0730","0","3","0","0","0","0","0","2","0","3","N","","","","","","","","","","","","03","  ","","",""
"0556","2","0","0","0","0","0","0","0","0","4","0","","36","02","2017","2017014734","1","40.0405","-76.2971","0556","08","0","0","0","0","0","0","0","0","","0","0","0","05","3","0","00","0","40 02:25.675","","00","76 17:49.426","9","0","0","0","36301","0","0","0","N","0","0","0","1","36301","0","","1","01","N","N","0","","0","0","0","0","0","","0556","0","2","0","0","0","0","1","3","0","2","N","","","","","","","","","","","","03","  ","","",""
"1757","1","0","0","0","0","0","0","0","0","1","0","","36","02","2017","2017014767","7","40.0295","-76.361","1750","08","0","0","1","0","0","0","1","0","2","0","0","0","17","6","0","02","2","40 01:46.365","2","00","76 21:39.565","0","0","0","0","36223","0","0","0","","0","0","0","4","36223","0","","1","01","N","N","1","","0","0","0","0","0","Y","1747","0","2","0","0","0","0","0","1","0","2","N","","","","","","","","","","","","03","  ","","",""
"1321","1","0","0","0","0","0","0","0","0","5","0","","36","01","2017","2017014771","6","40.161","-76.3857","1319","08","0","0","0","0","0","1","0","1","","0","0","0","13","1","0","01","0","40 09:39.744","","00","76 23:08.664","0","0","0","0","36410","0","0","0","N","0","0","0","2","36410","0","","1","01","N","N","0","","0","0","0","3","3","","1315","0","2","0","0","0","0","0","2","1","2","N","","","","","","","","","","","","03","  ","","",""
"0407","1","0","0","0","0","0","0","0","0","5","0","","36","02","2017","2017014772","7","40.1699","-76.1898","0404","08","0","0","0","0","0","0","0","0","","0","0","0","04","3","0","00","0","40 10:11.686","","00","76 11:23.262","0","0","0","0","36408","0","0","0","N","0","0","0","1","36408","0","","4","01","N","N","1","","0","0","0","0","0","","0402","0","2","0","0","0","0","0","2","0","2","N","","","","","","","","","","","","03","  ","","",""
"0837","1","0","0","0","0","0","0","0","0","2","0","","36","02","2017","2017014783","5","40.236","-76.4359","0837","08","0","0","0","0","0","0","0","0","","0","0","0","08","1","0","00","0","40 14:09.759","","00","76 26:09.076","0","0","0","0","36230","1","0","0","N","0","0","0","2","36410","0","","4","01","N","N","0","","0","0","1","0","0","","0837","0","3","0","0","1","0","0","1","0","3","N","","","","","","","","","","","","03","  ","","",""
"0101","1","0","0","0","0","0","0","0","0","7","0","","36","02","2017","2017014879","7","40.2261","-76.3024","0044","08","0","0","0","0","0","0","0","0","1","0","0","0","00","2","1","01","1","40 13:34.012","1","00","76 18:08.758","4","0","0","0","36217","0","0","0","","0","0","0","1","68J01","1","","4","01","N","N","0","","0","0","0","3","2","N","0043","1","1","0","0","1","0","0","1","0","1","N","","","","","","","","","","","","03","  ","","",""
"1015","1","0","0","0","0","0","0","0","0","7","0","","36","01","2017","2017014969","2","40.1849","-76.092","0944","08","0","0","0","0","0","0","0","0","","0","0","0","09","5","0","00","0","40 11:05.673","","00","76 05:31.240","0","0","0","0","36202","0","0","0","","0","0","0","3","68J01","0","","4","02","N","N","0","","0","0","0","0","0","","0941","0","1","0","0","0","0","0","1","0","1","N","","","","","","","","","","","","99","  ","","",""
"2039","2","0","0","0","0","0","0","0","0","4","0","","36","02","2017","2017015018","1","40.0319","-76.2398","2032","08","0","0","0","0","0","2","0","0","2","0","0","0","20","3","0","02","2","40 01:54.722","4","00","76 14:23.168","0","0","0","0","36215","0","0","0","N","0","0","0","3","36215","0","","1","01","N","N","0","","0","0","0","3","2","Y","2032","0","2","0","0","0","0","0","1","0","2","N","","","","","","","","","","","","03","  ","","",""
"1527","0","0","0","0","0","0","0","0","0","5","0","","36","02","2017","2017015045","5","40.038","-76.3277","1447","08","0","0","0","0","0","1","0","0","2","0","0","0","14","1","0","00","2","40 02:16.918","1","00","76 19:39.677","0","0","0","0","36220","0","0","0","N","0","0","0","1","36101","0","","2","01","N","N","0","","0","0","2","0","0","Y","1445","0","2","0","0","0","0","0","3","0","2","N","","","","","","","","","","","","03","  ","","",""