"ARRIVAL_TM","AUTOMOBILE_COUNT","BELTED_DEATH_COUNT","BELTED_SUSP_SERIOUS_INJ_COUNT","BICYCLE_COUNT","BICYCLE_DEATH_COUNT","BICYCLE_SUSP_SERIOUS_INJ_COUNT","BUS_COUNT","CHLDPAS_DEATH_COUNT","CHLDPAS_SUSP_SERIOUS_INJ_COUNT","COLLISION_TYPE","COMM_VEH_COUNT","CONS_ZONE_SPD_LIM","COUNTY","CRASH_MONTH","CRASH_YEAR","CRN","DAY_OF_WEEK","DEC_LAT","DEC_LONG","DISPATCH_TM","DISTRICT","DRIVER_COUNT_16YR","DRIVER_COUNT_17YR","DRIVER_COUNT_18YR","DRIVER_COUNT_19YR","DRIVER_COUNT_20YR","DRIVER_COUNT_50_64YR","DRIVER_COUNT_65_74YR","DRIVER_COUNT_75PLUS","EST_HRS_CLOSED","FATAL_COUNT","HEAVY_TRUCK_COUNT","HORSE_BUGGY_COUNT","HOUR_OF_DAY","ILLUMINATION","INJURY_COUNT","INTERSECT_TYPE","LANE_CLOSED","LATITUDE","LN_CLOSE_DIR","LOCATION_TYPE","LONGITUDE","MAX_SEVERITY_LEVEL","MCYCLE_DEATH_COUNT","MCYCLE_SUSP_SERIOUS_INJ_COUNT","MOTORCYCLE_COUNT","MUNICIPALITY","NONMOTR_COUNT","NONMOTR_DEATH_COUNT","NONMOTR_SUSP_SERIOUS_INJ_COUNT","NTFY_HIWY_MAINT","PED_COUNT","PED_DEATH_COUNT","PED_SUSP_SERIOUS_INJ_COUNT","PERSON_COUNT","POLICE_AGCY","POSSIBLE_INJ_COUNT","RDWY_SURF_TYPE_CD","RELATION_TO_ROAD","ROAD_CONDITION","SCH_BUS_IND","SCH_ZONE_IND","SMALL_TRUCK_COUNT","SPEC_JURIS_CD","SUSP_MINOR_INJ_COUNT","SUSP_SERIOUS_INJ_COUNT","SUV_COUNT","TCD_FUNC_CD","TCD_TYPE","TFC_DETOUR_IND","TIME_OF_DAY","TOT_INJ_COUNT","TOTAL_UNITS","UNB_DEATH_COUNT","UNB_SUSP_SERIOUS_INJ_COUNT","UNBELTED_OCC_COUNT","UNK_INJ_DEG_COUNT","UNK_INJ_PER_COUNT","URBAN_RURAL","VAN_COUNT","VEHICLE_COUNT","WORK_ZONE_IND","WORK_ZONE_LOC","WORK_ZONE_TYPE","WORKERS_PRES","WZ_CLOSE_DETOUR","WZ_FLAGGER","WZ_LAW_OFFCR_IND","WZ_LN_CLOSURE","WZ_MOVING","WZ_OTHER","WZ_SHLDER_MDN","ROADWAY_CLEARED","WEATHER1","WEATHER2","WZ_WORKERS_INJ_KILLED","SECONDARY_CRASH","INTERSECTION_RELATED"
"1440","1","0","0","0","0","0","0","0","0","1","0","","36","02","2017","2017015053","4","40.154","-76.127","1435","08","0","0","0","0","0","1","0","0","","0","0","0","14","1","0","00","0","40 09:14.318","","00","76 07:37.323","0","0","0","0","36218","0","0","0","N","0","0","0","2","36408","0","","1","01","N","N","1","","0","0","0","0","0","","1432","0","2","0","0","0","0","0","1","0","2","N","","","","","","","","","","","","03","  ","","",""
"1911","0","0","0","0","0","0","0","0","0","7","0","","36","02","2017","2017015066","2","40.2181","-76.4086","1904","08","0","0","0","0","0","1","0","0","","0","0","0","19","2","0","00","0","40 13:04.991","","00","76 24:30.797","0","0","0","0","36227","0","0","0","","0","0","0","1","36506","0","","4","01","N","N","0","","0","0","0","0","0","","1902","0","1","0","0","0","0","0","1","1","1","N","","","","","","","","","","","","03","  ","","",""
"1518","1","0","0","0","0","0","0","0","0","7","0","","36","02","2017","2017015115","2","40.0606","-76.2768","1510","08","0","0","0","0","0","1","0","0","2","0","0","0","15","1","1","01","1","40 03:38.256","4","00","76 16:36.560","3","0","0","0","36101","0","0","0","Y","0","0","0","2","36101","0","","2","01","N","N","0","","1","0","0","3","2","Y","1508","1","1","0","0","0","0","0","3","0","1","N","","","","","","","","","","","","03","  ","","",""
"1446","1","0","0","0","0","0","0","0","0","1","0","","36","02","2017","2017015163","2","40.0317","-76.4779","1443","08","0","0","0","0","0","0","2","0","2","0","0","0","14","1","1","00","2","40 01:54.024","3","00","76 28:40.343","4","0","0","0","36239","0","0","0","N","0","0","0","2","36239","1","","1","01","N","N","0","","0","0","1","0","0","N","1440","1","2","0","0","0","0","0","3","0","2","N","","","","","","","","","","","","03","  ","","",""
"0714","0","0","0","1","0","0","0","0","0","8","0","","36","02","2017","2017015170","3","40.0388","-76.3129","0710","08","0","0","0","0","0","0","0","0","2","0","0","0","07","1","1","01","2","40 02:19.654","2","00","76 18:46.345","4","0","0","0","36301","1","0","0","N","0","0","0","2","36301","1","","1","01","N","N","0","","0","0","0","3","2","Y","0710","1","2","0","0","0","0","0","3","1","1","N","","","","","","","","","","","","03","  ","","",""
"1722","0","0","0","0","0","0","0","0","0","4","0","","36","02","2017","2017015186","2","40.1359","-76.2116","1716","08","0","0","0","0","0","1","0","0","1","0","0","0","17","1","0","02","2","40 08:16.042","5","00","76 12:40.498","0","0","0","0","36238","0","0","0","N","0","0","0","2","36238","0","","1","01","N","N","0","","0","0","2","3","3","Y","1716","0","2","0","0","1","0","0","3","0","2","N","","","","","","","","","","","","03","  ","","",""
"1107","1","0","0","0","0","0","0","0","0","4","0","","36","02","2017","2017015205","3","40.1424","-76.591","1104","08","0","0","1","0","0","1","0","0","2","0","0","0","11","1","1","01","1","40 08:32.510","3","00","76 35:27.650","8","0","0","0","36407","0","0","0","N","0","0","0","2","36407","0","","1","01","N","N","0","","0","0","1","3","3","Y","1101","1","2","0","0","0","1","0","2","0","2","N","","","","","","","","","","","","03","  ","","",""
"1241","1","0","0","0","0","0","0","0","0","4","0","","36","02","2017","2017015231","3","40.041","-76.2916","1229","08","0","0","0","0","0","1","1","0","2","0","0","0","12","1","1","01","1","40 02:27.693","3","00","76 17:29.592","4","0","0","0","36301","0","0","0","N","0","0","0","3","36301","1","","1","09","N","N","0","","0","0","0","3","2","Y","1229","1","2","0","0","0","0","0","3","1","2","N","","","","","","","","","","","","03","  ","","",""
"0532","0","0","0","0","0","0","0","0","0","4","1","","36","02","2017","2017015251","6","40.0395","-76.306","0532","08","0","0","1","0","0","0","0","0","2","0","1","0","05","5","0","01","2","40 02:22.325","1","00","76 18:21.503","0","0","0","0","36301","0","0","0","N","0","0","0","2","36301","0","","1","01","N","N","0","","0","0","1","3","2","Y","0532","0","2","0","0","0","0","0","3","0","2","N","","","","","","","","","","","","03","  ","","",""
"2039","2","0","0","0","0","0","0","0","0","4","0","","36","02","2017","2017015272","6","39.9855","-76.0178","2020","08","0","0","0","0","0","1","1","0","","0","0","0","20","3","0","01","0","39 59:07.866","","00","76 01:04.009","0","0","0","0","36232","0","0","0","","0","0","0","2","68J01","0","","1","01","N","N","0","","0","0","0","3","2","","2019","0","2","0","0","1","0","0","1","0","2","N","","","","","","","","","","","","03","  ","","",""
"1323","1","0","0","0","0","0","0","0","0","4","0","","36","02","2017","2017015279","2","39.9953","-76.0424","1322","08","0","0","0","0","0","0","0","0","","0","0","0","13","1","0","00","0","39 59:43.239","","00","76 02:32.620","0","0","0","0","36232","0","0","0","","0","0","0","2","68J01","0","","1","01","N","N","0","","0","0","1","3","2","","1317","0","2","0","0","0","0","0","1","0","2","N","","","","","","","","","","","","03","  ","","",""
"1035","1","0","0","0","0","0","0","0","0","4","0","","36","01","2017","2017015288","7","39.8718","-76.1223","0956","08","0","0","0","0","0","0","0","0","","0","0","0","09","1","2","01","0","39 52:18.474","","00","76 07:20.110","3","0","0","0","36205","0","0","0","","0","0","0","3","68J01","0","","1","01","N","N","0","","2","0","1","0","0","","0955","2","2","0","0","0","0","0","1","0","2","N","","","","","","","","","","","","03","  ","","",""
"1032","0","0","0","0","0","0","0","0","0","7","1","","36","01","2017","2017015290","2","39.9209","-76.201","1026","08","0","0","0","1","0","0","0","0","2","0","1","0","10","1","0","00","2","39 55:15.390","6","00","76 12:03.610","0","0","0","0","36229","0","0","0","","0","0","0","1","68J01","0","","4","01","N","N","0","","0","0","0","0","0","N","1026","0","1","0","0","0","0","0","1","0","1","N","","","","","","","","","","","","03","  ","","",""
"2323","1","0","0","0","0","0","0","0","0","7","0","","36","02","2017","2017015339","6","39.9285","-76.2529","2306","08","1","0","0","0","0","0","0","0","","0","0","0","23","2","0","00","0","39 55:42.625","","00","76 15:10.270","0","0","0","0","36229","0","0","0","","0","0","0","1","68J01","0","","5","01","N","N","0","","0","0","0","0","0","","2305","0","1","0","0","0","0","0","1","0","1","N","","","","","","","","","","","","03","  ","","",""
"1021","0","0","0","0","0","0","0","0","0","4","0","","36","02","2017","2017015352","2","39.8531","-76.2891","1003","08","0","0","0","0","0","1","0","0","1","0","0","0","09","1","0","00","1","39 51:11.085","3","00","76 17:20.811","0","0","0","0","36224","0","0","0","","0","0","0","3","68J01","0","","1","01","N","N","1","","0","0","1","0","0","N","0958","0","2","0","0","0","0","0","1","0","2","N","","","","","","","","","","","","03","  ","","",""
"1528","0","0","0","0","0","0","0","0","0","4","0","","36","02","2017","2017015357","2","39.8837","-76.2046","1511","08","1","0","0","1","0","0","0","0","","0","1","0","15","1","0","01","0","39 53:01.345","","00","76 12:16.591","0","0","0","0","36212","0","0","0","","0","0","0","2","68J01","0","","1","01","N","N","0","","0","0","1","3","3","","1504","0","2","0","0","0","0","0","1","0","2","N","","","","","","","","","","","","03","  ","","",""
"1153","2","0","0","0","0","0","0","0","0","4","0","","36","01","2017","2017015368","1","39.776","-76.179","1116","08","0","0","1","0","0","1","0","0","2","0","0","0","11","1","0","00","1","39 46:33.491","1","00","76 10:44.424","0","0","0","0","36219","0","0","0","","0","0","0","2","68J01","0","","1","02","N","N","0","","0","0","0","0","0","N","1116","0","2","0","0","0","0","0","1","0","2","N","","","","","","","","","","","","03","  ","","",""
"0721","0","0","0","0","0","0","0","0","0","7","0","","36","01","2017","2017015374","4","39.9449","-76.2156","0721","08","0","0","0","0","0","1","0","0","","0","0","0","06","2","0","00","0","39 56:41.513","","00","76 12:56.285","0","0","0","0","36233","0","0","0","","0","0","0","1","68J01","0","","4","02","N","N","1","","0","0","0","0","0","","0650","0","1","0","0","0","0","0","1","0","1","N","","","","","","","","","","","","98","  ","","",""
"2040","0","0","0","0","0","0","0","0","0","4","0","","36","01","2017","2017015377","6","40.0186","-76.0638","2020","08","0","0","0","0","0","0","1","0","","0","0","0","19","2","0","02","0","40 01:07.020","","00","76 03:49.852","0","0","0","0","36221","0","0","0","","0","0","0","2","68J01","0","","1","01","N","N","0","","0","0","2","3","3","","1953","0","2","0","0","0","0","0","1","0","2","N","","","","","","","","","","","","03","  ","","",""
"1526","0","0","0","0","0","0","0","0","0","1","0","","36","01","2017","2017015387","4","40.0393","-76.134","1520","08","0","0","0","0","0","1","0","0","2","0","0","0","15","1","1","02","2","40 02:21.510","6","00","76 08:02.410","3","0","0","0","36221","0","0","0","","0","0","0","13","68J01","0","","1","01","N","N","0","","1","0","1","0","0","Y","1514","1","2","0","0","0","0","10","1","1","2","N","","","","","","","","","","","","03","  ","","",""
"0635","2","0","0","0","0","0","0","0","0","4","1","","36","01","2017","2017015390","6","40.0008","-76.0798","0634","08","0","0","0","0","0","2","1","0","3","0","1","0","06","3","2","01","2","40 00:02.780","6","00","76 04:47.453","8","0","0","0","36226","0","0","0","","0","0","0","4","68J01","0","","1","01","N","N","1","","0","0","0","3","3","Y","0628","2","4","0","0","0","2","0","1","0","4","N","","","","","","","","","","","","03","  ","","",""
"1732","2","0","0","0","0","0","0","0","0","4","0","","36","01","2017","2017015401","6","39.8683","-76.2273","1709","08","0","0","0","0","0","0","0","0","","0","0","0","16","4","0","00","0","39 52:05.832","","00","76 13:38.207","0","0","0","0","36208","0","0","0","","0","0","0","2","68J01","0","","1","01","N","N","0","","0","0","0","0","0","","1652","0","2","0","0","0","0","0","1","0","2","N","","","","","","","","","","","","03","  ","","",""
"0034","1","0","0","0","0","0","0","0","0","7","0","","36","01","2017","2017015448","3","39.8924","-76.1709","0033","08","0","0","0","0","1","0","0","0","","0","0","0","00","3","0","00","0","39 53:32.500","","00","76 10:15.200","0","0","0","0","36416","0","0","0","N","0","0","0","1","36416","0","","5","01","N","N","0","","0","0","0","0","0","","0032","0","1","0","0","0","0","0","1","0","1","N","","","","","","","","","","","","03","  ","","",""
"1503","0","0","0","0","0","0","0","0","0","7","0","","36","01","2017","2017015520","2","40.1736","-75.9456","1437","08","0","0","0","0","0","0","0","0","1","0","0","0","14","1","1","00","1","40 10:24.918","4","00","75 56:43.866","3","0","0","0","36203","0","0","0","","0","0","0","1","68T06","0","","2","09","N","N","0","","1","0","1","0","0","N","1435","1","1","0","0","1","0","0","1","0","1","N","","","","","","","","","","","","10","  ","","",""
"1445","1","0","0","0","0","0","0","0","0","4","0","","36","02","2017","2017015533","7","40.1782","-76.1961","1440","08","0","0","0","0","0","0","0","0","3","0","0","0","14","1","0","01","2","40 10:41.426","2","00","76 11:45.969","0","0","0","0","36218","0","0","0","N","0","0","0","7","36408","0","","1","01","N","N","0","","0","0","0","3","2","Y","1438","0","2","0","0","0","0","0","1","1","2","N","","","","","","","","","","","","03","  ","","",""
"1752","2","0","0","0","0","0","0","0","0","4","0","","36","02","2017","2017015540","6","40.0439","-76.3024","1751","08","0","0","0","0","0","0","0","0","1","0","0","0","17","4","1","01","1","40 02:38.201","1","00","76 18:08.704","3","0","0","0","36301","0","0","0","N","0","0","0","3","36301","0","","1","01","N","N","0","","1","0","0","3","3","N","1751","1","2","0","0","0","0","0","3","0","2","N","","","","","","","","","","","","03","  ","","",""
"0805","1","0","0","0","0","0","0","0","0","1","0","","36","02","2017","2017015546","4","40.1634","-76.3947","0756","08","0","1","0","0","0","0","0","0","","0","0","0","99","1","0","00","0","40 09:48.135","","00","76 23:40.920","0","0","0","0","36410","0","0","0","N","0","0","0","2","36410","0","","1","01","N","N","1","","0","0","0","0","0","","9999","0","2","0","0","0","0","0","2","0","2","N","","","","","","","","","","","","03","  ","","",""
"0747","1","0","0","0","0","0","0","0","0","8","0","","36","02","2017","2017015548","4","40.0335","-76.2931","0745","08","0","0","0","0","0","0","0","0","","0","0","0","07","1","1","00","0","40 02:00.772","","00","76 17:35.203","4","0","0","0","36301","1","0","0","N","1","0","0","2","36301","1","","1","01","N","Y","0","","0","0","0","0","0","","0745","1","2","0","0","0","0","0","3","0","1","N","","","","","","","","","","","","03","  ","","",""
"1503","1","0","0","0","0","0","0","0","0","1","0","","36","02","2017","2017015573","2","40.0124","-76.2552","1500","08","0","0","0","0","0","0","0","1","","0","0","0","14","1","1","00","0","40 00:44.546","","00","76 15:18.707","8","0","0","0","36240","0","0","0","N","0","0","0","2","36240","0","","1","01","Y","N","0","","0","0","1","3","8","","1456","1","2","0","0","0","1","0","1","0","2","N","","","","","","","","","","","","03","  ","","",""
"1238","0","0","0","0","0","0","0","0","0","4","0","","36","02","2017","2017015611","4","40.165","-76.3932","1234","08","0","0","0","0","0","0","2","0","","0","0","0","99","1","1","00","0","40 09:53.994","","00","76 23:35.396","4","0","0","0","36410","0","0","0","N","0","0","0","2","36410","1","","1","01","N","N","1","","0","0","1","0","0","","9999","1","2","0","0","0","0","0","2","0","2","N","","","","","","","","","","","","03","  ","","",""
"0909","1","0","0","0","0","0","0","0","0","7","0","","36","02","2017","2017015615","4","40.2099","-76.0838","0901","08","0","0","0","0","0","0","0","0","","0","0","0","06","5","0","00","0","40 12:35.766","","00","76 05:01.562","0","0","0","0","36210","0","0","0","N","0","0","0","1","36210","0","","4","01","N","N","0","","0","0","0","0","0","","0615","0","1","0","0","0","0","0","1","0","1","N","","","","","","","","","","","","03","  ","","",""
"1210","2","0","0","0","0","0","0","0","0","4","0","","36","02","2017","2017015642","4","39.9787","-76.2732","1155","08","0","0","0","0","0","0","0","2","","0","0","0","11","1","0","00","0","39 58:43.266","","07","76 16:23.451","0","0","0","0","36240","0","0","0","N","0","0","0","2","36240","0","","1","01","N","N","0","","0","0","0","3","3","","1155","0","2","0","0","0","0","0","1","0","2","N","","","","","","","","","","","","03","  ","","",""
"1032","2","0","0","0","0","0","0","0","0","6","0","","36","01","2017","2017015829","5","40.2005","-76.1717","1028","08","0","0","0","0","0","1","0","1","","0","0","0","10","1","1","00","0","40 12:01.870","","00","76 10:18.141","3","0","0","0","36218","0","0","0","N","0","0","0","2","36408","0","","1","01","N","N","0","","1","0","0","0","0","","1026","1","2","0","0","0","0","0","1","0","2","N","","","","","","","","","","","","03","  ","","",""
"2016","0","0","0","0","0","0","0","0","0","2","0","","36","02","2017","2017015841","1","40.0544","-76.4118","2012","08","0","0","0","0","0","1","0","0","2","0","0","0","20","3","2","00","2","40 03:15.717","5","00","76 24:42.313","2","0","0","0","36239","0","0","0","N","0","0","0","2","36239","0","","1","01","N","N","1","","0","1","1","0","0","Y","2012","2","2","0","0","1","1","0","3","0","2","N","","","","","","","","","","","","03","  ","","",""
"0023","1","0","0","0","0","0","0","0","0","7","0","","36","02","2017","2017015843","5","40.0413","-76.3042","0023","08","0","0","0","0","0","0","0","0","","0","0","0","00","3","2","01","0","40 02:28.698","","00","76 18:15.247","3","0","0","0","36301","0","0","0","N","0","0","0","3","36301","0","","4","09","N","N","0","","2","0","0","3","2","","0023","2","1","0","0","0","0","0","3","0","1","N","","","","","","","","","","","","07","  ","","",""
"0658","1","0","0","0","0","0","0","0","0","4","0","","36","02","2017","2017015950","5","40.038","-76.4552","0657","08","0","0","0","0","0","0","1","0","1","0","0","0","06","1","0","01","1","40 02:16.857","1","00","76 27:18.887","0","0","0","0","36239","0","0","0","","0","0","0","2","36239","0","","1","06","","","0","","0","0","0","3","2","N","0657","0","2","0","0","0","0","0","3","1","2","N","","","","","","","","","","","","10","  ","","",""
"0711","0","0","0","0","0","0","0","0","0","7","0","","36","02","2017","2017016001","5","40.2285","-76.0835","0710","08","0","0","0","0","0","1","0","0","","0","0","0","07","5","0","00","0","40 13:42.505","","00","76 05:00.431","0","0","0","0","36210","0","0","0","N","0","0","0","1","36210","0","","4","07","N","N","0","","0","0","1","0","0","","0700","0","1","0","0","0","0","0","1","0","1","N","","","","","","","","","","","","10","  ","","",""
"0814","1","0","0","0","0","0","0","0","0","7","0","","36","02","2017","2017016019","5","40.2515","-76.0856","0805","08","0","0","0","0","0","0","0","0","","0","0","0","08","1","0","00","0","40 15:05.344","","00","76 05:08.116","0","0","0","0","36210","0","0","0","N","0","0","0","1","36210","0","","4","07","N","N","0","","0","0","0","0","0","","0802","0","1","0","0","0","0","0","1","0","1","N","","","","","","","","","","","","10","  ","","",""
"1027","0","0","0","0","0","0","0","0","0","4","0","","36","02","2017","2017016027","5","40.0614","-76.3596","1026","08","0","0","0","0","0","1","0","0","2","0","0","0","10","1","1","01","1","40 03:41.087","2","00","76 21:34.593","3","0","0","0","36214","0","0","0","N","0","0","0","3","36214","0","","1","09","N","N","0","","1","0","1","3","2","N","1026","1","2","0","0","0","0","0","3","1","2","N","","","","","","","","","","","","03","  ","","",""
"1203","1","0","0","0","0","0","0","0","0","4","0","","36","02","2017","2017016056","5","40.0905","-76.4097","1200","08","0","0","1","0","0","1","0","0","2","0","0","0","11","1","0","01","1","40 05:25.902","5","00","76 24:34.987","0","0","0","0","36214","0","0","0","N","0","0","0","2","36214","0","","1","06","N","N","1","","0","0","0","3","2","N","1156","0","2","0","0","0","0","0","3","0","2","N","","","","","","","","","","","","03","  ","","",""
"1231","0","0","0","0","0","0","0","0","0","7","0","","36","02","2017","2017016062","5","40.0942","-76.3777","1226","08","0","0","0","0","0","0","0","0","","0","0","0","12","1","0","00","0","40 05:38.945","","00","76 22:39.772","0","0","0","0","36214","0","0","0","N","0","0","0","1","36214","0","","5","07","N","N","0","","0","0","1","0","0","","1220","0","1","0","0","0","0","0","3","0","1","N","","","","","","","","","","","","10","  ","","",""
"1231","0","0","0","0","0","0","0","0","0","7","0","","36","02","2017","2017016074","5","40.1103","-76.3721","1219","08","0","0","0","1","0","0","0","0","2","0","0","0","12","1","0","00","1","40 06:37.026","3","00","76 22:19.446","0","0","0","0","36214","0","0","0","N","0","0","0","1","36214","0","","4","07","N","N","0","","0","0","1","0","0","Y","1215","0","1","0","0","0","0","0","3","0","1","N","","","","","","","","","","","","03","  ","","",""
"1650","2","0","0","0","0","0","0","0","0","1","0","90","36","01","2017","2017016093","3","39.9881","-76.274","1650","08","0","0","1","0","1","0","0","0","","0","0","0","16","1","0","00","0","39 59:17.235","","00","76 16:26.451","0","0","0","0","36240","0","0","0","N","0","0","0","3","36240","0","","1","01","N","N","0","","0","0","0","0","0","","1650","0","2","0","0","0","0","0","1","0","2","Y","1","3","Y","","","N","","","","Y","","03","  ","","",""
"1652","0","0","0","0","0","0","0","0","0","7","0","","36","02","2017","2017016119","5","40.1221","-76.379","1637","08","0","0","0","0","0","1","0","0","1","0","0","0","16","1","0","00","1","40 07:19.593","1","00","76 22:44.331","0","0","0","0","36214","0","0","0","N","0","0","0","1","36214","0","","5","07","N","N","1","","0","0","0","0","0","N","1630","0","1","0","0","0","0","0","3","0","1","N","","","","","","","","","","","","10","  ","","",""
"0845","1","0","0","0","0","0","0","0","0","7","0","","36","02","2017","2017016123","5","40.1124","-76.0267","0843","08","0","0","0","0","0","0","0","0","","0","0","0","08","1","0","00","0","40 06:44.472","","00","76 01:36.279","0","0","0","0","36213","0","0","0","N","0","0","0","1","36213","0","","5","06","N","N","0","","0","0","0","0","0","","0835","0","1","0","0","0","0","0","1","0","1","N","","","","","","","","","","","","10","  ","","",""
"1531","1","0","0","0","0","0","0","0","0","7","0","","36","02","2017","2017016181","5","39.9511","-76.3303","1523","08","0","0","0","0","0","0","0","0","2","0","0","0","15","1","0","00","2","39 57:03.795","5","00","76 19:49.008","0","0","0","0","36206","0","0","0","N","0","0","0","1","36503","0","","4","02","N","N","0","","0","0","0","0","0","Y","1523","0","1","0","0","0","0","0","1","0","1","N","","","","","","","","","","","","10","  ","","",""
"1105","0","0","0","0","0","0","0","0","0","4","0","","36","02","2017","2017016182","5","40.1238","-76.012","1100","08","0","0","0","0","0","1","1","0","2","0","0","0","10","1","0","00","2","40 07:25.687","6","00","76 00:43.213","0","0","0","0","36213","0","0","0","N","0","0","0","2","36213","0","","1","02","N","N","2","","0","0","0","0","0","Y","1055","0","2","0","0","0","0","0","1","0","2","N","","","","","","","","","","","","10","  ","","",""
"1807","1","0","0","0","0","0","0","0","0","7","0","","36","02","2017","2017016224","5","40.0658","-76.4521","1805","08","0","1","0","0","0","0","0","0","3","0","0","0","17","3","0","00","1","40 03:57.057","4","00","76 27:07.591","0","0","0","0","36239","0","0","0","N","0","0","0","1","36239","0","","4","07","N","N","0","","0","0","0","0","0","N","1752","0","1","0","0","0","0","0","3","0","1","N","","","","","","","","","","","","10","  ","","",""
"1559","0","0","0","0","0","0","0","0","0","7","0","","36","01","2017","2017016239","2","40.1637","-76.308","1559","08","0","0","0","0","1","0","0","0","","0","0","0","15","1","0","02","0","40 09:49.252","","00","76 18:28.646","0","0","0","0","36409","0","0","0","N","0","0","0","1","36409","0","","4","01","N","N","0","","0","0","1","3","3","","1536","0","1","0","0","0","0","0","3","0","1","N","","","","","","","","","","","","03","  ","","",""
"1522","1","0","0","0","0","0","0","0","0","1","0","","36","02","2017","2017016253","5","40.168","-76.573","1507","08","0","0","0","0","0","0","0","0","2","0","0","0","15","1","0","00","1","40 10:04.694","3","00","76 34:22.776","0","0","0","0","36225","0","0","0","N","0","0","0","2","36505","0","","1","07","N","N","1","","0","0","0","0","0","Y","1505","0","2","0","0","1","0","0","2","0","2","N","","","","","","","","","","","","03","  ","","",""
"1951","0","0","0","0","0","0","0","0","0","7","0","","36","02","2017","2017016256","5","39.9835","-76.2942","1948","08","0","0","0","0","0","0","0","0","2","0","0","0","19","2","0","00","2","39 59:00.706","6","00","76 17:39.005","0","0","0","0","36228","0","0","0","N","0","0","0","2","36503","0","","4","02","N","N","1","","0","0","0","0","0","Y","1948","0","1","0","0","0","0","0","1","0","1","N","","","","","","","","","","","","10","  ","","",""
"2222","2","0","0","0","0","0","0","0","0","2","0","","36","02","2017","2017016267","5","40.1338","-76.4329","2218","08","0","0","0","0","0","2","0","0","1","0","0","0","22","2","1","00","1","40 08:01.556","3","00","76 25:58.565","8","0","0","0","36230","0","0","0","N","0","0","0","2","36410","0","","1","02","N","N","0","","0","0","0","0","0","Y","2215","1","2","0","0","0","1","0","1","0","2","N","","","","","","","","","","","","03","  ","","",""
"1809","0","0","0","0","0","0","0","0","0","7","0","","36","02","2017","2017016270","5","40.2259","-76.1328","1802","08","0","0","1","0","0","0","0","0","","0","0","0","17","2","0","00","0","40 13:33.100","","00","76 07:58.200","0","0","0","0","36210","0","0","0","N","0","0","0","1","36210","0","","5","07","N","N","0","","0","0","1","0","0","","1759","0","1","0","0","0","0","0","1","0","1","N","","","","","","","","","","","","10","  ","","",""
"0101","2","0","0","0","0","0","0","0","0","4","0","","36","02","2017","2017016283","6","40.2162","-76.0825","0101","08","0","0","0","0","0","0","0","0","2","0","0","0","01","2","0","00","1","40 12:58.400","2","00","76 04:57.100","0","0","0","0","36210","0","0","0","N","0","0","0","2","36210","0","","1","02","N","N","0","","0","0","0","0","0","N","0101","0","2","0","0","0","0","0","1","0","2","N","","","","","","","","","","","","10","  ","","",""
"0053","1","0","0","0","0","0","0","0","0","7","0","","36","02","2017","2017016285","6","40.2161","-76.0814","0051","08","0","0","0","0","0","0","0","0","","0","0","0","00","2","0","00","0","40 12:57.900","","00","76 04:52.900","0","0","0","0","36210","0","0","0","N","0","0","0","1","36210","0","","4","02","N","N","0","","0","0","0","0","0","","0049","0","1","0","0","0","0","0","1","0","1","N","","","","","","","","","","","","03","  ","","",""
"2256","1","0","0","0","0","0","0","0","0","7","0","","36","02","2017","2017016287","1","40.0789","-76.3336","2252","08","0","0","0","0","0","0","0","0","","0","0","0","22","3","0","02","0","40 04:43.917","","00","76 20:00.999","0","0","0","0","36101","0","0","0","N","0","0","0","2","36101","0","","4","01","N","N","0","","0","0","0","0","0","","2250","0","1","0","0","0","0","0","3","0","1","N","","","","","","","","","","","","03","  ","","",""
"0504","0","0","0","0","0","0","0","0","0","7","0","","36","02","2017","2017016300","6","40.2295","-76.179","0449","08","0","0","0","0","0","1","0","0","2","0","0","0","04","3","0","00","2","40 13:46.104","6","00","76 10:44.536","0","0","0","0","36236","0","0","0","N","0","0","0","1","36408","0","","4","02","N","N","1","","0","0","0","0","0","N","0449","0","1","0","0","0","0","0","1","0","1","N","","","","","","","","","","","","10","  ","","",""
"1949","2","0","0","0","0","0","0","0","0","4","0","","36","02","2017","2017016304","4","40.0404","-76.2463","1945","08","0","0","0","0","1","1","0","0","","0","0","0","19","3","0","06","0","40 02:25.433","","02","76 14:46.845","0","0","0","0","36215","0","0","0","N","0","0","0","2","36215","0","","1","01","N","N","0","","0","0","0","0","0","","1943","0","2","0","0","0","0","0","1","0","2","N","","","","","","","","","","","","03","  ","","",""
"2305","2","0","0","0","0","0","0","0","0","5","0","","36","02","2017","2017016355","7","40.0159","-76.3757","2301","08","0","0","0","0","0","0","0","0","2","0","0","0","22","3","0","00","2","40 00:57.370","2","00","76 22:32.430","0","0","0","0","36223","0","0","0","","0","0","0","1","36223","0","","6","01","N","N","0","","0","0","0","0","0","N","2259","0","2","0","0","0","0","0","1","0","2","N","","","","","","","","","","","","03","  ","","",""
"0932","1","0","0","0","0","0","0","0","0","7","0","","36","02","2017","2017016394","5","40.1117","-76.6528","0920","08","0","0","0","0","0","0","0","0","","0","0","0","09","1","0","00","0","40 06:42.149","","00","76 39:10.135","0","0","0","0","36237","0","0","0","N","0","0","0","1","36505","0","","5","02","N","N","0","","0","0","0","0","0","","0915","0","1","0","0","0","0","0","1","0","1","N","","","","","","","","","","","","10","  ","","",""
"0933","0","0","0","0","0","0","0","0","0","7","0","","36","02","2017","2017016426","6","40.1413","-76.117","0925","08","0","0","0","0","0","0","0","0","2","0","0","0","09","1","0","00","2","40 08:28.600","5","00","76 07:01.187","0","0","0","0","36209","0","0","0","N","0","0","0","1","36415","0","","4","02","N","N","0","","0","0","1","0","0","Y","0925","0","1","0","0","0","0","0","1","0","1","N","","","","","","","","","","","","98","  ","","",""