"ARRIVAL_TM","AUTOMOBILE_COUNT","BELTED_DEATH_COUNT","BELTED_SUSP_SERIOUS_INJ_COUNT","BICYCLE_COUNT","BICYCLE_DEATH_COUNT","BICYCLE_SUSP_SERIOUS_INJ_COUNT","BUS_COUNT","CHLDPAS_DEATH_COUNT","CHLDPAS_SUSP_SERIOUS_INJ_COUNT","COLLISION_TYPE","COMM_VEH_COUNT","CONS_ZONE_SPD_LIM","COUNTY","CRASH_MONTH","CRASH_YEAR","CRN","DAY_OF_WEEK","DEC_LAT","DEC_LONG","DISPATCH_TM","DISTRICT","DRIVER_COUNT_16YR","DRIVER_COUNT_17YR","DRIVER_COUNT_18YR","DRIVER_COUNT_19YR","DRIVER_COUNT_20YR","DRIVER_COUNT_50_64YR","DRIVER_COUNT_65_74YR","DRIVER_COUNT_75PLUS","EST_HRS_CLOSED","FATAL_COUNT","HEAVY_TRUCK_COUNT","HORSE_BUGGY_COUNT","HOUR_OF_DAY","ILLUMINATION","INJURY_COUNT","INTERSECT_TYPE","LANE_CLOSED","LATITUDE","LN_CLOSE_DIR","LOCATION_TYPE","LONGITUDE","MAX_SEVERITY_LEVEL","MCYCLE_DEATH_COUNT","MCYCLE_SUSP_SERIOUS_INJ_COUNT","MOTORCYCLE_COUNT","MUNICIPALITY","NONMOTR_COUNT","NONMOTR_DEATH_COUNT","NONMOTR_SUSP_SERIOUS_INJ_COUNT","NTFY_HIWY_MAINT","PED_COUNT","PED_DEATH_COUNT","PED_SUSP_SERIOUS_INJ_COUNT","PERSON_COUNT","POLICE_AGCY","POSSIBLE_INJ_COUNT","RDWY_SURF_TYPE_CD","RELATION_TO_ROAD","ROAD_CONDITION","SCH_BUS_IND","SCH_ZONE_IND","SMALL_TRUCK_COUNT","SPEC_JURIS_CD","SUSP_MINOR_INJ_COUNT","SUSP_SERIOUS_INJ_COUNT","SUV_COUNT","TCD_FUNC_CD","TCD_TYPE","TFC_DETOUR_IND","TIME_OF_DAY","TOT_INJ_COUNT","TOTAL_UNITS","UNB_DEATH_COUNT","UNB_SUSP_SERIOUS_INJ_COUNT","UNBELTED_OCC_COUNT","UNK_INJ_DEG_COUNT","UNK_INJ_PER_COUNT","URBAN_RURAL","VAN_COUNT","VEHICLE_COUNT","WORK_ZONE_IND","WORK_ZONE_LOC","WORK_ZONE_TYPE","WORKERS_PRES","WZ_CLOSE_DETOUR","WZ_FLAGGER","WZ_LAW_OFFCR_IND","WZ_LN_CLOSURE","WZ_MOVING","WZ_OTHER","WZ_SHLDER_MDN","ROADWAY_CLEARED","WEATHER1","WEATHER2","WZ_WORKERS_INJ_KILLED","SECONDARY_CRASH","INTERSECTION_RELATED"
"1054","2","0","0","0","0","0","0","0","0","5","0","","36","02","2017","2017016429","2","40.0314","-76.3029","1049","08","0","0","0","0","0","0","0","0","2","0","0","0","10","1","0","00","2","40 01:52.997","1","00","76 18:10.609","0","0","0","0","36301","1","0","0","N","0","0","0","2","36301","0","","6","01","N","N","0","","0","0","1","0","0","Y","1045","0","4","0","0","0","0","0","3","1","4","N","","","","","","","","","","","","03","  ","","",""
"1924","0","0","0","0","0","0","0","0","0","7","0","","36","02","2017","2017016445","1","40.1475","-76.4055","1919","08","0","0","0","0","0","0","0","0","","0","0","0","19","2","0","03","0","40 08:51.140","","00","76 24:19.764","0","0","0","0","36227","0","0","0","","0","0","0","1","36506","0","","4","01","N","N","0","","0","0","1","0","0","","1919","0","1","0","0","0","0","0","1","0","1","N","","","","","","","","","","","","03","  ","","",""
"0918","1","0","0","0","0","0","0","0","0","4","0","","36","02","2017","2017016446","5","40.1437","-76.3817","0907","08","0","0","0","0","0","1","0","0","","0","0","0","09","1","0","01","0","40 08:37.371","","00","76 22:53.969","0","0","0","0","36227","0","0","0","","0","0","0","2","36506","0","","1","07","N","N","0","","0","0","0","3","2","","0907","0","2","0","0","1","0","0","1","1","2","N","","","","","","","","","","","","10","  ","","",""
"1332","2","0","0","0","0","0","0","0","0","4","0","","36","02","2017","2017016447","5","40.1326","-76.347","1327","08","0","0","0","0","0","1","0","0","","0","0","0","13","1","1","01","0","40 07:57.364","","00","76 20:49.148","8","0","0","0","36227","0","0","0","","0","0","0","2","36506","0","","1","09","N","N","0","","0","0","0","3","3","","1327","1","2","0","0","0","1","0","1","0","2","N","","","","","","","","","","","","03","  ","","",""
"1208","0","0","0","0","0","0","0","0","0","5","0","","36","02","2017","2017016459","3","40.0424","-76.2934","1201","08","0","0","0","0","0","0","0","0","","0","0","0","11","1","0","00","0","40 02:32.701","","00","76 17:36.211","0","0","0","0","36301","0","0","0","N","0","0","0","1","36301","0","","1","01","N","N","1","","0","0","1","0","0","","1152","0","2","0","0","0","0","0","3","0","2","N","","","","","","","","","","","","03","  ","","",""
"0945","1","0","0","0","0","0","0","0","0","4","0","","36","02","2017","2017016482","6","40.192","-76.1764","0943","08","0","0","0","0","0","2","0","0","","0","0","0","09","1","0","01","0","40 11:31.030","","00","76 10:34.901","0","0","0","0","36408","0","0","0","N","0","0","0","2","36408","0","","1","01","N","N","1","","0","0","0","3","2","","0943","0","2","0","0","0","0","0","2","0","2","N","","","","","","","","","","","","03","  ","","",""
"0642","0","0","0","0","0","0","0","0","0","7","0","","36","02","2017","2017016518","5","40.201","-76.3424","0637","08","0","0","0","0","0","0","0","0","1","0","0","0","06","2","0","00","2","40 12:03.551","3","00","76 20:32.561","0","0","0","0","36227","0","0","0","","0","0","0","1","36506","0","","4","07","N","N","0","","0","0","1","0","0","N","0637","0","1","0","0","0","0","0","1","0","1","N","","","","","","","","","","","","10","  ","","",""
"0652","1","0","0","0","0","0","0","0","0","1","0","","36","02","2017","2017016535","3","40.0399","-76.1255","0643","08","0","0","0","0","0","2","0","0","","0","0","0","06","2","1","00","0","40 02:23.461","","00","76 07:31.807","4","0","0","0","36221","0","0","0","","0","0","0","2","68J01","1","","1","01","N","N","0","","0","0","1","0","0","","0643","1","2","0","0","0","0","0","1","0","2","N","","","","","","","","","","","","03","  ","","",""
"1744","2","0","0","0","0","0","0","0","0","2","0","","36","02","2017","2017016546","5","39.9449","-76.2157","1738","08","0","0","0","0","0","1","0","0","2","0","0","0","17","4","0","00","2","39 56:41.463","5","00","76 12:56.584","0","0","0","0","36233","0","0","0","","0","0","0","3","68J01","0","","1","02","N","N","0","","0","0","1","0","0","Y","1738","0","3","0","0","0","0","0","1","0","3","N","","","","","","","","","","","","10","  ","","",""
"1000","0","0","0","0","0","0","0","0","0","0","0","","36","02","2017","2017016575","5","40.0052","-76.4113","0947","08","0","0","0","0","1","0","0","0","2","0","0","0","09","1","1","00","2","40 00:18.855","6","00","76 24:40.754","4","0","0","0","36223","0","0","0","","0","0","0","1","36223","1","","4","02","N","N","1","","0","0","0","0","0","Y","0945","1","1","0","0","0","0","0","1","0","1","N","","","","","","","","","","","","10","  ","","",""
"1634","1","0","0","0","0","0","0","0","0","6","0","","36","02","2017","2017016603","3","39.9679","-76.1764","1627","08","0","0","0","1","1","0","0","0","1","0","1","0","16","1","0","00","2","39 58:04.534","5","00","76 10:35.142","0","0","0","0","36233","0","0","0","","0","0","0","2","68J01","0","","1","01","N","N","0","","0","0","0","0","0","Y","1626","0","2","0","0","0","0","0","1","0","2","N","","","","","","","","","","","","03","  ","","",""
"2010","1","0","0","0","0","0","0","0","0","7","0","","36","02","2017","2017016605","3","39.8996","-76.2547","2132","08","0","0","0","1","0","0","0","0","2","0","0","0","19","2","1","00","2","39 53:58.490","5","00","76 15:16.880","3","0","0","0","36229","0","0","0","","0","0","0","2","68J01","0","","5","01","N","N","0","","1","0","0","0","0","Y","1928","1","1","0","0","1","0","0","1","0","1","N","","","","","","","","","","","","03","  ","","",""
"1740","0","0","0","0","0","0","0","0","0","4","0","","36","02","2017","2017016610","6","40.0574","-76.294","1733","08","0","0","0","0","0","1","0","0","3","0","0","0","17","3","1","01","1","40 03:26.470","7","00","76 17:38.338","4","0","0","0","36101","0","0","0","N","0","0","0","6","36101","1","","1","09","N","N","0","","0","0","2","3","3","N","1730","1","2","0","0","0","0","0","3","0","2","N","","","","","","","","","","","","03","  ","","",""
"0825","1","0","0","0","0","0","0","0","0","7","0","","36","02","2017","2017016615","5","39.9364","-76.0379","0813","08","0","0","0","0","0","0","0","0","","0","0","0","08","1","0","00","0","39 56:11.015","","00","76 02:16.582","0","0","0","0","36231","0","0","0","","0","0","0","1","68J01","0","","5","06","N","N","0","","0","0","0","0","0","","0809","0","1","0","0","0","0","0","1","0","1","N","","","","","","","","","","","","10","  ","","",""
"0510","0","0","0","0","0","0","0","0","0","7","0","","36","02","2017","2017016621","6","40.0386","-76.1705","0505","08","0","0","0","0","0","1","0","0","","0","0","0","05","2","1","00","0","40 02:18.967","","00","76 10:13.880","8","0","0","0","36221","0","0","0","","0","0","0","1","68J01","0","","4","02","N","N","1","","0","0","0","0","0","","0505","1","1","0","0","0","1","0","1","0","1","N","","","","","","","","","","","","98","  ","","",""
"0115","0","0","0","0","0","0","0","0","0","7","0","","36","01","2017","2017016625","4","39.9796","-76.2001","0102","08","0","0","0","0","0","0","0","0","","0","0","0","01","2","0","00","0","39 58:46.476","","00","76 12:00.291","0","0","0","0","36417","0","0","0","","0","0","0","1","68J01","0","","4","02","N","N","0","","0","0","1","0","0","","0101","0","1","0","0","0","0","0","1","0","1","N","","","","","","","","","","","","98","  ","","",""
"1727","2","0","0","0","0","0","0","0","0","1","0","","36","02","2017","2017016688","6","39.9807","-76.3075","1721","08","0","0","0","0","0","1","0","0","","0","0","0","17","4","1","00","0","39 58:50.632","","00","76 18:26.931","4","0","0","0","36228","0","0","0","N","0","0","0","4","36503","1","","1","01","N","N","0","","0","0","0","0","0","","1718","1","2","0","0","0","0","0","1","0","2","N","","","","","","","","","","","","03","  ","","",""
"2151","1","0","0","0","0","0","0","0","0","8","0","","36","01","2017","2017016694","7","40.0345","-76.3079","2146","08","0","0","0","0","0","0","0","0","","0","0","0","21","3","2","01","0","40 02:04.189","","00","76 18:28.364","4","0","0","0","36301","2","0","0","N","2","0","0","3","36301","2","","1","01","N","N","0","","0","0","0","0","0","","2146","2","3","0","0","0","0","1","3","0","1","N","","","","","","","","","","","","03","  ","","",""
"0223","0","0","0","0","0","0","0","0","0","7","0","","36","02","2017","2017016733","7","39.9811","-76.2773","0222","08","0","0","0","1","0","0","0","0","3","0","0","0","02","3","1","00","2","39 58:52.042","7","00","76 16:38.121","4","0","0","0","36240","0","0","0","N","0","0","0","1","36240","1","","5","01","N","N","1","","0","0","0","0","0","Y","0220","1","1","0","0","0","0","0","1","0","1","N","","","","","","","","","","","","03","  ","","",""
"0940","0","0","0","0","0","0","0","0","0","7","0","","36","02","2017","2017016751","6","40.1409","-76.1168","0930","08","0","0","0","0","0","1","0","0","2","0","0","0","09","1","0","00","2","40 08:27.287","5","00","76 07:00.639","0","0","0","0","36209","0","0","0","N","0","0","0","1","36415","0","","4","02","N","N","1","","0","0","0","0","0","Y","0928","0","1","0","0","0","0","0","1","0","1","N","","","","","","","","","","","","98","  ","","",""
"1518","1","0","0","1","0","0","0","0","0","8","0","","36","02","2017","2017016784","2","","","1516","08","0","0","0","0","0","0","0","0","","0","0","0","15","1","1","08","0","00 00:00.000","","00","00 00:00.000","4","0","0","0","36413","1","0","0","N","0","0","0","2","36413","1","","1","01","N","N","0","","0","0","0","0","0","","1516","1","2","0","0","0","0","0","2","0","1","N","","","","","","","","","","","","03","  ","","",""
"0637","1","0","0","0","0","0","0","0","0","7","0","","36","02","2017","2017016796","6","40.0825","-76.2328","0625","08","0","0","0","0","0","0","0","0","2","0","0","0","06","2","0","00","2","40 04:56.969","6","00","76 13:58.099","0","0","0","0","36234","0","0","0","N","0","0","0","1","36215","0","","5","02","N","N","0","","0","0","0","0","0","Y","0625","0","1","0","0","0","0","0","1","0","1","N","","","","","","","","","","","","03","  ","","",""
"1333","2","0","0","0","0","0","0","0","0","2","0","","36","02","2017","2017016808","6","40.1526","-76.6067","1330","08","0","0","0","0","0","0","1","0","1","0","0","0","13","1","0","00","1","40 09:09.277","1","00","76 36:24.060","0","0","0","0","36407","0","0","0","N","0","0","0","1","36407","0","","6","01","N","N","0","","0","0","0","0","0","N","1330","0","2","0","0","0","0","0","2","0","2","N","","","","","","","","","","","","03","  ","","",""
"1417","1","0","0","0","0","0","0","0","0","4","0","","36","02","2017","2017016845","7","40.0229","-76.3048","1410","08","0","0","0","0","0","0","0","0","1","0","0","0","14","1","0","03","1","40 01:22.439","2","00","76 18:17.112","0","0","0","0","36220","0","0","0","N","0","0","0","3","36101","0","","1","01","N","N","0","","0","0","1","3","2","Y","1410","0","2","0","0","0","0","0","3","0","2","N","","","","","","","","","","","","03","  ","","",""
"1441","1","0","0","0","0","0","0","0","0","4","0","","36","02","2017","2017016861","6","40.0399","-76.2084","1436","08","0","0","0","0","0","0","1","0","","0","0","0","14","1","0","00","0","40 02:23.783","","00","76 12:30.197","0","0","0","0","36215","0","0","0","N","0","0","0","2","36215","0","","1","01","N","N","0","","0","0","1","0","0","","1435","0","2","0","0","0","0","0","1","0","2","N","","","","","","","","","","","","03","  ","","",""
"1431","2","0","0","0","0","0","0","0","0","4","0","","36","02","2017","2017016918","7","40.1444","-76.6091","1428","08","0","0","0","1","0","0","0","0","","0","0","0","14","1","0","01","0","40 08:39.840","","00","76 36:32.762","0","0","0","0","36407","0","0","0","N","0","0","0","2","36407","0","","1","01","N","N","0","","0","0","0","3","3","","1428","0","2","0","0","0","0","0","2","0","2","N","","","","","","","","","","","","03","  ","","",""
"1943","1","0","0","0","0","0","0","0","0","4","0","","36","02","2017","2017016936","7","40.0601","-76.2774","1939","08","0","0","0","0","1","1","0","0","2","0","0","0","19","3","0","01","1","40 03:36.635","3","00","76 16:39.130","0","0","0","0","36101","0","0","0","N","0","0","0","3","36101","0","","1","01","N","N","0","","0","0","0","3","2","N","1937","0","2","0","0","0","0","0","3","1","2","N","","","","","","","","","","","","03","  ","","",""
"1933","0","0","0","0","0","0","0","0","0","7","0","","36","02","2017","2017016952","7","40.0555","-76.2662","1929","08","0","0","0","0","0","0","0","0","1","0","0","0","19","2","1","06","1","40 03:19.713","4","02","76 15:58.273","8","0","0","0","36215","0","0","0","N","0","0","0","1","36215","0","","1","01","N","N","0","","0","0","1","0","0","N","1926","1","1","0","0","0","1","0","1","0","1","N","","","","","","","","","","","","03","  ","","",""
"2158","0","0","0","0","0","0","0","0","0","9","0","","36","02","2017","2017016960","7","40.1789","-76.6006","2152","08","0","0","1","0","0","0","0","0","","0","0","0","21","2","1","00","0","40 10:43.931","","00","76 36:02.337","8","0","0","0","36225","0","0","0","N","0","0","0","1","36505","0","","1","01","N","N","1","","0","0","0","0","0","","2145","1","1","0","0","0","1","0","2","0","1","N","","","","","","","","","","","","03","  ","","",""
"0121","2","0","0","0","0","0","0","0","0","2","0","","36","01","2017","2017016983","1","40.039","-76.3108","0108","08","0","0","0","1","0","0","0","0","","0","0","0","01","3","0","01","0","40 02:20.495","","00","76 18:38.891","0","0","0","0","36301","0","0","0","N","0","0","0","3","36301","0","","1","01","N","N","0","","0","0","0","3","2","","0104","0","2","0","0","0","0","0","3","0","2","N","","","","","","","","","","","","03","  ","","",""
"1611","0","0","0","0","0","0","0","0","0","7","0","","36","02","2017","2017017021","3","40.0703","-76.2699","1601","08","0","0","0","0","0","1","0","0","","0","0","0","16","1","0","00","0","40 04:13.097","","00","76 16:11.611","0","0","0","0","36101","0","0","0","N","0","0","0","1","36101","0","","4","01","N","N","0","","0","0","1","0","0","","1600","0","1","0","0","0","0","0","3","0","1","N","","","","","","","","","","","","03","  ","","",""
"1553","4","0","0","0","0","0","0","0","0","1","0","","36","02","2017","2017017075","2","40.1736","-76.603","1547","08","0","0","0","0","0","0","0","0","1","0","0","0","15","1","0","00","2","40 10:24.859","5","00","76 36:10.861","0","0","0","0","36225","0","0","0","N","0","0","0","5","36505","0","","1","01","Y","N","0","","0","0","0","0","0","Y","1545","0","4","0","0","0","0","0","2","0","4","N","","","","","","","","","","","","03","  ","","",""
"0840","1","0","0","0","0","0","0","0","0","9","0","","36","02","2017","2017017077","1","40.0612","-76.5292","0832","08","0","0","0","0","0","0","0","0","","0","0","0","08","1","0","00","0","40 03:40.327","","00","76 31:45.018","0","0","0","0","36211","0","0","0","N","0","0","0","1","36504","0","","1","09","N","N","0","","0","0","0","0","0","","0828","0","1","0","0","0","0","0","1","0","1","N","","","","","","","","","","","","07","  ","","",""
"1646","1","0","0","0","0","0","0","0","0","4","0","","36","02","2017","2017017092","7","40.067","-76.4251","1643","08","0","0","0","0","0","0","0","0","2","0","0","0","16","1","0","02","1","40 04:01.293","6","00","76 25:30.475","0","0","0","0","36239","0","0","0","N","0","0","0","2","36239","0","","1","01","N","N","0","","0","0","1","3","3","N","1642","0","2","0","0","0","0","0","3","0","2","N","","","","","","","","","","","","03","  ","","",""
"0736","0","0","0","0","0","0","0","0","0","7","0","","36","02","2017","2017017094","5","40.2165","-76.4516","0715","08","0","0","0","0","0","0","0","0","","0","0","0","99","5","0","00","0","40 12:59.422","","00","76 27:05.705","0","0","0","0","36230","0","0","0","N","0","0","0","1","36410","0","","4","07","N","N","0","","0","0","1","0","0","","9999","0","1","0","0","0","0","0","1","0","1","N","","","","","","","","","","","","10","  ","","",""
"1604","1","0","0","0","0","0","0","0","0","4","0","","36","02","2017","2017017108","3","40.1004","-76.349","1558","08","0","0","0","0","0","0","0","1","2","0","0","0","15","1","2","01","2","40 06:01.354","6","00","76 20:56.479","4","0","0","0","36406","0","0","0","N","0","0","0","4","36101","2","","1","01","N","N","0","","0","0","1","0","0","Y","1547","2","2","0","0","0","0","0","3","0","2","N","","","","","","","","","","","","03","  ","","",""
"1313","1","0","0","0","0","0","0","0","0","7","0","","36","02","2017","2017017109","1","40.0436","-76.3047","1304","08","0","0","0","0","0","0","0","0","1","0","0","0","12","1","0","00","1","40 02:36.863","2","00","76 18:16.873","9","0","0","0","36301","0","0","0","N","0","0","0","1","36301","0","","5","09","N","N","0","","0","0","0","0","0","N","1259","0","1","0","0","0","0","1","3","0","1","N","","","","","","","","","","","","07","  ","","",""
"1408","0","0","0","0","0","0","0","0","0","4","0","","36","02","2017","2017017166","5","40.0402","-76.3299","1408","08","0","0","0","0","0","2","0","0","2","0","0","0","14","1","2","01","1","40 02:24.896","5","00","76 19:47.589","4","0","0","0","36220","0","0","0","N","0","0","0","4","36101","1","","1","01","N","N","1","","0","0","1","3","3","Y","1408","2","2","0","0","0","1","0","3","0","2","N","","","","","","","","","","","","03","  ","","",""
"1945","0","0","0","0","0","0","0","0","0","7","0","","36","02","2017","2017017219","5","40.1378","-76.562","1945","08","0","1","0","0","0","0","0","0","2","0","0","0","19","2","0","01","1","40 08:15.930","3","00","76 33:43.085","0","0","0","0","36225","0","0","0","N","0","0","0","2","36505","0","","4","02","N","N","0","","0","0","1","3","2","Y","1940","0","1","0","0","0","0","0","2","0","1","N","","","","","","","","","","","","10","  ","","",""
"2333","1","0","0","0","0","0","0","0","0","7","0","","36","02","2017","2017017256","7","40.0709","-76.3238","2328","08","0","0","0","0","0","1","0","0","2","0","0","0","23","3","1","00","1","40 04:15.408","3","03","76 19:25.791","4","0","0","0","36101","0","0","0","N","0","0","0","1","36101","1","","2","01","N","N","0","","0","0","0","0","0","N","2323","1","1","0","0","0","0","0","3","0","1","N","","","","","","","","","","","","03","  ","","",""
"1850","0","0","0","0","0","0","0","0","0","7","0","","36","02","2017","2017017275","1","40.1679","-76.1871","1845","08","0","0","0","0","0","0","0","0","5","0","0","0","18","2","1","00","2","40 10:04.500","6","00","76 11:13.400","8","0","0","0","36218","0","0","0","N","0","0","0","1","36408","0","","4","09","N","N","0","","0","0","1","0","0","Y","1840","1","1","0","0","0","1","0","1","0","1","N","","","","","","","","","","","","07","  ","","",""
"0225","0","0","0","0","0","0","0","0","0","7","0","","36","02","2017","2017017305","1","40.0196","-76.3031","0224","08","0","0","0","0","0","0","0","0","","0","0","0","02","3","0","00","0","40 01:10.634","","00","76 18:11.085","0","0","0","0","36240","0","0","0","Y","0","0","0","1","36240","0","","4","01","N","N","0","","0","0","1","0","0","","0216","0","1","0","0","0","0","0","1","0","1","N","","","","","","","","","","","","03","  ","","",""
"1900","1","0","0","0","0","0","0","0","0","7","0","","36","02","2017","2017017322","1","40.1377","-76.2658","1856","08","0","1","0","0","0","0","0","0","1","0","0","0","18","2","1","00","2","40 08:15.633","6","00","76 15:56.973","8","0","0","0","36235","0","0","0","","0","0","0","3","36506","0","","4","09","N","N","0","","0","0","0","0","0","N","1852","1","1","0","0","0","1","0","1","0","1","N","","","","","","","","","","","","07","  ","","",""
"1111","2","0","0","0","0","0","0","0","0","1","0","","36","02","2017","2017017374","1","40.1435","-76.5971","1110","08","0","0","0","0","0","1","0","0","","0","0","0","11","1","1","00","0","40 08:36.758","","00","76 35:49.387","4","0","0","0","36407","0","0","0","N","0","0","0","2","36407","1","","1","09","N","N","0","","0","0","0","3","2","","1108","1","2","0","0","0","0","0","2","0","2","N","","","","","","","","","","","","07","  ","","",""
"0835","0","0","0","0","0","0","0","0","0","7","0","","36","02","2017","2017017388","6","40.003","-76.2144","0829","08","0","0","0","0","0","0","0","0","2","0","0","0","08","1","0","00","1","40 00:10.799","2","00","76 12:51.964","0","0","0","0","36240","0","0","0","N","0","0","0","1","36240","0","","4","02","N","N","0","","0","0","1","0","0","N","0807","0","1","0","0","0","0","0","1","0","1","N","","","","","","","","","","","","03","  ","","",""
"0333","1","0","0","0","0","0","0","0","0","7","0","","36","01","2017","2017017431","2","40.0361","-76.2571","0327","08","0","0","0","0","0","0","0","0","","0","0","0","03","3","1","01","0","40 02:09.980","","00","76 15:25.370","3","0","0","0","36215","0","0","0","N","0","0","0","1","36215","0","","4","01","N","N","0","","1","0","0","0","0","","0327","1","1","0","0","0","0","0","1","0","1","N","","","","","","","","","","","","03","  ","","",""
"0759","0","0","0","0","0","0","0","0","0","4","0","","36","02","2017","2017017515","2","40.0248","-76.2048","0752","08","0","0","0","1","0","1","0","0","","0","0","0","07","1","0","02","0","40 01:29.695","","00","76 12:17.002","0","0","0","0","36215","0","0","0","N","0","0","0","3","36215","0","","1","01","N","N","1","","0","0","0","3","2","","0748","0","2","0","0","0","0","0","1","1","2","N","","","","","","","","","","","","03","  ","","",""
"1907","1","0","0","0","0","0","0","0","0","7","0","","36","02","2017","2017017528","5","40.178","-76.6006","1850","08","0","0","0","0","0","0","0","0","2","0","0","0","18","2","0","00","1","40 10:40.692","4","03","76 36:02.034","0","0","0","0","36225","0","0","0","N","0","0","0","1","36505","0","","4","02","N","N","0","","0","0","0","0","0","N","1840","0","1","0","0","0","0","0","2","0","1","N","","","","","","","","","","","","03","  ","","",""
"1515","1","0","0","0","0","0","0","0","0","7","0","","36","02","2017","2017017547","5","40.1675","-76.5741","1507","08","0","1","0","0","0","0","0","0","3","0","0","0","15","1","0","00","2","40 10:03.045","6","00","76 34:26.834","0","0","0","0","36225","0","0","0","N","0","0","0","1","36505","0","","4","07","N","N","0","","0","0","0","0","0","Y","1500","0","1","0","0","0","0","0","2","0","1","N","","","","","","","","","","","","03","  ","","",""
"0714","0","0","0","0","0","0","0","0","0","7","0","","36","02","2017","2017017576","6","40.1474","-75.9045","0629","08","0","0","0","0","0","1","0","0","3","0","0","0","06","5","2","00","2","40 08:50.655","2","00","75 54:16.036","3","0","0","0","36203","0","0","0","","0","0","0","4","68J01","0","","4","02","N","N","0","","2","0","0","0","0","N","0622","2","1","0","0","0","0","0","1","1","1","N","","","","","","","","","","","","03","  ","","",""
"0923","0","0","0","0","0","0","0","0","0","1","1","","36","02","2017","2017017585","2","40.154","-76.5182","0917","08","0","0","0","0","0","1","0","0","2","0","1","0","09","1","1","00","2","40 09:14.496","5","00","76 31:05.414","4","0","0","0","36225","0","0","0","N","0","0","0","2","36505","1","","1","01","N","N","0","","0","0","1","0","0","N","0917","1","2","0","0","0","0","0","2","0","2","N","","","","","","","","","","","","03","  ","","",""
"1815","2","0","0","0","0","0","0","0","0","1","0","","36","02","2017","2017017586","2","40.0704","-76.2699","1803","08","0","0","0","0","0","0","1","0","","0","0","0","18","3","0","01","0","40 04:13.278","","00","76 16:11.508","0","0","0","0","36101","0","0","0","N","0","0","0","2","36101","0","","1","01","N","N","0","","0","0","0","3","2","","1803","0","2","0","0","0","0","0","3","0","2","N","","","","","","","","","","","","03","  ","","",""
"0803","0","0","0","0","0","0","0","0","0","7","0","","36","02","2017","2017017638","5","39.8125","-76.0582","0800","08","0","0","0","0","0","0","0","0","","0","0","0","07","1","0","00","0","39 48:44.925","","00","76 03:29.596","0","0","0","0","36205","0","0","0","","0","0","0","1","68J01","0","","2","06","N","N","1","","0","0","0","0","0","","0758","0","1","0","0","0","0","0","1","0","1","N","","","","","","","","","","","","10","  ","","",""
"0532","1","0","0","0","0","0","0","0","0","6","0","","36","02","2017","2017017665","6","40.0339","-76.0175","0514","08","0","0","0","0","1","1","0","0","","0","0","0","03","2","0","00","0","40 02:01.890","","00","76 01:02.850","0","0","0","0","36232","0","0","0","","0","0","0","2","68J01","0","","1","02","N","N","0","","0","0","1","0","0","","0344","0","2","0","0","0","0","0","1","0","2","N","","","","","","","","","","","","10","  ","","",""
"1206","2","0","0","0","0","0","0","0","0","1","0","","36","01","2017","2017017727","3","40.2259","-76.0592","1158","08","0","0","0","0","0","1","1","0","3","1","0","0","11","1","2","00","2","40 13:33.201","5","00","76 03:33.183","1","0","0","0","36202","0","0","0","","0","0","0","3","68J01","0","2","1","01","N","N","0","0","0","0","1","0","0","N","1153","2","3","1","0","1","2","0","1","0","3","N","","","","","","","","","","","","03","  ","","",""
"0642","1","0","0","0","0","0","0","0","0","8","0","","36","01","2017","2017017744","5","39.8462","-76.3036","0600","08","0","0","0","0","0","0","0","0","5","1","0","0","05","2","0","00","2","39 50:46.200","7","00","76 18:13.100","1","0","0","0","36224","3","1","0","N","1","1","0","4","68J01","0","2","1","01","N","N","1","0","0","0","0","0","0","Y","0557","0","3","0","0","0","0","0","1","0","2","N","","","","","","","","","","","","03","  ","","",""
"1604","1","0","0","0","0","0","0","0","0","4","0","","36","02","2017","2017017764","1","40.052","-76.3533","1601","08","0","0","0","0","0","1","1","0","1","0","0","0","15","1","0","00","2","40 03:07.207","1","00","76 21:11.809","0","0","0","0","36214","0","0","0","","0","0","0","3","36214","0","","1","09","N","N","0","","0","0","1","0","0","Y","1559","0","3","0","0","0","0","0","3","1","3","N","","","","","","","","","","","","07","  ","","",""
"1651","0","0","0","0","0","0","0","0","0","7","0","","36","02","2017","2017017765","1","40.0589","-76.4038","1633","08","0","0","0","0","0","0","0","0","","0","0","0","16","1","0","00","0","40 03:32.095","","00","76 24:13.735","0","0","0","0","36214","0","0","0","","0","0","0","1","36214","0","","2","09","N","N","0","","0","0","1","0","0","","1627","0","1","0","0","0","0","0","3","0","1","N","","","","","","","","","","","","07","  ","","",""
"1828","1","0","0","0","0","0","0","0","0","1","0","","36","02","2017","2017017797","7","40.0264","-76.3055","1826","08","0","0","0","1","0","0","0","0","2","0","0","0","18","3","1","01","2","40 01:35.077","2","00","76 18:19.941","8","0","0","0","36301","0","0","0","N","0","0","0","3","36301","0","","1","01","N","N","0","","0","0","2","3","2","Y","1826","1","3","0","0","0","1","1","3","0","3","N","","","","","","","","","","","","03","  ","","",""
"1630","0","0","0","0","0","0","0","0","0","7","0","","36","02","2017","2017017820","5","40.1552","-76.1239","1624","08","0","0","1","0","0","0","0","0","2","0","0","0","16","1","0","00","2","40 09:18.564","5","00","76 07:26.048","0","0","0","0","36218","0","0","0","N","0","0","0","1","36408","0","","4","02","N","N","0","","0","0","1","0","0","Y","1622","0","1","0","0","0","0","0","1","0","1","N","","","","","","","","","","","","10","  ","","",""