"ARRIVAL_TM","AUTOMOBILE_COUNT","BELTED_DEATH_COUNT","BELTED_SUSP_SERIOUS_INJ_COUNT","BICYCLE_COUNT","BICYCLE_DEATH_COUNT","BICYCLE_SUSP_SERIOUS_INJ_COUNT","BUS_COUNT","CHLDPAS_DEATH_COUNT","CHLDPAS_SUSP_SERIOUS_INJ_COUNT","COLLISION_TYPE","COMM_VEH_COUNT","CONS_ZONE_SPD_LIM","COUNTY","CRASH_MONTH","CRASH_YEAR","CRN","DAY_OF_WEEK","DEC_LAT","DEC_LONG","DISPATCH_TM","DISTRICT","DRIVER_COUNT_16YR","DRIVER_COUNT_17YR","DRIVER_COUNT_18YR","DRIVER_COUNT_19YR","DRIVER_COUNT_20YR","DRIVER_COUNT_50_64YR","DRIVER_COUNT_65_74YR","DRIVER_COUNT_75PLUS","EST_HRS_CLOSED","FATAL_COUNT","HEAVY_TRUCK_COUNT","HORSE_BUGGY_COUNT","HOUR_OF_DAY","ILLUMINATION","INJURY_COUNT","INTERSECT_TYPE","LANE_CLOSED","LATITUDE","LN_CLOSE_DIR","LOCATION_TYPE","LONGITUDE","MAX_SEVERITY_LEVEL","MCYCLE_DEATH_COUNT","MCYCLE_SUSP_SERIOUS_INJ_COUNT","MOTORCYCLE_COUNT","MUNICIPALITY","NONMOTR_COUNT","NONMOTR_DEATH_COUNT","NONMOTR_SUSP_SERIOUS_INJ_COUNT","NTFY_HIWY_MAINT","PED_COUNT","PED_DEATH_COUNT","PED_SUSP_SERIOUS_INJ_COUNT","PERSON_COUNT","POLICE_AGCY","POSSIBLE_INJ_COUNT","RDWY_SURF_TYPE_CD","RELATION_TO_ROAD","ROAD_CONDITION","SCH_BUS_IND","SCH_ZONE_IND","SMALL_TRUCK_COUNT","SPEC_JURIS_CD","SUSP_MINOR_INJ_COUNT","SUSP_SERIOUS_INJ_COUNT","SUV_COUNT","TCD_FUNC_CD","TCD_TYPE","TFC_DETOUR_IND","TIME_OF_DAY","TOT_INJ_COUNT","TOTAL_UNITS","UNB_DEATH_COUNT","UNB_SUSP_SERIOUS_INJ_COUNT","UNBELTED_OCC_COUNT","UNK_INJ_DEG_COUNT","UNK_INJ_PER_COUNT","URBAN_RURAL","VAN_COUNT","VEHICLE_COUNT","WORK_ZONE_IND","WORK_ZONE_LOC","WORK_ZONE_TYPE","WORKERS_PRES","WZ_CLOSE_DETOUR","WZ_FLAGGER","WZ_LAW_OFFCR_IND","WZ_LN_CLOSURE","WZ_MOVING","WZ_OTHER","WZ_SHLDER_MDN","ROADWAY_CLEARED","WEATHER1","WEATHER2","WZ_WORKERS_INJ_KILLED","SECONDARY_CRASH","INTERSECTION_RELATED"
"2256","1","0","0","0","0","0","0","0","0","7","0","","36","02","2017","2017017824","4","40.1457","-76.6362","2249","08","0","0","0","1","0","0","0","0","3","0","0","0","22","2","0","00","2","40 08:44.569","6","00","76 38:10.391","0","0","0","0","36237","0","0","0","N","0","0","0","1","36505","0","","5","01","N","N","0","","0","0","0","0","0","Y","2248","0","1","0","0","0","0","0","1","0","1","N","","","","","","","","","","","","03","  ","","",""
"1052","2","0","0","0","0","0","0","0","0","5","0","","36","02","2017","2017017825","3","40.1509","-76.6056","1050","08","0","0","0","0","0","0","0","0","2","0","0","0","10","1","0","00","2","40 09:03.171","2","00","76 36:20.063","0","0","0","0","36407","0","0","0","N","0","0","0","1","36407","0","","6","01","N","N","1","","0","0","0","0","0","N","1035","0","3","0","0","0","0","0","2","0","3","N","","","","","","","","","","","","03","  ","","",""
"1307","0","0","0","0","0","0","0","0","0","4","0","","36","01","2017","2017017834","2","40.1825","-76.1745","1305","08","0","0","0","0","0","1","0","0","","0","0","0","13","1","1","01","0","40 10:57.079","","00","76 10:28.081","3","0","0","0","36408","0","0","0","N","0","0","0","3","36408","0","","1","01","N","N","0","","1","0","2","3","3","","1303","1","2","0","0","0","0","0","2","0","2","N","","","","","","","","","","","","03","  ","","",""
"1613","1","0","0","0","0","0","0","0","0","4","0","","36","02","2017","2017017853","5","40.0319","-76.2398","1607","08","0","0","0","0","0","1","0","0","1","0","0","0","16","1","0","07","1","40 01:57.652","3","02","76 14:34.924","0","0","0","0","36215","0","0","0","N","0","0","0","5","36215","0","","1","01","N","N","1","","0","0","0","3","2","N","1605","0","2","0","0","0","0","0","1","0","2","N","","","","","","","","","","","","03","  ","","",""
"1643","2","0","0","0","0","0","0","0","0","1","0","","36","02","2017","2017017857","5","40.0464","-76.2108","1637","08","0","0","0","0","0","0","0","1","","0","0","0","16","1","0","00","0","40 02:46.931","","00","76 12:38.873","0","0","0","0","36215","0","0","0","N","0","0","0","4","36215","0","","1","01","N","N","0","","0","0","0","0","0","","1636","0","2","0","0","0","0","0","1","0","2","N","","","","","","","","","","","","03","  ","","",""
"1356","2","0","0","0","0","0","0","0","0","2","0","","36","02","2017","2017017860","5","40.0642","-76.2095","1349","08","0","0","0","0","1","0","0","0","2","0","0","0","13","1","2","00","2","40 03:51.223","5","00","76 12:34.250","8","0","0","0","36234","0","0","0","N","0","0","0","2","36215","0","","1","07","N","N","0","","0","0","0","0","0","Y","1349","2","2","0","0","0","2","0","1","0","2","N","","","","","","","","","","","","98","  ","","",""
"1605","2","0","0","0","0","0","0","0","0","1","0","","36","02","2017","2017017861","2","40.0572","-76.396","1600","08","0","0","0","0","0","0","1","0","","0","0","0","16","1","0","00","0","40 03:25.859","","00","76 23:45.715","0","0","0","0","36214","0","0","0","N","0","0","0","2","36214","0","","1","01","N","N","0","","0","0","0","0","0","","1600","0","2","0","0","0","0","0","3","0","2","N","","","","","","","","","","","","03","  ","","",""
"0823","1","0","0","0","0","0","0","0","0","2","0","","36","02","2017","2017017971","3","40.1198","-76.3413","0818","08","0","0","0","0","0","1","0","0","2","0","0","0","08","1","0","00","1","40 07:11.319","2","00","76 20:28.856","0","0","0","0","36101","0","0","0","N","0","0","0","2","36101","0","","1","01","N","N","0","","0","0","1","0","0","N","0815","0","2","0","0","0","0","0","3","0","2","N","","","","","","","","","","","","03","  ","","",""
"1241","2","0","1","0","0","0","0","0","0","4","0","","36","02","2017","2017017993","1","40.0756","-76.3368","1234","08","0","0","0","0","0","1","1","0","2","0","0","0","12","1","3","02","1","40 04:31.899","2","00","76 20:13.074","2","0","0","0","36101","0","0","0","N","0","0","0","3","36101","2","","1","09","N","N","0","","0","1","0","3","2","Y","1232","3","2","0","0","0","0","0","3","0","2","N","","","","","","","","","","","","07","  ","","",""
"0857","1","0","0","0","0","0","0","0","0","4","0","","36","02","2017","2017018013","3","40.0888","-76.3461","0852","08","0","0","0","0","0","0","0","0","2","0","0","0","08","1","1","00","1","40 05:19.798","2","00","76 20:45.988","4","0","0","0","36406","0","0","0","N","0","0","0","2","36101","1","","1","01","N","N","0","","0","0","0","0","0","N","0850","1","2","0","0","0","0","0","3","1","2","N","","","","","","","","","","","","03","  ","","",""
"0805","2","0","0","0","0","0","0","0","0","1","0","","36","02","2017","2017018018","7","40.2178","-76.253","0757","08","0","0","0","1","0","1","0","0","2","0","0","0","07","1","2","02","2","40 13:03.963","6","00","76 15:10.835","4","0","0","0","36204","0","0","0","","0","0","0","2","36506","2","","1","01","N","N","0","","0","0","0","0","0","Y","0757","2","2","0","0","0","0","0","1","0","2","N","","","","","","","","","","","","03","  ","","",""
"0734","0","0","0","0","0","0","0","0","0","1","1","","36","02","2017","2017018064","2","40.0156","-76.26","0725","08","0","0","0","0","0","1","1","0","2","0","0","0","07","1","0","01","1","40 00:56.002","1","00","76 15:35.886","0","0","0","0","36240","0","0","0","N","0","0","0","3","36240","0","","1","01","Y","N","0","","0","0","0","3","2","N","0718","0","2","0","0","0","0","0","1","2","2","N","","","","","","","","","","","","03","  ","","",""
"1403","0","0","0","0","0","0","0","0","0","7","0","","36","02","2017","2017018072","5","40.16","-76.0804","1355","08","0","0","0","0","0","0","0","0","1","0","0","0","13","1","0","00","2","40 09:35.955","5","00","76 04:49.599","0","0","0","0","36209","0","0","0","N","0","0","0","1","36415","0","","2","07","N","N","0","","0","0","1","0","0","N","1350","0","1","0","0","0","0","0","1","0","1","N","","","","","","","","","","","","03","  ","","",""
"1518","1","0","0","0","0","0","0","0","0","7","0","","36","02","2017","2017018075","5","40.0786","-76.1031","1507","08","0","0","0","0","0","0","0","0","","0","0","0","15","1","0","03","0","40 04:42.808","","00","76 06:11.145","0","0","0","0","36209","0","0","0","N","0","0","0","1","36415","0","","4","07","N","N","0","","0","0","0","0","0","","1500","0","1","0","0","0","0","0","1","0","1","N","","","","","","","","","","","","03","  ","","",""
"0919","0","0","0","0","0","0","0","0","0","7","0","","36","02","2017","2017018122","1","39.9218","-76.2825","0900","08","0","0","0","0","1","0","0","0","1","0","0","0","08","2","0","00","1","39 55:18.370","4","00","76 16:56.860","0","0","0","0","36229","0","0","0","","0","0","0","1","68J01","0","","4","01","N","N","0","","0","0","1","0","0","N","0854","0","1","0","0","0","0","0","1","0","1","N","","","","","","","","","","","","03","  ","","",""
"2039","0","0","0","0","0","0","0","0","0","7","0","","36","01","2017","2017018128","2","39.8934","-76.0685","2016","08","0","0","0","0","0","0","0","0","","0","0","0","20","2","0","02","0","39 53:36.174","","00","76 04:06.631","0","0","0","0","36201","0","0","0","","0","0","0","1","68J01","0","","4","01","N","N","1","","0","0","0","0","0","","2015","0","1","0","0","1","0","0","1","0","1","N","","","","","","","","","","","","03","  ","","",""
"0615","0","0","0","0","0","0","0","0","0","7","0","","36","02","2017","2017018196","5","40.2227","-76.2886","0608","08","0","0","0","0","0","0","0","0","","0","0","0","06","2","0","00","0","40 13:21.540","","00","76 17:19.130","0","0","0","0","36217","0","0","0","","0","0","0","2","68J01","0","","4","07","N","N","0","","0","0","1","0","0","","0605","0","1","0","0","0","0","0","1","0","1","N","","","","","","","","","","","","10","  ","","",""
"1610","1","0","0","0","0","0","0","0","0","4","1","","36","02","2017","2017018201","5","39.7965","-76.1655","1523","08","0","0","1","0","0","0","0","0","","0","1","0","15","1","2","01","0","39 47:47.401","","00","76 09:55.753","4","0","0","0","36219","0","0","0","","0","0","0","3","68J01","2","","1","01","N","N","0","","0","0","0","3","3","","1523","2","2","0","0","0","0","0","1","0","2","N","","","","","","","","","","","","03","  ","","",""
"2008","0","0","0","0","0","0","0","0","0","7","0","","36","02","2017","2017018203","5","39.871","-76.2412","2002","08","0","0","0","0","0","1","0","0","2","0","0","0","19","2","0","00","1","39 52:15.531","3","00","76 14:28.481","0","0","0","0","36208","0","0","0","","0","0","0","1","68J01","0","","4","07","N","N","1","","0","0","0","0","0","N","1958","0","1","0","0","0","0","0","1","0","1","N","","","","","","","","","","","","10","  ","","",""
"0824","0","0","0","0","0","0","0","0","0","7","0","","36","02","2017","2017018205","6","39.8692","-76.2461","0800","08","0","0","0","0","0","0","0","0","","0","0","0","07","1","0","00","0","39 52:08.974","","00","76 14:45.928","0","0","0","0","36208","0","0","0","","0","0","0","1","68J01","0","","4","02","N","N","1","","0","0","0","0","0","","0748","0","1","0","0","0","0","0","1","0","1","N","","","","","","","","","","","","03","  ","","",""
"0900","1","0","0","0","0","0","0","0","0","7","0","","36","01","2017","2017018250","4","39.985","-76.2118","0843","08","0","0","0","0","0","0","0","0","","0","0","0","08","1","0","00","0","39 59:06.048","","00","76 12:42.392","0","0","0","0","36233","0","0","0","","0","0","0","1","68J01","0","","4","02","N","N","0","","0","0","0","0","0","","0843","0","1","0","0","0","0","0","1","0","1","N","","","","","","","","","","","","98","  ","","",""
"2357","1","0","0","0","0","0","0","0","0","7","1","","36","01","2017","2017018257","2","40.2224","-76.2877","2341","08","0","0","0","0","0","1","0","0","4","0","1","0","23","2","0","00","2","40 13:20.556","6","00","76 17:15.770","9","0","0","0","36217","0","0","0","","0","0","0","2","68J01","0","","4","01","N","N","0","","0","0","0","0","0","Y","2339","0","2","0","0","1","0","1","1","0","2","N","","","","","","","","","","","","03","  ","","",""
"1723","0","0","0","0","0","0","0","0","0","7","0","","36","01","2017","2017018277","2","39.9633","-76.1082","1722","08","0","0","0","0","0","1","1","0","1","0","0","0","17","4","0","00","1","39 57:47.962","4","00","76 06:29.637","0","0","0","0","36226","0","0","0","","0","0","0","2","68J01","0","","4","02","N","N","0","","0","0","2","0","0","N","1717","0","2","0","0","0","0","0","1","0","2","N","","","","","","","","","","","","10","  ","","",""
"0156","1","0","0","0","0","0","0","0","0","7","0","","36","02","2017","2017018286","6","40.0536","-76.3087","0156","08","0","0","0","0","0","0","0","0","1","0","0","0","01","3","1","01","1","40 03:12.956","4","00","76 18:31.140","3","0","0","0","36301","0","0","0","N","0","0","0","1","36301","0","","4","01","N","N","0","","1","0","0","3","2","Y","0156","1","1","0","0","1","0","0","3","0","1","N","","","","","","","","","","","","03","  ","","",""
"1926","1","0","0","0","0","0","0","0","0","1","0","","36","02","2017","2017018344","2","40.0596","-76.2782","1914","08","0","0","0","0","0","0","0","0","2","0","0","0","19","2","0","06","1","40 03:34.800","2","02","76 16:41.400","0","0","0","0","36101","0","0","0","N","0","0","0","2","36101","0","","1","01","N","N","0","","0","0","1","9","4","N","1911","0","2","0","0","0","0","0","3","0","2","N","","","","","","","","","","","","03","  ","","",""
"1013","1","0","0","0","0","0","0","0","0","4","0","","36","02","2017","2017018351","5","40.1791","-76.3598","1005","08","0","0","1","1","0","0","0","0","","0","0","0","10","1","2","00","0","40 10:44.735","","00","76 21:35.383","4","0","0","0","36227","0","0","0","","0","0","0","2","36506","2","","1","07","N","N","1","","0","0","0","0","0","","1005","2","2","0","0","0","0","0","1","0","2","N","","","","","","","","","","","","10","  ","","",""
"1113","0","0","0","0","0","0","0","0","0","7","0","","36","02","2017","2017018352","5","40.2243","-76.2165","1100","08","0","0","0","1","0","0","0","0","","0","0","0","10","1","0","00","0","40 13:27.354","","00","76 12:59.374","0","0","0","0","36204","0","0","0","","0","0","0","1","36506","0","","4","07","N","N","1","","0","0","0","0","0","","1055","0","1","0","0","0","0","0","1","0","1","N","","","","","","","","","","","","10","  ","","",""
"1110","2","0","0","0","0","0","0","0","0","4","0","","36","02","2017","2017018353","3","40.1292","-76.3076","1110","08","0","0","0","0","0","0","1","1","1","0","0","0","11","1","0","00","1","40 07:45.000","4","07","76 18:27.400","0","0","0","0","36235","0","0","0","","0","0","0","2","36506","0","","1","01","N","N","0","","0","0","0","3","3","N","1110","0","2","0","0","0","0","0","1","0","2","N","","","","","","","","","","","","03","  ","","",""
"1056","1","0","0","0","0","0","0","0","0","7","0","","36","02","2017","2017018360","5","40.2163","-76.0749","1044","08","0","0","0","0","0","0","0","0","","0","0","0","10","1","0","00","0","40 12:58.488","","05","76 04:28.919","0","0","0","0","36210","0","0","0","","0","0","0","1","68T06","0","","3","01","N","N","0","","0","0","0","0","0","","1044","0","1","0","0","0","0","0","1","0","1","N","","","","","","","","","","","","03","  ","","",""
"0421","1","0","0","0","0","0","0","0","0","7","0","","36","02","2017","2017018371","7","40.223","-76.4164","0403","08","0","0","0","0","0","0","0","0","3","0","0","0","03","2","1","00","1","40 13:22.683","4","00","76 25:02.554","8","0","0","0","36227","0","0","0","","0","0","0","1","68T06","0","","5","01","N","N","0","","0","0","0","0","0","N","0358","1","1","0","0","1","1","0","1","0","1","N","","","","","","","","","","","","03","  ","","",""
"0654","1","0","0","0","0","0","0","0","0","4","0","","36","02","2017","2017018435","3","40.0569","-76.3112","0645","08","0","0","0","0","0","1","0","0","1","0","0","0","06","1","0","01","1","40 03:24.706","2","00","76 18:40.172","0","0","0","0","36101","0","0","0","N","0","0","0","2","36101","0","","1","01","N","N","0","","0","0","1","3","2","N","0642","0","2","0","0","0","0","0","3","0","2","N","","","","","","","","","","","","03","  ","","",""
"0651","1","0","0","0","0","0","0","0","0","8","0","","36","02","2017","2017018452","5","40.0951","-76.5206","0647","08","0","0","0","0","0","0","0","0","","0","0","0","06","3","1","01","0","40 05:42.485","","00","76 31:14.217","8","0","0","0","36211","1","0","0","N","1","0","0","2","36504","0","","1","01","N","N","0","","0","0","0","0","0","","0630","1","2","0","0","0","1","1","1","0","1","N","","","","","","","","","","","","03","  ","","",""
"1206","0","0","0","0","0","0","0","0","0","1","0","","36","02","2017","2017018470","2","40.0725","-76.3347","1148","08","0","0","0","0","0","1","0","0","","0","0","0","11","1","0","00","0","40 04:20.933","","00","76 20:04.965","0","0","0","0","36101","0","0","0","N","0","0","0","2","36101","0","","1","01","N","N","1","","0","0","0","3","2","","1130","0","2","0","0","0","0","0","3","1","2","N","","","","","","","","","","","","03","  ","","",""
"1605","1","0","0","0","0","0","0","0","0","4","0","","36","02","2017","2017018479","3","40.0743","-76.2693","1602","08","0","0","0","0","0","0","0","0","2","0","0","0","15","1","2","00","1","40 04:27.548","3","00","76 16:09.594","3","0","0","0","36101","0","0","0","N","0","0","0","2","36101","1","","1","01","N","N","0","","1","0","0","3","3","N","1557","2","2","0","0","0","0","0","3","1","2","N","","","","","","","","","","","","03","  ","","",""
"0740","1","0","0","0","0","0","0","0","0","7","0","","36","02","2017","2017018510","6","39.9901","-76.2207","0737","08","0","0","0","0","0","0","0","0","","0","0","0","07","1","0","00","0","39 59:24.259","","00","76 13:14.555","0","0","0","0","36240","0","0","0","N","0","0","0","1","36240","0","","4","02","N","N","0","","0","0","0","0","0","","0736","0","1","0","0","0","0","0","1","0","1","N","","","","","","","","","","","","03","  ","","",""
"1148","2","0","0","0","0","0","0","0","0","4","0","","36","02","2017","2017018511","4","40.0581","-76.3329","1141","08","0","0","0","0","0","0","0","0","1","0","0","0","11","1","1","00","1","40 03:29.001","3","07","76 19:58.511","4","0","0","0","36101","0","0","0","N","0","0","0","2","36101","1","","1","01","N","N","0","","0","0","0","0","0","N","1135","1","2","0","0","0","0","0","3","0","2","N","","","","","","","","","","","","03","  ","","",""
"1246","1","0","0","0","0","0","0","0","0","7","0","","36","02","2017","2017018519","5","40.0699","-76.6263","1241","08","0","0","1","0","0","0","0","0","","0","0","0","12","1","0","00","0","40 04:11.630","","00","76 37:34.714","0","0","0","0","36207","0","0","0","N","0","0","0","1","36504","0","","5","07","N","N","0","","0","0","0","0","0","","1235","0","1","0","0","0","0","0","1","0","1","N","","","","","","","","","","","","10","  ","","",""
"1840","1","0","0","0","0","0","0","0","0","4","0","","36","01","2017","2017018601","4","40.0368","-76.259","1840","08","0","0","0","0","0","1","0","0","1","0","0","0","18","3","1","00","1","40 02:12.304","4","00","76 15:32.240","3","0","0","0","36301","0","0","0","","0","0","0","2","68J01","0","","1","01","N","N","0","","1","0","1","3","7","N","1840","1","2","0","0","0","0","0","3","0","2","N","","","","","","","","","","","","03","  ","","",""
"0103","1","0","0","0","0","0","0","0","0","7","0","","36","02","2017","2017018620","6","39.7319","-76.1532","0052","08","0","0","0","0","0","0","0","0","","0","0","0","00","2","0","00","0","39 43:54.854","","00","76 09:11.672","0","0","0","0","36219","0","0","0","","0","0","0","1","68J01","0","","4","01","N","N","0","","0","0","0","0","0","","0050","0","1","0","0","0","0","0","1","0","1","N","","","","","","","","","","","","03","  ","","",""
"1745","1","0","0","0","0","0","0","0","0","4","0","","36","02","2017","2017018698","4","40.0397","-76.4959","1741","08","0","0","0","0","0","1","0","1","","0","0","0","17","1","0","01","0","40 02:22.974","","00","76 29:45.222","0","0","0","0","36404","0","0","0","N","0","0","0","4","36404","0","","1","01","N","N","0","","0","0","1","0","0","","1741","0","2","0","0","0","0","0","3","0","2","N","","","","","","","","","","","","03","  ","","",""
"1930","1","0","0","0","0","0","0","0","0","1","0","","36","02","2017","2017018701","4","39.9739","-76.2792","1756","08","0","0","0","0","0","1","0","0","","0","0","0","17","3","0","00","0","39 58:25.878","","00","76 16:45.112","0","0","0","0","36228","0","0","0","N","0","0","0","2","36503","0","","1","01","N","N","0","","0","0","1","0","0","","1756","0","2","0","0","0","0","0","1","0","2","N","","","","","","","","","","","","03","  ","","",""
"1843","2","0","0","0","0","0","0","0","0","1","0","","36","02","2017","2017018737","6","40.0686","-76.3029","1835","08","0","0","0","0","0","0","0","0","","0","0","0","18","3","0","00","0","40 04:07.103","","00","76 18:10.394","0","0","0","0","36101","0","0","0","N","0","0","0","2","36101","0","","1","01","N","N","0","","0","0","0","0","0","","1820","0","2","0","0","0","0","0","3","0","2","N","","","","","","","","","","","","03","  ","","",""
"1800","2","0","0","0","0","0","0","0","0","4","0","","36","02","2017","2017018747","7","40.1136","-76.2496","1750","08","0","0","0","0","0","0","0","1","1","0","0","0","17","2","1","03","2","40 06:48.809","7","07","76 14:58.642","4","0","0","0","36101","0","0","0","N","0","0","0","3","36101","1","","1","01","N","N","0","","0","0","0","3","3","Y","1747","1","2","0","0","0","0","0","3","0","2","N","","","","","","","","","","","","03","  ","","",""
"1814","2","0","0","0","0","0","0","0","0","4","0","","36","01","2017","2017018755","7","40.0558","-76.5262","1811","08","0","0","0","0","0","1","0","0","1","0","0","0","18","3","1","02","2","40 03:20.994","5","00","76 31:34.226","4","0","0","0","36211","0","0","0","N","0","0","0","2","36504","1","","1","01","N","N","0","","0","0","0","3","3","N","1808","1","2","0","0","0","0","0","1","0","2","N","","","","","","","","","","","","03","  ","","",""
"1550","1","0","0","0","0","0","0","0","0","2","0","","36","02","2017","2017018839","4","40.0626","-76.3524","1545","08","0","0","0","0","0","0","0","0","1","0","0","0","15","1","3","00","2","40 03:45.343","5","00","76 21:08.747","3","0","0","0","36214","0","0","0","N","0","0","0","4","36214","2","","1","01","N","N","1","","1","0","0","0","0","Y","1541","3","2","0","0","0","0","0","3","0","2","N","","","","","","","","","","","","03","  ","","",""
"1806","0","0","0","0","0","0","0","0","0","1","0","","36","02","2017","2017018885","3","40.0705","-76.3174","1724","08","0","0","0","0","0","1","0","0","","0","0","0","17","1","0","00","0","40 04:13.776","","00","76 19:02.473","0","0","0","0","36101","0","0","0","N","0","0","0","2","36101","0","","1","01","N","N","1","","0","0","0","0","0","","1720","0","2","0","0","0","0","0","3","1","2","N","","","","","","","","","","","","03","  ","","",""
"0945","1","0","0","0","0","0","0","0","0","4","0","","36","02","2017","2017019215","4","40.1472","-75.9148","0941","08","0","0","0","0","0","1","1","0","2","0","0","0","09","1","0","01","1","40 08:49.762","6","00","75 54:53.287","0","0","0","0","36203","0","0","0","","0","0","0","2","68J01","0","","1","01","N","N","0","","0","0","1","3","3","N","0933","0","2","0","0","0","0","0","1","0","2","N","","","","","","","","","","","","03","  ","","",""
"1859","1","0","0","0","0","0","0","0","0","6","0","","36","02","2017","2017019267","4","39.8871","-76.1622","1844","08","1","0","0","1","0","0","0","0","","0","0","0","18","3","0","00","0","39 53:13.475","","00","76 09:44.073","0","0","0","0","36212","0","0","0","","0","0","0","3","68J01","0","","1","01","N","N","0","","0","0","1","0","0","","1842","0","2","0","0","1","0","0","1","0","2","N","","","","","","","","","","","","03","  ","","",""
"1815","2","0","0","0","0","0","0","0","0","4","0","","36","02","2017","2017019342","5","40.0393","-76.3619","1811","08","0","1","0","0","0","0","0","0","1","0","0","0","18","3","0","00","1","40 02:21.466","4","00","76 21:42.700","0","0","0","0","36214","0","0","0","N","0","0","0","3","36214","0","","1","01","N","N","0","","0","0","0","0","0","N","1809","0","2","0","0","0","0","0","3","0","2","N","","","","","","","","","","","","03","  ","","",""
"1939","1","0","0","0","0","0","0","0","0","1","0","","36","02","2017","2017019347","4","40.1772","-76.6015","1929","08","0","0","0","0","1","0","0","0","","0","0","0","19","2","1","07","0","40 10:36.770","","02","76 36:05.969","8","0","0","0","36225","0","0","0","N","0","0","0","4","36505","0","","1","01","N","N","1","","0","0","0","0","0","","1922","1","2","0","0","0","1","0","2","0","2","N","","","","","","","","","","","","03","  ","","",""
"2210","0","0","0","0","0","0","0","0","0","7","0","","36","02","2017","2017019359","4","40.1714","-76.1761","2206","08","0","0","0","0","0","0","0","0","4","0","0","0","22","3","0","00","2","40 10:17.100","6","00","76 10:33.800","0","0","0","0","36408","0","0","0","N","0","0","0","1","36408","0","","4","01","N","N","0","","0","0","1","0","0","Y","2205","0","1","0","0","0","0","0","2","0","1","N","","","","","","","","","","","","03","  ","","",""
"0212","1","0","1","0","0","0","0","0","0","7","0","","36","02","2017","2017019366","2","40.0555","-76.2662","0207","08","0","0","0","0","0","0","0","0","","0","0","0","02","3","3","02","0","40 03:19.713","","02","76 15:58.273","2","0","0","0","36215","0","0","0","N","0","0","0","3","36215","0","","4","01","N","N","0","","1","1","0","0","0","","0205","3","1","0","0","1","1","0","1","0","1","N","","","","","","","","","","","","03","  ","","",""
"2109","1","0","0","0","0","0","0","0","0","7","0","","36","02","2017","2017019378","5","40.1475","-76.1833","2106","08","0","0","0","0","0","0","0","0","2","0","0","0","21","2","1","00","1","40 08:57.374","1","00","76 10:40.283","8","0","0","0","36238","0","0","0","Y","0","0","0","2","36238","0","","2","01","N","N","0","","0","0","0","0","0","N","2106","1","1","0","0","0","1","0","3","0","1","N","","","","","","","","","","","","03","  ","","",""
"1653","1","0","0","0","0","0","0","0","0","7","0","","36","02","2017","2017019382","5","40.0769","-76.5561","1651","08","0","0","0","0","0","0","0","0","1","0","0","0","16","1","1","00","1","40 04:36.900","4","00","76 33:22.100","4","0","0","0","36211","0","0","0","N","0","0","0","1","36504","1","","4","01","N","N","0","","0","0","0","0","0","N","1649","1","1","0","0","0","0","0","1","0","1","N","","","","","","","","","","","","03","  ","","",""
"1752","0","0","0","0","0","0","0","0","0","7","0","","36","02","2017","2017019385","1","40.0544","-76.2789","1746","08","0","0","0","0","0","1","0","0","2","0","0","0","16","1","1","00","2","40 03:15.912","5","00","76 16:43.988","4","0","0","0","36101","0","0","0","N","0","0","0","2","36101","1","","4","09","N","N","0","","0","0","1","0","0","Y","1650","1","1","0","0","0","0","0","3","0","1","N","","","","","","","","","","","","03","  ","","",""
"1757","1","0","0","0","0","0","0","0","0","7","0","","36","02","2017","2017019393","5","40.0594","-76.4441","1753","08","0","0","0","0","0","1","0","0","1","0","0","0","17","4","0","00","2","40 03:33.897","5","00","76 26:38.761","0","0","0","0","36239","0","0","0","N","0","0","0","1","36239","0","","5","01","N","N","0","","0","0","0","0","0","N","1748","0","1","0","0","0","0","0","3","0","1","N","","","","","","","","","","","","03","  ","","",""
"2155","1","0","0","0","0","0","0","0","0","9","0","","36","02","2017","2017019417","3","40.0761","-76.6443","2149","08","0","0","1","0","0","0","0","0","","0","0","0","21","2","0","02","0","40 04:33.923","","00","76 38:39.647","0","0","0","0","36207","0","0","0","N","0","0","0","1","36504","0","","1","01","N","N","0","","0","0","0","0","0","","2140","0","1","0","0","0","0","0","1","0","1","N","","","","","","","","","","","","03","  ","","",""
"0618","1","0","0","0","0","0","0","0","0","2","0","","36","02","2017","2017019493","6","40.1611","-76.3995","0611","08","0","0","0","0","0","0","1","0","2","0","0","0","06","3","1","00","2","40 09:39.900","6","00","76 23:58.246","8","0","0","0","36410","0","0","0","N","0","0","0","1","36410","0","","1","01","N","N","0","","0","0","3","0","0","Y","0611","1","5","0","0","0","1","0","2","1","5","N","","","","","","","","","","","","03","  ","","",""
"1624","1","0","1","0","0","0","0","0","0","4","0","","36","02","2017","2017019560","3","40.0345","-76.4604","1621","08","0","1","0","0","0","0","1","0","3","0","0","0","16","1","3","00","1","40 02:04.203","4","00","76 27:37.547","2","0","0","0","36239","0","0","0","N","0","0","0","4","36239","2","","1","01","N","N","1","","0","1","0","0","0","Y","1616","3","2","0","0","0","0","0","3","0","2","N","","","","","","","","","","","","03","  ","","",""
"1715","1","0","0","0","0","0","0","0","0","1","0","","36","02","2017","2017019571","3","40.0307","-76.5107","1704","08","0","0","0","0","0","0","0","0","2","0","0","0","17","1","1","00","1","40 01:50.519","4","03","76 30:38.477","8","0","0","0","36239","0","0","0","N","0","0","0","4","36239","0","","1","01","N","N","1","","0","0","0","0","0","N","1704","1","2","0","0","3","1","0","3","0","2","N","","","","","","","","","","","","03","  ","","",""