"ARRIVAL_TM","AUTOMOBILE_COUNT","BELTED_DEATH_COUNT","BELTED_SUSP_SERIOUS_INJ_COUNT","BICYCLE_COUNT","BICYCLE_DEATH_COUNT","BICYCLE_SUSP_SERIOUS_INJ_COUNT","BUS_COUNT","CHLDPAS_DEATH_COUNT","CHLDPAS_SUSP_SERIOUS_INJ_COUNT","COLLISION_TYPE","COMM_VEH_COUNT","CONS_ZONE_SPD_LIM","COUNTY","CRASH_MONTH","CRASH_YEAR","CRN","DAY_OF_WEEK","DEC_LAT","DEC_LONG","DISPATCH_TM","DISTRICT","DRIVER_COUNT_16YR","DRIVER_COUNT_17YR","DRIVER_COUNT_18YR","DRIVER_COUNT_19YR","DRIVER_COUNT_20YR","DRIVER_COUNT_50_64YR","DRIVER_COUNT_65_74YR","DRIVER_COUNT_75PLUS","EST_HRS_CLOSED","FATAL_COUNT","HEAVY_TRUCK_COUNT","HORSE_BUGGY_COUNT","HOUR_OF_DAY","ILLUMINATION","INJURY_COUNT","INTERSECT_TYPE","LANE_CLOSED","LATITUDE","LN_CLOSE_DIR","LOCATION_TYPE","LONGITUDE","MAX_SEVERITY_LEVEL","MCYCLE_DEATH_COUNT","MCYCLE_SUSP_SERIOUS_INJ_COUNT","MOTORCYCLE_COUNT","MUNICIPALITY","NONMOTR_COUNT","NONMOTR_DEATH_COUNT","NONMOTR_SUSP_SERIOUS_INJ_COUNT","NTFY_HIWY_MAINT","PED_COUNT","PED_DEATH_COUNT","PED_SUSP_SERIOUS_INJ_COUNT","PERSON_COUNT","POLICE_AGCY","POSSIBLE_INJ_COUNT","RDWY_SURF_TYPE_CD","RELATION_TO_ROAD","ROAD_CONDITION","SCH_BUS_IND","SCH_ZONE_IND","SMALL_TRUCK_COUNT","SPEC_JURIS_CD","SUSP_MINOR_INJ_COUNT","SUSP_SERIOUS_INJ_COUNT","SUV_COUNT","TCD_FUNC_CD","TCD_TYPE","TFC_DETOUR_IND","TIME_OF_DAY","TOT_INJ_COUNT","TOTAL_UNITS","UNB_DEATH_COUNT","UNB_SUSP_SERIOUS_INJ_COUNT","UNBELTED_OCC_COUNT","UNK_INJ_DEG_COUNT","UNK_INJ_PER_COUNT","URBAN_RURAL","VAN_COUNT","VEHICLE_COUNT","WORK_ZONE_IND","WORK_ZONE_LOC","WORK_ZONE_TYPE","WORKERS_PRES","WZ_CLOSE_DETOUR","WZ_FLAGGER","WZ_LAW_OFFCR_IND","WZ_LN_CLOSURE","WZ_MOVING","WZ_OTHER","WZ_SHLDER_MDN","ROADWAY_CLEARED","WEATHER1","WEATHER2","WZ_WORKERS_INJ_KILLED","SECONDARY_CRASH","INTERSECTION_RELATED"
"1254","0","0","0","0","0","0","0","0","0","4","0","","36","02","2017","2017019575","6","40.087","-76.2758","1248","08","0","0","0","0","0","0","0","1","1","0","0","0","12","1","1","02","1","40 05:13.246","3","00","76 16:32.826","8","0","0","0","36101","0","0","0","N","0","0","0","5","36101","0","","1","01","N","N","0","","0","0","2","3","3","N","1246","1","2","0","0","0","1","0","3","0","2","N","","","","","","","","","","","","03","  ","","",""
"0040","0","0","0","0","0","0","0","0","0","7","0","","36","02","2017","2017019675","1","40.0188","-76.3693","0036","08","0","0","0","0","0","0","0","0","","0","0","0","00","3","0","00","0","40 01:07.600","","00","76 22:09.610","0","0","0","0","36223","0","0","0","","0","0","0","1","36223","0","","4","01","N","N","0","","0","0","1","0","0","","0033","0","1","0","0","0","0","0","1","0","1","N","","","","","","","","","","","","03","  ","","",""
"0732","1","0","0","0","0","0","0","0","0","4","0","","36","02","2017","2017019691","4","40.0116","-76.0464","0724","08","0","0","0","0","0","0","0","0","","0","0","0","07","1","1","01","0","40 00:41.713","","00","76 02:47.122","3","0","0","0","36232","0","0","0","","0","0","0","2","68J01","0","","1","01","N","N","0","","1","0","0","3","3","","0706","1","2","0","0","0","0","0","1","1","2","N","","","","","","","","","","","","03","  ","","",""
"0531","0","0","0","0","0","0","0","0","0","7","0","","36","01","2017","2017019705","4","39.7677","-76.068","0431","08","0","0","0","0","0","0","0","0","2","0","0","0","04","3","0","00","1","39 46:03.669","4","00","76 04:04.679","0","0","0","0","36222","0","0","0","","0","0","0","1","68J01","0","","4","02","N","N","1","","0","0","0","0","0","N","0425","0","1","0","0","0","0","0","1","0","1","N","","","","","","","","","","","","10","  ","","",""
"0556","1","0","0","0","0","0","0","0","0","1","0","","36","01","2017","2017019706","4","39.7496","-76.1643","0544","08","0","0","0","0","0","0","0","0","1","0","0","0","05","3","0","00","1","39 44:58.554","1","00","76 09:51.307","0","0","0","0","36219","0","0","0","","0","0","0","1","68J01","0","","4","02","N","N","1","","0","0","0","0","0","N","0543","0","2","0","0","0","0","0","1","0","2","N","","","","","","","","","","","","10","  ","","",""
"0800","1","0","0","0","0","0","0","0","0","4","0","","36","02","2017","2017019800","5","40.2377","-76.4364","0748","08","0","0","1","0","0","0","0","0","3","0","0","0","07","1","0","00","1","40 14:15.666","2","00","76 26:11.065","0","0","0","0","36230","0","0","0","","0","0","0","2","36410","0","","1","01","N","N","0","","0","0","1","0","0","N","0740","0","2","0","0","0","0","0","1","0","2","N","","","","","","","","","","","","03","  ","","",""
"0945","1","0","0","0","0","0","0","0","0","7","0","","36","02","2017","2017019801","6","40.1232","-76.4192","0938","08","0","0","0","0","0","0","0","0","2","0","0","0","09","1","0","00","1","40 07:23.420","3","00","76 25:09.120","0","0","0","0","36230","0","0","0","","0","0","0","1","36410","0","","4","02","N","N","0","","0","0","0","0","0","N","0938","0","1","0","0","0","0","0","1","0","1","N","","","","","","","","","","","","03","  ","","",""
"1316","2","0","0","0","0","0","0","0","0","1","0","","36","02","2017","2017019802","7","40.1766","-76.4026","1305","08","0","0","0","0","1","3","0","0","2","0","0","0","13","1","0","02","2","40 10:35.758","2","00","76 24:09.248","0","0","0","0","36230","0","0","0","","0","0","0","4","36410","0","","1","01","N","N","0","","0","0","2","0","0","N","1304","0","4","0","0","0","0","0","1","0","4","N","","","","","","","","","","","","03","  ","","",""
"0048","0","0","0","0","0","0","0","0","0","5","0","","36","02","2017","2017019820","1","40.0593","-76.5431","0046","08","0","0","0","0","0","0","0","0","","0","0","0","00","2","0","00","0","40 03:33.590","","00","76 32:35.311","0","0","0","0","36411","0","0","0","N","0","0","0","1","36504","0","","6","01","N","N","1","","0","0","2","0","0","","0044","0","3","0","0","0","0","0","1","0","3","N","","","","","","","","","","","","03","  ","","",""
"1515","2","0","0","0","0","0","0","0","0","1","0","","36","02","2017","2017019830","6","40.0913","-76.3301","1508","08","0","0","0","1","0","0","0","0","2","0","0","0","15","1","0","00","1","40 05:28.627","1","07","76 19:48.506","0","0","0","0","36101","0","0","0","N","0","0","0","3","36101","0","","1","01","N","N","0","","0","0","1","0","0","N","1506","0","3","0","0","0","0","0","3","0","3","N","","","","","","","","","","","","03","  ","","",""
"1353","1","0","0","0","0","0","0","0","0","7","0","","36","02","2017","2017019836","3","40.018","-76.3448","1352","08","0","0","0","0","0","0","0","0","","0","0","0","13","1","1","00","0","40 01:04.675","","00","76 20:41.229","4","0","0","0","36220","0","0","0","N","0","0","0","1","36101","1","","5","01","N","N","0","","0","0","0","0","0","","1345","1","1","0","0","1","0","0","3","0","1","N","","","","","","","","","","","","03","  ","","",""
"0700","1","0","0","0","0","0","0","0","0","7","0","","36","02","2017","2017019843","7","40.0469","-76.413","0653","08","0","1","0","0","0","0","0","0","1","0","0","0","06","1","0","00","1","40 02:48.684","3","00","76 24:46.882","0","0","0","0","36239","0","0","0","Y","0","0","0","1","36239","0","","2","01","N","N","0","","0","0","0","0","0","N","0653","0","1","0","0","0","0","0","3","0","1","N","","","","","","","","","","","","03","  ","","",""
"1245","2","0","0","0","0","0","0","0","0","4","0","","36","02","2017","2017019850","2","40.0497","-76.2924","1235","08","0","1","0","0","0","0","0","1","2","0","0","0","12","1","3","01","1","40 02:58.969","4","00","76 17:32.583","4","0","0","0","36301","0","0","0","N","0","0","0","3","36301","3","","1","01","N","N","0","","0","0","0","3","3","Y","1235","3","2","0","0","0","0","0","3","0","2","N","","","","","","","","","","","","03","  ","","",""
"0710","2","0","0","0","0","0","0","0","0","5","0","","36","02","2017","2017019859","7","40.041","-76.2919","0701","08","0","0","0","0","0","0","0","0","","0","0","0","07","5","0","00","0","40 02:27.535","","00","76 17:30.833","0","0","0","0","36301","0","0","0","N","0","0","0","1","36301","0","","6","01","N","N","0","","0","0","0","0","0","","0701","0","2","0","0","0","0","0","3","0","2","N","","","","","","","","","","","","03","  ","","",""
"1307","2","0","0","0","0","0","0","0","0","1","0","","36","02","2017","2017019871","2","40.0416","-76.3016","1306","08","0","0","0","0","0","1","0","0","1","0","0","0","13","1","1","00","1","40 02:29.741","3","00","76 18:05.669","3","0","0","0","36301","0","0","0","N","0","0","0","1","36301","0","","6","01","N","N","0","","1","0","0","0","0","N","1306","1","2","0","0","0","0","0","3","0","2","N","","","","","","","","","","","","03","  ","","",""
"1315","2","0","0","0","0","0","0","0","0","4","0","","36","02","2017","2017019885","5","40.1683","-76.2024","1313","08","0","0","0","0","0","1","0","0","","0","0","0","13","1","1","03","0","40 10:05.739","","00","76 12:08.829","4","0","0","0","36408","0","0","0","N","0","0","0","2","36408","1","","1","01","N","N","0","","0","0","0","3","3","","1310","1","2","0","0","0","0","0","2","0","2","N","","","","","","","","","","","","03","  ","","",""
"1340","2","0","0","0","0","0","0","0","0","4","0","","36","02","2017","2017019888","6","40.1432","-76.5962","1338","08","0","0","0","0","0","3","0","0","","0","0","0","13","1","0","02","0","40 08:35.370","","00","76 35:46.214","0","0","0","0","36407","0","0","0","N","0","0","0","3","36407","0","","1","01","N","N","1","","0","0","0","0","0","","1335","0","3","0","0","0","0","0","2","0","3","N","","","","","","","","","","","","03","  ","","",""
"1604","1","0","0","0","0","0","0","0","0","1","0","","36","02","2017","2017019910","7","40.1096","-76.0145","1600","08","0","0","1","0","0","2","0","0","2","0","0","0","16","1","1","00","2","40 06:34.381","6","00","76 00:52.108","3","0","0","0","36213","0","0","0","N","0","0","0","3","36213","0","","1","01","N","N","1","","1","0","1","0","0","Y","1600","1","3","0","0","1","0","0","1","0","3","N","","","","","","","","","","","","03","  ","","",""
"1340","0","0","0","0","0","0","0","0","0","0","0","","36","02","2017","2017019913","7","40.1816","-76.5856","1332","08","0","0","0","0","0","1","0","0","2","0","0","0","13","1","1","00","2","40 10:53.767","1","00","76 35:08.003","8","0","0","1","36225","0","0","0","N","0","0","0","1","36505","0","","4","01","N","N","0","","0","0","0","0","0","N","1329","1","1","0","0","0","1","0","2","0","1","N","","","","","","","","","","","","03","  ","","",""
"1633","0","0","0","0","0","0","0","0","0","7","0","","36","02","2017","2017019953","7","40.1204","-76.4612","1625","08","0","0","0","0","0","1","0","0","","0","0","0","99","1","1","00","0","40 07:13.398","","00","76 27:40.201","3","0","0","0","36230","0","0","0","N","0","0","0","1","36410","0","","5","01","N","N","0","","1","0","0","0","0","","9999","1","1","0","0","0","0","0","1","1","1","N","","","","","","","","","","","","03","  ","","",""
"1910","1","0","0","0","0","0","0","0","0","8","0","","36","02","2017","2017019981","6","40.0898","-76.3045","1905","08","0","0","0","0","0","0","0","1","1","0","0","0","19","3","1","00","1","40 05:23.432","2","00","76 18:16.302","3","0","0","0","36101","1","0","0","N","1","0","0","3","36101","0","","2","01","N","N","0","","1","0","0","0","0","N","1905","1","2","0","0","0","0","0","3","0","1","N","","","","","","","","","","","","03","  ","","",""
"1810","1","0","0","0","0","0","0","0","0","8","0","","36","02","2017","2017019988","7","40.1784","-76.177","1808","08","0","0","0","0","0","0","0","1","3","0","0","0","18","3","1","00","2","40 10:42.315","6","00","76 10:37.020","2","0","0","0","36408","1","0","1","N","1","0","1","2","36408","0","","1","01","N","N","0","","0","1","0","0","0","Y","1806","1","2","0","0","0","0","0","2","0","1","N","","","","","","","","","","","","03","  ","","",""
"1953","1","0","0","0","0","0","0","0","0","4","0","","36","02","2017","2017019989","6","40.0579","-76.2808","1934","08","0","0","0","0","0","1","0","0","3","0","0","0","19","3","1","01","1","40 03:28.292","1","00","76 16:50.947","4","0","0","0","36101","0","0","0","N","0","0","0","3","36101","1","","1","01","N","N","0","","0","0","1","1","2","N","1911","1","2","0","0","0","0","0","3","0","2","N","","","","","","","","","","","","03","  ","","",""
"0952","1","0","0","1","0","0","0","0","0","4","0","","36","02","2017","2017020047","7","40.0881","-76.3552","0948","08","0","0","0","0","0","1","0","0","","0","0","0","09","1","1","01","0","40 05:17.127","","00","76 21:18.576","3","0","0","0","36214","1","0","0","N","0","0","0","2","36214","0","","1","01","N","N","0","","1","0","0","0","0","","0948","1","2","0","0","0","0","0","3","0","1","N","","","","","","","","","","","","03","  ","","",""
"0920","1","0","0","0","0","0","0","0","0","4","0","","36","02","2017","2017020059","2","40.1383","-76.1002","0914","08","0","0","0","0","0","2","0","0","","0","0","0","09","1","0","01","0","40 08:17.897","","00","76 06:00.677","0","0","0","0","36209","0","0","0","N","0","0","0","2","36415","0","","1","01","N","N","0","","0","0","1","3","3","","0910","0","2","0","0","0","0","0","1","0","2","N","","","","","","","","","","","","03","  ","","",""
"1654","0","0","0","0","0","0","0","0","0","2","0","","36","02","2017","2017020062","5","40.1118","-76.0642","1620","08","0","0","0","0","0","0","0","1","","0","0","0","16","1","0","00","0","40 06:42.657","","00","76 03:51.274","0","0","0","0","36209","0","0","0","N","0","0","0","2","36415","0","","1","07","N","N","0","","0","0","0","0","0","","1620","0","2","0","0","0","0","0","1","2","2","N","","","","","","","","","","","","10","  ","","",""
"0820","1","0","0","0","0","0","0","0","0","7","0","","36","02","2017","2017020063","1","40.0412","-76.3902","0820","08","0","1","0","0","0","0","0","0","","0","0","0","08","1","0","00","0","40 02:28.189","","00","76 23:24.883","0","0","0","0","36214","0","0","0","N","0","0","0","1","36214","0","","5","01","N","N","0","","0","0","0","0","0","","0820","0","1","0","0","0","0","0","3","0","1","N","","","","","","","","","","","","03","  ","","",""
"1308","1","0","0","0","0","0","0","0","0","9","0","","36","02","2017","2017020100","1","40.0546","-76.3808","1305","08","0","0","0","0","0","1","0","0","","0","0","0","13","1","0","02","0","40 03:16.545","","00","76 22:50.716","0","0","0","0","36214","0","0","0","N","0","0","0","2","36214","0","","1","01","N","N","0","","0","0","0","0","0","","1300","0","1","0","0","0","0","0","3","0","1","N","","","","","","","","","","","","03","  ","","",""
"1811","1","0","0","0","0","0","0","0","0","8","0","","36","02","2017","2017020188","7","40.1023","-76.3054","1809","08","0","0","0","0","0","1","0","0","4","1","0","0","18","4","1","00","2","40 06:08.292","5","00","76 18:19.381","1","0","0","0","36101","1","1","0","N","1","1","0","2","36101","0","2","1","01","N","N","0","0","1","0","0","0","0","Y","1806","1","2","0","0","0","0","0","3","0","1","N","","","","","","","","","","","","03","  ","","",""
"2049","1","0","0","0","0","0","0","0","0","7","0","","36","02","2017","2017020197","5","40.1649","-76.603","2047","08","1","0","0","0","0","0","0","0","","0","0","0","20","3","0","00","0","40 09:53.467","","00","76 36:10.929","0","0","0","0","36407","0","0","0","N","0","0","0","2","36407","0","","5","01","N","N","0","","0","0","0","0","0","","2047","0","1","0","0","0","0","0","2","0","1","N","","","","","","","","","","","","03","  ","","",""
"2053","0","0","1","0","0","0","0","0","0","0","0","","36","02","2017","2017020227","7","40.1682","-76.1067","2042","08","0","0","1","0","0","0","0","0","","0","0","0","20","2","1","00","0","40 10:05.500","","00","76 06:24.000","2","0","0","0","36218","0","0","0","N","0","0","0","3","36408","0","","1","01","N","N","0","","0","1","1","0","0","","2040","1","1","0","0","0","0","0","1","0","1","N","","","","","","","","","","","","03","  ","","",""
"2359","2","0","0","0","0","0","0","0","0","1","0","","36","02","2017","2017020243","6","40.0563","-76.2922","2353","08","0","0","0","0","0","0","0","0","2","0","0","0","23","3","1","00","1","40 03:22.500","4","00","76 17:31.800","4","0","0","0","36101","0","0","0","N","0","0","0","1","36101","1","","6","01","N","N","0","","0","0","1","0","0","N","2351","1","3","0","0","0","0","0","3","0","3","N","","","","","","","","","","","","03","  ","","",""
"0604","1","0","0","0","0","0","0","0","0","1","0","","36","02","2017","2017020272","2","40.21","-76.0399","0604","08","0","0","0","0","0","0","0","0","1","0","0","0","06","3","0","00","1","40 12:36.139","3","00","76 02:25.402","0","0","0","0","36202","0","0","0","","0","0","0","2","68T06","0","","1","01","N","N","1","","0","0","0","4","8","N","0604","0","2","0","0","0","0","0","1","0","2","N","","","","","","","","","","","","03","  ","","",""
"1641","1","0","1","0","0","0","0","0","0","5","0","","36","02","2017","2017020280","6","40.2352","-76.2944","1638","08","0","0","0","0","0","1","0","0","2","0","0","0","16","1","1","00","1","40 14:06.748","4","00","76 17:39.023","2","0","0","0","36217","0","0","0","","0","0","0","3","68T06","0","","1","01","N","N","1","","0","1","0","0","0","N","1637","1","2","0","0","0","0","0","1","0","2","N","","","","","","","","","","","","03","  ","","",""
"0858","2","0","0","0","0","0","0","0","0","4","0","","36","01","2017","2017020298","4","39.9824","-76.1783","0854","08","0","0","0","0","0","0","0","0","2","0","0","0","08","1","0","00","2","39 58:56.811","1","00","76 10:41.975","0","0","0","0","36417","1","0","0","","0","0","0","3","36417","0","","1","01","N","N","0","","0","0","1","0","0","N","0853","0","3","0","0","0","0","0","1","0","3","N","","","","","","","","","","","","03","  ","","",""
"1712","1","0","0","0","0","0","0","0","0","1","0","","36","02","2017","2017020316","5","40.0739","-76.3205","1706","08","0","0","0","0","0","1","0","0","","0","0","0","17","1","0","00","0","40 04:26.090","","00","76 19:13.780","0","0","0","0","36101","0","0","0","N","0","0","0","2","36101","0","","1","01","N","N","0","","0","0","1","0","0","","1706","0","2","0","0","0","0","0","3","0","2","N","","","","","","","","","","","","03","  ","","",""
"1018","1","0","0","0","0","0","0","0","0","1","0","","36","02","2017","2017020338","2","40.038","-76.3497","1010","08","0","0","0","0","0","1","0","0","2","0","0","0","10","1","0","00","1","40 02:16.735","4","00","76 20:58.866","0","0","0","0","36214","0","0","0","N","0","0","0","2","36214","0","","1","01","N","N","0","","0","0","0","0","0","Y","1005","0","2","0","0","0","0","0","3","1","2","N","","","","","","","","","","","","03","  ","","",""
"1545","1","0","0","0","0","0","0","0","0","8","0","","36","02","2017","2017020339","3","40.034","-76.3038","1518","08","0","0","0","0","0","1","0","0","","0","0","0","08","1","1","00","0","40 02:02.300","","00","76 18:13.700","4","0","0","0","36301","1","0","0","N","1","0","0","2","36301","1","","1","01","N","N","0","","0","0","0","0","0","","0800","1","2","0","0","0","0","0","3","0","1","N","","","","","","","","","","","","03","  ","","",""
"1619","1","0","0","0","0","0","0","0","0","1","0","","36","02","2017","2017020359","4","40.081","-76.349","1615","08","0","0","0","0","0","0","0","1","3","1","0","0","16","1","2","00","1","40 04:51.559","4","02","76 20:56.294","1","0","0","0","36101","0","0","0","N","0","0","0","3","36101","0","2","7","01","N","N","0","0","2","0","1","0","0","Y","1610","2","2","1","0","1","0","0","3","0","2","N","","","","","","","","","","","","03","  ","","",""
"1213","1","0","0","0","0","0","0","0","0","6","1","","36","02","2017","2017020362","2","","","1208","08","0","0","0","0","1","1","0","0","1","0","1","0","12","1","0","00","1","40 05:11.6","5","00","76 03:39.8","0","0","0","0","36232","0","0","0","N","0","0","0","2","36415","0","","1","01","N","N","0","","0","0","0","0","0","N","1205","0","2","0","0","0","0","0","1","0","2","N","","","","","","","","","","","","03","  ","","",""
"1035","1","0","0","0","0","0","0","0","0","1","0","","36","02","2017","2017020363","5","40.0651","-76.4449","1033","08","0","0","0","0","0","1","0","0","","0","0","0","10","1","0","00","0","40 03:54.287","","00","76 26:41.500","0","0","0","0","36239","0","0","0","N","0","0","0","2","36239","0","","1","01","N","N","0","","0","0","1","0","0","","1033","0","2","0","0","0","0","0","3","0","2","N","","","","","","","","","","","","03","  ","","",""
"1118","0","0","0","0","0","0","0","0","0","4","0","","36","02","2017","2017020381","2","40.1157","-76.5938","1109","08","0","0","0","0","0","0","0","0","","0","0","0","11","1","0","01","0","40 06:56.592","","00","76 35:37.703","0","0","0","0","36237","0","0","0","N","0","0","0","4","36505","0","","1","01","Y","N","1","","0","0","1","3","3","","1109","0","2","0","0","0","0","0","1","0","2","N","","","","","","","","","","","","03","  ","","",""
"1905","0","0","0","0","0","0","0","0","0","7","0","","36","01","2017","2017020433","4","40.038","-76.2706","1904","08","0","0","0","0","0","0","0","0","","0","0","0","19","3","0","00","0","40 02:16.661","","00","76 16:14.181","0","0","0","0","36215","0","0","0","","0","0","0","1","68J01","0","","4","01","N","N","0","","0","0","1","0","0","","1904","0","1","0","0","0","0","0","1","0","1","N","","","","","","","","","","","","03","  ","","",""
"1753","0","0","0","0","0","0","0","0","0","7","0","","36","02","2017","2017020513","2","40.2595","-76.1163","1750","08","0","0","0","0","0","0","0","0","2","0","0","0","17","1","0","00","1","40 15:34.089","2","00","76 06:58.795","0","0","0","0","36210","0","0","0","N","0","0","0","1","36408","0","","5","01","N","N","1","","0","0","0","0","0","N","1739","0","1","0","0","0","0","0","1","0","1","N","","","","","","","","","","","","03","  ","","",""
"2255","3","0","0","0","0","0","0","0","0","5","0","","36","02","2017","2017020547","2","40.0392","-76.4305","2255","08","0","0","0","0","0","0","0","0","2","0","0","0","22","3","0","00","1","40 02:20.961","3","00","76 25:49.781","0","0","0","0","36414","0","0","0","N","0","0","0","1","36239","0","","2","01","N","N","0","","0","0","0","0","0","N","2255","0","3","0","0","1","0","0","3","0","3","N","","","","","","","","","","","","03","  ","","",""
"1750","2","0","1","0","0","0","0","0","0","1","0","","36","02","2017","2017020712","2","40.1087","-76.247","1744","08","0","0","0","0","0","1","0","0","3","0","0","0","17","3","2","00","1","40 06:31.461","2","00","76 14:49.064","2","0","0","0","36101","0","0","0","Y","0","0","0","3","36101","0","","1","01","N","N","0","","1","1","1","0","0","N","1742","2","3","0","0","0","0","0","3","0","3","N","","","","","","","","","","","","03","  ","","",""
"1353","2","0","0","0","0","0","0","0","0","1","1","","36","02","2017","2017020720","2","40.2186","-76.2556","1347","08","0","1","0","0","0","1","0","0","2","0","1","0","13","1","1","02","1","40 13:06.943","6","00","76 15:20.311","8","0","0","0","36204","0","0","0","","0","0","0","4","36506","0","","1","01","N","N","0","","0","0","0","3","3","N","1347","1","3","0","0","0","1","0","1","0","3","N","","","","","","","","","","","","03","  ","","",""
"1555","1","0","0","0","0","0","0","0","0","1","0","","36","02","2017","2017020735","4","40.1026","-76.3313","1549","08","0","0","0","1","0","0","0","0","2","0","0","0","15","1","0","00","1","40 06:09.285","1","00","76 19:52.509","0","0","0","0","36101","0","0","0","N","0","0","0","3","36101","0","","1","01","N","N","0","","0","0","1","0","0","N","1547","0","2","0","0","0","0","0","3","0","2","N","","","","","","","","","","","","03","  ","","",""
"1227","1","0","0","0","0","0","0","0","0","4","0","","36","02","2017","2017020737","2","40.0415","-76.3294","1221","08","0","0","0","1","0","0","0","0","3","0","0","0","12","1","0","00","1","40 02:29.307","2","00","76 19:46.002","0","0","0","0","36220","0","0","0","N","0","0","0","2","36101","0","","1","01","N","N","0","","0","0","1","3","3","N","1219","0","2","0","0","0","0","0","3","0","2","N","","","","","","","","","","","","03","  ","","",""
"1618","1","0","0","0","0","0","0","0","0","4","0","","36","02","2017","2017020812","3","40.0229","-76.2647","1609","08","0","0","0","0","0","0","0","1","","0","0","0","16","1","0","01","0","40 01:22.402","","00","76 15:52.862","0","0","0","0","36240","0","0","0","N","0","0","0","5","36240","0","","1","01","N","N","0","","0","0","1","3","2","","1609","0","2","0","0","0","0","0","1","0","2","N","","","","","","","","","","","","03","  ","","",""
"0659","0","0","0","0","0","0","0","0","0","7","0","","36","02","2017","2017020926","5","40.068","-76.2981","0654","08","0","0","0","0","0","0","0","0","2","0","0","0","06","5","1","00","2","40 04:04.950","4","00","76 17:53.372","4","0","0","0","36101","0","0","0","N","0","0","0","1","36101","1","","2","01","N","N","0","","0","0","1","0","0","Y","0651","1","1","0","0","0","0","0","3","0","1","N","","","","","","","","","","","","03","  ","","",""
"2001","2","0","0","0","0","0","0","0","0","4","0","","36","02","2017","2017020949","6","40.0392","-76.3088","1957","08","0","0","0","0","0","0","0","0","2","0","0","0","19","3","0","01","2","40 02:21.252","4","00","76 18:31.657","0","0","0","0","36301","0","0","0","N","0","0","0","2","36301","0","","1","01","N","N","0","","0","0","1","3","3","Y","1957","0","3","0","0","0","0","0","3","0","3","N","","","","","","","","","","","","03","  ","","",""
"1527","0","0","0","0","0","0","0","0","0","0","0","","36","02","2017","2017021030","1","40.0525","-76.5175","1518","08","0","0","0","0","0","0","0","0","","0","0","0","15","1","1","00","0","40 03:08.897","","00","76 31:02.937","4","0","0","1","36239","0","0","0","N","0","0","0","1","36239","1","","1","01","N","N","0","","0","0","0","0","0","","1515","1","1","0","0","0","0","0","3","0","1","N","","","","","","","","","","","","03","  ","","",""
"1535","1","0","0","0","0","0","0","0","0","1","0","","36","02","2017","2017021047","1","40.0525","-76.5175","1535","08","0","0","1","0","0","0","0","0","","0","0","0","15","1","0","00","0","40 03:08.897","","00","76 31:02.937","0","0","0","0","36239","0","0","0","N","0","0","0","4","36239","0","","1","01","N","N","0","","0","0","2","0","0","","1535","0","3","0","0","0","0","0","3","0","3","N","","","","","","","","","","","","03","  ","","",""
"0905","1","0","0","0","0","0","0","0","0","1","0","","36","02","2017","2017021048","3","40.0609","-76.568","0905","08","0","0","0","0","0","0","0","1","1","0","0","0","09","1","1","01","1","40 03:39.357","3","00","76 34:04.694","4","0","0","0","36211","0","0","0","N","0","0","0","2","36504","1","","1","01","N","N","1","","0","0","0","3","2","N","0900","1","2","0","0","0","0","0","1","0","2","N","","","","","","","","","","","","03","  ","","",""
"1351","2","0","0","0","0","0","0","0","0","1","0","","36","02","2017","2017021058","1","40.1628","-76.1499","1345","08","0","0","0","1","0","0","1","0","","0","0","0","13","1","0","07","0","40 09:46.140","","02","76 08:59.472","0","0","0","0","36238","0","0","0","N","0","0","0","4","36238","0","","1","01","N","N","0","","0","0","0","3","2","","1345","0","2","0","0","0","0","0","3","0","2","N","","","","","","","","","","","","03","  ","","",""
"0850","2","0","0","0","0","0","0","0","0","1","0","","36","02","2017","2017021059","4","40.0201","-76.3202","0845","08","0","0","0","0","0","0","0","0","2","0","0","0","08","1","0","00","1","40 01:12.457","3","00","76 19:12.672","0","0","0","0","36301","0","0","0","N","0","0","0","6","36101","0","","1","01","N","N","0","","0","0","1","0","0","N","0838","0","3","0","0","0","0","0","3","0","3","N","","","","","","","","","","","","03","  ","","",""
"1309","2","0","0","0","0","0","0","0","0","5","0","","36","02","2017","2017021105","1","40.037","-76.3147","1304","08","0","0","1","0","0","0","0","0","2","0","0","0","13","1","2","01","2","40 02:13.183","7","00","76 18:53.043","4","0","0","0","36301","0","0","0","N","0","0","0","2","36301","2","","1","01","N","N","1","","0","0","0","0","0","Y","1303","2","3","0","0","1","0","0","3","0","3","N","","","","","","","","","","","","03","  ","","",""
"1904","1","0","0","0","0","0","0","0","0","1","0","","36","02","2017","2017021127","1","40.0674","-76.2998","1901","08","0","0","0","0","0","1","0","0","2","0","0","0","18","3","0","00","1","40 04:02.600","3","00","76 17:59.100","0","0","0","0","36101","0","0","0","N","0","0","0","1","36101","0","","2","01","N","N","1","","0","0","0","0","0","N","1858","0","2","0","0","0","0","0","3","0","2","N","","","","","","","","","","","","03","  ","","",""
"1549","1","0","0","0","0","0","0","0","0","4","0","","36","02","2017","2017021136","4","40.1485","-76.5995","1544","08","0","0","0","0","1","1","0","0","1","0","0","0","15","1","1","01","1","40 08:54.441","4","00","76 35:58.037","8","0","0","0","36407","0","0","0","N","0","0","0","2","36407","0","","1","01","N","N","0","","0","0","1","3","3","N","1544","1","2","0","0","0","1","0","2","0","2","N","","","","","","","","","","","","03","  ","","",""