"ARRIVAL_TM","AUTOMOBILE_COUNT","BELTED_DEATH_COUNT","BELTED_SUSP_SERIOUS_INJ_COUNT","BICYCLE_COUNT","BICYCLE_DEATH_COUNT","BICYCLE_SUSP_SERIOUS_INJ_COUNT","BUS_COUNT","CHLDPAS_DEATH_COUNT","CHLDPAS_SUSP_SERIOUS_INJ_COUNT","COLLISION_TYPE","COMM_VEH_COUNT","CONS_ZONE_SPD_LIM","COUNTY","CRASH_MONTH","CRASH_YEAR","CRN","DAY_OF_WEEK","DEC_LAT","DEC_LONG","DISPATCH_TM","DISTRICT","DRIVER_COUNT_16YR","DRIVER_COUNT_17YR","DRIVER_COUNT_18YR","DRIVER_COUNT_19YR","DRIVER_COUNT_20YR","DRIVER_COUNT_50_64YR","DRIVER_COUNT_65_74YR","DRIVER_COUNT_75PLUS","EST_HRS_CLOSED","FATAL_COUNT","HEAVY_TRUCK_COUNT","HORSE_BUGGY_COUNT","HOUR_OF_DAY","ILLUMINATION","INJURY_COUNT","INTERSECT_TYPE","LANE_CLOSED","LATITUDE","LN_CLOSE_DIR","LOCATION_TYPE","LONGITUDE","MAX_SEVERITY_LEVEL","MCYCLE_DEATH_COUNT","MCYCLE_SUSP_SERIOUS_INJ_COUNT","MOTORCYCLE_COUNT","MUNICIPALITY","NONMOTR_COUNT","NONMOTR_DEATH_COUNT","NONMOTR_SUSP_SERIOUS_INJ_COUNT","NTFY_HIWY_MAINT","PED_COUNT","PED_DEATH_COUNT","PED_SUSP_SERIOUS_INJ_COUNT","PERSON_COUNT","POLICE_AGCY","POSSIBLE_INJ_COUNT","RDWY_SURF_TYPE_CD","RELATION_TO_ROAD","ROAD_CONDITION","SCH_BUS_IND","SCH_ZONE_IND","SMALL_TRUCK_COUNT","SPEC_JURIS_CD","SUSP_MINOR_INJ_COUNT","SUSP_SERIOUS_INJ_COUNT","SUV_COUNT","TCD_FUNC_CD","TCD_TYPE","TFC_DETOUR_IND","TIME_OF_DAY","TOT_INJ_COUNT","TOTAL_UNITS","UNB_DEATH_COUNT","UNB_SUSP_SERIOUS_INJ_COUNT","UNBELTED_OCC_COUNT","UNK_INJ_DEG_COUNT","UNK_INJ_PER_COUNT","URBAN_RURAL","VAN_COUNT","VEHICLE_COUNT","WORK_ZONE_IND","WORK_ZONE_LOC","WORK_ZONE_TYPE","WORKERS_PRES","WZ_CLOSE_DETOUR","WZ_FLAGGER","WZ_LAW_OFFCR_IND","WZ_LN_CLOSURE","WZ_MOVING","WZ_OTHER","WZ_SHLDER_MDN","ROADWAY_CLEARED","WEATHER1","WEATHER2","WZ_WORKERS_INJ_KILLED","SECONDARY_CRASH","INTERSECTION_RELATED"
"1759","2","0","0","0","0","0","0","0","0","4","0","","36","02","2017","2017021181","3","40.1381","-76.5852","1756","08","0","0","0","0","1","1","0","0","","0","0","0","17","1","0","00","0","40 08:17.290","","07","76 35:06.532","0","0","0","0","36225","0","0","0","N","0","0","0","2","36505","0","","1","01","N","N","0","","0","0","0","3","2","","1756","0","2","0","0","0","0","0","2","0","2","N","","","","","","","","","","","","03","  ","","",""
"1504","1","0","0","0","0","0","0","0","0","1","0","","36","02","2017","2017021200","4","40.0875","-76.3808","1501","08","0","0","0","0","0","2","0","0","1","0","0","0","14","1","0","00","2","40 05:14.837","1","00","76 22:50.711","0","0","0","0","36214","0","0","0","","0","0","0","2","36214","0","","1","01","N","N","1","","0","0","0","0","0","N","1459","0","2","0","0","0","0","0","3","0","2","N","","","","","","","","","","","","03","  ","","",""
"0032","1","0","0","0","0","0","0","0","0","7","0","","36","02","2017","2017021291","4","40.0312","-76.5074","0031","08","0","0","0","0","0","0","0","0","1","0","0","0","00","6","1","00","1","40 01:52.302","1","00","76 30:26.745","8","0","0","0","36404","0","0","0","N","0","0","0","1","36404","0","","2","01","N","N","0","","0","0","0","0","0","N","0031","1","1","0","0","0","1","0","3","0","1","N","","","","","","","","","","","","03","  ","","",""
"2036","2","0","0","0","0","0","0","0","0","4","0","","36","02","2017","2017021292","4","40.0342","-76.4612","2031","08","0","0","0","0","0","0","0","0","1","0","0","0","20","3","2","00","1","40 02:03.066","4","07","76 27:40.348","8","0","0","0","36239","0","0","0","","0","0","0","3","36239","0","","1","01","","","0","","0","0","0","0","0","N","2031","2","2","0","0","0","2","0","3","0","2","N","","","","","","","","","","","","03","  ","","",""
"2134","2","0","0","0","0","0","0","0","0","1","0","","36","02","2017","2017021294","7","40.1642","-76.1544","2132","08","0","0","0","0","0","0","0","0","","0","0","0","21","3","0","00","0","40 09:51.243","","00","76 09:15.992","0","0","0","0","36218","0","0","0","N","0","0","0","3","36408","0","","1","01","N","N","0","","0","0","0","3","2","","2130","0","2","0","0","0","0","0","1","0","2","N","","","","","","","","","","","","03","  ","","",""
"1252","2","0","0","0","0","0","0","0","0","4","0","","36","02","2017","2017021303","1","40.0403","-76.4994","1250","08","0","0","0","0","0","1","0","0","1","0","0","0","12","1","0","00","1","40 02:25.100","3","07","76 29:57.700","9","0","0","0","36404","0","0","0","N","0","0","0","2","36404","0","","1","01","N","N","0","","0","0","0","0","0","N","1249","0","2","0","0","0","0","2","3","0","2","N","","","","","","","","","","","","03","  ","","",""
"2312","3","0","0","0","0","0","0","0","0","2","0","","36","02","2017","2017021311","4","40.1807","-76.1714","2307","08","0","0","0","0","0","0","0","0","2","0","0","0","23","3","0","00","2","40 10:50.570","6","00","76 10:17.068","0","0","0","0","36408","0","0","0","N","0","0","0","1","36408","0","","6","01","N","N","0","","0","0","0","0","0","N","2305","0","3","0","0","1","0","0","2","0","3","N","","","","","","","","","","","","03","  ","","",""
"1225","1","0","0","0","0","0","0","0","0","1","1","","36","01","2017","2017021312","3","40.1298","-76.2166","1220","08","0","0","0","0","0","2","0","0","","0","1","0","12","1","0","01","0","40 07:47.418","","02","76 12:59.629","0","0","0","0","36238","0","0","0","N","0","0","0","3","36238","0","","1","01","N","N","1","","0","0","0","3","2","","1217","0","3","0","0","0","0","0","3","0","3","N","","","","","","","","","","","","03","  ","","",""
"2322","1","0","0","0","0","0","0","0","0","7","0","","36","02","2017","2017021320","4","40.0766","-76.4607","2319","08","0","0","1","0","0","0","0","0","2","0","0","0","23","2","1","00","2","40 04:35.676","5","00","76 27:38.556","2","0","0","0","36239","0","0","0","Y","0","0","0","1","36239","0","","2","01","N","N","0","","0","1","0","0","0","Y","2317","1","1","0","1","1","0","0","3","0","1","N","","","","","","","","","","","","03","  ","","",""
"1646","1","0","0","0","0","0","0","0","0","4","0","","36","02","2017","2017021321","4","40.0628","-76.3669","1640","08","0","0","0","0","0","0","0","0","","0","0","0","16","1","0","00","0","40 03:45.968","","00","76 22:00.876","0","0","0","0","36214","0","0","0","N","0","0","0","2","36214","0","","1","01","N","N","0","","0","0","1","0","0","","1635","0","2","0","0","0","0","0","3","0","2","N","","","","","","","","","","","","03","  ","","",""
"1633","2","0","0","0","0","0","0","0","0","1","0","","36","02","2017","2017021358","4","40.0599","-76.2777","1625","08","0","0","0","0","0","2","0","0","","0","0","0","16","1","1","02","0","40 03:34.350","","00","76 16:42.035","4","0","0","0","36101","0","0","0","N","0","0","0","2","36101","1","","1","01","N","N","0","","0","0","0","3","4","","1623","1","2","0","0","0","0","0","3","0","2","N","","","","","","","","","","","","03","  ","","",""
"1005","0","0","0","0","0","0","0","0","0","4","0","","36","02","2017","2017021404","1","40.0435","-76.298","1004","08","0","0","0","0","0","0","0","1","1","0","0","0","10","1","2","01","1","40 02:36.541","2","00","76 17:52.639","3","0","0","0","36301","0","0","0","N","0","0","0","2","36301","0","","1","01","N","N","0","","2","0","1","3","2","N","1004","2","2","0","0","0","0","0","3","1","2","N","","","","","","","","","","","","03","  ","","",""
"1353","1","0","0","0","0","0","0","0","0","1","0","","36","02","2017","2017021415","2","40.1516","-76.2408","1349","08","0","0","0","0","0","0","1","0","","0","0","0","13","1","1","01","0","40 09:05.703","","07","76 14:27.024","8","0","0","0","36235","0","0","0","","0","0","0","2","36506","0","","1","01","N","N","0","","0","0","1","0","0","","1349","1","2","0","0","0","1","0","1","0","2","N","","","","","","","","","","","","03","  ","","",""
"1653","0","0","1","0","0","0","0","0","0","1","0","","36","02","2017","2017021416","2","40.1404","-76.3037","1646","08","0","0","0","0","0","2","0","0","","0","0","0","16","1","2","02","0","40 08:25.552","","00","76 18:13.187","2","0","0","0","36235","0","0","0","","0","0","0","3","36506","1","","1","01","N","N","0","","0","1","3","0","0","","1646","2","3","0","0","0","0","0","1","0","3","N","","","","","","","","","","","","03","  ","","",""
"1042","2","0","0","0","0","0","0","0","0","4","0","","36","02","2017","2017021438","2","40.1768","-76.6015","1037","08","0","1","0","0","0","0","0","0","","0","0","0","10","1","0","07","0","40 10:38.880","","02","76 36:05.084","0","0","0","0","36225","0","0","0","N","0","0","0","2","36505","0","","1","01","N","N","0","","0","0","0","3","3","","1032","0","2","0","0","0","0","0","2","0","2","N","","","","","","","","","","","","03","  ","","",""
"1301","1","0","0","0","0","0","0","0","0","7","0","","36","02","2017","2017021459","4","40.0926","-76.3036","1258","08","0","0","0","0","0","0","1","0","2","0","0","0","12","1","1","00","1","40 05:33.392","1","00","76 18:12.893","8","0","0","0","36101","0","0","0","N","0","0","0","1","36101","0","","4","01","N","N","0","","0","0","0","0","0","N","1256","1","1","0","0","0","1","0","3","0","1","N","","","","","","","","","","","","03","  ","","",""
"1248","2","0","0","0","0","0","0","0","0","5","0","","36","02","2017","2017021464","5","40.0375","-76.3171","1242","08","0","0","0","0","0","1","0","0","2","0","0","0","12","1","1","00","1","40 02:14.921","3","00","76 19:01.503","3","0","0","0","36301","0","0","0","N","0","0","0","1","36301","0","","2","01","N","N","0","","1","0","0","0","0","N","1242","1","2","0","0","0","0","0","3","0","2","N","","","","","","","","","","","","03","  ","","",""
"1833","1","0","0","0","0","0","0","0","0","5","0","","36","02","2017","2017021724","4","40.0434","-76.2919","1830","08","0","0","0","1","0","0","0","0","3","0","0","0","17","3","0","00","1","40 02:36.348","1","00","76 17:30.854","0","0","0","0","36301","0","0","0","N","0","0","0","2","36301","0","","1","01","N","N","1","","0","0","1","0","0","Y","1741","0","3","0","0","0","0","0","3","0","3","N","","","","","","","","","","","","03","  ","","",""
"0117","1","0","0","0","0","0","0","0","0","7","0","","36","02","2017","2017021766","7","40.0217","-76.3344","0117","08","0","0","0","0","0","0","0","0","1","0","0","0","01","3","1","00","2","40 01:18.177","6","00","76 20:03.833","8","0","0","0","36220","0","0","0","N","0","0","0","1","36101","0","","5","01","N","N","0","","0","0","0","0","0","Y","0117","1","1","0","0","0","1","0","3","0","1","N","","","","","","","","","","","","03","  ","","",""
"0848","1","0","0","1","0","0","0","0","0","4","0","","36","02","2017","2017021824","3","40.0442","-76.3079","0846","08","0","0","0","0","0","0","0","0","","0","0","0","08","1","1","01","0","40 02:38.994","","00","76 18:28.436","4","0","0","0","36301","1","0","0","","0","0","0","2","36301","1","","1","01","","","0","","0","0","0","3","3","","0846","1","2","0","0","1","0","0","3","0","1","N","","","","","","","","","","","","03","  ","","",""
"0705","1","0","0","0","0","0","0","0","0","1","0","","36","02","2017","2017021834","6","","","0658","08","0","0","0","0","0","1","0","0","2","0","0","0","06","1","1","00","1","","3","00","","3","0","0","0","36214","0","0","0","N","0","0","0","2","36214","0","","1","01","N","N","0","","1","0","1","0","0","N","0652","1","2","0","0","0","0","0","3","0","2","N","","","","","","","","","","","","03","  ","","",""
"1557","4","0","0","0","0","0","0","0","0","1","0","","36","02","2017","2017021866","5","40.1498","-76.1739","1548","08","0","0","0","0","0","0","0","0","3","0","0","0","15","1","0","00","1","40 08:59.444","1","00","76 10:26.214","0","0","0","0","36238","0","0","0","N","0","0","0","4","36238","0","","1","01","N","N","0","","0","0","0","0","0","N","1545","0","4","0","0","0","0","0","3","0","4","N","","","","","","","","","","","","03","  ","","",""
"0844","1","0","0","0","0","0","0","0","0","4","1","","36","02","2017","2017021874","6","40.0522","-76.3084","0840","08","0","0","0","0","0","1","0","0","1","0","1","0","08","1","0","01","1","40 03:07.752","1","00","76 18:30.128","0","0","0","0","36301","0","0","0","N","0","0","0","2","36301","0","","1","01","N","N","0","","0","0","0","3","2","N","0837","0","2","0","0","0","0","0","3","0","2","N","","","","","","","","","","","","03","  ","","",""
"0746","1","0","0","0","0","0","0","0","0","4","0","","36","02","2017","2017021886","6","40.109","-76.4884","0745","08","0","1","0","0","0","0","0","0","","0","0","0","07","1","0","02","0","40 06:32.555","","00","76 29:18.080","0","0","0","0","36413","0","0","0","N","0","0","0","2","36413","0","","1","01","N","N","0","","0","0","1","3","2","","0735","0","2","0","0","0","0","0","2","0","2","N","","","","","","","","","","","","03","  ","","",""
"1101","0","0","0","0","0","0","0","0","0","1","0","","36","02","2017","2017021894","6","40.0244","-76.3309","1055","08","0","0","0","0","0","1","0","1","","0","0","0","10","1","1","00","0","40 01:27.955","","00","76 19:51.352","3","0","0","0","36220","0","0","0","N","0","0","0","2","36101","0","","1","01","N","N","2","","1","0","0","0","0","","1054","1","2","0","0","0","0","0","3","0","2","N","","","","","","","","","","","","03","  ","","",""
"1050","2","0","0","0","0","0","0","0","0","1","0","","36","02","2017","2017021895","6","40.1674","-76.1993","1046","08","0","0","0","0","0","0","1","0","","0","0","0","10","1","3","01","0","40 10:02.795","","00","76 11:57.519","8","0","0","0","36408","0","0","0","N","0","0","0","3","36408","0","","1","01","N","N","0","","0","0","0","3","2","","1041","3","2","0","0","2","3","0","2","0","2","N","","","","","","","","","","","","03","  ","","",""
"2312","1","0","0","0","0","0","0","0","0","7","0","","36","02","2017","2017021908","5","40.1791","-76.3598","2308","08","0","0","0","1","0","0","0","0","","0","0","0","23","2","0","00","0","40 10:44.735","","00","76 21:35.383","0","0","0","0","36227","0","0","0","","0","0","0","1","36506","0","","2","01","N","N","0","","0","0","0","0","0","","2308","0","1","0","0","0","0","0","1","0","1","N","","","","","","","","","","","","03","  ","","",""
"1115","0","0","0","0","0","0","0","0","0","0","1","","36","02","2017","2017021918","3","40.2536","-76.0855","1110","08","0","0","0","0","0","0","0","0","5","0","1","0","11","1","1","00","2","40 15:12.854","6","00","76 05:07.934","4","0","0","0","36210","0","0","0","Y","0","0","0","1","36210","1","","1","01","N","N","0","","0","0","0","0","0","Y","1110","1","1","0","0","0","0","0","1","0","1","N","","","","","","","","","","","","03","  ","","",""
"1506","1","0","0","0","0","0","0","0","0","5","0","","36","02","2017","2017021964","6","39.985","-76.28","1455","08","0","0","0","0","1","0","0","1","2","0","0","0","14","1","0","00","2","39 59:06.009","1","02","76 16:48.162","0","0","0","0","36240","0","0","0","N","0","0","0","3","36240","0","","1","01","N","N","0","","0","0","1","0","0","N","1455","0","2","0","0","0","0","0","1","0","2","N","","","","","","","","","","","","03","  ","","",""
"1223","1","0","0","0","0","0","0","0","0","7","0","","36","02","2017","2017022018","1","40.2347","-76.3299","1200","08","0","0","0","0","0","0","0","0","2","0","0","0","11","1","0","00","1","40 14:04.925","4","00","76 19:47.643","0","0","0","0","36217","0","0","0","","0","0","0","1","68J01","0","","4","09","N","N","0","","0","0","0","0","0","N","1156","0","1","0","0","0","0","0","1","0","1","N","","","","","","","","","","","","07","  ","","",""
"0618","1","0","0","0","0","0","0","0","0","4","0","","36","02","2017","2017022020","4","40.0344","-75.997","0607","08","0","0","0","0","0","1","0","0","3","0","0","0","06","5","1","00","2","40 02:03.797","6","00","75 59:49.056","3","0","0","0","36232","0","0","0","","0","0","0","2","68J01","0","","1","01","N","N","1","","1","0","0","0","0","Y","0606","1","2","0","0","0","0","0","1","0","2","N","","","","","","","","","","","","03","  ","","",""
"1850","0","0","0","0","0","0","0","0","0","1","0","","36","02","2017","2017022021","4","39.7804","-76.1114","1824","08","0","0","0","0","0","1","0","0","","0","0","0","18","2","1","00","0","39 46:49.294","","07","76 06:41.090","3","0","0","0","36222","0","0","0","","0","0","0","2","68J01","0","","1","01","N","N","0","","1","0","0","0","0","","1824","1","2","0","0","0","0","0","1","1","2","N","","","","","","","","","","","","03","  ","","",""
"2235","1","0","0","0","0","0","0","0","0","9","0","","36","02","2017","2017022022","4","39.9819","-76.1677","2224","08","0","0","0","0","0","0","0","0","","0","0","0","22","2","0","00","0","39 58:54.859","","00","76 10:03.729","0","0","0","0","36233","0","0","0","","0","0","0","2","68J01","0","","1","01","N","N","0","","0","0","0","0","0","","2202","0","1","0","0","0","0","0","1","0","1","N","","","","","","","","","","","","03","  ","","",""
"1803","1","0","0","0","0","0","0","0","0","7","0","","36","02","2017","2017022026","6","39.9719","-75.9841","1758","08","0","0","0","0","0","0","0","0","","0","0","0","17","4","0","00","0","39 58:18.769","","00","75 59:02.629","0","0","0","0","36231","0","0","0","","0","0","0","1","68J01","0","","4","01","N","N","0","","0","0","0","0","0","","1756","0","1","0","0","1","0","0","1","0","1","N","","","","","","","","","","","","03","  ","","",""
"1852","0","0","0","0","0","0","0","0","0","7","0","","36","02","2017","2017022027","6","39.9025","-76.3273","1839","08","0","0","0","0","0","0","1","0","2","0","0","0","18","2","1","00","2","39 54:08.981","7","00","76 19:38.266","3","0","0","0","36224","0","0","0","","0","0","0","4","68J01","0","","4","01","N","N","1","","1","0","0","0","0","Y","1835","1","1","0","0","3","0","0","1","0","1","N","","","","","","","","","","","","03","  ","","",""
"1536","0","0","0","0","0","0","0","0","0","0","0","","36","02","2017","2017022033","1","39.8364","-76.215","1523","08","0","0","0","0","0","0","0","0","","0","0","0","15","1","1","00","0","39 50:11.078","","00","76 12:54.106","4","0","0","1","36208","0","0","0","","0","0","0","1","68J01","1","","4","01","N","N","0","","0","0","0","0","0","","1516","1","1","0","0","0","0","0","1","0","1","N","","","","","","","","","","","","03","  ","","",""
"2142","0","0","0","0","0","0","0","0","0","7","0","","36","01","2017","2017022045","1","39.9975","-76.0537","2133","08","0","0","0","0","0","0","0","0","2","0","0","0","21","2","2","00","1","39 59:50.974","3","00","76 03:13.314","3","0","0","0","36232","0","0","0","","0","0","0","4","68J01","0","","4","09","N","N","0","","1","0","1","0","0","N","2132","2","1","0","0","0","1","0","1","0","1","N","","","","","","","","","","","","07","05","","",""
"1750","0","0","0","0","0","0","0","0","0","7","0","","36","01","2017","2017022046","2","39.9057","-76.3248","1725","08","0","1","0","0","0","0","0","0","3","2","0","0","17","1","0","00","2","39 54:20.489","6","00","76 19:29.243","1","0","0","0","36224","0","0","0","","0","0","0","2","68J01","0","2","4","02","N","N","0","0","0","0","1","0","0","Y","1725","0","1","2","0","2","0","0","1","0","1","N","","","","","","","","","","","","98","  ","","",""
"1148","1","0","0","0","0","0","0","0","0","6","1","","36","02","2017","2017022072","6","39.8623","-76.2641","1141","08","0","0","0","0","0","1","0","0","3","0","1","0","11","1","1","00","2","39 51:44.334","7","00","76 15:50.801","8","0","0","0","36208","0","0","0","","0","0","0","4","68J01","0","","1","01","N","N","0","","0","0","1","0","0","Y","1140","1","3","0","0","0","1","0","1","0","3","N","","","","","","","","","","","","03","  ","","",""
"1358","0","0","0","0","0","0","0","0","0","7","0","","36","01","2017","2017022077","2","40.0467","-75.9892","1338","08","0","0","0","0","0","0","0","0","","0","0","0","13","1","0","00","0","40 02:48.280","","00","75 59:21.280","0","0","0","0","36232","0","0","0","","0","0","0","1","68J01","0","","4","01","N","N","1","","0","0","0","0","0","","1333","0","1","0","0","0","0","0","1","0","1","N","","","","","","","","","","","","03","  ","","",""
"1629","1","0","0","0","0","0","0","0","0","1","0","","36","02","2017","2017022082","6","40.0622","-76.2801","1616","08","0","0","0","0","0","0","0","0","","0","0","0","16","1","0","00","0","40 03:44.024","","00","76 16:48.310","0","0","0","0","36101","0","0","0","N","0","0","0","3","36101","0","","1","01","N","N","1","","0","0","0","0","0","","1614","0","2","0","0","0","0","0","3","0","2","N","","","","","","","","","","","","03","  ","","",""
"1805","1","0","0","0","0","0","0","0","0","0","0","","36","02","2017","2017022085","6","40.0534","-76.519","1754","08","0","0","0","0","0","0","0","0","","0","0","0","17","1","1","00","0","40 03:12.111","","00","76 31:08.220","8","0","0","0","36239","0","0","0","N","0","0","0","2","36239","0","","1","01","N","N","0","","0","0","0","0","0","","1754","1","1","0","0","0","1","0","3","0","1","N","","","","","","","","","","","","03","  ","","",""
"1430","1","0","0","0","0","0","0","0","0","6","0","","36","02","2017","2017022099","6","40.179","-76.175","1425","08","0","0","0","0","0","1","0","0","","0","0","0","14","1","0","02","0","40 10:44.418","","00","76 10:29.899","0","0","0","0","36408","0","0","0","N","0","0","0","1","36408","0","","1","01","N","N","0","","0","0","1","0","0","","1420","0","2","0","0","0","0","0","2","0","2","N","","","","","","","","","","","","03","  ","","",""
"1408","1","0","0","0","0","0","0","0","0","4","0","","36","02","2017","2017022125","5","40.0905","-76.1386","1404","08","0","0","0","0","0","0","0","0","3","0","0","0","14","1","0","09","2","40 05:25.873","5","00","76 08:19.008","0","0","0","0","36234","0","0","0","N","0","0","0","1","36215","0","","1","01","N","N","0","","0","0","0","3","6","Y","1400","0","2","0","0","0","0","0","1","0","1","N","","","","","","","","","","","","03","  ","","",""
"2337","2","0","0","0","0","0","0","0","0","4","0","","36","02","2017","2017022139","7","40.0398","-76.3038","2334","08","0","0","0","0","0","0","0","0","2","0","0","0","23","3","0","00","1","40 02:23.150","4","00","76 18:13.702","0","0","0","0","36301","0","0","0","N","0","0","0","1","36301","0","","1","01","N","N","0","","0","0","0","0","0","N","2332","0","2","0","0","0","0","0","3","0","2","N","","","","","","","","","","","","03","  ","","",""
"1611","3","0","0","0","0","0","0","0","0","4","0","","36","02","2017","2017022149","6","40.2209","-76.099","1611","08","0","0","0","0","0","0","0","1","2","0","0","0","16","1","2","01","1","40 13:20.882","7","00","76 05:48.548","8","0","0","0","36210","0","0","0","N","0","0","0","5","36210","0","","1","01","N","N","0","","0","0","0","3","2","N","1607","2","3","0","0","0","2","0","1","0","3","N","","","","","","","","","","","","03","  ","","",""
"0756","0","0","0","0","0","0","0","0","0","1","0","","36","02","2017","2017022192","6","40.0996","-76.3564","0745","08","0","0","0","0","0","0","1","0","","0","0","0","07","1","1","00","0","40 05:58.573","","07","76 21:23.184","3","0","0","0","36406","0","0","0","N","0","0","0","2","36101","0","","1","01","N","N","0","","1","0","2","0","0","","0740","1","2","0","0","0","0","0","3","0","2","N","","","","","","","","","","","","03","  ","","",""
"1127","3","0","0","0","0","0","0","0","0","1","0","","36","02","2017","2017022197","6","40.0647","-76.3256","1121","08","0","0","0","0","0","1","0","0","2","0","0","0","11","1","1","00","1","40 03:52.918","1","00","76 19:32.192","4","0","0","0","36101","0","0","0","N","0","0","0","6","36101","1","","1","01","N","N","0","","0","0","0","0","0","N","1118","1","3","0","0","0","0","0","3","0","3","N","","","","","","","","","","","","03","  ","","",""
"1723","1","0","0","0","0","0","0","0","0","7","0","","36","02","2017","2017022239","6","40.1105","-76.5068","1722","08","0","0","0","1","0","0","0","0","","0","0","0","17","1","0","01","0","40 06:37.841","","00","76 30:24.342","0","0","0","0","36413","0","0","0","N","0","0","0","1","36413","0","","4","01","N","N","0","","0","0","0","3","2","","1721","0","1","0","0","0","0","0","2","0","1","N","","","","","","","","","","","","03","  ","","",""
"1521","0","0","0","0","0","0","0","0","0","7","0","","36","02","2017","2017022242","3","40.2219","-76.4323","1516","08","0","0","0","0","0","0","0","0","","0","0","0","15","1","0","00","0","40 13:18.913","","00","76 25:56.126","0","0","0","0","36230","0","0","0","N","0","0","0","1","36410","0","","5","01","N","N","0","","0","0","1","0","0","","1516","0","1","0","0","0","0","0","1","0","1","N","","","","","","","","","","","","03","  ","","",""
"1658","1","0","0","0","0","0","0","0","0","7","0","","36","02","2017","2017022251","7","40.1299","-76.5522","1652","08","0","0","0","0","0","0","0","0","","0","0","0","16","1","0","00","0","40 07:47.575","","00","76 33:07.873","0","0","0","0","36225","0","0","0","N","0","0","0","1","36505","0","","4","01","N","N","0","","0","0","0","0","0","","1647","0","1","0","0","0","0","0","2","0","1","N","","","","","","","","","","","","03","  ","","",""
"1530","0","0","0","0","0","0","0","0","0","7","0","","36","02","2017","2017022257","7","40.0774","-76.4072","1528","08","0","0","0","0","0","0","0","1","2","0","0","0","15","1","0","00","2","40 04:38.717","5","00","76 24:25.930","0","0","0","0","36214","0","0","0","N","0","0","0","1","36214","0","","5","09","N","N","0","","0","0","1","0","0","Y","1526","0","1","0","0","0","0","0","3","0","1","N","","","","","","","","","","","","09","  ","","",""
"1404","2","0","0","0","0","0","0","0","0","5","0","","36","02","2017","2017022267","6","40.0433","-76.3002","1358","08","0","0","0","0","0","0","0","0","","0","0","0","13","1","1","00","0","40 02:35.715","","00","76 18:00.658","4","0","0","0","36301","2","0","0","N","0","0","0","5","36301","1","","4","01","N","N","0","","0","0","0","0","0","","1354","1","3","0","0","0","0","0","3","1","3","N","","","","","","","","","","","","03","  ","","",""
"1750","0","0","0","0","0","0","0","0","0","9","0","","36","02","2017","2017022310","6","40.0375","-76.4206","1746","08","0","0","0","0","0","0","0","0","","0","0","0","17","1","1","00","0","40 02:15.081","","00","76 25:14.283","3","0","0","1","36414","0","0","0","N","0","0","0","1","36239","0","","1","01","N","N","0","","1","0","0","0","0","","1743","1","1","0","0","0","0","0","3","0","1","N","","","","","","","","","","","","03","  ","","",""
"1834","1","0","0","0","0","0","0","0","0","4","0","","36","02","2017","2017022325","6","40.1628","-76.1499","1832","08","0","0","0","0","0","0","0","0","1","0","0","0","18","3","0","01","1","40 09:46.140","2","00","76 08:59.472","0","0","0","0","36218","0","0","0","N","0","0","0","2","36408","0","","1","01","N","N","0","","0","0","0","3","2","N","1829","0","2","0","0","0","0","0","1","1","2","N","","","","","","","","","","","","03","  ","","",""
"2242","2","0","0","0","0","0","0","0","0","4","0","","36","02","2017","2017022344","7","40.0401","-76.3751","2237","08","0","0","0","0","0","0","0","0","","0","0","0","22","2","0","02","0","40 02:24.209","","00","76 22:30.485","0","0","0","0","36214","0","0","0","N","0","0","0","3","36214","0","","1","01","N","N","0","","0","0","0","0","0","","2230","0","2","0","0","0","0","0","3","0","2","N","","","","","","","","","","","","03","  ","","",""
"2155","1","0","0","0","0","0","0","0","0","7","0","","36","02","2017","2017022350","6","40.0539","-76.2612","2150","08","0","0","0","0","0","0","0","0","","0","0","0","21","2","0","00","0","40 03:14.212","","00","76 15:40.257","0","0","0","0","36215","0","0","0","N","0","0","0","1","36215","0","","5","01","N","N","0","","0","0","0","0","0","","2150","0","1","0","0","0","0","0","1","0","1","N","","","","","","","","","","","","03","  ","","",""
"0444","1","0","0","0","0","0","0","0","0","0","0","","36","02","2017","2017022402","2","40.1376","-76.207","0442","08","0","0","0","0","0","0","0","0","2","0","0","0","04","2","0","00","1","40 08:15.248","2","00","76 12:25.159","0","0","0","0","36238","0","0","0","N","0","0","0","1","36238","0","","1","01","N","N","0","","0","0","0","0","0","N","0439","0","1","0","0","0","0","0","3","0","1","N","","","","","","","","","","","","03","  ","","",""
"0120","1","0","0","0","0","0","0","0","0","7","0","","36","02","2017","2017022411","2","40.1555","-76.1563","0114","08","0","0","0","0","0","0","0","0","","0","0","0","01","2","0","00","0","40 09:19.961","","00","76 09:22.694","9","0","0","0","36238","0","0","0","N","0","0","0","1","36238","0","","2","01","N","N","0","","0","0","0","0","0","","0103","0","1","0","0","0","0","1","3","0","1","N","","","","","","","","","","","","03","  ","","",""
"1342","0","0","0","0","0","0","0","0","0","7","0","","36","02","2017","2017022414","7","40.0625","-76.3528","1339","08","0","0","0","0","0","0","0","0","","0","0","0","13","1","4","00","0","40 03:44.960","","00","76 21:09.956","3","0","0","0","36214","0","0","0","N","0","0","0","4","36214","0","","5","01","N","N","0","","4","0","1","0","0","","1335","4","1","0","0","4","0","0","3","0","1","N","","","","","","","","","","","","03","  ","","",""