"ARRIVAL_TM","AUTOMOBILE_COUNT","BELTED_DEATH_COUNT","BELTED_SUSP_SERIOUS_INJ_COUNT","BICYCLE_COUNT","BICYCLE_DEATH_COUNT","BICYCLE_SUSP_SERIOUS_INJ_COUNT","BUS_COUNT","CHLDPAS_DEATH_COUNT","CHLDPAS_SUSP_SERIOUS_INJ_COUNT","COLLISION_TYPE","COMM_VEH_COUNT","CONS_ZONE_SPD_LIM","COUNTY","CRASH_MONTH","CRASH_YEAR","CRN","DAY_OF_WEEK","DEC_LAT","DEC_LONG","DISPATCH_TM","DISTRICT","DRIVER_COUNT_16YR","DRIVER_COUNT_17YR","DRIVER_COUNT_18YR","DRIVER_COUNT_19YR","DRIVER_COUNT_20YR","DRIVER_COUNT_50_64YR","DRIVER_COUNT_65_74YR","DRIVER_COUNT_75PLUS","EST_HRS_CLOSED","FATAL_COUNT","HEAVY_TRUCK_COUNT","HORSE_BUGGY_COUNT","HOUR_OF_DAY","ILLUMINATION","INJURY_COUNT","INTERSECT_TYPE","LANE_CLOSED","LATITUDE","LN_CLOSE_DIR","LOCATION_TYPE","LONGITUDE","MAX_SEVERITY_LEVEL","MCYCLE_DEATH_COUNT","MCYCLE_SUSP_SERIOUS_INJ_COUNT","MOTORCYCLE_COUNT","MUNICIPALITY","NONMOTR_COUNT","NONMOTR_DEATH_COUNT","NONMOTR_SUSP_SERIOUS_INJ_COUNT","NTFY_HIWY_MAINT","PED_COUNT","PED_DEATH_COUNT","PED_SUSP_SERIOUS_INJ_COUNT","PERSON_COUNT","POLICE_AGCY","POSSIBLE_INJ_COUNT","RDWY_SURF_TYPE_CD","RELATION_TO_ROAD","ROAD_CONDITION","SCH_BUS_IND","SCH_ZONE_IND","SMALL_TRUCK_COUNT","SPEC_JURIS_CD","SUSP_MINOR_INJ_COUNT","SUSP_SERIOUS_INJ_COUNT","SUV_COUNT","TCD_FUNC_CD","TCD_TYPE","TFC_DETOUR_IND","TIME_OF_DAY","TOT_INJ_COUNT","TOTAL_UNITS","UNB_DEATH_COUNT","UNB_SUSP_SERIOUS_INJ_COUNT","UNBELTED_OCC_COUNT","UNK_INJ_DEG_COUNT","UNK_INJ_PER_COUNT","URBAN_RURAL","VAN_COUNT","VEHICLE_COUNT","WORK_ZONE_IND","WORK_ZONE_LOC","WORK_ZONE_TYPE","WORKERS_PRES","WZ_CLOSE_DETOUR","WZ_FLAGGER","WZ_LAW_OFFCR_IND","WZ_LN_CLOSURE","WZ_MOVING","WZ_OTHER","WZ_SHLDER_MDN","ROADWAY_CLEARED","WEATHER1","WEATHER2","WZ_WORKERS_INJ_KILLED","SECONDARY_CRASH","INTERSECTION_RELATED"
"1800","1","0","0","0","0","0","0","0","0","4","0","","36","02","2017","2017022534","3","40.1655","-76.1596","1755","08","0","0","0","0","0","0","0","0","1","0","0","0","17","4","2","01","1","40 09:55.667","2","00","76 09:34.569","3","0","0","0","36218","0","0","0","N","0","0","0","4","36408","1","","1","01","N","N","0","","1","0","1","3","2","Y","1754","2","2","0","0","0","0","0","1","0","2","N","","","","","","","","","","","","03","  ","","",""
"1939","1","0","0","0","0","0","0","0","0","5","1","","36","02","2017","2017022546","6","40.1819","-76.132","1932","08","0","0","0","0","0","1","0","0","","0","1","0","19","2","0","00","0","40 10:54.851","","00","76 07:55.259","0","0","0","0","36218","0","0","0","N","0","0","0","2","36408","0","","1","01","N","N","0","","0","0","0","0","0","","1930","0","2","0","0","0","0","0","1","0","2","N","","","","","","","","","","","","03","  ","","",""
"1125","1","0","0","0","0","0","0","0","0","4","0","","36","02","2017","2017022560","7","40.0306","-76.2343","1121","08","0","0","0","0","0","0","0","1","","0","0","0","11","1","0","01","0","40 01:50.868","","00","76 14:03.471","0","0","0","0","36215","0","0","0","N","0","0","0","6","36215","0","","1","01","N","N","0","","0","0","0","3","2","","1115","0","2","0","0","0","0","0","1","1","2","N","","","","","","","","","","","","03","  ","","",""
"1845","1","0","0","0","0","0","0","0","0","5","0","","36","02","2017","2017022580","6","40.0797","-76.3013","1842","08","0","0","0","0","0","0","0","0","1","0","0","0","18","2","0","00","2","40 04:47.000","1","00","76 18:04.800","0","0","0","0","36101","0","0","0","N","0","0","0","1","36101","0","","2","01","N","N","0","","0","0","1","0","0","N","1839","0","2","0","0","0","0","0","3","0","2","N","","","","","","","","","","","","03","  ","","",""
"2144","1","0","0","0","0","0","0","0","0","7","0","","36","02","2017","2017022581","1","40.2254","-76.1176","2143","08","0","0","0","0","1","0","0","0","","0","0","0","21","2","0","00","0","40 13:31.400","","00","76 07:03.400","0","0","0","0","36210","0","0","0","N","0","0","0","1","36210","0","","4","01","N","N","0","","0","0","0","0","0","","2140","0","1","0","0","1","0","0","1","0","1","N","","","","","","","","","","","","03","  ","","",""
"2133","2","0","0","0","0","0","0","0","0","4","0","","36","02","2017","2017022582","7","40.0907","-76.5924","2127","08","0","1","0","0","0","0","0","0","2","0","0","0","21","3","1","01","2","40 05:26.665","5","00","76 35:32.496","3","0","0","0","36211","0","0","0","N","0","0","0","2","36504","0","","1","01","N","N","0","","1","0","0","3","3","N","2123","1","2","0","0","0","0","0","1","0","2","N","","","","","","","","","","","","03","  ","","",""
"2113","0","0","0","0","0","0","0","0","0","9","0","","36","02","2017","2017022584","7","40.12","-76.5418","2044","08","0","0","0","0","0","1","0","0","2","0","0","0","20","2","0","00","1","40 07:11.846","6","00","76 32:30.329","0","0","0","0","36211","0","0","0","N","0","0","0","1","36504","0","","1","01","N","N","1","","0","0","0","0","0","N","2043","0","1","0","0","0","0","0","1","0","1","N","","","","","","","","","","","","03","  ","","",""
"1847","2","0","0","0","0","0","0","0","0","1","0","","36","02","2017","2017022590","1","40.1504","-76.3069","1846","08","0","0","0","0","0","0","0","0","2","0","0","0","18","6","1","00","2","40 09:01.293","5","00","76 18:24.884","8","0","0","0","36409","0","0","0","N","0","0","0","1","36409","0","","6","01","N","N","0","","0","0","0","0","0","Y","1844","1","2","0","0","0","1","0","3","0","2","N","","","","","","","","","","","","03","  ","","",""
"2137","0","0","0","0","0","0","0","0","0","4","0","","36","02","2017","2017022591","4","40.0629","-76.5494","2133","08","0","0","0","0","0","1","0","0","","0","0","0","21","2","0","00","0","40 03:46.401","","07","76 32:57.913","0","0","0","0","36211","0","0","0","N","0","0","0","2","36504","0","","1","01","N","N","0","","0","0","1","0","0","","2132","0","2","0","0","0","0","0","1","1","2","N","","","","","","","","","","","","03","  ","","",""
"2156","2","0","0","0","0","0","0","0","0","4","0","","36","02","2017","2017022592","1","40.0677","-76.3075","2152","08","0","0","0","1","0","1","0","0","2","0","0","0","21","3","0","00","1","40 04:03.682","2","00","76 18:26.891","0","0","0","0","36101","0","0","0","N","0","0","0","2","36101","0","","1","01","N","N","0","","0","0","0","0","0","N","2148","0","2","0","0","0","0","0","3","0","2","N","","","","","","","","","","","","03","  ","","",""
"0317","0","0","0","0","0","0","0","0","0","8","0","","36","02","2017","2017022603","2","40.1788","-76.1775","0317","08","0","0","0","0","0","0","0","0","","0","0","0","03","3","1","01","0","40 10:43.822","","00","76 10:38.930","3","0","0","0","36408","1","0","0","N","1","0","0","2","36408","0","","1","01","N","N","1","","1","0","0","3","2","","0309","1","2","0","0","0","0","0","2","0","1","N","","","","","","","","","","","","03","  ","","",""
"1315","1","0","0","0","0","0","0","0","0","4","0","","36","02","2017","2017022657","6","40.0378","-76.3637","1312","08","0","0","2","0","0","0","0","0","2","0","0","0","13","1","0","01","1","40 02:16.202","1","00","76 21:49.276","0","0","0","0","36223","0","0","0","","0","0","0","2","36223","0","","1","01","N","N","0","","0","0","1","3","3","Y","1312","0","2","0","0","0","0","0","1","0","2","N","","","","","","","","","","","","03","  ","","",""
"1657","1","0","0","0","0","0","0","0","0","4","0","","36","02","2017","2017022665","5","40.0404","-76.3228","1649","08","0","0","0","0","0","0","1","0","","0","0","0","16","1","0","01","0","40 02:25.328","","00","76 19:21.950","0","0","0","0","36301","0","0","0","N","0","0","0","3","36301","0","","1","01","N","N","1","","0","0","0","3","2","","1644","0","2","0","0","0","0","0","3","0","2","N","","","","","","","","","","","","03","  ","","",""
"1046","1","0","0","0","0","0","0","0","0","1","0","","36","02","2017","2017022677","1","40.0748","-76.3366","1034","08","0","0","0","0","0","1","0","0","","0","0","0","10","1","0","06","0","40 04:27.673","","02","76 20:10.949","0","0","0","0","36101","0","0","0","N","0","0","0","2","36101","0","","1","01","N","N","0","","0","0","1","3","4","","1032","0","2","0","0","0","0","0","3","0","2","N","","","","","","","","","","","","03","  ","","",""
"0805","0","0","0","0","0","0","0","0","0","7","0","","36","02","2017","2017022679","2","40.0831","-76.3081","0802","08","0","0","0","0","0","0","0","0","2","0","0","0","08","1","0","00","1","40 04:59.291","2","00","76 18:29.054","0","0","0","0","36101","0","0","0","N","0","0","0","1","36101","0","","4","01","N","N","0","","0","0","0","0","0","N","0802","0","1","0","0","0","0","0","3","1","1","N","","","","","","","","","","","","03","  ","","",""
"1124","3","0","0","0","0","0","0","0","0","5","0","","36","02","2017","2017022682","1","40.0704","-76.3176","1122","08","0","0","1","0","0","0","0","0","2","0","0","0","11","1","3","00","2","40 04:13.293","3","00","76 19:03.536","3","0","0","0","36101","0","0","0","N","0","0","0","5","36101","1","","1","01","N","N","0","","2","0","0","0","0","Y","1120","3","3","0","0","0","0","0","3","0","3","N","","","","","","","","","","","","03","  ","","",""
"1214","0","0","0","0","0","0","0","0","0","4","0","","36","02","2017","2017022749","2","40.0445","-76.3916","1209","08","0","0","0","0","0","1","0","0","2","0","0","0","12","1","0","00","1","40 02:40.146","2","07","76 23:29.936","0","0","0","0","36214","0","0","0","N","0","0","0","2","36214","0","","1","01","N","N","2","","0","0","0","0","0","N","1204","0","2","0","0","0","0","0","3","0","2","N","","","","","","","","","","","","03","  ","","",""
"1150","1","0","0","0","0","0","0","0","0","7","0","","36","02","2017","2017022813","2","40.2236","-76.4201","1126","08","0","0","0","0","1","0","0","0","","0","0","0","11","1","2","00","0","40 13:26.334","","00","76 25:15.008","3","0","0","0","36227","0","0","0","","0","0","0","2","68T06","0","","2","01","N","N","0","","2","0","0","0","0","","1126","2","1","0","0","0","0","0","1","0","1","N","","","","","","","","","","","","03","  ","","",""
"0828","0","0","0","0","0","0","0","0","0","0","0","","36","02","2017","2017022818","2","40.2099","-76.0361","0825","08","0","0","0","0","0","0","0","0","","0","0","0","08","1","0","00","0","40 12:35.635","","00","76 02:11.429","0","0","0","0","36202","0","0","0","","0","0","0","3","68T06","0","","1","01","N","N","1","","0","0","2","0","0","","0825","0","3","0","0","0","0","0","1","0","3","N","","","","","","","","","","","","03","  ","","",""
"2258","1","0","0","0","0","0","0","0","0","7","0","","36","02","2017","2017022828","6","40.1727","-75.973","2229","08","0","0","0","0","0","0","0","0","3","0","0","0","22","2","1","00","1","40 10:21.872","4","00","75 58:22.573","3","0","0","0","36202","0","0","0","","0","0","0","1","68T06","0","","3","01","N","N","0","","1","0","0","0","0","N","2225","1","1","0","0","0","0","0","1","0","1","N","","","","","","","","","","","","03","  ","","",""
"1416","3","0","0","0","0","0","0","0","0","1","0","","36","02","2017","2017022844","1","40.038","-76.3455","1414","08","0","0","0","0","0","0","0","0","2","0","0","0","14","1","0","01","2","40 02:16.834","3","00","76 20:43.907","0","0","0","0","36223","0","0","0","","0","0","0","5","36223","0","","1","01","N","N","0","","0","0","0","0","0","N","1410","0","3","0","0","0","0","0","1","0","3","N","","","","","","","","","","","","03","  ","","",""
"1525","1","0","0","0","0","0","0","0","0","4","0","","36","02","2017","2017022845","6","40.1555","-76.3089","1525","08","0","0","0","1","0","0","0","0","1","0","0","0","15","1","0","01","2","40 09:19.722","6","00","76 18:32.121","0","0","0","0","36409","0","0","0","","0","0","0","2","36409","0","","1","01","N","N","0","","0","0","0","3","3","Y","1523","0","2","0","0","0","0","0","3","1","2","N","","","","","","","","","","","","03","  ","","",""
"0755","1","0","0","0","0","0","0","0","0","9","0","","36","02","2017","2017022929","5","40.0896","-76.3822","0749","08","0","0","0","0","0","0","0","0","2","0","0","0","07","1","0","00","2","40 05:22.409","3","00","76 22:55.799","0","0","0","0","36214","0","0","0","N","0","0","0","1","36214","0","","1","01","N","N","0","","0","0","0","0","0","Y","0745","0","1","0","0","0","0","0","3","0","1","N","","","","","","","","","","","","03","  ","","",""
"1858","1","0","0","0","0","0","0","0","0","4","0","","36","02","2017","2017022939","2","40.012","-76.2263","1850","08","0","0","0","0","0","0","0","0","","0","0","0","18","2","1","01","0","40 00:43.379","","00","76 13:34.666","8","0","0","0","36240","0","0","0","N","0","0","0","2","36240","0","","1","01","N","N","0","","0","0","1","3","3","","1847","1","2","0","0","0","1","0","1","0","2","N","","","","","","","","","","","","03","  ","","",""
"0955","0","0","0","0","0","0","0","0","0","7","0","","36","02","2017","2017022950","5","40.0788","-76.2611","0946","08","1","0","0","0","0","0","0","0","","0","0","0","09","1","0","00","0","40 04:43.600","","00","76 15:40.100","0","0","0","0","36101","0","0","0","N","0","0","0","1","36101","0","","4","01","N","N","0","","0","0","1","0","0","","0921","0","1","0","0","0","0","0","3","0","1","N","","","","","","","","","","","","03","  ","","",""
"1336","1","0","0","0","0","0","0","0","0","4","0","","36","02","2017","2017022960","5","40.0798","-76.307","1331","08","0","0","0","0","0","0","0","1","","0","0","0","13","1","0","01","0","40 04:47.391","","00","76 18:25.275","0","0","0","0","36101","0","0","0","N","0","0","0","2","36101","0","","1","01","N","N","0","","0","0","1","3","3","","1330","0","2","0","0","0","0","0","3","0","2","N","","","","","","","","","","","","03","  ","","",""
"1130","1","0","0","0","0","0","0","0","0","7","0","","36","02","2017","2017023017","5","40.019","-76.3536","1120","08","0","0","0","0","0","1","0","0","1","0","0","0","11","1","1","03","1","40 01:08.300","3","00","76 21:12.899","4","0","0","0","36223","0","0","0","","0","0","0","3","36223","1","","2","01","N","N","0","","0","0","0","0","0","N","1119","1","1","0","0","0","0","0","1","0","1","N","","","","","","","","","","","","03","  ","","",""
"0602","0","0","0","0","0","0","0","0","0","4","0","","36","02","2017","2017023046","3","40.1","-76.3541","0602","08","0","0","0","0","0","2","0","0","","0","0","0","06","5","0","01","0","40 06:00.025","","00","76 21:14.898","0","0","0","0","36406","0","0","0","N","0","0","0","2","36101","0","","1","01","N","N","1","","0","0","1","3","2","","0602","0","2","0","0","0","0","0","3","0","2","N","","","","","","","","","","","","03","  ","","",""
"0441","0","0","0","0","0","0","0","0","0","7","0","","36","02","2017","2017023053","1","40.0627","-76.4865","0437","08","0","0","0","0","0","1","0","0","1","0","0","0","04","2","1","00","2","40 03:45.556","6","00","76 29:11.356","8","0","0","0","36239","0","0","0","Y","0","0","0","1","36239","0","","2","01","N","N","0","","0","0","1","0","0","Y","0434","1","1","0","0","0","1","0","3","0","1","N","","","","","","","","","","","","03","  ","","",""
"1739","2","0","0","0","0","0","0","0","0","4","0","","36","02","2017","2017023102","2","40.1559","-76.3435","1732","08","0","0","1","0","0","0","0","0","","0","0","0","17","4","0","01","0","40 09:21.374","","00","76 20:36.774","0","0","0","0","36227","0","0","0","","0","0","0","2","36506","0","","1","01","N","N","0","","0","0","0","3","3","","1732","0","2","0","0","0","0","0","1","0","2","N","","","","","","","","","","","","03","  ","","",""
"0759","2","0","0","0","0","0","0","0","0","1","0","","36","02","2017","2017023103","2","40.1675","-76.2999","0752","08","1","0","0","0","0","0","0","0","1","0","0","0","07","1","0","00","1","40 10:03.100","2","00","76 17:59.700","0","0","0","0","36235","0","0","0","","0","0","0","1","36506","0","","6","01","N","N","0","","0","0","0","0","0","N","0752","0","2","0","0","0","0","0","1","0","2","N","","","","","","","","","","","","03","  ","","",""
"0914","1","0","0","0","0","0","0","0","0","1","0","","36","02","2017","2017023134","3","40.1157","-76.0551","0911","08","0","0","0","1","0","0","0","0","","0","0","0","08","1","0","00","0","40 06:56.395","","07","76 03:18.339","0","0","0","0","36213","0","0","0","N","0","0","0","2","36213","0","","1","01","N","N","0","","0","0","1","0","0","","0822","0","2","0","0","0","0","0","1","0","2","N","","","","","","","","","","","","03","  ","","",""
"1423","1","0","0","0","0","0","0","0","0","4","0","","36","02","2017","2017023145","3","40.1436","-76.2102","1418","08","0","0","0","0","0","2","0","0","1","0","0","0","14","1","0","02","2","40 08:37.082","5","00","76 12:36.697","0","0","0","0","36238","0","0","0","N","0","0","0","2","36238","0","","1","01","N","N","0","","0","0","1","3","3","Y","1417","0","2","0","0","1","0","0","3","0","2","N","","","","","","","","","","","","03","  ","","",""
"1527","1","0","0","0","0","0","0","0","0","1","0","","36","02","2017","2017023152","3","40.071","-76.2918","1525","08","0","0","1","0","0","0","0","0","1","0","0","0","15","1","1","01","2","40 04:15.729","3","00","76 17:30.353","4","0","0","0","36101","0","0","0","N","0","0","0","2","36101","1","","1","01","N","N","1","","0","0","0","0","0","N","1525","1","2","0","0","0","0","0","3","0","2","N","","","","","","","","","","","","03","  ","","",""
"1242","1","0","0","0","0","0","0","0","0","7","0","","36","02","2017","2017023185","4","40.2246","-76.0626","1242","08","0","0","0","0","1","0","0","0","","0","0","0","12","1","1","00","0","40 13:28.672","","00","76 03:45.383","8","0","0","0","36202","0","0","0","","0","0","0","1","68J01","0","","4","2","N","N","0","","0","0","0","0","0","","1241","1","1","0","0","0","1","0","1","0","1","N","","","","","","","","","","","","03","  ","","",""
"1358","0","0","0","0","0","0","0","0","0","1","0","","36","02","2017","2017023194","1","39.9251","-76.0681","1342","08","0","0","0","0","0","2","0","0","","0","0","0","13","1","2","01","0","39 55:30.261","","00","76 04:05.138","3","0","0","2","36201","0","0","0","","0","0","0","2","68J01","0","","1","01","N","N","0","","1","0","0","3","3","","1339","2","2","0","0","0","1","0","1","0","2","N","","","","","","","","","","","","03","  ","","",""
"1307","0","0","0","0","0","0","0","0","0","7","1","","36","02","2017","2017023200","6","39.8714","-76.2283","1303","08","0","0","0","0","0","0","0","0","","0","1","0","13","1","0","00","0","39 52:16.987","","00","76 13:41.819","0","0","0","0","36208","0","0","0","","0","0","0","1","68J01","0","","2","01","N","N","0","","0","0","0","0","0","","1301","0","1","0","0","0","0","0","1","0","1","N","","","","","","","","","","","","03","  ","","",""
"1507","1","0","0","0","0","0","0","0","0","4","1","","36","02","2017","2017023201","6","40.226","-76.302","1451","08","0","0","0","0","0","0","0","0","","0","1","0","14","1","1","00","0","40 13:33.491","","00","76 18:07.211","3","0","0","0","36217","0","0","0","","0","0","0","3","68J01","0","","1","01","N","N","0","","1","0","0","0","0","","1446","1","2","0","0","0","0","0","1","0","2","N","","","","","","","","","","","","03","  ","","",""
"1025","0","0","0","0","0","0","0","0","0","4","0","","36","01","2017","2017023226","3","39.8967","-76.1774","1010","08","0","0","0","0","0","0","1","0","1","0","0","0","10","1","1","00","2","39 53:48.245","7","00","76 10:38.491","3","0","0","0","36229","0","0","0","","0","0","0","1","68J01","0","","4","01","N","N","1","","1","0","1","0","0","Y","1007","1","2","0","0","0","0","0","1","0","2","N","","","","","","","","","","","","03","  ","","",""
"1539","1","0","0","0","0","0","0","0","0","4","0","","36","02","2017","2017023277","4","40.0229","-76.3048","1528","08","0","0","0","0","0","0","1","0","2","0","0","0","15","1","0","05","1","40 01:22.439","2","00","76 18:17.112","0","0","0","0","36220","0","0","0","N","0","0","0","2","36101","0","","1","01","N","N","0","","0","0","1","3","2","N","1519","0","2","0","0","0","0","0","3","0","2","N","","","","","","","","","","","","03","  ","","",""
"1810","0","0","0","0","0","0","0","0","0","7","0","","36","02","2017","2017023296","3","40.0291","-76.4551","1803","08","1","0","0","0","0","0","0","0","1","0","0","0","18","4","0","00","1","40 01:44.836","1","00","76 27:18.498","0","0","0","0","36239","0","0","0","N","0","0","0","1","36239","0","","5","09","N","N","1","","0","0","0","0","0","N","1800","0","1","0","0","0","0","0","3","0","1","N","","","","","","","","","","","","07","  ","","",""
"1714","2","0","0","0","0","0","0","0","0","2","0","","36","02","2017","2017023311","3","40.0398","-76.262","1709","08","0","0","0","1","0","0","0","1","","0","0","0","17","1","1","02","0","40 02:23.353","","00","76 15:43.359","3","0","0","0","36215","0","0","0","N","0","0","0","2","36215","0","","1","01","N","N","0","","1","0","0","3","3","","1709","1","2","0","0","0","0","0","1","0","2","N","","","","","","","","","","","","03","  ","","",""
"1818","0","0","0","0","0","0","0","0","0","7","0","","36","02","2017","2017023314","3","40.0528","-76.4142","1815","08","0","0","1","0","0","0","0","0","3","0","0","0","18","2","1","00","2","40 03:10.058","1","00","76 24:51.275","4","0","0","0","36239","0","0","0","N","0","0","0","2","36239","1","","4","09","N","N","0","","0","0","1","0","0","N","1812","1","1","0","0","0","0","0","3","0","1","N","","","","","","","","","","","","07","  ","","",""
"1737","0","0","0","0","0","0","0","0","0","4","0","","36","02","2017","2017023316","7","40.2448","-76.1041","1734","08","0","0","0","0","0","0","0","0","","0","0","0","17","2","0","01","0","40 14:41.210","","00","76 06:14.877","0","0","0","0","36210","0","0","0","N","0","0","0","7","36210","0","","1","01","N","N","0","","0","0","2","3","3","","1733","0","2","0","0","0","0","0","1","0","2","N","","","","","","","","","","","","03","  ","","",""
"1637","2","0","0","0","0","0","0","0","0","1","0","","36","02","2017","2017023321","6","40.0851","-76.2149","1632","08","0","0","0","0","1","1","0","0","2","0","0","0","16","1","1","00","1","40 05:06.338","3","00","76 12:53.494","3","0","0","0","36234","0","0","0","N","0","0","0","3","36215","0","","1","01","N","N","0","","1","0","1","0","0","N","1632","1","3","0","0","0","0","0","1","0","3","N","","","","","","","","","","","","03","  ","","",""
"0724","2","0","0","0","0","0","0","0","0","4","0","","36","02","2017","2017023323","5","40.226","-76.1326","0719","08","0","0","1","0","0","0","0","0","2","0","0","0","07","1","0","00","1","40 13:33.700","6","00","76 07:57.500","0","0","0","0","36210","0","0","0","N","0","0","0","2","36210","0","","1","09","N","N","0","","0","0","0","0","0","N","0717","0","2","0","0","0","0","0","1","0","2","N","","","","","","","","","","","","07","  ","","",""
"1711","0","0","0","0","0","0","0","0","0","7","0","","36","02","2017","2017023330","5","40.0678","-76.2004","1708","08","0","0","0","0","0","1","1","0","1","0","0","0","17","1","1","00","2","40 04:04.000","6","00","76 12:01.500","8","0","0","2","36234","0","0","0","N","0","0","0","2","36215","0","","4","01","N","N","0","","0","0","0","0","0","Y","1706","1","2","0","0","0","1","0","1","0","2","N","","","","","","","","","","","","03","  ","","",""
"1522","2","0","0","0","0","0","0","0","0","1","0","","36","02","2017","2017023331","5","40.0403","-76.2434","1517","08","0","0","1","0","0","1","0","0","1","0","0","0","15","1","1","00","1","40 02:25.113","3","00","76 14:36.179","4","0","0","0","36215","0","0","0","N","0","0","0","6","36215","1","","1","01","N","N","1","","0","0","0","0","0","N","1522","1","3","0","0","0","0","0","1","0","3","N","","","","","","","","","","","","03","  ","","",""
"0629","1","0","0","0","0","0","0","0","0","1","0","","36","03","2017","2017023410","4","40.0887","-76.3805","0625","08","0","0","0","0","0","1","0","0","","0","0","0","06","1","0","00","0","40 05:19.216","","00","76 22:49.912","0","0","0","0","36214","0","0","0","N","0","0","0","4","36214","0","","1","09","N","N","1","","0","0","1","0","0","","0620","0","3","0","0","0","0","0","3","0","3","N","","","","","","","","","","","","07","  ","","",""
"2305","1","0","0","0","0","0","0","0","0","9","0","","36","02","2017","2017023439","6","40.052","-76.277","2257","08","0","0","0","0","0","0","0","0","2","0","0","0","22","2","0","00","1","40 03:07.351","4","00","76 16:37.031","0","0","0","0","36101","0","0","0","N","0","0","0","1","36101","0","","1","01","N","N","0","","0","0","0","0","0","N","2252","0","1","0","0","0","0","0","3","0","1","N","","","","","","","","","","","","03","  ","","",""
"1707","1","0","0","0","0","0","0","0","0","1","0","","36","02","2017","2017023461","2","40.137","-76.3035","1706","08","0","0","0","0","0","1","0","0","1","0","0","0","17","1","0","00","1","40 08:13.064","5","00","76 18:12.629","0","0","0","0","36235","0","0","0","","0","0","0","3","36506","0","","1","01","N","N","1","","0","0","1","0","0","N","1706","0","3","0","0","0","0","0","1","0","3","N","","","","","","","","","","","","03","  ","","",""
"1418","1","0","0","0","0","0","0","0","0","4","0","","36","02","2017","2017023462","3","40.1266","-76.3051","1410","08","0","0","0","0","0","0","0","1","","0","0","0","14","1","0","01","0","40 07:35.600","","00","76 18:18.296","0","0","0","0","36235","0","0","0","","0","0","0","3","36506","0","","1","01","N","N","0","","0","0","1","2","2","","1409","0","2","0","0","1","0","0","1","0","2","N","","","","","","","","","","","","03","  ","","",""
"1240","0","0","0","0","0","0","0","0","0","7","0","","36","03","2017","2017023499","4","40.0557","-76.2841","1236","08","0","0","0","0","0","1","0","0","2","0","0","0","12","1","1","00","1","40 03:20.556","4","00","76 17:02.766","3","0","0","0","36101","0","0","0","N","0","0","0","1","36101","0","","4","09","N","N","0","","1","0","1","0","0","N","1228","1","1","0","0","0","0","0","3","0","1","N","","","","","","","","","","","","03","  ","","",""
"1616","1","0","0","0","0","0","0","0","0","1","0","","36","02","2017","2017023536","3","40.1047","-76.3054","1610","08","0","0","0","0","0","1","0","0","","0","0","0","16","1","0","00","0","40 06:16.986","","00","76 18:19.509","0","0","0","0","36101","0","0","0","N","0","0","0","2","36101","0","","1","01","N","N","0","","0","0","1","0","0","","1608","0","2","0","0","0","0","0","3","0","2","N","","","","","","","","","","","","03","  ","","",""
"0618","0","0","0","0","0","0","0","0","0","0","0","","36","02","2017","2017023580","2","40.1563","-76.5728","0610","08","0","0","0","0","0","1","0","0","2","0","0","0","06","1","0","00","1","40 09:22.579","3","00","76 34:22.227","0","0","0","0","36225","0","0","0","N","0","0","0","1","36505","0","","1","01","N","N","1","","0","0","0","0","0","N","0610","0","1","0","0","0","0","0","2","0","1","N","","","","","","","","","","","","03","  ","","",""
"1518","0","0","0","0","0","0","0","0","0","1","0","","36","02","2017","2017023607","7","40.0681","-76.299","1458","08","0","0","0","0","0","1","0","0","","0","0","0","14","1","0","00","0","40 04:05.032","","00","76 17:56.467","0","0","0","0","36101","0","0","0","N","0","0","0","6","36101","0","","1","01","N","N","0","","0","0","2","0","0","","1456","0","2","0","0","0","0","0","3","0","2","N","","","","","","","","","","","","03","  ","","",""
"1502","1","0","0","0","0","0","0","0","0","7","0","","36","02","2017","2017023610","1","40.0962","-76.2939","1457","08","0","0","0","0","0","1","0","0","2","0","0","0","14","1","1","00","2","40 05:46.251","4","00","76 17:38.128","3","0","0","0","36101","0","0","0","Y","0","0","0","1","36101","0","","4","01","N","N","0","","1","0","0","0","0","N","1456","1","1","0","0","0","0","0","3","0","1","N","","","","","","","","","","","","03","  ","","",""
"0547","1","0","0","0","0","0","0","0","0","7","0","","36","03","2017","2017023614","4","40.1027","-76.3426","0538","08","0","0","0","0","0","0","0","0","","0","0","0","05","3","0","00","0","40 06:09.802","","00","76 20:33.520","0","0","0","0","36406","0","0","0","N","0","0","0","1","36101","0","","5","09","N","N","0","","0","0","0","0","0","","0525","0","1","0","0","0","0","0","3","0","1","N","","","","","","","","","","","","03","  ","","",""
"1436","1","0","0","0","0","0","0","0","0","0","0","","36","03","2017","2017023627","4","40.1002","-76.2574","1429","08","0","0","0","0","0","0","0","0","2","0","0","0","14","1","1","00","1","40 06:00.589","1","00","76 15:26.714","4","0","0","0","36101","0","0","0","N","0","0","0","1","36101","1","","1","09","N","N","0","","0","0","0","0","0","N","1427","1","1","0","0","0","0","0","3","0","1","N","","","","","","","","","","","","07","  ","","",""
"1738","2","0","0","0","0","0","0","0","0","4","0","","36","03","2017","2017023647","4","40.046","-76.3062","1733","08","0","0","0","0","0","0","0","0","2","0","0","0","17","1","0","01","1","40 02:45.427","3","00","76 18:22.222","0","0","0","0","36301","0","0","0","N","0","0","0","2","36301","0","","1","01","N","N","0","","0","0","0","3","3","N","1732","0","2","0","0","0","0","0","3","0","2","N","","","","","","","","","","","","03","  ","","",""