"ARRIVAL_TM","AUTOMOBILE_COUNT","BELTED_DEATH_COUNT","BELTED_SUSP_SERIOUS_INJ_COUNT","BICYCLE_COUNT","BICYCLE_DEATH_COUNT","BICYCLE_SUSP_SERIOUS_INJ_COUNT","BUS_COUNT","CHLDPAS_DEATH_COUNT","CHLDPAS_SUSP_SERIOUS_INJ_COUNT","COLLISION_TYPE","COMM_VEH_COUNT","CONS_ZONE_SPD_LIM","COUNTY","CRASH_MONTH","CRASH_YEAR","CRN","DAY_OF_WEEK","DEC_LAT","DEC_LONG","DISPATCH_TM","DISTRICT","DRIVER_COUNT_16YR","DRIVER_COUNT_17YR","DRIVER_COUNT_18YR","DRIVER_COUNT_19YR","DRIVER_COUNT_20YR","DRIVER_COUNT_50_64YR","DRIVER_COUNT_65_74YR","DRIVER_COUNT_75PLUS","EST_HRS_CLOSED","FATAL_COUNT","HEAVY_TRUCK_COUNT","HORSE_BUGGY_COUNT","HOUR_OF_DAY","ILLUMINATION","INJURY_COUNT","INTERSECT_TYPE","LANE_CLOSED","LATITUDE","LN_CLOSE_DIR","LOCATION_TYPE","LONGITUDE","MAX_SEVERITY_LEVEL","MCYCLE_DEATH_COUNT","MCYCLE_SUSP_SERIOUS_INJ_COUNT","MOTORCYCLE_COUNT","MUNICIPALITY","NONMOTR_COUNT","NONMOTR_DEATH_COUNT","NONMOTR_SUSP_SERIOUS_INJ_COUNT","NTFY_HIWY_MAINT","PED_COUNT","PED_DEATH_COUNT","PED_SUSP_SERIOUS_INJ_COUNT","PERSON_COUNT","POLICE_AGCY","POSSIBLE_INJ_COUNT","RDWY_SURF_TYPE_CD","RELATION_TO_ROAD","ROAD_CONDITION","SCH_BUS_IND","SCH_ZONE_IND","SMALL_TRUCK_COUNT","SPEC_JURIS_CD","SUSP_MINOR_INJ_COUNT","SUSP_SERIOUS_INJ_COUNT","SUV_COUNT","TCD_FUNC_CD","TCD_TYPE","TFC_DETOUR_IND","TIME_OF_DAY","TOT_INJ_COUNT","TOTAL_UNITS","UNB_DEATH_COUNT","UNB_SUSP_SERIOUS_INJ_COUNT","UNBELTED_OCC_COUNT","UNK_INJ_DEG_COUNT","UNK_INJ_PER_COUNT","URBAN_RURAL","VAN_COUNT","VEHICLE_COUNT","WORK_ZONE_IND","WORK_ZONE_LOC","WORK_ZONE_TYPE","WORKERS_PRES","WZ_CLOSE_DETOUR","WZ_FLAGGER","WZ_LAW_OFFCR_IND","WZ_LN_CLOSURE","WZ_MOVING","WZ_OTHER","WZ_SHLDER_MDN","ROADWAY_CLEARED","WEATHER1","WEATHER2","WZ_WORKERS_INJ_KILLED","SECONDARY_CRASH","INTERSECTION_RELATED"
"1117","1","0","0","0","0","0","0","0","0","8","0","","36","02","2017","2017023648","7","40.0389","-76.2971","1111","08","0","0","0","0","0","0","0","0","","0","0","0","11","1","1","01","0","40 02:20.039","","00","76 17:49.619","8","0","0","0","36301","1","0","0","N","1","0","0","2","36301","0","","1","01","N","N","0","","0","0","0","3","2","","1108","1","2","0","0","0","1","0","3","0","1","N","","","","","","","","","","","","03","  ","","",""
"0855","1","0","0","0","0","0","0","0","0","4","0","","36","03","2017","2017023660","5","40.0884","-76.0488","0843","08","0","1","0","0","0","0","0","0","","0","0","0","08","1","0","00","0","40 05:18.131","","07","76 02:55.658","0","0","0","0","36213","0","0","0","N","0","0","0","3","36213","0","","1","01","N","N","1","","0","0","0","3","3","","0840","0","2","0","0","0","0","0","1","0","2","N","","","","","","","","","","","","03","  ","","",""
"1337","2","0","0","0","0","0","0","0","0","4","0","","36","02","2017","2017023761","5","40.0377","-76.2718","1334","08","0","0","0","0","0","0","1","0","","0","0","0","13","1","2","01","0","40 02:16.006","","00","76 16:18.567","4","0","0","0","36215","0","0","0","N","0","0","0","3","36215","2","","1","01","N","N","0","","0","0","0","3","2","","1330","2","2","0","0","0","0","0","1","0","2","N","","","","","","","","","","","","03","  ","","",""
"1625","2","0","0","0","0","0","0","0","0","1","0","","36","03","2017","2017023766","5","40.1498","-76.6023","1622","08","0","0","0","0","0","1","0","0","","0","0","0","16","1","0","00","0","40 08:59.366","","00","76 36:08.258","0","0","0","0","36407","0","0","0","N","0","0","0","1","36407","0","","1","01","N","N","0","","0","0","0","0","0","","1620","0","2","0","0","0","0","0","2","0","2","N","","","","","","","","","","","","03","  ","","",""
"2245","1","0","0","0","0","0","0","0","0","7","0","","36","01","2017","2017023794","3","40.2351","-76.1003","2243","08","0","0","0","0","0","0","0","0","2","0","0","0","22","2","0","00","1","40 14:06.370","3","00","76 06:00.918","0","0","0","0","36210","0","0","0","N","0","0","0","1","36210","0","","5","01","N","N","0","","0","0","0","0","0","N","2243","0","1","0","0","0","0","0","1","0","1","N","","","","","","","","","","","","03","  ","","",""
"2310","2","0","0","0","0","0","0","0","0","4","0","","36","03","2017","2017023797","5","40.0695","-76.3076","2310","08","1","0","0","0","0","0","0","0","2","0","0","0","23","3","0","01","1","40 04:10.082","1","00","76 18:27.453","0","0","0","0","36101","0","0","0","N","0","0","0","2","36101","0","","1","01","N","N","0","","0","0","0","3","2","N","2301","0","2","0","0","0","0","0","3","0","2","N","","","","","","","","","","","","03","  ","","",""
"2120","2","0","0","0","0","0","0","0","0","5","0","","36","02","2017","2017023895","7","40.0319","-76.5051","2117","08","0","0","0","0","0","0","0","0","1","0","0","0","21","3","1","02","1","40 01:54.699","2","00","76 30:18.478","8","0","0","0","36404","0","0","0","N","0","0","0","2","36404","0","","1","01","N","N","0","","0","0","0","0","0","N","2117","1","2","0","0","0","1","0","3","0","2","N","","","","","","","","","","","","03","  ","","",""
"0758","2","0","0","0","0","0","0","0","0","1","0","","36","03","2017","2017023906","5","40.0416","-76.4979","0758","08","0","0","0","0","0","2","0","0","3","0","0","0","07","1","2","00","2","40 02:29.629","3","00","76 29:52.455","3","0","0","0","36404","0","0","0","N","0","0","0","6","36404","0","","1","09","N","N","1","","2","0","3","0","0","Y","0758","2","6","0","0","0","0","0","3","0","6","N","","","","","","","","","","","","07","  ","","",""
"0953","1","0","0","0","0","0","0","0","0","7","0","","36","03","2017","2017023909","6","40.0302","-76.3222","0942","08","0","0","0","0","0","0","0","0","3","0","0","0","09","1","2","01","1","40 01:48.569","4","00","76 19:20.092","4","0","0","0","36301","0","0","0","N","0","0","0","2","36301","2","","5","01","N","N","0","","0","0","0","0","0","Y","0942","2","1","0","0","0","0","0","3","0","1","N","","","","","","","","","","","","03","  ","","",""
"1431","0","0","0","0","0","0","0","0","0","1","0","","36","03","2017","2017023949","6","40.0779","-76.3088","1426","08","0","0","0","0","0","1","0","0","2","0","0","0","14","1","2","00","1","40 04:40.389","2","00","76 18:31.849","3","0","0","0","36101","0","0","0","N","0","0","0","4","36101","0","","1","09","N","N","0","","2","0","2","0","0","N","1423","2","3","0","0","0","0","0","3","1","3","N","","","","","","","","","","","","03","  ","","",""
"2040","1","0","0","0","0","0","0","0","0","4","0","","36","02","2017","2017023996","7","39.9447","-76.2601","2030","08","0","0","0","0","1","1","0","0","2","0","0","0","20","2","1","01","1","39 56:40.878","2","00","76 15:36.285","4","0","0","0","36228","0","0","0","N","0","0","0","3","36503","1","","1","01","N","N","0","","0","0","1","3","3","N","2030","1","2","0","0","0","0","0","1","0","2","N","","","","","","","","","","","","03","  ","","",""
"0657","1","0","1","0","0","0","0","0","0","4","0","","36","03","2017","2017024025","6","40.0561","-76.2988","0654","08","0","0","0","0","0","0","0","0","2","0","0","0","06","1","3","01","1","40 03:21.826","4","00","76 17:55.716","2","0","0","0","36101","0","0","0","N","0","0","0","3","36101","1","","1","01","N","N","0","","1","1","1","3","3","N","0654","3","2","0","0","0","0","0","3","0","2","N","","","","","","","","","","","","03","  ","","",""
"1812","3","0","0","0","0","0","0","0","0","5","0","","36","02","2017","2017024039","6","40.0393","-76.2944","1810","08","0","0","0","0","1","0","0","0","2","0","0","0","18","3","2","00","2","40 02:21.336","3","00","76 17:39.874","3","0","0","0","36301","0","0","0","N","0","0","0","2","36301","0","","1","01","N","N","0","","2","0","0","0","0","Y","1810","2","3","0","0","0","0","0","3","0","3","N","","","","","","","","","","","","03","  ","","",""
"1449","0","0","0","0","0","0","0","0","0","5","1","","36","02","2017","2017024042","3","40.068","-76.293","1446","08","0","0","0","0","0","0","0","0","1","0","1","0","14","1","0","06","1","40 04:04.757","1","02","76 17:34.937","0","0","0","0","36101","0","0","0","N","0","0","0","2","36101","0","","1","01","N","N","0","","0","0","1","0","0","N","1444","0","2","0","0","0","0","0","3","0","2","N","","","","","","","","","","","","03","  ","","",""
"1159","2","0","0","0","0","0","0","0","0","4","0","","36","03","2017","2017024044","6","40.0424","-76.2938","1150","08","0","0","0","0","0","0","0","0","","0","0","0","11","1","0","01","0","40 02:32.690","","00","76 17:37.622","0","0","0","0","36301","0","0","0","N","0","0","0","4","36301","0","","1","01","N","N","0","","0","0","0","3","3","","1149","0","2","0","0","0","0","0","3","0","2","N","","","","","","","","","","","","03","  ","","",""
"1042","1","0","0","0","0","0","0","0","0","4","0","","36","03","2017","2017024083","7","40.1469","-76.603","1040","08","0","0","0","0","0","1","0","0","2","0","0","0","10","1","1","01","2","40 08:48.953","2","00","76 36:10.703","3","0","0","0","36407","0","0","0","N","0","0","0","3","36407","0","","1","01","N","N","0","","1","0","1","3","2","Y","1038","1","2","0","0","0","0","0","2","0","2","N","","","","","","","","","","","","03","  ","","",""
"1542","3","0","0","0","0","0","0","0","0","1","0","","36","03","2017","2017024119","7","40.0485","-76.5153","1536","08","0","0","0","0","0","1","1","0","1","0","0","0","15","1","1","00","2","40 02:54.634","5","00","76 30:54.919","8","0","0","0","36239","0","0","0","","0","0","0","8","36239","0","","1","01","","","0","","0","0","0","0","0","N","1532","1","3","0","0","0","1","0","3","0","3","N","","","","","","","","","","","","03","  ","","",""
"2106","1","0","0","0","0","0","0","0","0","7","0","","36","02","2017","2017024121","4","40.0422","-76.4831","2104","08","0","0","0","0","0","0","0","0","1","0","0","0","21","2","0","00","1","40 02:31.902","3","00","76 28:59.301","9","0","0","0","36404","0","0","0","N","0","0","0","1","36404","0","","2","01","N","N","0","","0","0","0","0","0","N","2103","0","1","0","0","0","0","1","3","0","1","N","","","","","","","","","","","","03","  ","","",""
"1958","1","0","0","0","0","0","0","0","0","1","0","","36","03","2017","2017024134","6","40.0381","-76.3413","1953","08","0","0","0","0","0","1","0","0","1","0","0","0","19","3","0","00","1","40 02:17.332","4","00","76 20:28.855","0","0","0","0","36220","0","0","0","N","0","0","0","3","36101","0","","1","01","N","N","0","","0","0","0","3","2","N","1949","0","2","0","0","0","0","0","3","1","2","N","","","","","","","","","","","","03","  ","","",""
"1515","1","0","0","0","0","0","0","0","0","1","0","","36","02","2017","2017024178","3","40.0928","-76.1495","1503","08","0","0","0","0","0","1","0","1","2","0","0","0","15","1","1","02","1","40 05:34.063","6","00","76 08:58.312","8","0","0","0","36238","0","0","0","N","0","0","0","3","36238","0","","1","01","N","N","1","","0","0","1","3","3","N","1502","1","3","0","0","1","1","0","3","0","3","N","","","","","","","","","","","","03","  ","","",""
"1518","1","0","0","0","0","0","0","0","0","1","0","","36","02","2017","2017024182","2","40.0794","-76.3388","1509","08","0","0","1","0","0","0","0","0","","0","0","0","15","1","0","00","0","40 04:45.925","","00","76 20:19.801","0","0","0","0","36101","0","0","0","N","0","0","0","2","36101","0","","1","09","N","N","1","","0","0","0","0","0","","1506","0","2","0","0","0","0","0","3","0","2","N","","","","","","","","","","","","07","  ","","",""
"1620","2","0","0","0","0","0","0","0","0","1","0","","36","03","2017","2017024185","6","40.0734","-76.267","1609","08","0","0","0","0","1","0","0","0","1","0","0","0","16","1","0","00","2","40 04:24.250","2","00","76 16:01.190","0","0","0","0","36101","0","0","0","N","0","0","0","2","36101","0","","1","01","N","N","0","","0","0","0","0","0","N","1607","0","2","0","0","0","0","0","3","0","2","N","","","","","","","","","","","","03","  ","","",""
"1243","2","0","0","0","0","0","0","0","0","1","0","","36","02","2017","2017024188","3","40.0389","-76.2798","1239","08","0","0","0","0","0","0","0","0","2","0","0","0","12","1","1","00","2","40 02:20.192","4","00","76 16:47.267","4","0","0","0","36220","0","0","0","N","0","0","0","10","36101","1","","1","01","N","N","0","","0","0","0","0","0","Y","1237","1","3","0","0","0","0","0","3","1","3","N","","","","","","","","","","","","03","  ","","",""
"1621","1","0","0","0","0","0","0","0","0","1","0","","36","03","2017","2017024190","6","40.0787","-76.3464","1617","08","0","0","0","0","0","0","0","0","1","0","0","0","16","1","1","06","2","40 04:41.708","2","02","76 20:46.688","4","0","0","0","36101","0","0","0","N","0","0","0","2","36101","1","","1","01","N","N","1","","0","0","0","3","3","N","1613","1","2","0","0","0","0","0","3","0","2","N","","","","","","","","","","","","03","  ","","",""
"1632","1","0","0","0","0","0","0","0","0","1","0","","36","02","2017","2017024191","3","40.1655","-76.1596","1625","08","0","0","0","0","0","0","0","0","2","0","0","0","16","1","0","02","1","40 09:55.667","3","00","76 09:34.569","0","0","0","0","36218","0","0","0","N","0","0","0","3","36408","0","","1","01","N","N","1","","0","0","1","3","2","N","1623","0","3","0","0","0","0","0","1","0","3","N","","","","","","","","","","","","03","  ","","",""
"1444","1","0","0","0","0","0","0","0","0","4","0","","36","03","2017","2017024192","7","40.0537","-76.3253","1435","08","0","0","0","0","0","1","0","0","","0","0","0","14","1","0","02","0","40 03:13.400","","00","76 19:31.003","0","0","0","0","36101","0","0","0","N","0","0","0","2","36101","0","","1","01","N","N","1","","0","0","0","0","0","","1434","0","2","0","0","0","0","0","3","0","2","N","","","","","","","","","","","","03","  ","","",""
"0600","1","0","0","0","0","0","0","0","0","4","0","","36","03","2017","2017024195","7","40.1063","-76.3544","0555","08","0","0","0","0","0","0","0","0","1","0","0","0","05","3","0","01","2","40 06:22.809","6","00","76 21:16.002","0","0","0","0","36406","0","0","0","N","0","0","0","2","36101","0","","1","01","N","N","0","","0","0","1","3","2","Y","0551","0","2","0","0","0","0","0","3","0","2","N","","","","","","","","","","","","03","  ","","",""
"1509","1","0","0","0","0","0","0","0","0","8","0","","36","02","2017","2017024197","3","40.0372","-76.3161","1500","08","0","0","0","0","0","0","0","0","","0","0","0","15","1","1","00","0","40 02:13.916","","00","76 18:57.938","3","0","0","0","36301","1","0","0","N","1","0","0","2","36301","0","","1","01","N","N","0","","1","0","0","0","0","","1500","1","2","0","0","0","0","0","3","0","1","N","","","","","","","","","","","","03","  ","","",""
"0620","2","0","0","0","0","0","0","0","0","1","0","","36","02","2017","2017024202","2","40.1115","-76.065","0613","08","0","0","0","1","0","2","0","0","1","0","0","0","06","5","1","00","1","40 06:41.542","3","00","76 03:53.941","4","0","0","0","36209","0","0","0","N","0","0","0","4","36415","1","","1","01","N","N","2","","0","0","0","0","0","Y","0610","1","4","0","0","0","0","0","1","0","4","N","","","","","","","","","","","","03","  ","","",""
"1613","1","0","0","0","0","0","0","0","0","1","0","","36","02","2017","2017024207","3","40.0753","-76.3086","1609","08","0","0","0","1","0","0","0","0","2","0","0","0","16","1","1","00","1","40 04:30.942","1","00","76 18:30.934","4","0","0","0","36101","0","0","0","N","0","0","0","3","36101","1","","1","01","N","N","0","","0","0","2","0","0","N","1608","1","3","0","0","0","0","0","3","0","3","N","","","","","","","","","","","","03","  ","","",""
"0840","1","0","0","0","0","0","0","0","0","4","0","","36","03","2017","2017024222","7","40.1891","-76.1809","0837","08","0","0","0","0","0","1","0","0","","0","0","0","08","1","0","02","0","40 11:20.635","","00","76 10:51.075","0","0","0","0","36218","0","0","0","N","0","0","0","2","36408","0","","1","01","N","N","0","","0","0","1","3","3","","0835","0","2","0","0","0","0","0","1","0","2","N","","","","","","","","","","","","03","  ","","",""
"0801","0","0","0","0","0","0","0","0","0","1","2","","36","03","2017","2017024244","7","40.0268","-76.2173","0757","08","0","0","0","0","0","1","0","0","3","0","2","0","07","1","1","00","2","40 01:36.601","4","07","76 13:02.170","3","0","0","0","36215","0","0","0","N","0","0","0","4","36215","0","","1","01","N","N","0","","1","0","1","3","2","Y","0756","1","3","0","0","0","0","0","1","0","3","N","","","","","","","","","","","","03","  ","","",""
"1356","0","0","0","0","0","0","0","0","0","7","0","","36","03","2017","2017024272","7","40.1318","-76.5989","1353","08","0","0","1","0","0","0","1","0","","0","0","0","13","1","0","00","0","40 07:54.518","","07","76 35:56.135","0","0","0","0","36237","0","0","0","N","0","0","0","3","36505","0","","4","01","N","N","2","","0","0","0","0","0","","1348","0","2","0","0","0","0","0","1","0","2","N","","","","","","","","","","","","03","  ","","",""
"0852","1","0","0","0","0","0","0","0","0","7","0","","36","02","2017","2017024294","3","40.0873","-76.1893","0849","08","0","0","0","0","0","0","0","0","2","0","0","0","08","1","0","00","2","40 05:14.333","6","00","76 11:21.420","0","0","0","0","36234","0","0","0","N","0","0","0","1","36215","0","","4","01","N","N","0","","0","0","0","0","0","Y","0846","0","1","0","0","0","0","0","1","0","1","N","","","","","","","","","","","","03","  ","","",""
"1432","1","0","0","0","0","0","0","0","0","6","0","","36","02","2017","2017024297","6","40.0997","-76.193","1428","08","0","0","0","0","0","1","0","0","2","0","0","0","14","1","2","00","2","40 05:58.900","6","00","76 11:34.800","3","0","0","0","36234","0","0","0","N","0","0","0","4","36215","0","","1","01","N","N","1","","2","0","0","0","0","Y","1427","2","2","0","0","2","0","0","1","0","2","N","","","","","","","","","","","","03","  ","","",""
"2116","2","0","0","0","0","0","0","0","0","1","0","","36","03","2017","2017024302","7","40.0446","-76.3026","2116","08","0","0","0","0","0","1","0","0","","0","0","0","19","3","1","00","0","40 02:40.729","","00","76 18:09.230","8","0","0","0","36301","0","0","0","N","0","0","0","3","36301","0","","1","01","N","N","0","","0","0","0","0","0","","1940","1","2","0","0","0","1","0","3","0","2","N","","","","","","","","","","","","03","  ","","",""
"2124","2","0","0","0","0","0","0","0","0","4","0","","36","03","2017","2017024316","1","40.0395","-76.306","2122","08","0","0","0","0","0","0","0","0","2","0","0","0","21","3","0","01","2","40 02:22.325","1","00","76 18:21.503","0","0","0","0","36301","0","0","0","N","0","0","0","3","36301","0","","1","01","N","N","0","","0","0","0","3","2","Y","2122","0","2","0","0","0","0","0","3","0","2","N","","","","","","","","","","","","03","  ","","",""
"0518","2","0","0","0","0","0","0","0","0","4","0","","36","02","2017","2017024326","7","40.0389","-76.2971","0512","08","0","0","0","0","0","0","0","0","2","0","0","0","05","3","1","01","1","40 02:20.039","3","00","76 17:49.619","4","0","0","0","36301","0","0","0","N","0","0","0","2","36301","1","","1","01","N","N","0","","0","0","0","3","2","N","0511","1","2","0","0","0","0","1","3","0","2","N","","","","","","","","","","","","03","  ","","",""
"2019","0","0","0","0","0","0","0","0","0","8","0","","36","02","2017","2017024332","4","40.0413","-76.3052","2017","08","0","0","0","0","0","0","0","1","1","0","0","0","20","3","1","00","2","40 02:28.752","3","00","76 18:18.892","4","0","0","0","36301","1","0","0","N","1","0","0","2","36301","1","","1","01","N","N","1","","0","0","0","0","0","Y","2016","1","2","0","0","0","0","0","3","0","1","N","","","","","","","","","","","","03","  ","","",""
"0314","1","0","0","0","0","0","0","0","0","7","0","","36","02","2017","2017024333","1","40.0494","-76.2786","0311","08","0","0","0","0","1","0","0","0","2","0","0","0","03","2","1","00","2","40 02:57.999","3","00","76 16:42.964","4","0","0","0","36301","0","0","0","N","0","0","0","2","36301","1","","3","01","N","N","0","","0","0","0","0","0","Y","0311","1","1","0","0","0","0","0","3","0","1","N","","","","","","","","","","","","03","  ","","",""
"0355","1","0","0","0","0","0","0","0","0","7","0","","36","03","2017","2017024339","7","40.1748","-76.5969","0349","08","0","0","0","1","0","0","0","0","","0","0","0","03","2","0","00","0","40 10:29.339","","00","76 35:48.790","0","0","0","0","36225","0","0","0","Y","0","0","0","1","36505","0","","5","01","N","N","0","","0","0","0","0","0","","0330","0","1","0","0","0","0","0","2","0","1","N","","","","","","","","","","","","03","  ","","",""
"1427","1","0","0","0","0","0","0","0","0","6","0","","36","02","2017","2017024380","7","40.0382","-76.3235","1419","08","0","0","0","0","0","0","0","0","2","0","0","0","14","1","3","01","2","40 02:17.653","4","00","76 19:24.603","8","0","0","0","36301","0","0","0","N","0","0","0","4","36301","0","","1","01","N","N","0","","0","0","1","3","2","Y","1417","3","2","0","0","1","3","0","3","0","2","N","","","","","","","","","","","","03","  ","","",""
"1323","1","0","0","0","0","0","0","0","0","7","0","","36","02","2017","2017024470","1","40.2338","-76.2365","1319","08","0","0","0","0","0","0","0","0","2","0","0","0","13","1","1","00","1","40 14:01.629","6","00","76 14:11.324","8","0","0","0","36204","0","0","0","","0","0","0","1","36506","0","","5","09","N","N","0","","0","0","0","0","0","Y","1319","1","1","0","0","0","1","0","1","0","1","N","","","","","","","","","","","","03","  ","","",""
"1523","0","0","0","0","0","0","0","0","0","7","1","","36","03","2017","2017024471","4","40.1657","-76.2843","1522","08","0","0","0","0","0","0","0","0","4","0","1","0","15","1","0","00","2","40 09:56.679","6","03","76 17:03.502","0","0","0","0","36235","0","0","0","","0","0","0","1","36506","0","","2","01","Y","N","0","","0","0","0","0","0","Y","1522","0","1","0","0","1","0","0","1","0","1","N","","","","","","","","","","","","03","  ","","",""
"2029","2","0","0","0","0","0","0","0","0","1","0","","36","03","2017","2017024472","5","40.2139","-76.2407","2024","08","0","0","0","0","0","0","1","0","2","0","0","0","20","3","1","00","1","40 12:50.046","3","00","76 14:26.638","8","0","0","0","36204","0","0","0","","0","0","0","2","36506","0","","1","01","N","N","0","","0","0","0","0","0","Y","2024","1","2","0","0","0","1","0","1","0","2","N","","","","","","","","","","","","03","  ","","",""
"0755","1","0","0","0","0","0","0","0","0","1","0","","36","03","2017","2017024473","6","40.1515","-76.2498","0748","08","0","0","0","0","0","0","0","0","1","0","0","0","07","1","0","02","1","40 09:05.392","4","00","76 14:59.328","0","0","0","0","36235","0","0","0","","0","0","0","2","36506","0","","1","01","N","N","1","","0","0","0","0","0","N","0748","0","2","0","0","0","0","0","1","0","2","N","","","","","","","","","","","","03","  ","","",""
"2137","1","0","0","0","0","0","0","0","0","4","0","","36","02","2017","2017024555","5","40.0271","-75.9537","2122","08","0","0","0","0","0","1","0","0","1","0","0","0","21","3","1","01","2","40 01:37.488","7","00","75 57:13.388","3","0","0","0","36232","0","0","0","","0","0","0","2","68J01","0","","1","01","N","N","0","","1","0","1","3","3","N","2121","1","2","0","0","1","0","0","1","0","2","N","","","","","","","","","","","","03","  ","","",""
"1251","0","0","0","0","0","0","0","0","0","0","0","","36","02","2017","2017024676","1","39.9598","-76.1001","1233","08","0","0","0","0","0","0","0","0","1","0","0","0","12","1","1","00","1","39 57:35.175","5","00","76 06:00.384","3","0","0","1","36226","0","0","0","","0","0","0","1","68J01","0","","1","01","N","N","0","","1","0","0","0","0","N","1232","1","1","0","0","0","0","0","1","0","1","N","","","","","","","","","","","","03","  ","","",""
"0723","0","0","0","0","0","0","0","0","0","4","1","","36","02","2017","2017024718","6","39.7822","-76.0899","0701","08","0","0","0","0","0","0","0","1","2","0","1","0","06","1","0","01","1","39 46:56.066","3","00","76 05:23.608","0","0","0","0","36222","0","0","0","","0","0","0","2","68J01","0","","1","01","N","N","1","","0","0","0","3","3","N","0651","0","2","0","0","0","0","0","1","0","2","N","","","","","","","","","","","","03","  ","","",""
"1232","1","0","0","0","0","0","0","0","0","7","0","","36","02","2017","2017024721","6","40.1898","-76.0167","1219","08","0","0","0","0","0","0","0","1","2","0","0","0","12","1","1","02","1","40 11:23.313","1","00","76 01:00.197","4","0","0","0","36202","0","0","0","","0","0","0","1","68J01","1","","4","01","N","N","0","","0","0","0","0","0","N","1219","1","1","0","0","0","0","0","1","0","1","N","","","","","","","","","","","","03","  ","","",""
"1654","1","0","0","0","0","0","0","0","0","7","0","","36","02","2017","2017024725","6","40.0141","-76.0521","1644","08","0","0","0","0","1","0","0","0","1","0","0","0","16","1","1","00","1","40 00:50.813","6","00","76 03:07.388","3","0","0","0","36232","0","0","0","","0","0","0","1","68J01","0","","4","01","N","N","0","","1","0","0","0","0","Y","1632","1","1","0","0","0","0","0","1","0","1","N","","","","","","","","","","","","03","  ","","",""
"1945","0","0","0","0","0","0","0","0","0","4","0","","36","02","2017","2017024726","6","39.9893","-76.2289","1938","08","0","0","0","0","0","1","0","0","","0","0","0","19","1","1","00","0","39 59:21.508","","00","76 13:43.944","3","0","0","1","36240","0","0","0","","0","0","0","4","68J01","0","","1","01","N","N","0","","1","0","1","0","0","","1937","1","2","0","0","0","0","0","1","0","2","N","","","","","","","","","","","","03","  ","","",""
"1816","0","0","0","0","0","0","0","0","0","7","0","","36","01","2017","2017024863","2","40.021","-76.0564","1812","08","0","0","0","1","0","0","0","0","1","0","0","0","18","4","0","00","1","40 01:15.740","3","00","76 03:22.870","0","0","0","0","36232","0","0","0","","0","0","0","1","68J01","0","","2","09","N","N","0","","0","0","1","0","0","N","1811","0","1","0","0","0","0","0","1","0","1","N","","","","","","","","","","","","03","  ","","",""
"0247","1","0","0","0","0","0","0","0","0","7","0","","36","02","2017","2017024896","7","40.128","-75.9065","0236","08","0","0","0","1","0","0","0","0","1","0","0","0","02","2","1","00","2","40 07:40.928","5","00","75 54:23.426","3","0","0","0","36203","0","0","0","","0","0","0","1","68J01","0","","5","01","N","N","0","","1","0","0","0","0","N","0235","1","1","0","0","0","0","0","1","0","1","N","","","","","","","","","","","","03","  ","","",""
"2207","0","0","0","0","0","0","0","0","0","7","0","","36","01","2017","2017025191","5","39.929","-76.1055","2153","08","0","0","0","0","0","1","0","0","","0","0","0","21","2","0","00","0","39 55:44.440","","00","76 06:19.740","0","0","0","0","36201","0","0","0","","0","0","0","1","68J01","0","","4","07","N","N","0","","0","0","1","0","0","","2150","0","1","0","0","0","0","0","1","0","1","N","","","","","","","","","","","","10","  ","","",""
"0358","0","0","0","0","0","0","0","0","0","7","0","","36","01","2017","2017025289","7","39.8366","-76.1518","0331","08","0","0","0","0","1","0","0","0","1","0","0","0","03","3","0","02","1","39 50:11.618","3","00","76 09:06.275","0","0","0","0","36212","0","0","0","","0","0","0","1","68J01","0","","4","09","N","N","0","","0","0","1","0","0","N","0325","0","1","0","0","0","0","0","1","0","1","N","","","","","","","","","","","","03","  ","","",""
"1029","2","0","0","0","0","0","0","0","0","1","0","","36","02","2017","2017025293","1","40.1298","-76.2166","1026","08","0","0","0","0","0","1","0","0","","0","0","0","10","1","2","06","0","40 07:47.418","","02","76 12:59.629","4","0","0","0","36238","0","0","0","N","0","0","0","3","36238","2","","1","01","N","N","0","","0","0","0","3","2","","1024","2","2","0","0","0","0","0","3","0","2","N","","","","","","","","","","","","03","  ","","",""
"1150","1","0","0","0","0","0","0","0","0","1","0","","36","03","2017","2017025298","4","40.1153","-76.2124","1142","08","0","0","0","0","0","0","0","0","","0","0","0","11","1","0","00","0","40 06:55.139","","00","76 12:44.740","0","0","0","0","36238","0","0","0","N","0","0","0","3","36238","0","","1","09","N","N","0","","0","0","1","0","0","","1140","0","2","0","0","0","0","0","3","0","2","N","","","","","","","","","","","","03","  ","","",""
"2159","1","0","0","0","0","0","0","0","0","7","0","","36","03","2017","2017025317","2","40.1767","-76.1733","2155","08","0","0","1","0","0","0","0","0","","0","0","0","21","3","0","02","0","40 10:36.170","","00","76 10:23.836","0","0","0","0","36408","0","0","0","N","0","0","0","2","36408","0","","4","01","N","N","0","","0","0","0","0","0","","2154","0","1","0","0","0","0","0","2","0","1","N","","","","","","","","","","","","03","  ","","",""
"0900","1","0","0","0","0","0","0","0","0","1","0","","36","03","2017","2017025331","5","40.1","-76.3549","0900","08","0","0","0","0","0","0","0","0","","0","0","0","08","1","0","00","0","40 06:00.056","","07","76 21:17.511","0","0","0","0","36406","0","0","0","N","0","0","0","2","36101","0","","1","01","N","N","1","","0","0","0","0","0","","0855","0","2","0","0","0","0","0","3","0","2","N","","","","","","","","","","","","03","  ","","",""