"ARRIVAL_TM","AUTOMOBILE_COUNT","BELTED_DEATH_COUNT","BELTED_SUSP_SERIOUS_INJ_COUNT","BICYCLE_COUNT","BICYCLE_DEATH_COUNT","BICYCLE_SUSP_SERIOUS_INJ_COUNT","BUS_COUNT","CHLDPAS_DEATH_COUNT","CHLDPAS_SUSP_SERIOUS_INJ_COUNT","COLLISION_TYPE","COMM_VEH_COUNT","CONS_ZONE_SPD_LIM","COUNTY","CRASH_MONTH","CRASH_YEAR","CRN","DAY_OF_WEEK","DEC_LAT","DEC_LONG","DISPATCH_TM","DISTRICT","DRIVER_COUNT_16YR","DRIVER_COUNT_17YR","DRIVER_COUNT_18YR","DRIVER_COUNT_19YR","DRIVER_COUNT_20YR","DRIVER_COUNT_50_64YR","DRIVER_COUNT_65_74YR","DRIVER_COUNT_75PLUS","EST_HRS_CLOSED","FATAL_COUNT","HEAVY_TRUCK_COUNT","HORSE_BUGGY_COUNT","HOUR_OF_DAY","ILLUMINATION","INJURY_COUNT","INTERSECT_TYPE","LANE_CLOSED","LATITUDE","LN_CLOSE_DIR","LOCATION_TYPE","LONGITUDE","MAX_SEVERITY_LEVEL","MCYCLE_DEATH_COUNT","MCYCLE_SUSP_SERIOUS_INJ_COUNT","MOTORCYCLE_COUNT","MUNICIPALITY","NONMOTR_COUNT","NONMOTR_DEATH_COUNT","NONMOTR_SUSP_SERIOUS_INJ_COUNT","NTFY_HIWY_MAINT","PED_COUNT","PED_DEATH_COUNT","PED_SUSP_SERIOUS_INJ_COUNT","PERSON_COUNT","POLICE_AGCY","POSSIBLE_INJ_COUNT","RDWY_SURF_TYPE_CD","RELATION_TO_ROAD","ROAD_CONDITION","SCH_BUS_IND","SCH_ZONE_IND","SMALL_TRUCK_COUNT","SPEC_JURIS_CD","SUSP_MINOR_INJ_COUNT","SUSP_SERIOUS_INJ_COUNT","SUV_COUNT","TCD_FUNC_CD","TCD_TYPE","TFC_DETOUR_IND","TIME_OF_DAY","TOT_INJ_COUNT","TOTAL_UNITS","UNB_DEATH_COUNT","UNB_SUSP_SERIOUS_INJ_COUNT","UNBELTED_OCC_COUNT","UNK_INJ_DEG_COUNT","UNK_INJ_PER_COUNT","URBAN_RURAL","VAN_COUNT","VEHICLE_COUNT","WORK_ZONE_IND","WORK_ZONE_LOC","WORK_ZONE_TYPE","WORKERS_PRES","WZ_CLOSE_DETOUR","WZ_FLAGGER","WZ_LAW_OFFCR_IND","WZ_LN_CLOSURE","WZ_MOVING","WZ_OTHER","WZ_SHLDER_MDN","ROADWAY_CLEARED","WEATHER1","WEATHER2","WZ_WORKERS_INJ_KILLED","SECONDARY_CRASH","INTERSECTION_RELATED"
"1944","1","0","0","0","0","0","0","0","0","8","0","","36","03","2017","2017025333","4","40.0324","-76.3025","1939","08","0","0","0","0","0","0","0","0","","0","0","0","19","4","1","00","0","40 01:56.716","","00","76 18:08.973","3","0","0","0","36301","1","0","0","N","1","0","0","2","36301","0","","1","01","N","N","0","","1","0","0","3","3","","1939","1","2","0","0","0","0","0","3","0","1","N","","","","","","","","","","","","03","  ","","",""
"1337","1","0","0","0","0","0","0","0","0","4","0","","36","02","2017","2017025448","6","40.1221","-76.2328","1333","08","0","0","0","0","0","0","0","0","","0","0","0","13","1","1","00","0","40 07:19.503","","00","76 13:58.209","3","0","0","0","36238","0","0","0","N","0","0","0","2","36238","0","","2","01","N","N","1","","1","0","0","3","3","","1333","1","2","0","0","0","0","0","3","0","2","N","","","","","","","","","","","","03","  ","","",""
"1441","2","0","0","0","0","0","0","0","0","4","0","","36","03","2017","2017025449","5","40.1066","-76.0676","1435","08","0","1","0","0","0","0","1","0","1","0","0","0","14","1","0","01","1","40 06:23.763","2","00","76 04:03.457","0","0","0","0","36209","0","0","0","N","0","0","0","3","36415","0","","1","01","N","N","0","","0","0","0","3","3","Y","1435","0","2","0","0","0","0","0","1","0","2","N","","","","","","","","","","","","03","  ","","",""
"2359","0","0","0","0","0","0","0","0","0","5","1","","36","02","2017","2017025457","3","40.1521","-76.1627","2356","08","0","0","0","0","0","0","0","0","","0","1","0","23","2","0","00","0","40 09:07.494","","00","76 09:45.618","0","0","0","0","36238","0","0","0","N","0","0","0","1","36238","0","","2","01","Y","N","0","","0","0","0","0","0","","2356","0","2","0","0","0","0","0","3","1","2","N","","","","","","","","","","","","03","  ","","",""
"0630","1","0","0","1","0","0","0","0","0","1","0","","36","03","2017","2017025459","3","40.1711","-76.1274","0625","08","0","0","0","0","0","0","0","0","","0","0","0","06","1","1","00","0","40 10:15.820","","00","76 07:38.510","8","0","0","0","36218","1","0","0","N","0","0","0","2","36408","0","","2","09","N","N","0","","0","0","0","0","0","","0622","1","2","0","0","0","1","0","1","0","1","N","","","","","","","","","","","","07","  ","","",""
"0752","0","0","0","0","0","0","0","0","0","8","0","","36","03","2017","2017025460","2","40.0395","-76.306","0752","08","0","0","0","0","0","1","0","0","","0","0","0","07","1","1","01","0","40 02:22.325","","00","76 18:21.503","3","0","0","0","36301","1","0","0","N","1","0","0","2","36301","0","","1","01","N","N","1","","1","0","0","3","2","","0752","1","2","0","0","0","0","0","3","0","1","N","","","","","","","","","","","","03","  ","","",""
"0733","2","0","0","0","0","0","0","0","0","4","0","","36","03","2017","2017025461","3","40.0591","-76.4628","0724","08","0","0","0","0","0","0","0","0","","0","0","0","07","1","0","00","0","40 03:32.856","","00","76 27:46.241","0","0","0","0","36239","0","0","0","N","0","0","0","2","36239","0","","1","09","N","N","0","","0","0","0","0","0","","0724","0","2","0","0","1","0","0","3","0","2","N","","","","","","","","","","","","07","  ","","",""
"1637","1","0","0","0","0","0","0","0","0","1","0","","36","03","2017","2017025462","2","40.0491","-76.3034","1619","08","0","0","0","0","0","0","0","0","","0","0","0","16","1","0","00","0","40 02:56.801","","00","76 18:12.305","0","0","0","0","36301","0","0","0","N","0","0","0","2","36301","0","","1","01","N","N","1","","0","0","0","0","0","","1615","0","2","0","0","0","0","0","3","0","2","N","","","","","","","","","","","","03","  ","","",""
"0557","0","0","0","0","0","0","0","0","0","7","0","","36","03","2017","2017025485","3","40.1064","-76.5094","0556","08","0","0","1","0","0","0","0","0","","0","0","0","05","3","0","00","0","40 06:23.157","","00","76 30:33.955","0","0","0","0","36413","0","0","0","N","0","0","0","1","36413","0","","2","09","N","N","0","","0","0","1","0","0","","0556","0","1","0","0","0","0","0","2","0","1","N","","","","","","","","","","","","07","  ","","",""
"0146","1","0","0","0","0","0","0","0","0","7","0","","36","01","2017","2017025493","7","40.0886","-76.5058","0140","08","0","0","0","0","0","0","0","0","2","0","0","0","01","2","0","00","2","40 05:18.924","5","03","76 30:20.880","0","0","0","0","36211","0","0","0","N","0","0","0","1","36504","0","","4","01","N","N","0","","0","0","0","0","0","Y","0136","0","1","0","0","0","0","0","1","0","1","N","","","","","","","","","","","","03","  ","","",""
"1755","1","0","0","0","0","0","0","0","0","4","0","","36","03","2017","2017025693","3","40.049","-76.3735","1738","08","0","0","0","0","0","0","1","0","2","0","0","0","17","1","1","01","1","40 02:56.511","7","00","76 22:24.628","3","0","0","0","36214","0","0","0","N","0","0","0","3","36214","0","","1","01","N","N","0","","1","0","1","3","3","Y","1732","1","2","0","0","0","0","0","3","0","2","N","","","","","","","","","","","","03","  ","","",""
"1732","1","0","0","0","0","0","0","0","0","1","0","","36","03","2017","2017025697","3","40.1133","-76.3798","1726","08","0","0","0","0","0","1","0","0","1","0","0","0","17","4","0","00","1","40 06:47.973","3","00","76 22:47.182","0","0","0","0","36214","0","0","0","N","0","0","0","4","36214","0","","1","09","N","N","0","","0","0","1","3","9","N","1718","0","2","0","0","0","0","0","3","0","2","N","","","","","","","","","","","","07","  ","","",""
"1527","0","0","0","0","0","0","0","0","0","7","0","","36","02","2017","2017025707","7","40.0911","-76.5581","1522","08","0","0","0","0","0","0","0","0","1","0","0","0","15","1","6","00","2","40 05:27.892","5","00","76 33:29.104","3","0","0","0","36211","0","0","0","N","0","0","0","6","36504","5","","4","08","N","N","0","","1","0","1","0","0","Y","1515","6","1","0","0","4","0","0","1","0","1","N","","","","","","","","","","","","07","  ","","",""
"1921","0","0","0","0","0","0","0","0","0","2","0","","36","03","2017","2017025717","3","40.095","-76.4095","1912","08","0","0","0","0","0","0","0","0","","0","0","0","19","3","0","00","0","40 05:41.941","","00","76 24:34.122","0","0","0","0","36214","0","0","0","N","0","0","0","1","36214","0","","2","09","N","N","0","","0","0","2","0","0","","1911","0","2","0","0","0","0","0","3","0","2","N","","","","","","","","","","","","07","  ","","",""
"0115","2","0","0","0","0","0","0","0","0","5","0","","36","03","2017","2017025755","1","40.1488","-76.6042","0114","08","0","0","0","0","0","0","0","0","","0","0","0","01","3","0","00","0","40 08:55.558","","00","76 36:15.075","0","0","0","0","36407","0","0","0","N","0","0","0","1","36407","0","","2","01","N","N","0","","0","0","0","0","0","","0112","0","2","0","0","0","0","0","2","0","2","N","","","","","","","","","","","","03","  ","","",""
"0244","1","0","0","0","0","0","0","0","0","4","0","","36","03","2017","2017025756","4","40.0486","-76.3935","0239","08","0","0","0","0","0","0","0","0","2","0","0","0","02","3","1","02","1","40 02:54.895","6","00","76 23:36.427","3","0","0","0","36214","0","0","0","N","0","0","0","3","36214","0","","1","01","N","N","0","","1","0","1","3","2","Y","0235","1","2","0","0","0","0","0","3","0","2","N","","","","","","","","","","","","03","  ","","",""
"0100","1","0","0","0","0","0","0","0","0","7","0","","36","03","2017","2017025759","4","40.1164","-76.1325","0055","08","0","0","0","0","0","0","0","0","3","0","0","0","00","2","0","00","2","40 06:59.175","4","00","76 07:57.091","0","0","0","0","36209","0","0","0","N","0","0","0","1","36415","0","","4","09","N","N","0","","0","0","0","0","0","N","0055","0","1","0","0","0","0","0","1","0","1","N","","","","","","","","","","","","03","  ","","",""
"0851","1","0","0","0","0","0","0","0","0","5","0","","36","03","2017","2017025858","4","40.0682","-76.3054","0846","08","0","0","0","0","0","1","1","0","","0","0","0","08","1","1","00","0","40 04:05.503","","00","76 18:19.467","4","0","0","0","36101","0","0","0","N","0","0","0","2","36101","1","","1","01","N","N","1","","0","0","0","0","0","","0846","1","2","0","0","0","0","0","3","0","2","N","","","","","","","","","","","","03","  ","","",""
"0831","1","0","0","0","0","0","0","0","0","4","0","","36","03","2017","2017025863","4","40.0579","-76.2808","0825","08","0","0","0","0","0","2","0","0","2","0","0","0","08","1","2","01","1","40 03:28.292","6","00","76 16:50.947","3","0","0","0","36101","0","0","0","N","0","0","0","2","36101","1","","1","01","N","N","0","","1","0","1","3","2","N","0811","2","2","0","0","0","0","0","3","0","2","N","","","","","","","","","","","","03","  ","","",""
"1411","1","0","0","0","0","0","0","0","0","7","0","","36","03","2017","2017025882","1","40.1242","-75.9941","1404","08","0","0","0","0","0","0","0","0","2","0","0","0","14","1","1","00","2","40 07:26.976","5","00","75 59:38.587","4","0","0","0","36213","0","0","0","N","0","0","0","1","36213","1","","4","01","N","N","0","","0","0","0","0","0","Y","1400","1","1","0","0","0","0","0","1","0","1","N","","","","","","","","","","","","03","  ","","",""
"1626","1","0","0","0","0","0","0","0","0","1","0","","36","03","2017","2017025912","3","40.1642","-76.1543","1626","08","0","0","0","0","0","0","0","0","1","0","0","0","16","1","0","00","1","40 09:51.097","4","00","76 09:15.344","0","0","0","0","36218","0","0","0","N","0","0","0","2","36408","0","","1","09","N","N","1","","0","0","0","0","0","Y","1626","0","2","0","0","0","0","0","1","0","2","N","","","","","","","","","","","","03","  ","","",""
"1119","1","0","0","0","0","0","0","0","0","1","0","","36","03","2017","2017025920","4","40.1903","-76.1787","1114","08","0","0","0","0","0","0","0","0","","0","0","0","11","1","0","01","0","40 11:25.227","","00","76 10:43.421","0","0","0","0","36218","0","0","0","N","0","0","0","2","36408","0","","1","01","N","N","1","","0","0","0","3","2","","1112","0","2","0","0","0","0","0","1","0","2","N","","","","","","","","","","","","03","  ","","",""
"1741","1","0","0","0","0","0","0","0","0","4","0","","36","02","2017","2017025971","3","39.9593","-76.0996","1732","08","0","0","0","0","0","0","1","0","","0","0","0","17","1","2","01","0","39 57:33.444","","00","76 05:58.443","3","0","0","0","36226","0","0","0","","0","0","0","3","68J01","0","","1","01","N","N","0","","2","0","0","3","3","","1732","2","2","0","0","0","0","0","1","1","2","N","","","","","","","","","","","","03","  ","","",""
"1044","1","0","0","0","0","0","0","0","0","7","0","","36","03","2017","2017025995","3","39.8866","-76.1621","1034","08","0","0","0","0","0","0","0","0","","0","0","0","10","1","0","00","0","39 53:11.857","","00","76 09:43.624","0","0","0","0","36212","0","0","0","","0","0","0","1","68J01","0","","4","09","N","N","0","","0","0","0","0","0","","1032","0","1","0","0","0","0","0","1","0","1","N","","","","","","","","","","","","07","  ","","",""
"1339","0","0","0","0","0","0","0","0","0","6","0","","36","02","2017","2017026017","1","40.2537","-76.2962","1317","08","0","0","0","0","0","1","0","0","4","1","0","0","13","1","0","00","2","40 15:13.310","7","00","76 17:46.350","1","1","0","1","36217","0","0","0","N","0","0","0","3","68J01","0","2","1","01","N","N","0","0","0","0","1","0","0","Y","1314","0","2","0","0","0","0","0","1","0","2","N","","","","","","","","","","","","03","  ","","",""
"0835","2","0","0","0","0","0","0","0","0","4","0","","36","03","2017","2017026030","4","39.8899","-76.2377","0829","08","0","1","0","0","0","0","1","0","","0","0","0","07","1","0","01","0","39 53:23.613","","00","76 14:15.874","0","0","0","0","36229","0","0","0","","0","0","0","4","68J01","0","","1","01","N","N","0","","0","0","0","3","2","","0755","0","2","0","0","0","0","0","1","0","2","N","","","","","","","","","","","","05","  ","","",""
"1225","1","0","0","0","0","0","0","0","0","1","0","","36","03","2017","2017026031","4","39.9272","-76.1975","1218","08","0","0","0","0","0","1","0","1","","0","0","0","12","1","1","02","0","39 55:38.003","","00","76 11:50.959","3","0","0","0","36233","0","0","0","","0","0","0","3","68J01","0","","1","01","N","N","0","","1","0","1","3","3","","1216","1","2","0","0","0","0","0","1","0","2","N","","","","","","","","","","","","03","  ","","",""
"0608","2","0","0","0","0","0","0","0","0","7","0","","36","03","2017","2017026098","7","40.0898","-76.1759","0601","08","0","0","0","0","0","1","0","0","","0","0","0","05","3","1","00","0","40 05:23.172","","00","76 10:33.200","3","0","0","0","36234","0","0","0","N","0","0","0","1","36215","0","","2","01","N","N","0","","1","0","1","0","0","","0548","1","3","0","0","0","0","0","1","0","3","N","","","","","","","","","","","","03","  ","","",""
"1445","2","0","0","0","0","0","0","0","0","6","0","","36","01","2017","2017026148","7","39.8895","-76.3565","1436","08","0","0","0","0","0","1","0","0","2","0","0","0","14","1","1","00","1","39 53:22.090","5","00","76 21:23.401","3","0","0","0","36206","0","0","0","","0","0","0","3","36503","0","","1","01","N","N","0","","1","0","0","0","0","N","1435","1","2","0","0","0","0","0","1","0","2","N","","","","","","","","","","","","03","  ","","",""
"0806","1","0","0","0","0","0","0","0","0","7","0","","36","02","2017","2017026149","5","39.9525","-76.3291","0805","08","0","0","0","0","0","0","0","0","2","0","0","0","08","1","0","00","1","39 57:08.824","5","00","76 19:44.799","0","0","0","0","36206","0","0","0","","0","0","0","1","36503","0","","4","06","N","N","0","","0","0","0","0","0","N","0805","0","1","0","0","0","0","0","1","0","1","N","","","","","","","","","","","","10","  ","","",""
"0802","0","0","0","0","0","0","0","0","0","5","0","","36","03","2017","2017026156","4","40.0527","-76.3104","0757","08","0","0","0","0","0","0","0","0","","0","0","0","07","1","0","00","0","40 03:09.729","","00","76 18:37.372","0","0","0","0","36101","0","0","0","N","0","0","0","1","36101","0","","6","01","N","N","0","","0","0","2","0","0","","0756","0","2","0","0","0","0","0","3","0","2","N","","","","","","","","","","","","03","  ","","",""
"1102","0","0","0","0","0","0","0","0","0","4","0","","36","03","2017","2017026161","6","40.0152","-76.1561","1057","08","0","0","0","0","0","1","0","0","1","0","0","0","10","1","1","01","2","40 00:54.775","5","00","76 09:22.126","3","0","0","0","36215","0","0","0","N","0","0","0","2","36215","0","","1","01","N","N","1","","1","0","1","0","0","Y","1054","1","2","0","0","0","0","0","1","0","2","N","","","","","","","","","","","","03","  ","","",""
"1036","1","0","0","0","0","0","0","0","0","1","0","","36","03","2017","2017026166","4","40.1051","-76.3322","1036","08","0","0","0","0","0","1","0","0","2","0","0","0","10","1","0","01","2","40 06:18.479","2","00","76 19:55.791","0","0","0","0","36101","0","0","0","N","0","0","0","2","36101","0","","1","01","N","N","1","","0","0","0","3","2","N","1033","0","2","0","0","0","0","0","3","0","2","N","","","","","","","","","","","","03","  ","","",""
"1526","1","0","0","0","0","0","0","0","0","4","0","","36","03","2017","2017026171","6","40.0566","-76.215","1517","08","0","0","0","0","0","0","0","1","3","0","0","0","15","1","2","01","2","40 03:23.868","5","00","76 12:53.887","4","0","0","0","36215","0","0","0","N","0","0","0","6","36215","2","","1","01","N","N","0","","0","0","0","3","2","Y","1516","2","2","0","0","2","0","0","1","1","2","N","","","","","","","","","","","","03","  ","","",""
"1315","1","0","0","0","0","0","0","0","0","8","0","","36","02","2017","2017026174","5","40.033","-76.3187","1305","08","0","0","0","0","0","0","0","0","","0","0","0","03","3","1","00","0","40 01:58.659","","00","76 19:07.431","3","0","0","0","36301","1","0","0","N","1","0","0","2","36301","0","","1","01","N","N","0","","1","0","0","0","0","","0330","1","2","0","0","0","0","0","3","0","1","N","","","","","","","","","","","","03","  ","","",""
"1708","1","0","0","0","0","0","0","0","0","8","0","","36","02","2017","2017026203","3","40.0413","-76.3042","1704","08","0","0","0","0","0","0","0","0","","0","0","0","17","4","1","01","0","40 02:28.718","","00","76 18:15.251","4","0","0","0","36301","1","0","0","N","1","0","0","2","36301","1","","1","09","N","N","0","","0","0","0","3","2","","1704","1","2","0","0","0","0","0","3","0","1","N","","","","","","","","","","","","07","  ","","",""
"0755","1","0","0","0","0","0","0","0","0","4","0","","36","03","2017","2017026243","5","40.1611","-76.6057","0752","08","1","0","0","0","0","0","0","0","2","0","0","0","07","1","0","01","2","40 09:39.812","6","00","76 36:20.656","0","0","0","0","36407","0","0","0","N","0","0","0","2","36407","0","","1","01","N","N","1","","0","0","0","3","3","Y","0751","0","2","0","0","0","0","0","2","0","2","N","","","","","","","","","","","","03","  ","","",""
"0936","0","0","0","0","0","0","0","0","0","4","0","","36","03","2017","2017026282","5","40.1729","-76.5943","0929","08","0","0","0","0","0","1","0","0","2","0","0","0","09","1","1","00","1","40 10:22.282","3","00","76 35:39.613","4","0","0","0","36225","0","0","0","N","0","0","0","3","36505","1","","1","01","N","N","1","","0","0","0","0","0","N","0926","1","2","0","0","2","0","0","2","1","2","N","","","","","","","","","","","","03","  ","","",""
"1018","0","0","0","0","0","0","0","0","0","1","1","","36","03","2017","2017026285","5","40.1756","-76.5979","1018","08","0","0","0","0","0","0","1","0","2","0","1","0","10","1","1","06","1","40 10:32.166","3","02","76 35:52.459","4","0","0","0","36225","0","0","0","N","0","0","0","3","36505","1","","1","01","N","N","0","","0","0","1","0","0","N","1017","1","3","0","0","0","0","0","2","1","3","N","","","","","","","","","","","","03","  ","","",""
"0847","0","0","0","0","0","0","0","0","0","1","0","","36","03","2017","2017026326","4","40.0224","-76.3616","0844","08","0","0","0","0","0","0","0","0","1","0","0","0","08","1","1","02","1","40 01:20.679","5","00","76 21:41.606","4","0","0","0","36223","0","0","0","","0","0","0","2","36223","1","","1","01","N","N","0","","0","0","0","3","2","N","0842","1","2","0","0","0","0","0","1","2","2","N","","","","","","","","","","","","03","  ","","",""
"2302","2","0","0","0","0","0","0","0","0","4","0","","36","02","2017","2017026386","3","40.04","-76.3016","2257","08","0","0","0","0","0","0","0","0","","0","0","0","22","3","1","01","0","40 02:24.019","","00","76 18:05.911","8","0","0","0","36301","0","0","0","N","0","0","0","2","36301","0","","1","01","N","N","0","","0","0","0","3","2","","2253","1","2","0","0","0","1","0","3","0","2","N","","","","","","","","","","","","03","  ","","",""
"0019","1","0","0","0","0","0","0","0","0","7","0","","36","01","2017","2017026397","6","40.0298","-76.4557","0016","08","0","0","0","0","0","0","0","0","2","0","0","0","00","2","1","00","2","40 01:47.130","5","04","76 27:20.413","3","0","0","0","36239","0","0","0","N","0","0","0","2","36239","0","","4","01","N","N","0","","1","0","0","0","0","Y","0016","1","1","0","0","0","0","0","3","0","1","N","","","","","","","","","","","","03","  ","","",""
"0532","0","0","0","0","0","0","0","0","0","1","1","","36","03","2017","2017026398","5","40.1183","-76.0479","0529","08","0","0","0","0","0","2","0","0","1","0","1","0","05","3","0","01","1","40 07:05.968","4","00","76 02:52.589","0","0","0","0","36213","0","0","0","N","0","0","0","2","36213","0","","1","01","N","N","0","","0","0","1","3","2","N","0520","0","2","0","0","0","0","0","1","0","2","N","","","","","","","","","","","","03","  ","","",""
"1934","0","0","0","0","0","0","0","0","0","7","0","","36","03","2017","2017026402","1","40.1145","-76.3151","1925","08","0","0","0","0","0","0","0","0","","0","0","0","19","2","0","02","0","40 06:52.236","","00","76 18:54.226","0","0","0","0","36101","0","0","0","N","0","0","0","2","36101","0","","5","01","N","N","0","","0","0","1","3","3","","1913","0","1","0","0","0","0","0","3","0","1","N","","","","","","","","","","","","03","  ","","",""
"0105","1","0","0","0","0","0","0","0","0","1","0","","36","03","2017","2017026417","6","40.0431","-76.2934","0100","08","0","0","0","0","0","0","0","0","","0","0","0","01","3","1","00","0","40 02:35.113","","00","76 17:36.319","8","0","0","0","36301","0","0","0","N","0","0","0","1","36301","0","","1","01","N","N","0","","0","0","2","0","0","","0100","1","3","0","0","0","1","0","3","0","3","N","","","","","","","","","","","","03","  ","","",""
"1713","0","0","0","0","0","0","0","0","0","0","1","","36","02","2017","2017026426","3","39.9935","-76.0302","1700","08","0","0","0","0","0","1","0","0","3","0","1","0","16","1","1","01","1","39 59:35.995","7","00","76 01:44.533","4","0","0","0","36232","0","0","0","","0","0","0","1","68J01","1","","1","01","N","N","0","","0","0","0","3","2","Y","1659","1","1","0","0","0","0","0","1","0","1","N","","","","","","","","","","","","03","  ","","",""
"1622","1","0","0","0","0","0","0","0","0","1","0","","36","02","2017","2017026434","6","40.2077","-76.0179","1600","08","0","0","0","0","0","1","0","0","2","0","0","0","15","1","0","00","1","40 12:27.699","1","00","76 01:04.298","0","0","0","1","36202","0","0","0","","0","0","0","2","68J01","0","","1","01","N","N","0","","0","0","0","0","0","N","1555","0","2","0","0","0","0","0","1","0","2","N","","","","","","","","","","","","03","  ","","",""
"1302","0","0","0","0","0","0","0","0","0","7","1","","36","03","2017","2017026453","2","40.0601","-76.3041","1300","08","0","0","0","0","0","1","0","0","","0","1","0","12","1","1","00","0","40 03:36.400","","00","76 18:14.800","3","0","0","0","36101","0","0","0","N","0","0","0","2","36101","0","","4","01","N","N","0","","1","0","0","0","0","","1248","1","1","0","0","1","0","0","3","0","1","N","","","","","","","","","","","","03","  ","","",""
"0255","3","0","0","0","0","0","0","0","0","1","0","","36","03","2017","2017026475","3","40.0457","-76.309","0253","08","0","0","0","0","0","0","0","0","3","0","0","0","02","3","0","00","1","40 02:44.449","3","00","76 18:32.566","9","0","0","0","36301","0","0","0","N","0","0","0","1","36301","0","","6","01","N","N","0","","0","0","0","0","0","N","0252","0","3","0","0","0","0","1","3","0","3","N","","","","","","","","","","","","03","  ","","",""
"2043","1","0","0","0","0","0","0","0","0","7","0","","36","03","2017","2017026527","5","40.1479","-76.4094","2037","08","1","0","0","0","0","0","0","0","2","0","0","0","20","2","1","00","2","40 08:52.400","6","00","76 24:34.000","8","0","0","0","36227","0","0","0","","0","0","0","1","36506","0","","4","01","N","N","0","","0","0","0","0","0","Y","2037","1","1","0","0","0","1","0","1","0","1","N","","","","","","","","","","","","03","  ","","",""
"1010","1","0","0","0","0","0","0","0","0","1","0","","36","03","2017","2017026542","6","40.0609","-76.568","1009","08","0","0","0","0","1","1","0","0","","0","0","0","10","1","0","01","0","40 03:39.357","","00","76 34:04.694","0","0","0","0","36211","0","0","0","N","0","0","0","2","36504","0","","1","07","N","N","1","","0","0","0","0","0","","1005","0","2","0","0","0","0","0","1","0","2","N","","","","","","","","","","","","10","  ","","",""
"0721","1","0","0","0","0","0","0","0","0","4","0","","36","03","2017","2017026561","6","40.0405","-76.2483","0708","08","0","0","0","0","0","1","1","0","2","0","0","0","07","1","0","02","1","40 02:25.816","6","00","76 14:53.864","0","0","0","0","36215","0","0","0","N","0","0","0","2","36215","0","","1","09","N","N","0","","0","0","1","3","3","N","0706","0","2","0","0","0","0","0","1","0","2","N","","","","","","","","","","","","10","  ","","",""
"1301","2","0","0","0","0","0","0","0","0","4","0","","36","03","2017","2017026566","6","40.0661","-76.3272","1247","08","0","0","0","0","0","0","0","0","1","0","0","0","12","1","1","00","1","40 03:57.792","2","07","76 19:37.989","3","0","0","0","36301","0","0","0","N","0","0","0","5","36301","0","","1","01","N","N","1","","1","0","0","0","0","N","1247","1","3","0","0","0","0","0","3","0","3","N","","","","","","","","","","","","03","  ","","",""
"1935","1","0","0","0","0","0","0","0","0","4","0","","36","03","2017","2017026682","3","40.0441","-76.2836","1919","08","0","0","0","0","0","0","0","0","2","0","0","0","19","3","1","01","1","40 02:38.911","3","00","76 17:01.053","4","0","0","0","36220","0","0","0","N","0","0","0","2","36101","1","","1","09","N","N","1","","0","0","0","3","3","N","1917","1","2","0","0","0","0","0","3","0","2","N","","","","","","","","","","","","07","  ","","",""
"1909","1","0","0","0","0","0","0","0","0","7","0","","36","03","2017","2017026693","6","40.0839","-76.0391","1900","08","0","0","0","0","0","0","1","0","","0","0","0","18","2","0","00","0","40 05:02.200","","00","76 02:20.800","0","0","0","0","36213","0","0","0","N","0","0","0","2","36213","0","","5","07","N","N","0","","0","0","0","0","0","","1850","0","1","0","0","2","0","0","1","0","1","N","","","","","","","","","","","","10","  ","","",""
"1836","3","0","0","0","0","0","0","0","0","4","0","","36","03","2017","2017026735","3","40.0424","-76.2938","1834","08","0","0","0","0","0","0","0","0","2","0","0","0","18","3","2","01","1","40 02:32.690","3","00","76 17:37.622","8","0","0","0","36301","0","0","0","N","0","0","0","3","36301","0","","1","09","N","N","0","","0","0","0","3","3","N","1833","2","3","0","0","0","2","0","3","0","3","N","","","","","","","","","","","","07","  ","","",""
"0920","2","0","0","0","0","0","0","0","0","4","0","","36","03","2017","2017026806","2","40.0685","-76.3074","0916","08","0","0","0","0","0","0","0","0","","0","0","0","09","1","0","01","0","40 04:06.527","","00","76 18:26.750","0","0","0","0","36101","0","0","0","N","0","0","0","2","36101","0","","1","01","N","N","0","","0","0","0","3","2","","0914","0","2","0","0","0","0","0","3","0","2","N","","","","","","","","","","","","03","  ","","",""
"1852","2","0","0","0","0","0","0","0","0","4","0","","36","02","2017","2017026814","1","40.0377","-76.2687","1848","08","0","0","0","0","0","0","0","0","1","0","0","0","18","3","0","00","1","40 02:15.594","4","00","76 16:07.136","0","0","0","0","36215","0","0","0","N","0","0","0","4","36215","0","","1","01","N","N","0","","0","0","0","0","0","N","1846","0","2","0","0","0","0","0","1","0","2","N","","","","","","","","","","","","03","  ","","",""
"1424","2","0","0","0","0","0","0","0","0","4","0","","36","03","2017","2017026815","6","40.0742","-76.3207","1421","08","0","0","0","0","0","1","0","0","1","0","0","0","14","1","1","01","1","40 04:27.056","4","00","76 19:14.473","4","0","0","0","36101","0","0","0","N","0","0","0","2","36101","1","","1","01","N","N","0","","0","0","0","3","2","N","1406","1","2","0","0","0","0","0","3","0","2","N","","","","","","","","","","","","03","  ","","",""
"0649","1","0","0","0","0","0","0","0","0","1","0","","36","03","2017","2017026818","7","40.0264","-76.2139","0644","08","0","0","0","0","0","0","0","0","2","0","0","0","06","1","4","00","1","40 01:35.043","3","00","76 12:50.099","4","0","0","0","36215","0","0","0","N","0","0","0","5","36215","4","","1","01","N","N","1","","0","0","0","3","2","N","0641","4","2","0","0","0","0","0","1","0","2","N","","","","","","","","","","","","03","  ","","",""