"ARRIVAL_TM","AUTOMOBILE_COUNT","BELTED_DEATH_COUNT","BELTED_SUSP_SERIOUS_INJ_COUNT","BICYCLE_COUNT","BICYCLE_DEATH_COUNT","BICYCLE_SUSP_SERIOUS_INJ_COUNT","BUS_COUNT","CHLDPAS_DEATH_COUNT","CHLDPAS_SUSP_SERIOUS_INJ_COUNT","COLLISION_TYPE","COMM_VEH_COUNT","CONS_ZONE_SPD_LIM","COUNTY","CRASH_MONTH","CRASH_YEAR","CRN","DAY_OF_WEEK","DEC_LAT","DEC_LONG","DISPATCH_TM","DISTRICT","DRIVER_COUNT_16YR","DRIVER_COUNT_17YR","DRIVER_COUNT_18YR","DRIVER_COUNT_19YR","DRIVER_COUNT_20YR","DRIVER_COUNT_50_64YR","DRIVER_COUNT_65_74YR","DRIVER_COUNT_75PLUS","EST_HRS_CLOSED","FATAL_COUNT","HEAVY_TRUCK_COUNT","HORSE_BUGGY_COUNT","HOUR_OF_DAY","ILLUMINATION","INJURY_COUNT","INTERSECT_TYPE","LANE_CLOSED","LATITUDE","LN_CLOSE_DIR","LOCATION_TYPE","LONGITUDE","MAX_SEVERITY_LEVEL","MCYCLE_DEATH_COUNT","MCYCLE_SUSP_SERIOUS_INJ_COUNT","MOTORCYCLE_COUNT","MUNICIPALITY","NONMOTR_COUNT","NONMOTR_DEATH_COUNT","NONMOTR_SUSP_SERIOUS_INJ_COUNT","NTFY_HIWY_MAINT","PED_COUNT","PED_DEATH_COUNT","PED_SUSP_SERIOUS_INJ_COUNT","PERSON_COUNT","POLICE_AGCY","POSSIBLE_INJ_COUNT","RDWY_SURF_TYPE_CD","RELATION_TO_ROAD","ROAD_CONDITION","SCH_BUS_IND","SCH_ZONE_IND","SMALL_TRUCK_COUNT","SPEC_JURIS_CD","SUSP_MINOR_INJ_COUNT","SUSP_SERIOUS_INJ_COUNT","SUV_COUNT","TCD_FUNC_CD","TCD_TYPE","TFC_DETOUR_IND","TIME_OF_DAY","TOT_INJ_COUNT","TOTAL_UNITS","UNB_DEATH_COUNT","UNB_SUSP_SERIOUS_INJ_COUNT","UNBELTED_OCC_COUNT","UNK_INJ_DEG_COUNT","UNK_INJ_PER_COUNT","URBAN_RURAL","VAN_COUNT","VEHICLE_COUNT","WORK_ZONE_IND","WORK_ZONE_LOC","WORK_ZONE_TYPE","WORKERS_PRES","WZ_CLOSE_DETOUR","WZ_FLAGGER","WZ_LAW_OFFCR_IND","WZ_LN_CLOSURE","WZ_MOVING","WZ_OTHER","WZ_SHLDER_MDN","ROADWAY_CLEARED","WEATHER1","WEATHER2","WZ_WORKERS_INJ_KILLED","SECONDARY_CRASH","INTERSECTION_RELATED"
"1703","1","0","0","0","0","0","0","0","0","7","0","","36","02","2017","2017026819","5","40.0054","-76.2192","1654","08","0","0","0","0","0","0","0","0","","0","0","0","16","1","0","00","0","40 00:19.391","","00","76 13:09.101","0","0","0","0","36240","0","0","0","N","0","0","0","1","36240","0","","5","07","N","N","0","","0","0","0","0","0","","1652","0","1","0","0","0","0","0","1","0","1","N","","","","","","","","","","","","03","  ","","",""
"0009","0","0","0","0","0","0","0","0","0","7","0","","36","03","2017","2017026822","7","40.0216","-76.2699","0004","08","0","0","0","0","0","0","0","0","2","0","0","0","00","2","0","00","2","40 01:17.895","6","00","76 16:11.682","0","0","0","0","36240","0","0","0","N","0","0","0","2","36240","0","","4","01","N","N","1","","0","0","0","0","0","Y","0002","0","1","0","0","0","0","0","1","0","1","N","","","","","","","","","","","","03","  ","","",""
"1232","0","0","0","0","0","0","0","0","0","6","0","","36","03","2017","2017026882","6","40.1536","-76.6289","1226","08","0","1","0","0","0","0","0","0","","0","0","0","12","1","0","00","0","40 09:12.800","","00","76 37:44.200","0","0","0","0","36237","0","0","0","N","0","0","0","2","36505","0","","1","09","N","N","1","","0","0","0","0","0","","1225","0","2","0","0","0","0","0","1","1","2","N","","","","","","","","","","","","03","  ","","",""
"1901","0","0","0","0","0","0","0","0","0","7","0","","36","03","2017","2017026887","1","40.1388","-76.5872","1900","08","0","0","0","0","0","0","0","0","","0","0","0","18","3","0","00","0","40 08:19.729","","00","76 35:13.911","0","0","0","0","36225","0","0","0","N","0","0","0","1","36505","0","","5","01","N","N","0","","0","0","1","0","0","","1857","0","1","0","0","0","0","0","2","0","1","N","","","","","","","","","","","","03","  ","","",""
"1355","2","0","0","0","0","0","0","0","0","4","0","","36","03","2017","2017026891","2","40.1624","-76.5318","1352","08","0","0","0","0","0","1","0","1","","0","0","0","13","1","1","01","0","40 09:44.624","","00","76 31:54.533","8","0","0","0","36225","0","0","0","N","0","0","0","2","36505","0","","1","01","N","N","0","","0","0","0","3","3","","1352","1","2","0","0","0","1","0","2","0","2","N","","","","","","","","","","","","03","  ","","",""
"1551","0","0","0","0","0","0","0","0","0","7","1","","36","03","2017","2017026894","6","40.1464","-76.619","1549","08","0","0","0","0","0","0","1","0","2","0","0","0","15","1","0","00","2","40 08:46.971","3","00","76 37:08.302","0","0","0","0","36237","0","0","0","Y","0","0","0","1","36505","0","","4","01","Y","N","0","","0","0","0","0","0","Y","1547","0","1","0","0","0","0","0","1","1","1","N","","","","","","","","","","","","03","  ","","",""
"0427","0","0","0","0","0","0","0","0","0","7","0","","36","03","2017","2017026967","7","40.0379","-76.4703","0419","08","0","0","0","0","0","0","0","0","3","0","0","0","04","2","0","00","1","40 02:16.498","3","03","76 28:12.915","0","0","0","0","36239","0","0","0","Y","0","0","0","1","36239","0","","2","01","N","N","1","","0","0","0","0","0","N","0417","0","1","0","0","0","0","0","3","0","1","N","","","","","","","","","","","","03","  ","","",""
"1953","0","0","0","0","0","0","0","0","0","7","0","","36","03","2017","2017026994","6","39.9439","-76.3178","1943","08","0","0","0","0","0","0","0","0","","0","0","0","19","2","1","00","0","39 56:37.904","","00","76 19:04.131","4","0","0","0","36228","0","0","0","N","0","0","0","1","36503","1","","4","01","N","N","1","","0","0","0","0","0","","1940","1","1","0","0","0","0","0","1","0","1","N","","","","","","","","","","","","03","  ","","",""
"1854","1","0","0","0","0","0","0","0","0","2","0","","36","03","2017","2017027004","7","40.1357","-76.2198","1851","08","0","0","0","1","0","0","0","0","2","0","0","0","18","2","2","02","2","40 08:08.642","6","00","76 13:11.293","4","0","0","0","36238","0","0","0","N","0","0","0","3","36238","2","","1","01","N","N","0","","0","0","1","0","0","Y","1849","2","2","0","0","0","0","0","3","0","2","N","","","","","","","","","","","","03","  ","","",""
"2224","2","0","0","0","0","0","0","0","0","2","0","","36","03","2017","2017027006","7","40.0229","-76.2647","2219","08","0","0","0","1","0","1","0","0","","0","0","0","22","3","0","01","0","40 01:22.402","","00","76 15:52.862","0","0","0","0","36240","0","0","0","N","0","0","0","2","36240","0","","1","01","N","N","0","","0","0","0","3","2","","2218","0","2","0","0","0","0","0","1","0","2","N","","","","","","","","","","","","03","  ","","",""
"0254","1","0","0","0","0","0","0","0","0","1","0","","36","03","2017","2017027009","7","40.1561","-76.609","0252","08","0","0","0","0","0","0","0","0","3","0","0","0","02","3","0","00","1","40 09:21.856","2","00","76 36:32.279","0","0","0","0","36407","0","0","0","N","0","0","0","1","36407","0","","2","01","N","N","2","","0","0","0","0","0","N","0249","0","3","0","0","0","0","0","2","0","3","N","","","","","","","","","","","","03","  ","","",""
"1950","0","0","0","0","0","0","0","0","0","4","0","","36","03","2017","2017027011","7","40.0561","-76.2988","1942","08","0","1","0","0","0","1","0","0","","0","0","0","19","3","0","01","0","40 03:21.855","","00","76 17:55.661","0","0","0","0","36101","0","0","0","N","0","0","0","2","36101","0","","1","01","N","N","0","","0","0","2","0","0","","1940","0","2","0","0","0","0","0","3","0","2","N","","","","","","","","","","","","03","  ","","",""
"1911","2","0","0","0","0","0","0","0","0","4","0","","36","03","2017","2017027013","3","40.0297","-76.3231","1847","08","0","0","0","0","1","0","0","0","1","0","0","0","18","3","0","01","1","40 01:46.749","3","00","76 19:23.174","0","0","0","0","36301","0","0","0","N","0","0","0","4","36301","0","","1","09","N","N","0","","0","0","0","3","2","N","1844","0","2","0","0","0","0","0","3","0","2","N","","","","","","","","","","","","07","  ","","",""
"1330","2","0","0","0","0","0","0","0","0","1","0","","36","03","2017","2017027070","7","40.0953","-76.11","1325","08","0","1","0","0","0","1","0","0","","0","0","0","13","1","0","00","0","40 05:43.163","","07","76 06:35.949","0","0","0","0","36209","0","0","0","N","0","0","0","2","36415","0","","1","01","N","Y","0","","0","0","0","0","0","","1320","0","2","0","0","0","0","0","1","0","2","N","","","","","","","","","","","","03","  ","","",""
"1241","1","0","0","0","0","0","0","0","0","1","0","","36","03","2017","2017027083","2","40.0807","-76.2444","1235","08","0","0","0","0","0","1","1","0","1","0","0","0","12","1","0","02","1","40 04:50.622","3","00","76 14:40.012","0","0","0","0","36215","0","0","0","N","0","0","0","3","36215","0","","1","01","N","N","0","","0","0","1","0","0","N","1233","0","2","0","0","0","0","0","1","0","2","N","","","","","","","","","","","","03","  ","","",""
"1555","2","0","0","0","0","0","0","0","0","4","0","","36","03","2017","2017027133","1","40.0487","-76.2989","1546","08","0","0","0","0","0","0","0","0","","0","0","0","15","1","0","01","0","40 02:55.215","","00","76 17:55.964","0","0","0","0","36301","0","0","0","N","0","0","0","2","36301","0","","1","01","N","N","0","","0","0","0","3","3","","1542","0","2","0","0","1","0","0","3","0","2","N","","","","","","","","","","","","03","  ","","",""
"1048","1","0","0","0","0","0","0","0","0","7","0","","36","03","2017","2017027192","7","40.112","-76.4063","1045","08","1","0","0","0","0","0","0","0","2","0","0","0","10","1","1","00","2","40 06:43.030","6","00","76 24:22.510","4","0","0","0","36214","0","0","0","","0","0","0","1","36214","1","","4","01","N","N","0","","0","0","0","0","0","Y","1041","1","1","0","0","0","0","0","3","0","1","N","","","","","","","","","","","","03","  ","","",""
"0337","0","0","0","0","0","0","0","0","0","7","0","","36","03","2017","2017027252","1","40.1788","-76.1775","0335","08","0","0","0","0","0","0","0","0","","0","0","0","03","3","0","01","0","40 10:43.822","","00","76 10:38.930","0","0","0","0","36408","0","0","0","N","0","0","0","1","36408","0","","4","01","N","N","0","","0","0","1","3","2","","0330","0","1","0","0","0","0","0","2","0","1","N","","","","","","","","","","","","03","  ","","",""
"2314","1","0","0","0","0","0","0","0","0","6","0","","36","03","2017","2017027292","1","40.0735","-76.5047","2305","08","0","0","0","0","0","0","0","1","2","0","0","0","23","2","0","00","1","40 04:24.481","4","00","76 30:16.851","0","0","0","0","36230","0","0","0","N","0","0","0","2","36410","0","","1","01","N","N","1","","0","0","0","0","0","N","2300","0","2","0","0","0","0","0","1","0","2","N","","","","","","","","","","","","03","  ","","",""
"2001","1","0","0","0","0","0","0","0","0","6","0","","36","03","2017","2017027303","1","40.1618","-76.3984","1947","08","0","0","0","0","0","0","0","0","","0","0","0","19","3","1","01","0","40 09:42.402","","00","76 23:54.201","4","0","0","0","36410","0","0","0","N","0","0","0","5","36410","1","","1","01","N","N","1","","0","0","0","3","3","","1945","1","2","0","0","0","0","0","2","0","2","N","","","","","","","","","","","","03","  ","","",""
"2251","1","0","0","0","0","0","0","0","0","7","0","","36","03","2017","2017027472","7","40.2135","-76.3924","2244","08","0","0","0","0","0","1","0","0","","0","0","0","22","2","0","02","0","40 12:48.668","","00","76 23:32.643","0","0","0","0","36227","0","0","0","","0","0","0","1","36506","0","","4","01","N","N","0","","0","0","0","3","3","","2244","0","1","0","0","0","0","0","1","0","1","N","","","","","","","","","","","","03","  ","","",""
"1409","2","0","0","0","0","0","0","0","0","1","1","","36","03","2017","2017027516","2","40.0684","-76.3069","1408","08","0","0","0","0","0","0","1","0","2","0","1","0","14","1","0","00","1","40 04:06.256","3","00","76 18:24.878","0","0","0","0","36101","0","0","0","N","0","0","0","4","36101","0","","1","01","N","N","0","","0","0","1","0","0","N","1405","0","4","0","0","0","0","0","3","0","4","N","","","","","","","","","","","","03","  ","","",""
"0141","1","0","0","0","0","0","0","0","0","7","0","","36","03","2017","2017027748","3","40.0231","-76.2776","0133","08","0","0","0","0","0","0","0","0","1","0","0","0","01","2","3","00","2","40 01:23.007","4","00","76 16:39.475","3","0","0","0","36240","0","0","0","N","0","0","0","3","36240","1","","2","07","N","N","0","","2","0","0","0","0","Y","0132","3","1","0","0","0","0","0","1","0","1","N","","","","","","","","","","","","10","  ","","",""
"1506","1","0","0","0","0","0","0","0","0","4","0","","36","03","2017","2017027754","4","40.1128","-76.5156","1502","08","0","0","0","0","0","0","0","1","","0","0","0","15","1","0","02","0","40 06:46.097","","00","76 30:56.102","0","0","0","0","36413","0","0","0","","0","0","0","2","36413","0","","1","01","","","0","","0","0","1","3","2","","1502","0","2","0","0","0","0","0","2","0","2","N","","","","","","","","","","","","03","  ","","",""
"0213","0","0","0","0","0","0","0","0","0","7","0","","36","03","2017","2017027762","3","40.1629","-76.4344","0213","08","0","0","0","0","0","0","0","0","1","0","0","0","02","2","2","00","2","40 09:46.551","6","00","76 26:03.774","8","0","0","0","36230","0","0","0","N","0","0","0","4","36410","0","","2","07","N","N","0","","0","0","0","0","0","Y","0213","2","1","0","0","0","2","0","1","1","1","N","","","","","","","","","","","","10","  ","","",""
"1055","0","0","0","0","0","0","0","0","0","7","0","","36","03","2017","2017027764","1","40.0387","-76.2678","1049","08","0","0","0","1","0","0","0","0","","0","0","0","10","1","0","00","0","40 02:19.224","","07","76 16:04.050","0","0","0","0","36215","0","0","0","N","0","0","0","2","36215","0","","4","01","N","N","0","","0","0","1","3","2","","1045","0","1","0","0","0","0","0","1","0","1","N","","","","","","","","","","","","03","  ","","",""
"1816","1","0","0","0","0","0","0","0","0","4","0","","36","03","2017","2017027765","6","40.1018","-76.6727","1815","08","0","0","0","0","0","0","0","0","2","0","0","0","18","4","1","01","2","40 06:06.624","5","00","76 40:21.755","8","0","0","0","36207","0","0","0","N","0","0","0","2","36504","0","","1","01","N","N","0","","0","0","1","3","3","Y","1813","1","2","0","0","0","1","0","1","0","2","N","","","","","","","","","","","","03","  ","","",""
"0157","1","0","0","0","0","0","0","0","0","7","0","","36","03","2017","2017027766","3","40.1609","-76.4256","0150","08","0","0","0","0","0","0","0","0","1","0","0","0","01","2","1","00","1","40 09:39.220","3","00","76 25:32.010","3","0","0","0","36230","0","0","0","N","0","0","0","2","36410","0","","5","07","N","N","0","","1","0","0","0","0","N","0148","1","1","0","0","1","0","0","1","0","1","N","","","","","","","","","","","","10","  ","","",""
"0215","0","0","0","0","0","0","0","0","0","7","0","","36","03","2017","2017027768","3","40.1416","-76.1082","0204","08","0","0","0","0","0","1","0","0","","0","0","0","02","2","0","00","0","40 08:29.764","","00","76 06:29.585","0","0","0","0","36209","0","0","0","N","0","0","0","1","36415","0","","5","07","N","N","0","","0","0","1","3","8","","0202","0","1","0","0","0","0","0","1","0","1","N","","","","","","","","","","","","10","  ","","",""
"0739","1","0","0","0","0","0","0","0","0","1","0","","36","03","2017","2017027814","6","40.1117","-76.4517","0727","08","0","0","0","0","0","1","0","0","","0","0","0","07","1","0","01","0","40 06:42.051","","00","76 27:06.004","0","0","0","0","36230","0","0","0","","0","0","0","2","36410","0","","1","09","N","N","1","","0","0","0","3","2","","0726","0","2","0","0","0","0","0","1","0","2","N","","","","","","","","","","","","10","  ","","",""
"1418","2","0","0","0","0","0","0","0","0","1","0","","36","03","2017","2017027835","5","40.1782","-76.1961","1416","08","0","0","2","0","0","0","0","0","1","0","0","0","14","1","0","01","1","40 10:49.119","1","00","76 11:42.137","0","0","0","0","36408","0","0","0","N","0","0","0","2","36408","0","","1","01","N","N","0","","0","0","0","1","2","Y","1416","0","2","0","0","0","0","0","2","0","2","N","","","","","","","","","","","","03","  ","","",""
"0645","1","0","0","0","0","0","0","0","0","4","0","","36","03","2017","2017027847","3","40.0404","-76.2974","0641","08","0","0","0","0","0","1","0","0","1","0","0","0","06","3","0","01","1","40 02:25.541","3","00","76 17:50.674","0","0","0","0","36301","0","0","0","N","0","0","0","2","36301","0","","1","07","N","N","1","","0","0","0","3","2","Y","0641","0","2","0","0","0","0","0","3","0","2","N","","","","","","","","","","","","09","  ","","",""
"0749","0","0","0","0","0","0","0","0","0","7","1","","36","03","2017","2017027858","3","40.1047","-76.2359","0739","08","0","0","0","0","0","0","0","0","3","0","1","0","07","1","1","00","2","40 06:17.004","6","00","76 14:09.341","2","0","0","0","36234","0","0","0","N","0","0","0","1","36215","0","","5","07","N","N","0","","0","1","0","0","0","Y","0737","1","1","0","0","0","0","0","1","0","1","N","","","","","","","","","","","","09","  ","","",""
"1201","0","0","0","0","0","0","0","0","0","1","0","","36","03","2017","2017027875","2","40.0807","-76.2444","1154","08","0","0","0","0","0","1","0","0","","0","0","0","11","1","0","02","0","40 04:50.622","","00","76 14:40.012","0","0","0","0","36215","0","0","0","N","0","0","0","2","36215","0","","1","01","N","N","1","","0","0","1","0","0","","1154","0","2","0","0","0","0","0","1","0","2","N","","","","","","","","","","","","03","  ","","",""
"0752","1","0","0","0","0","0","1","0","0","4","1","","36","03","2017","2017027903","2","40.0938","-76.2842","0748","08","0","0","0","0","0","0","0","0","","0","0","0","07","1","0","02","0","40 05:37.803","","00","76 17:03.230","0","0","0","0","36101","0","0","0","N","0","0","0","29","36101","0","","1","01","Y","N","0","","0","0","0","3","3","","0748","0","2","0","0","0","0","0","3","0","2","N","","","","","","","","","","","","03","  ","","",""
"1016","0","0","0","0","0","0","0","0","0","4","0","","36","03","2017","2017027911","3","40.0534","-76.4133","1012","08","0","0","0","0","0","0","0","0","1","0","0","0","10","1","0","02","1","40 03:12.381","1","07","76 24:47.732","0","0","0","0","36239","0","0","0","N","0","0","0","3","36239","0","","1","07","N","N","1","","0","0","0","0","0","N","1010","0","2","0","0","0","0","0","3","1","2","N","","","","","","","","","","","","09","  ","","",""
"0508","0","0","0","0","0","0","0","0","0","4","1","","36","02","2017","2017027989","5","39.8609","-76.0929","0449","08","0","0","0","0","0","0","0","0","1","0","1","0","04","2","1","02","1","39 51:39.234","2","00","76 05:34.617","3","0","0","0","36205","0","0","0","","0","0","0","3","68J01","0","","1","01","N","N","0","","1","0","0","3","3","N","0448","1","2","0","0","0","0","0","1","1","2","N","","","","","","","","","","","","03","  ","","",""
"0859","1","0","0","0","0","0","0","0","0","7","0","","36","03","2017","2017028050","5","39.84","-76.154","0859","08","0","0","0","0","0","0","0","0","","0","0","0","08","1","0","00","0","39 50:23.983","","07","76 09:14.370","0","0","0","0","36212","0","0","0","","0","0","0","1","68J01","0","","2","01","N","N","0","","0","0","0","0","0","","0859","0","1","0","0","0","0","0","1","0","1","N","","","","","","","","","","","","03","  ","","",""
"1201","1","0","0","0","0","0","0","0","0","1","0","55","36","03","2017","2017028051","5","39.9187","-76.1886","1152","08","0","0","0","1","0","1","0","0","","0","0","0","11","1","2","00","0","39 55:07.190","","03","76 11:18.811","3","0","0","0","36229","0","0","0","","0","0","0","3","68J01","0","","1","01","N","N","1","","2","0","1","0","0","","1150","2","3","0","0","0","0","0","1","0","3","Y","4","2","Y","N","N","N","N","N","N","Y","","03","  ","","",""
"1945","1","0","0","0","0","0","0","0","0","7","0","","36","03","2017","2017028054","5","40.1345","-75.9953","1932","08","1","0","0","0","0","0","0","0","2","0","0","0","19","2","1","00","2","40 08:04.090","5","00","75 59:43.250","3","0","0","0","36203","0","0","0","","0","0","0","1","68J01","0","","4","01","N","N","0","","1","0","0","0","0","Y","1927","1","1","0","0","0","0","0","1","0","1","N","","","","","","","","","","","","03","  ","","",""
"0124","0","0","0","0","0","0","0","0","0","7","0","","36","03","2017","2017028082","7","39.8837","-76.2808","0119","08","0","0","0","0","0","0","0","0","2","0","0","0","01","2","0","00","1","39 53:01.294","3","00","76 16:50.754","0","0","0","0","36224","0","0","0","","0","0","0","1","68J01","0","","2","02","N","N","1","","0","0","0","0","0","N","0117","0","1","0","0","0","0","0","1","0","1","N","","","","","","","","","","","","98","  ","","",""
"1350","1","0","0","0","0","0","0","0","0","7","0","","36","03","2017","2017028085","7","39.9605","-76.2349","1303","08","0","0","0","0","0","0","0","0","2","0","0","0","13","1","0","00","2","39 57:37.680","5","03","76 14:05.540","0","0","0","0","36240","0","0","0","","0","0","0","1","68J01","0","","4","01","N","N","0","","0","0","0","3","8","N","1301","0","1","0","0","0","0","0","1","0","1","N","","","","","","","","","","","","03","  ","","",""
"0208","2","0","0","0","0","0","0","0","0","4","0","","36","03","2017","2017028159","1","40.0422","-76.2956","0204","08","0","0","0","0","0","0","0","0","2","0","0","0","01","3","1","01","2","40 02:31.984","3","00","76 17:44.246","4","0","0","0","36301","0","0","0","N","0","0","0","2","36301","1","","1","01","N","N","0","","0","0","2","3","3","Y","0150","1","4","0","0","0","0","0","3","0","4","N","","","","","","","","","","","","03","  ","","",""
"2145","1","0","0","0","0","0","0","0","0","5","0","","36","03","2017","2017028166","6","40.042","-76.2977","2144","08","0","0","0","0","0","0","0","0","","0","0","0","21","3","0","00","0","40 02:31.188","","00","76 17:51.898","0","0","0","0","36301","0","0","0","N","0","0","0","1","36301","0","","6","01","N","N","1","","0","0","0","0","0","","2130","0","2","0","0","0","0","0","3","0","2","N","","","","","","","","","","","","03","  ","","",""
"2304","1","0","0","0","0","0","0","0","0","1","0","","36","03","2017","2017028187","5","40.0086","-76.3472","2301","08","0","0","0","0","0","0","0","0","3","0","0","0","22","2","0","00","1","40 00:30.798","3","00","76 20:50.038","0","0","0","0","36412","0","0","0","N","0","0","0","1","36412","0","","2","01","N","N","0","","0","0","0","0","0","N","2255","0","2","0","0","0","0","0","3","1","2","N","","","","","","","","","","","","03","  ","","",""
"1836","2","0","0","0","0","0","0","0","0","4","0","","36","03","2017","2017028226","3","40.0606","-76.2768","1830","08","0","0","0","0","0","0","0","0","1","0","0","0","18","3","1","01","2","40 03:38.256","4","02","76 16:36.560","3","0","0","0","36101","0","0","0","N","0","0","0","2","36101","0","","1","09","N","N","0","","1","0","0","3","2","N","1828","1","2","0","0","0","0","0","3","0","2","N","","","","","","","","","","","","07","  ","","",""
"1435","1","0","0","0","0","0","0","0","0","5","0","","36","03","2017","2017028292","7","40.1642","-76.1543","1431","08","0","1","0","0","0","0","0","1","","0","0","0","14","1","0","00","0","40 09:51.148","","00","76 09:15.571","0","0","0","0","36218","0","0","0","N","0","0","0","4","36408","0","","1","01","N","N","0","","0","0","1","0","0","","1430","0","2","0","0","1","0","0","1","0","2","N","","","","","","","","","","","","03","  ","","",""
"0743","1","0","0","0","0","0","0","0","0","1","0","","36","03","2017","2017028266","4","40.1558","-76.0447","0733","08","0","0","0","0","0","1","0","0","2","0","0","0","07","1","0","02","1","40 09:20.775","2","00","76 02:40.972","0","0","0","0","36418","0","0","0","N","0","0","0","2","36213","0","","1","02","N","N","1","","0","0","0","3","3","N","0730","0","2","0","0","0","0","0","1","0","2","N","","","","","","","","","","","","03","  ","","",""
"1832","1","0","0","0","0","0","0","0","0","1","0","","36","03","2017","2017028268","4","40.0233","-76.1972","1827","08","0","0","0","0","0","0","0","1","","0","0","0","18","3","0","00","0","40 01:23.867","","00","76 11:49.864","0","0","0","0","36215","0","0","0","N","0","0","0","2","36215","0","","1","01","N","N","1","","0","0","0","3","2","","1820","0","2","0","0","0","0","0","1","0","2","N","","","","","","","","","","","","03","  ","","",""
"1744","1","0","0","0","0","0","0","0","0","4","0","","36","03","2017","2017028270","6","40.0377","-76.3085","1740","08","0","0","0","0","0","0","0","0","2","0","0","0","17","1","0","01","2","40 02:15.572","2","00","76 18:30.512","0","0","0","0","36301","0","0","0","N","0","0","0","2","36301","0","","1","01","N","N","0","","0","0","0","3","2","Y","1740","0","2","0","0","0","0","0","3","1","2","N","","","","","","","","","","","","03","  ","","",""
"2115","1","0","0","0","0","0","0","0","0","7","0","","36","03","2017","2017028309","3","40.2338","-76.2586","2056","08","0","0","0","0","0","0","0","0","","0","0","0","20","2","0","00","0","40 14:01.846","","00","76 15:31.025","0","0","0","0","36204","0","0","0","","0","0","0","1","36506","0","","4","07","N","N","0","","0","0","0","0","0","","2056","0","1","0","0","0","0","0","1","0","1","N","","","","","","","","","","","","03","  ","","",""
"2322","1","0","0","0","0","0","0","0","0","4","0","","36","03","2017","2017028348","7","40.0512","-76.3062","2320","08","0","0","0","0","0","1","0","0","1","0","0","0","23","3","2","01","1","40 03:04.323","2","00","76 18:22.128","8","0","0","0","36301","0","0","0","N","0","0","0","6","36301","0","","1","01","N","N","0","","0","0","2","3","3","N","2318","2","3","0","0","0","2","0","3","0","3","N","","","","","","","","","","","","03","  ","","",""
"1659","1","0","0","0","0","0","0","0","0","7","0","","36","03","2017","2017028373","4","40.1529","-76.0254","1653","08","0","0","0","0","0","0","0","0","","0","0","0","16","1","0","02","0","40 09:10.332","","00","76 01:31.301","0","0","0","0","36213","0","0","0","N","0","0","0","1","36213","0","","5","06","N","N","0","","0","0","0","0","0","","1650","0","1","0","0","0","0","0","1","0","1","N","","","","","","","","","","","","10","  ","","",""
"1701","1","0","0","0","0","0","0","0","0","1","0","","36","03","2017","2017028518","4","40.121","-76.1597","1654","08","0","0","0","0","0","1","0","0","2","0","0","0","16","1","0","00","2","40 07:15.569","5","00","76 09:35.074","0","0","0","0","36238","0","0","0","N","0","0","0","2","36238","0","","1","07","N","N","1","","0","0","0","0","0","Y","1651","0","2","0","0","0","0","0","3","0","2","N","","","","","","","","","","","","10","  ","","",""
"1701","1","0","0","0","0","0","0","0","0","2","0","","36","03","2017","2017028524","4","40.0654","-76.3967","1658","08","0","0","0","0","0","1","1","0","3","0","0","0","16","1","2","00","2","40 03:55.404","5","00","76 23:48.156","8","0","0","0","36214","0","0","0","N","0","0","0","2","36214","0","","1","07","N","N","1","","0","0","0","3","8","Y","1650","2","2","0","0","0","2","0","3","0","2","N","","","","","","","","","","","","98","  ","","",""
"1655","2","0","0","0","0","0","0","0","0","1","0","","36","03","2017","2017028528","4","40.08","-76.0722","1652","08","0","0","0","0","0","1","0","0","2","0","0","0","16","1","1","00","2","40 04:47.828","5","00","76 04:19.987","4","0","0","0","36209","0","0","0","N","0","0","0","3","36415","1","","1","07","N","N","1","","0","0","0","0","0","Y","1652","1","3","0","0","1","0","0","1","0","3","N","","","","","","","","","","","","10","  ","","",""
"2021","1","0","0","0","0","0","0","0","0","7","0","","36","03","2017","2017028530","4","40.0927","-76.0784","2018","08","0","0","0","0","0","0","0","0","1","0","0","0","20","2","0","00","1","40 05:33.645","2","00","76 04:42.294","0","0","0","0","36415","0","0","0","N","0","0","0","1","36415","0","","4","07","N","N","0","","0","0","0","0","0","N","2018","0","1","0","0","0","0","0","1","0","1","N","","","","","","","","","","","","10","  ","","",""
"1926","1","0","0","0","0","0","0","0","0","5","0","","36","03","2017","2017028534","4","40.0526","-76.3782","1905","08","0","0","0","0","0","0","0","1","2","0","0","0","18","4","0","00","1","40 03:09.467","4","00","76 22:41.643","0","0","0","0","36214","0","0","0","N","0","0","0","2","36214","0","","1","02","N","N","0","","0","0","1","3","8","N","1855","0","2","0","0","0","0","0","3","0","2","N","","","","","","","","","","","","98","  ","","",""
"2144","1","0","0","0","0","0","0","0","0","7","0","","36","03","2017","2017028553","4","39.9711","-76.2781","2144","08","0","0","0","0","1","0","0","0","","0","0","0","21","6","0","01","0","39 58:15.905","","00","76 16:41.285","0","0","0","0","36228","0","0","0","N","0","0","0","1","36503","0","","5","02","N","N","0","","0","0","0","3","2","","2135","0","1","0","0","0","0","0","1","0","1","N","","","","","","","","","","","","98","  ","","",""
"1456","0","0","0","0","0","0","0","0","0","7","0","","36","03","2017","2017028556","7","39.953","-76.3007","1446","08","0","0","0","0","0","0","0","0","","0","0","0","14","1","0","00","0","39 57:10.886","","00","76 18:02.571","0","0","0","0","36228","0","0","0","Y","0","0","0","1","36503","0","","5","01","N","N","0","","0","0","1","0","0","","1444","0","1","0","0","0","0","0","1","0","1","N","","","","","","","","","","","","03","  ","","",""