"ARRIVAL_TM","AUTOMOBILE_COUNT","BELTED_DEATH_COUNT","BELTED_SUSP_SERIOUS_INJ_COUNT","BICYCLE_COUNT","BICYCLE_DEATH_COUNT","BICYCLE_SUSP_SERIOUS_INJ_COUNT","BUS_COUNT","CHLDPAS_DEATH_COUNT","CHLDPAS_SUSP_SERIOUS_INJ_COUNT","COLLISION_TYPE","COMM_VEH_COUNT","CONS_ZONE_SPD_LIM","COUNTY","CRASH_MONTH","CRASH_YEAR","CRN","DAY_OF_WEEK","DEC_LAT","DEC_LONG","DISPATCH_TM","DISTRICT","DRIVER_COUNT_16YR","DRIVER_COUNT_17YR","DRIVER_COUNT_18YR","DRIVER_COUNT_19YR","DRIVER_COUNT_20YR","DRIVER_COUNT_50_64YR","DRIVER_COUNT_65_74YR","DRIVER_COUNT_75PLUS","EST_HRS_CLOSED","FATAL_COUNT","HEAVY_TRUCK_COUNT","HORSE_BUGGY_COUNT","HOUR_OF_DAY","ILLUMINATION","INJURY_COUNT","INTERSECT_TYPE","LANE_CLOSED","LATITUDE","LN_CLOSE_DIR","LOCATION_TYPE","LONGITUDE","MAX_SEVERITY_LEVEL","MCYCLE_DEATH_COUNT","MCYCLE_SUSP_SERIOUS_INJ_COUNT","MOTORCYCLE_COUNT","MUNICIPALITY","NONMOTR_COUNT","NONMOTR_DEATH_COUNT","NONMOTR_SUSP_SERIOUS_INJ_COUNT","NTFY_HIWY_MAINT","PED_COUNT","PED_DEATH_COUNT","PED_SUSP_SERIOUS_INJ_COUNT","PERSON_COUNT","POLICE_AGCY","POSSIBLE_INJ_COUNT","RDWY_SURF_TYPE_CD","RELATION_TO_ROAD","ROAD_CONDITION","SCH_BUS_IND","SCH_ZONE_IND","SMALL_TRUCK_COUNT","SPEC_JURIS_CD","SUSP_MINOR_INJ_COUNT","SUSP_SERIOUS_INJ_COUNT","SUV_COUNT","TCD_FUNC_CD","TCD_TYPE","TFC_DETOUR_IND","TIME_OF_DAY","TOT_INJ_COUNT","TOTAL_UNITS","UNB_DEATH_COUNT","UNB_SUSP_SERIOUS_INJ_COUNT","UNBELTED_OCC_COUNT","UNK_INJ_DEG_COUNT","UNK_INJ_PER_COUNT","URBAN_RURAL","VAN_COUNT","VEHICLE_COUNT","WORK_ZONE_IND","WORK_ZONE_LOC","WORK_ZONE_TYPE","WORKERS_PRES","WZ_CLOSE_DETOUR","WZ_FLAGGER","WZ_LAW_OFFCR_IND","WZ_LN_CLOSURE","WZ_MOVING","WZ_OTHER","WZ_SHLDER_MDN","ROADWAY_CLEARED","WEATHER1","WEATHER2","WZ_WORKERS_INJ_KILLED","SECONDARY_CRASH","INTERSECTION_RELATED"
"0841","2","0","0","0","0","0","0","0","0","1","0","","36","03","2017","2017028567","4","40.1296","-76.2133","0832","08","0","0","0","0","0","1","0","0","","0","0","0","08","1","0","00","0","40 07:49.654","","02","76 12:49.627","0","0","0","0","36238","0","0","0","N","0","0","0","2","36238","0","","1","02","N","N","0","","0","0","0","0","0","","0830","0","2","0","0","0","0","0","3","0","2","N","","","","","","","","","","","","98","  ","","",""
"1830","1","0","0","0","0","0","0","0","0","7","0","","36","03","2017","2017028638","1","39.9519","-76.4333","1814","08","1","0","0","0","0","0","0","0","","0","0","0","18","1","0","00","0","39 57:06.681","","00","76 25:59.802","0","0","0","0","36223","0","0","0","","0","0","0","2","36223","0","","4","01","N","N","0","","0","0","0","0","0","","1812","0","2","0","0","0","0","0","1","0","1","N","","","","","","","","","","","","03","  ","","",""
"1619","2","0","0","0","0","0","0","0","0","4","0","","36","03","2017","2017028653","4","40.0454","-76.2104","1619","08","0","0","0","0","0","2","0","0","","0","0","0","16","1","0","00","0","40 02:43.420","","07","76 12:37.405","0","0","0","0","36215","0","0","0","N","0","0","0","2","36215","0","","1","07","N","N","0","","0","0","0","0","0","","1615","0","2","0","0","0","0","0","1","0","2","N","","","","","","","","","","","","10","  ","","",""
"0536","1","0","0","0","0","0","0","0","0","4","0","","36","03","2017","2017028660","2","40.0601","-76.32","0522","08","0","0","0","0","0","1","0","0","3","0","0","0","05","5","0","01","1","40 03:36.187","2","00","76 19:12.147","0","0","0","0","36301","0","0","0","N","0","0","0","2","36301","0","","1","01","N","N","0","","0","0","0","3","2","N","0519","0","2","0","0","0","0","0","3","1","2","N","","","","","","","","","","","","03","  ","","",""
"1650","1","0","0","0","0","0","0","0","0","1","0","","36","03","2017","2017028663","4","40.1123","-76.273","1637","08","0","0","0","0","0","1","1","0","3","0","0","0","16","1","0","00","2","40 06:44.198","6","00","76 16:22.660","0","0","0","0","36101","0","0","0","N","0","0","0","3","36101","0","","1","02","N","N","0","","0","0","2","0","0","Y","1631","0","3","0","0","0","0","0","3","0","3","N","","","","","","","","","","","","10","  ","","",""
"0652","2","0","0","0","0","0","0","0","0","4","0","","36","03","2017","2017028685","5","40.1453","-76.5542","0649","08","0","0","0","0","0","0","0","0","1","0","0","0","06","1","0","00","1","40 08:43.073","5","00","76 33:15.282","0","0","0","0","36225","0","0","0","N","0","0","0","3","36505","0","","1","02","N","N","0","","0","0","0","0","0","Y","0645","0","2","0","0","0","0","0","2","0","2","N","","","","","","","","","","","","03","  ","","",""
"0914","1","0","0","0","0","0","0","0","0","7","0","","36","03","2017","2017028696","5","40.1165","-76.2138","0911","08","0","0","1","0","0","0","0","0","1","0","0","0","09","1","0","02","1","40 06:59.469","3","00","76 12:49.500","0","0","0","0","36238","0","0","0","N","0","0","0","1","36238","0","","4","02","N","N","0","","0","0","0","3","3","N","0906","0","2","0","0","0","0","0","3","0","1","N","","","","","","","","","","","","03","  ","","",""
"1029","0","0","0","0","0","0","0","0","0","0","0","","36","03","2017","2017028709","5","40.0665","-76.2864","1024","08","0","0","0","0","0","1","0","0","","0","0","0","10","1","1","00","0","40 03:59.229","","00","76 17:11.206","3","0","0","0","36101","0","0","0","N","0","0","0","1","36101","0","","1","01","N","N","0","","1","0","1","0","0","","1019","1","1","0","0","0","0","0","3","0","1","N","","","","","","","","","","","","03","  ","","",""
"0850","1","0","0","0","0","0","0","0","0","7","0","","36","03","2017","2017028710","5","40.1086","-76.2077","0845","08","0","0","1","0","0","0","0","0","","0","0","0","08","1","0","00","0","40 06:30.958","","00","76 12:27.728","0","0","0","0","36238","0","0","0","N","0","0","0","1","36238","0","","5","07","N","N","0","","0","0","0","0","0","","0845","0","1","0","0","0","0","0","3","0","1","N","","","","","","","","","","","","03","  ","","",""
"1201","0","0","0","0","0","0","0","0","0","0","1","","36","03","2017","2017028748","5","40.068","-76.294","1201","08","0","0","0","0","0","0","0","0","","0","1","0","11","1","0","00","0","40 04:04.702","","00","76 17:38.367","9","0","0","0","36101","0","0","0","N","0","0","0","2","36101","0","","1","01","N","N","1","","0","0","0","0","0","","1155","0","2","0","0","0","0","1","3","0","2","N","","","","","","","","","","","","03","  ","","",""
"0724","2","0","0","0","0","0","0","0","0","4","0","","36","03","2017","2017028764","5","40.0191","-76.3213","0717","08","0","0","0","0","0","0","0","0","2","0","0","0","07","1","2","00","1","40 01:08.668","6","07","76 19:16.555","3","0","0","0","36220","0","0","0","N","0","0","0","3","36101","0","","1","02","N","N","0","","2","0","0","0","0","N","0714","2","2","0","0","0","0","0","3","0","2","N","","","","","","","","","","","","03","  ","","",""
"1553","1","0","0","0","0","0","0","0","0","4","0","","36","03","2017","2017028796","5","40.1632","-76.1511","1551","08","0","0","0","0","0","1","0","0","","0","0","0","15","1","2","02","0","40 09:47.180","","02","76 09:02.863","8","0","0","0","36218","0","0","0","N","0","0","0","2","36408","0","","1","01","N","N","0","","0","0","0","0","0","","1549","2","2","0","0","0","2","0","1","1","2","N","","","","","","","","","","","","03","  ","","",""
"1655","1","0","0","0","0","0","0","0","0","1","0","","36","03","2017","2017029027","4","40.1386","-76.4274","1647","08","0","0","0","0","0","0","0","0","3","0","0","0","16","1","1","00","2","40 08:18.790","6","00","76 25:38.819","4","0","0","0","36230","0","0","0","N","0","0","0","2","36410","1","","1","07","N","N","0","","0","0","0","0","0","Y","1645","1","2","0","0","0","0","0","1","1","2","N","","","","","","","","","","","","98","  ","","",""
"1618","1","0","0","0","0","0","0","0","0","1","0","","36","03","2017","2017029035","4","40.1632","-76.3668","1615","08","0","0","0","0","0","1","1","0","2","0","0","0","16","1","0","00","1","40 09:47.365","2","00","76 22:00.598","0","0","0","0","36227","0","0","0","","0","0","0","3","36506","0","","1","07","N","N","0","","0","0","1","0","0","N","1615","0","2","0","0","0","0","0","1","0","2","N","","","","","","","","","","","","98","  ","","",""
"1652","1","0","0","0","0","0","0","0","0","1","0","","36","03","2017","2017029101","5","40.0698","-76.3138","1648","08","0","0","0","0","0","0","0","0","3","0","0","0","16","1","1","00","1","40 04:11.311","3","00","76 18:49.737","3","0","0","0","36101","0","0","0","N","0","0","0","3","36101","0","","1","01","N","N","0","","1","0","1","0","0","N","1642","1","2","0","0","0","0","0","3","0","2","N","","","","","","","","","","","","03","  ","","",""
"1335","0","0","0","0","0","0","0","0","0","7","0","","36","03","2017","2017029112","5","40.1447","-76.419","1329","08","0","0","0","0","0","0","0","1","2","0","0","0","13","1","0","00","1","40 08:40.745","3","00","76 25:08.475","0","0","0","0","36230","0","0","0","N","0","0","0","1","36410","0","","5","01","N","N","1","","0","0","0","0","0","N","1328","0","1","0","0","0","0","0","1","0","1","N","","","","","","","","","","","","03","  ","","",""
"2257","0","0","0","0","0","0","0","0","0","7","0","","36","03","2017","2017029122","4","40.0761","-76.2103","2252","08","0","0","0","0","0","0","0","0","1","0","0","0","22","2","1","00","2","40 04:33.890","4","00","76 12:37.240","4","0","0","0","36234","0","0","0","N","0","0","0","1","36215","1","","2","02","N","N","0","","0","0","1","0","0","Y","2250","1","1","0","0","1","0","0","1","0","1","N","","","","","","","","","","","","03","  ","","",""
"1825","3","0","0","0","0","0","0","0","0","1","0","","36","03","2017","2017029123","4","40.0994","-76.5911","1825","08","0","0","0","0","0","3","0","0","2","0","0","0","18","8","0","00","2","40 05:57.734","6","00","76 35:28.053","0","0","0","0","36211","0","0","0","N","0","0","0","4","36504","0","","1","07","N","N","0","","0","0","1","0","0","Y","1815","0","4","0","0","0","0","0","1","0","4","N","","","","","","","","","","","","10","  ","","",""
"2246","1","0","0","0","0","0","0","0","0","9","0","","36","03","2017","2017029138","5","40.1229","-76.3747","2230","08","0","0","0","0","0","0","0","0","","0","0","0","22","3","0","00","0","40 07:22.593","","00","76 22:29.003","0","0","0","0","36214","0","0","0","N","0","0","0","1","36214","0","","1","01","N","N","0","","0","0","0","0","0","","2228","0","1","0","0","0","0","0","3","0","1","N","","","","","","","","","","","","03","  ","","",""
"1830","2","0","0","0","0","0","0","0","0","4","0","","36","03","2017","2017029152","5","40.1008","-76.096","1826","08","0","0","0","0","0","0","0","1","2","0","0","0","18","1","2","01","2","40 06:03.031","7","00","76 05:45.673","3","0","0","0","36415","0","0","0","N","0","0","0","2","36415","1","","1","01","N","N","0","","1","0","0","3","2","N","1826","2","2","0","0","0","0","0","1","0","2","N","","","","","","","","","","","","03","  ","","",""
"0545","1","0","0","0","0","0","0","0","0","8","0","","36","03","2017","2017029196","4","40.1117","-76.4086","0538","08","0","0","0","0","0","0","0","0","2","0","0","0","05","2","2","00","2","40 06:42.260","3","00","76 24:31.130","3","0","0","0","36214","2","0","0","","2","0","0","3","36214","1","","1","02","N","N","0","","1","0","0","0","0","N","0536","2","3","0","0","0","0","0","3","0","1","N","","","","","","","","","","","","03","  ","","",""
"0738","1","0","0","0","0","0","0","0","0","7","0","","36","03","2017","2017029197","4","40.0946","-76.3779","0738","08","0","0","0","0","0","0","0","0","2","0","0","0","07","1","0","00","1","40 05:40.720","1","00","76 22:40.500","0","0","0","0","36214","0","0","0","","0","0","0","1","36214","0","","6","07","N","N","0","","0","0","0","0","0","N","0735","0","1","0","0","0","0","0","3","0","1","N","","","","","","","","","","","","03","  ","","",""
"0556","1","0","0","0","0","0","0","0","0","0","0","","36","03","2017","2017029198","5","40.0531","-76.3919","0544","08","0","0","0","0","0","0","0","0","2","0","0","0","05","2","0","06","1","40 03:11.800","3","02","76 23:21.675","0","0","0","0","36214","0","0","0","","0","0","0","4","36214","0","","1","02","N","N","2","","0","0","0","0","0","N","0540","0","4","0","0","0","0","0","3","1","4","N","","","","","","","","","","","","10","  ","","",""
"2241","1","0","0","0","0","0","0","0","0","1","0","","36","02","2017","2017029226","2","40.0868","-76.195","2239","08","0","0","0","0","0","0","0","0","2","0","0","0","22","3","1","02","1","40 05:12.440","6","00","76 11:42.014","3","0","0","0","36234","0","0","0","N","0","0","0","2","36215","0","","1","01","N","N","0","","1","0","0","3","2","N","2237","1","2","0","0","0","0","0","1","1","2","N","","","","","","","","","","","","03","  ","","",""
"0724","2","0","0","0","0","0","0","0","0","4","0","","36","03","2017","2017029266","6","40.0377","-76.4552","0720","08","0","0","0","0","1","1","0","0","","0","0","0","07","1","0","00","0","40 02:15.700","","00","76 27:18.731","0","0","0","0","36239","0","0","0","N","0","0","0","2","36239","0","","1","01","N","N","0","","0","0","0","0","0","","0720","0","2","0","0","0","0","0","3","0","2","N","","","","","","","","","","","","03","  ","","",""
"1205","1","0","0","0","0","0","0","0","0","4","0","","36","03","2017","2017029269","7","40.0316","-76.3045","1203","08","0","0","0","0","0","1","0","0","1","0","0","0","12","1","1","01","1","40 01:58.267","1","00","76 18:17.010","4","0","0","0","36301","0","0","0","N","0","0","0","4","36301","1","","1","01","N","Y","0","","0","0","0","3","3","N","1203","1","2","0","0","0","0","0","3","1","2","N","","","","","","","","","","","","03","  ","","",""
"1310","0","0","0","0","0","0","0","0","0","7","0","","36","03","2017","2017029300","4","40.2416","-76.2548","1303","08","1","0","0","0","0","0","0","0","3","0","0","0","13","1","0","00","2","40 14:29.774","5","00","76 15:17.199","0","0","0","0","36204","0","0","0","","0","0","0","2","36506","0","","4","07","N","N","1","","0","0","0","0","0","Y","1303","0","1","0","0","0","0","0","1","0","1","N","","","","","","","","","","","","10","  ","","",""
"2107","1","0","0","0","0","0","0","0","0","7","0","","36","03","2017","2017029301","4","40.1681","-76.3881","2058","08","0","0","0","0","1","0","0","0","2","0","0","0","20","2","0","00","1","40 10:05.181","3","00","76 23:17.078","0","0","0","0","36227","0","0","0","","0","0","0","1","36506","0","","5","02","N","N","0","","0","0","0","0","0","N","2058","0","1","0","0","0","0","0","1","0","1","N","","","","","","","","","","","","03","  ","","",""
"2312","2","0","0","0","0","0","0","0","0","4","0","","36","03","2017","2017029302","4","40.1415","-76.3179","2312","08","0","0","1","0","0","0","0","0","2","0","0","0","23","2","0","02","2","40 08:29.287","5","00","76 19:04.317","0","0","0","0","36235","0","0","0","","0","0","0","2","36506","0","","1","02","N","N","0","","0","0","0","0","0","Y","2312","0","2","0","0","0","0","0","1","0","2","N","","","","","","","","","","","","10","  ","","",""
"0627","1","0","0","0","0","0","0","0","0","5","0","","36","03","2017","2017029322","6","40.0614","-76.3596","0621","08","0","0","0","1","0","0","0","0","2","0","0","0","06","3","0","01","1","40 03:41.087","2","00","76 21:34.593","0","0","0","0","36214","0","0","0","N","0","0","0","2","36214","0","","1","01","N","N","0","","0","0","1","3","2","N","0620","0","2","0","0","0","0","0","3","0","2","N","","","","","","","","","","","","03","  ","","",""
"1448","2","0","0","0","0","0","0","0","0","5","0","","36","03","2017","2017029329","6","40.0546","-76.2894","1430","08","0","1","0","0","0","0","0","0","2","0","0","0","14","1","0","00","1","40 03:16.617","4","00","76 17:21.910","0","0","0","0","36101","0","0","0","N","0","0","0","3","36101","0","","1","01","N","N","0","","0","0","0","0","0","N","1423","0","2","0","0","0","0","0","3","0","2","N","","","","","","","","","","","","03","  ","","",""
"1333","0","0","0","0","0","0","0","0","0","4","0","","36","03","2017","2017029341","6","40.1181","-76.047","1329","08","0","0","1","0","0","0","0","0","","0","0","0","13","1","0","00","0","40 07:05.074","","00","76 02:49.368","0","0","0","0","36213","0","0","0","N","0","0","0","3","36213","0","","1","01","N","N","1","","0","0","1","0","0","","1325","0","2","0","0","0","0","0","1","0","2","N","","","","","","","","","","","","03","  ","","",""
"0921","1","0","0","0","0","0","0","0","0","4","0","","36","03","2017","2017029371","6","40.1753","-76.3081","0921","08","0","0","0","0","0","1","1","0","","0","0","0","09","1","0","00","0","40 10:31.007","","07","76 18:29.248","0","0","0","0","36235","0","0","0","","0","0","0","2","36506","0","","1","09","N","N","0","","0","0","0","0","0","","0921","0","2","0","0","0","0","0","1","1","2","N","","","","","","","","","","","","10","  ","","",""
"1048","1","0","0","0","0","0","0","0","0","7","0","","36","03","2017","2017029372","6","40.1349","-76.246","1038","08","0","0","0","0","0","0","0","0","","0","0","0","10","1","0","02","0","40 08:05.467","","00","76 14:45.513","0","0","0","0","36235","0","0","0","","0","0","0","1","36506","0","","5","09","N","N","0","","0","0","0","3","3","","1038","0","1","0","0","0","0","0","1","0","1","N","","","","","","","","","","","","10","  ","","",""
"0711","1","0","0","0","0","0","0","0","0","7","0","","36","03","2017","2017029373","4","40.1685","-76.3874","0705","08","0","0","0","0","0","0","0","0","","0","0","0","07","1","0","00","0","40 10:06.601","","00","76 23:14.799","0","0","0","0","36227","0","0","0","","0","0","0","2","36506","0","","4","07","N","N","0","","0","0","0","0","0","","0705","0","1","0","0","0","0","0","1","0","1","N","","","","","","","","","","","","10","  ","","",""
"0835","1","0","0","0","0","0","0","0","0","1","1","","36","02","2017","2017029397","3","40.0169","-76.1646","0827","08","0","0","0","0","0","1","0","0","","0","1","0","08","1","0","00","0","40 01:00.707","","00","76 09:52.406","0","0","0","0","36215","0","0","0","N","0","0","0","2","36215","0","","1","01","N","N","0","","0","0","0","0","0","","0819","0","2","0","0","0","0","0","1","0","2","N","","","","","","","","","","","","03","  ","","",""
"1027","1","0","0","0","0","0","0","0","0","4","0","","36","03","2017","2017029399","4","40.1235","-76.452","1025","08","0","0","0","0","0","1","0","0","2","0","0","0","10","1","0","00","2","40 07:24.710","1","00","76 27:07.220","0","0","0","0","36230","0","0","0","","0","0","0","2","36410","0","","1","02","N","N","0","","0","0","1","0","0","N","1021","0","3","0","0","0","0","0","1","0","2","N","","","","","","","","","","","","10","  ","","",""
"1732","1","0","0","0","0","0","0","0","0","4","0","","36","03","2017","2017029400","4","40.1098","-76.4392","1710","08","0","0","0","0","0","0","0","0","","0","0","0","17","1","0","06","0","40 06:35.338","","02","76 26:21.273","0","0","0","0","36230","0","0","0","","0","0","0","2","36410","0","","1","09","N","N","1","","0","0","0","0","0","","1700","0","2","0","0","0","0","0","1","0","2","N","","","","","","","","","","","","10","  ","","",""
"0637","0","0","0","0","0","0","0","0","0","9","0","","36","03","2017","2017029401","4","39.9941","-76.3201","0636","08","0","0","0","0","0","1","0","0","2","0","0","0","06","5","0","02","1","39 59:38.608","1","00","76 19:12.358","0","0","0","0","36228","0","0","0","","0","0","0","1","36503","0","","1","02","N","N","0","","0","0","1","0","0","N","0635","0","1","0","0","0","0","0","1","0","1","N","","","","","","","","","","","","03","  ","","",""
"1459","2","0","0","0","0","0","0","0","0","4","0","","36","03","2017","2017029447","6","40.1517","-76.5848","1456","08","0","0","0","0","0","1","0","0","2","0","0","0","14","1","1","00","2","40 09:06.100","5","07","76 35:05.400","8","0","0","0","36225","0","0","0","N","0","0","0","2","36505","0","","1","01","N","N","0","","0","0","0","0","0","Y","1452","1","2","0","0","0","1","0","2","0","2","N","","","","","","","","","","","","03","  ","","",""
"1654","0","0","0","0","0","0","0","0","0","7","0","","36","03","2017","2017029451","5","40.1206","-76.2535","1648","08","0","0","0","0","0","0","0","0","2","0","0","0","16","1","0","00","2","40 07:14.156","5","00","76 15:12.552","0","0","0","0","36101","0","0","0","N","0","0","0","2","36101","0","","1","07","N","N","0","","0","0","1","0","0","N","1644","0","1","0","0","0","0","0","3","0","1","N","","","","","","","","","","","","03","  ","","",""
"1505","1","0","0","0","0","0","0","0","0","1","0","","36","03","2017","2017029585","6","40.1042","-76.3054","1504","08","0","0","1","0","0","0","2","0","","0","0","0","14","1","1","00","0","40 06:15.018","","00","76 18:19.493","4","0","0","0","36101","0","0","0","N","0","0","0","3","36101","1","","1","01","N","N","0","","0","0","2","0","0","","1459","1","3","0","0","0","0","0","3","0","3","N","","","","","","","","","","","","03","  ","","",""
"0851","1","0","0","0","0","0","0","0","0","4","0","","36","03","2017","2017029594","4","40.1352","-76.616","0844","08","0","0","0","0","0","0","0","1","2","0","0","0","08","1","1","00","1","40 08:06.791","2","07","76 36:57.617","8","0","0","0","36237","0","0","0","N","0","0","0","2","36505","0","","1","01","N","N","1","","0","0","0","0","0","Y","0839","1","2","0","0","0","1","0","1","0","2","N","","","","","","","","","","","","03","  ","","",""
"1610","2","0","0","0","0","0","0","0","0","4","0","","36","03","2017","2017029596","6","40.0786","-76.3357","1537","08","0","0","0","0","0","1","0","0","3","0","0","0","15","1","0","00","1","40 04:42.920","3","07","76 20:08.590","0","0","0","0","36101","0","0","0","N","0","0","0","3","36101","0","","1","01","N","N","0","","0","0","1","0","0","N","1524","0","3","0","0","0","0","0","3","0","3","N","","","","","","","","","","","","03","  ","","",""
"1610","2","0","0","0","0","0","0","0","0","7","0","","36","03","2017","2017029597","4","40.0652","-76.209","1547","08","0","0","0","0","0","0","1","1","2","0","0","0","15","1","0","00","1","40 03:54.841","2","00","76 12:32.266","0","0","0","0","36234","0","0","0","N","0","0","0","3","36215","0","","2","07","N","N","1","","0","0","0","0","0","N","1545","0","3","0","0","0","0","0","1","0","3","N","","","","","","","","","","","","10","  ","","",""
"1754","2","0","0","0","0","0","0","0","0","1","0","","36","03","2017","2017029601","6","40.1171","-76.3057","1740","08","0","0","0","0","0","1","0","0","","0","0","0","17","1","0","00","0","40 07:01.606","","00","76 18:20.508","0","0","0","0","36101","0","0","0","N","0","0","0","3","36101","0","","1","01","N","N","1","","0","0","0","0","0","","1734","0","3","0","0","0","0","0","3","0","3","N","","","","","","","","","","","","03","  ","","",""
"1022","3","0","0","0","0","0","0","0","0","1","0","","36","03","2017","2017029607","7","40.0382","-76.3414","1006","08","0","0","0","0","0","1","0","0","3","0","0","0","10","1","1","02","2","40 02:17.361","7","07","76 20:28.994","8","0","0","0","36220","0","0","0","N","0","0","0","4","36101","0","","1","09","N","N","0","","0","0","0","3","2","Y","1006","1","3","0","0","0","1","0","3","0","3","N","","","","","","","","","","","","03","  ","","",""
"1100","1","1","0","0","0","0","0","0","0","4","0","","36","03","2017","2017029628","6","40.012","-76.2263","1055","08","0","0","0","0","0","0","1","0","3","1","0","0","10","1","1","01","2","40 00:43.379","7","00","76 13:34.666","1","0","0","0","36240","0","0","0","N","0","0","0","2","36240","0","2","1","01","N","N","1","0","0","0","0","3","3","Y","1054","1","2","0","0","1","1","0","1","0","2","N","","","","","","","","","","","","03","  ","","",""
"1439","2","0","0","0","0","0","0","0","0","4","0","","36","03","2017","2017029635","7","40.038","-76.3517","1415","08","0","0","0","0","0","0","1","0","","0","0","0","14","1","0","00","0","40 02:16.791","","00","76 21:06.179","0","0","0","0","36214","0","0","0","N","0","0","0","3","36214","0","","1","01","N","N","0","","0","0","0","0","0","","1413","0","2","0","0","0","0","0","3","0","2","N","","","","","","","","","","","","03","  ","","",""
"0958","2","0","0","0","0","0","0","0","0","5","0","","36","03","2017","2017029653","7","39.9993","-76.3597","0956","08","0","0","0","0","0","0","0","0","","0","0","0","09","1","0","00","0","39 59:57.422","","00","76 21:34.948","0","0","0","0","36412","0","0","0","N","0","0","0","1","36412","0","","4","01","N","N","0","","0","0","0","0","0","","0950","0","2","0","0","0","0","0","3","0","2","N","","","","","","","","","","","","03","  ","","",""
"1843","1","0","0","0","0","0","0","0","0","7","0","","36","03","2017","2017029751","6","40.0129","-76.3349","1839","08","0","0","0","0","0","0","0","0","","0","0","0","18","1","0","00","0","40 00:46.463","","00","76 20:05.730","0","0","0","0","36412","0","0","0","Y","0","0","0","1","36412","0","","4","01","N","N","0","","0","0","0","0","0","","1839","0","1","0","0","0","0","0","3","0","1","N","","","","","","","","","","","","03","  ","","",""
"0230","1","0","0","0","0","0","0","0","0","6","0","","36","03","2017","2017029757","1","40.024","-76.2856","0226","08","0","0","0","0","0","0","0","0","","0","0","0","02","3","0","00","0","40 01:26.569","","00","76 17:08.243","9","0","0","0","36301","0","0","0","","0","0","0","1","36301","0","","2","09","","","1","","0","0","0","0","0","","0221","0","2","0","0","0","0","1","3","0","2","N","","","","","","","","","","","","07","  ","","",""
"2049","1","0","0","0","0","0","0","0","0","7","0","","36","03","2017","2017029769","7","40.196","-76.2275","2034","08","0","0","0","0","0","0","0","0","3","0","0","0","20","2","0","00","2","40 11:45.770","6","00","76 13:39.000","0","0","0","0","36204","0","0","0","","0","0","0","1","36506","0","","4","01","N","N","0","","0","0","0","0","0","Y","2034","0","1","0","0","0","0","0","1","0","1","N","","","","","","","","","","","","03","  ","","",""
"1305","2","0","0","0","0","0","0","0","0","1","0","","36","03","2017","2017029832","7","40.0954","-76.3517","1303","08","0","0","0","0","0","0","0","0","1","0","0","0","13","1","0","00","1","40 05:43.368","1","00","76 21:06.020","0","0","0","0","36406","0","0","0","N","0","0","0","3","36101","0","","1","01","N","N","0","","0","0","0","0","0","N","1301","0","2","0","0","0","0","0","3","0","2","N","","","","","","","","","","","","03","  ","","",""
"1541","0","0","0","0","0","0","0","0","0","4","0","","36","03","2017","2017029853","6","40.0339","-76.4996","1540","08","1","0","0","0","0","1","0","0","1","0","0","0","15","1","0","01","1","40 02:01.965","1","00","76 29:58.569","9","0","0","0","36404","0","0","0","N","0","0","0","2","36404","0","","1","09","N","N","1","","0","0","1","3","2","N","1538","0","2","0","0","0","0","1","3","0","2","N","","","","","","","","","","","","98","  ","","",""
"1205","0","0","0","0","0","0","0","0","0","4","0","","36","03","2017","2017029876","6","40.1642","-76.1543","1205","08","0","0","0","0","0","0","0","0","2","0","0","0","12","1","2","02","1","40 09:51.097","4","07","76 09:15.344","3","0","0","0","36218","0","0","0","N","0","0","0","2","36408","0","","1","01","N","N","0","","2","0","2","3","2","N","1200","2","2","0","0","0","0","0","1","0","2","N","","","","","","","","","","","","03","  ","","",""
"1230","1","0","0","0","0","0","0","0","0","1","0","","36","03","2017","2017029884","1","40.0386","-76.3275","1223","08","0","0","0","0","0","1","0","0","","0","0","0","12","1","0","00","0","40 02:18.831","","00","76 19:39.093","0","0","0","0","36220","0","0","0","N","0","0","0","2","36101","0","","1","01","N","N","0","","0","0","1","0","0","","1221","0","2","0","0","0","0","0","3","0","2","N","","","","","","","","","","","","03","  ","","",""
"1325","1","0","0","0","0","0","0","0","0","4","0","","36","03","2017","2017029903","1","40.0319","-76.2398","1320","08","0","0","0","0","0","2","0","0","1","0","0","0","13","1","2","02","1","40 01:54.765","4","00","76 14:23.331","3","0","0","0","36215","0","0","0","N","0","0","0","3","36215","0","","1","01","N","N","0","","1","0","1","3","2","Y","1317","2","2","0","0","1","1","0","1","0","2","N","","","","","","","","","","","","03","  ","","",""
"1521","1","0","0","0","0","0","0","0","0","7","0","","36","03","2017","2017029909","1","40.19","-76.5638","1510","08","0","0","0","0","0","0","0","0","1","0","0","0","15","1","1","00","1","40 11:24.173","1","00","76 33:49.549","8","0","0","0","36225","0","0","0","N","0","0","0","1","36505","0","","5","01","N","N","0","","0","0","0","0","0","N","1500","1","1","0","0","0","1","0","2","0","1","N","","","","","","","","","","","","03","  ","","",""
"1112","1","0","0","0","0","0","0","0","0","7","0","","36","03","2017","2017029916","7","40.1297","-76.3164","1107","08","0","0","0","0","0","0","0","0","2","0","0","0","11","1","1","00","1","40 07:47.090","6","00","76 18:59.210","3","0","0","0","36235","0","0","0","","0","0","0","2","36506","0","","4","09","N","N","0","","1","0","0","0","0","Y","1107","1","1","0","0","0","0","0","1","0","1","N","","","","","","","","","","","","07","  ","","",""