"ARRIVAL_TM","AUTOMOBILE_COUNT","BELTED_DEATH_COUNT","BELTED_SUSP_SERIOUS_INJ_COUNT","BICYCLE_COUNT","BICYCLE_DEATH_COUNT","BICYCLE_SUSP_SERIOUS_INJ_COUNT","BUS_COUNT","CHLDPAS_DEATH_COUNT","CHLDPAS_SUSP_SERIOUS_INJ_COUNT","COLLISION_TYPE","COMM_VEH_COUNT","CONS_ZONE_SPD_LIM","COUNTY","CRASH_MONTH","CRASH_YEAR","CRN","DAY_OF_WEEK","DEC_LAT","DEC_LONG","DISPATCH_TM","DISTRICT","DRIVER_COUNT_16YR","DRIVER_COUNT_17YR","DRIVER_COUNT_18YR","DRIVER_COUNT_19YR","DRIVER_COUNT_20YR","DRIVER_COUNT_50_64YR","DRIVER_COUNT_65_74YR","DRIVER_COUNT_75PLUS","EST_HRS_CLOSED","FATAL_COUNT","HEAVY_TRUCK_COUNT","HORSE_BUGGY_COUNT","HOUR_OF_DAY","ILLUMINATION","INJURY_COUNT","INTERSECT_TYPE","LANE_CLOSED","LATITUDE","LN_CLOSE_DIR","LOCATION_TYPE","LONGITUDE","MAX_SEVERITY_LEVEL","MCYCLE_DEATH_COUNT","MCYCLE_SUSP_SERIOUS_INJ_COUNT","MOTORCYCLE_COUNT","MUNICIPALITY","NONMOTR_COUNT","NONMOTR_DEATH_COUNT","NONMOTR_SUSP_SERIOUS_INJ_COUNT","NTFY_HIWY_MAINT","PED_COUNT","PED_DEATH_COUNT","PED_SUSP_SERIOUS_INJ_COUNT","PERSON_COUNT","POLICE_AGCY","POSSIBLE_INJ_COUNT","RDWY_SURF_TYPE_CD","RELATION_TO_ROAD","ROAD_CONDITION","SCH_BUS_IND","SCH_ZONE_IND","SMALL_TRUCK_COUNT","SPEC_JURIS_CD","SUSP_MINOR_INJ_COUNT","SUSP_SERIOUS_INJ_COUNT","SUV_COUNT","TCD_FUNC_CD","TCD_TYPE","TFC_DETOUR_IND","TIME_OF_DAY","TOT_INJ_COUNT","TOTAL_UNITS","UNB_DEATH_COUNT","UNB_SUSP_SERIOUS_INJ_COUNT","UNBELTED_OCC_COUNT","UNK_INJ_DEG_COUNT","UNK_INJ_PER_COUNT","URBAN_RURAL","VAN_COUNT","VEHICLE_COUNT","WORK_ZONE_IND","WORK_ZONE_LOC","WORK_ZONE_TYPE","WORKERS_PRES","WZ_CLOSE_DETOUR","WZ_FLAGGER","WZ_LAW_OFFCR_IND","WZ_LN_CLOSURE","WZ_MOVING","WZ_OTHER","WZ_SHLDER_MDN","ROADWAY_CLEARED","WEATHER1","WEATHER2","WZ_WORKERS_INJ_KILLED","SECONDARY_CRASH","INTERSECTION_RELATED"
"0230","1","0","0","0","0","0","0","0","0","7","0","","36","03","2017","2017029983","1","40.0643","-76.4373","0226","08","0","0","0","0","0","0","0","0","1","0","0","0","02","3","0","00","2","40 03:51.451","6","00","76 26:14.296","0","0","0","0","36239","0","0","0","","0","0","0","1","36239","0","","2","08","","","0","","0","0","0","0","0","Y","0226","0","1","0","0","0","0","0","3","0","1","N","","","","","","","","","","","","07","  ","","",""
"2009","0","0","0","0","0","0","0","0","0","4","1","","36","03","2017","2017029992","1","39.9713","-76.2704","2005","08","1","0","0","0","0","1","0","0","2","0","1","0","19","4","0","01","1","39 58:16.618","3","00","76 16:13.300","0","0","0","0","36240","0","0","0","N","0","0","0","3","36240","0","","1","01","N","N","0","","0","0","1","3","3","N","1958","0","2","0","0","0","0","0","1","0","2","N","","","","","","","","","","","","03","  ","","",""
"2130","1","0","0","0","0","0","0","0","0","7","0","","36","03","2017","2017029993","5","40.0072","-76.2676","2126","08","0","0","0","0","0","0","0","0","2","0","0","0","21","2","0","00","2","40 00:26.001","5","00","76 16:03.283","0","0","0","0","36240","0","0","0","N","0","0","0","1","36240","0","","4","02","N","N","0","","0","0","0","0","0","Y","2124","0","1","0","0","0","0","0","1","0","1","N","","","","","","","","","","","","03","  ","","",""
"2058","1","0","0","0","0","0","0","0","0","8","0","","36","03","2017","2017030004","2","40.0398","-76.3039","2058","08","0","0","0","0","0","0","0","0","","0","0","0","20","3","1","01","0","40 02:23.059","","00","76 18:14.070","4","0","0","0","36301","1","0","0","N","1","0","0","2","36301","1","","1","09","N","N","0","","0","0","0","3","2","","2056","1","2","0","0","0","0","0","3","0","1","N","","","","","","","","","","","","07","  ","","",""
"1607","0","0","0","0","0","0","0","0","0","7","0","","36","03","2017","2017030005","6","40.002","-76.2534","1604","08","0","0","0","1","0","0","0","0","1","0","0","0","16","1","0","00","1","40 00:07.081","4","00","76 15:12.362","0","0","0","0","36240","0","0","0","N","0","0","0","1","36240","0","","4","01","N","N","0","","0","0","1","0","0","N","1603","0","1","0","0","0","0","0","1","0","1","N","","","","","","","","","","","","03","  ","","",""
"2101","1","0","0","0","0","0","0","0","0","1","0","","36","02","2017","2017030015","6","40.1351","-76.2098","2057","08","0","0","0","0","0","0","0","0","2","0","0","0","20","2","1","00","1","40 08:06.324","1","00","76 12:35.255","8","0","0","1","36238","0","0","0","N","0","0","0","3","36238","0","","1","01","N","N","0","","0","0","0","0","0","N","2056","1","2","0","0","0","1","0","3","0","2","N","","","","","","","","","","","","03","  ","","",""
"1710","1","0","0","0","0","0","0","0","0","4","0","","36","02","2017","2017030027","2","40.11","-76.2058","1705","08","0","1","0","0","0","0","0","0","2","0","0","0","17","1","2","00","2","40 06:36.100","5","00","76 12:20.900","8","0","0","0","36238","0","0","0","N","0","0","0","2","36238","0","","1","01","N","N","0","","0","0","1","0","0","Y","1704","2","2","0","0","0","2","0","3","0","2","N","","","","","","","","","","","","03","  ","","",""
"0351","1","0","0","0","0","0","0","0","0","7","0","","36","03","2017","2017030035","7","40.0703","-76.3214","0348","08","0","0","0","0","0","0","0","0","","0","0","0","03","3","1","00","0","40 04:13.036","","00","76 19:16.963","3","0","0","0","36101","0","0","0","N","0","0","0","1","36101","0","","3","09","N","N","0","","1","0","0","0","0","","0345","1","1","0","0","0","0","0","3","0","1","N","","","","","","","","","","","","03","  ","","",""
"1801","1","0","0","0","0","0","0","0","0","7","0","","36","03","2017","2017030044","5","40.0835","-76.5255","1756","08","0","0","0","0","0","1","0","0","1","0","0","0","17","1","1","00","1","40 05:00.503","1","00","76 31:31.632","4","0","0","0","36211","0","0","0","N","0","0","0","1","36504","1","","5","01","N","N","0","","0","0","0","0","0","N","1745","1","1","0","0","0","0","0","1","0","1","N","","","","","","","","","","","","03","  ","","",""
"0928","1","0","0","0","0","0","0","0","0","4","0","","36","03","2017","2017030080","5","40.0568","-76.4051","0923","08","0","1","0","0","0","0","0","1","","0","0","0","09","1","0","02","0","40 03:24.371","","00","76 24:18.324","0","0","0","0","36239","0","0","0","N","0","0","0","2","36239","0","","1","01","N","N","0","","0","0","1","0","0","","0919","0","2","0","0","0","0","0","3","0","2","N","","","","","","","","","","","","03","  ","","",""
"0550","1","0","0","0","0","0","0","0","0","4","0","","36","03","2017","2017030081","2","40.0517","-76.3214","0546","08","0","0","0","0","0","1","0","0","2","0","0","0","05","3","2","01","2","40 03:06.213","3","00","76 19:17.001","3","0","0","0","36101","0","0","0","N","0","0","0","2","36101","1","","1","01","N","N","1","","1","0","0","3","2","N","0540","2","2","0","0","0","0","0","3","0","2","N","","","","","","","","","","","","03","  ","","",""
"1650","2","0","0","0","0","0","0","0","0","1","0","","36","03","2017","2017030103","4","40.1123","-76.273","1637","08","0","0","0","0","0","0","0","0","3","0","0","0","16","1","1","00","2","40 06:44.180","6","00","76 16:22.728","4","0","0","0","36101","0","0","0","N","0","0","0","2","36101","1","","1","07","N","N","0","","0","0","0","0","0","Y","1631","1","2","0","0","0","0","0","3","0","2","N","","","","","","","","","","","","10","  ","","",""
"0656","0","0","0","0","0","0","0","0","0","1","0","","36","03","2017","2017030107","2","40.0772","-76.3377","0655","08","0","0","0","0","0","2","0","0","2","0","0","0","06","1","0","03","1","40 04:39.157","1","02","76 20:16.139","0","0","0","0","36101","0","0","0","N","0","0","0","2","36101","0","","1","01","N","N","0","","0","0","2","0","0","N","0650","0","2","0","0","0","0","0","3","0","2","N","","","","","","","","","","","","03","  ","","",""
"1951","1","0","0","0","0","0","0","0","0","7","0","","36","03","2017","2017030116","4","40.2254","-76.1337","1946","08","0","0","0","0","0","1","0","0","2","0","0","0","19","2","1","00","2","40 13:31.354","7","00","76 08:01.399","8","0","0","0","36210","0","0","0","N","0","0","0","1","36210","0","","2","07","N","N","0","","0","0","0","0","0","Y","1943","1","1","0","0","0","1","0","1","0","1","N","","","","","","","","","","","","03","  ","","",""
"0729","2","0","0","0","0","0","0","0","0","4","0","","36","03","2017","2017030118","2","40.0924","-76.41","0726","08","0","0","1","0","0","2","0","0","2","0","0","0","07","1","0","01","1","40 05:32.678","2","00","76 24:35.883","0","0","0","0","36214","0","0","0","N","0","0","0","4","36214","0","","1","01","N","N","1","","0","0","0","3","3","N","0724","0","3","0","0","1","0","0","3","0","3","N","","","","","","","","","","","","03","  ","","",""
"1216","1","0","0","0","0","0","0","0","0","4","0","","36","03","2017","2017030149","5","40.0561","-76.2988","1205","08","0","0","0","1","0","0","0","0","2","0","0","0","12","1","2","01","1","40 03:21.855","3","00","76 17:55.661","4","0","0","0","36101","0","0","0","N","0","0","0","3","36101","2","","1","01","N","N","1","","0","0","0","3","3","N","1202","2","2","0","0","0","0","0","3","0","2","N","","","","","","","","","","","","03","  ","","",""
"1909","0","0","0","0","0","0","0","0","0","5","0","","36","03","2017","2017030172","4","40.1344","-76.5813","1905","08","0","0","0","0","0","1","0","0","1","0","0","0","18","1","0","00","1","40 08:03.730","3","00","76 34:52.700","0","0","0","0","36237","0","0","0","N","0","0","0","2","36505","0","","1","07","N","N","0","","0","0","2","0","0","N","1840","0","2","0","0","0","0","0","1","0","2","N","","","","","","","","","","","","03","  ","","",""
"1449","1","0","0","0","0","0","0","0","0","1","0","","36","03","2017","2017030177","2","40.0565","-76.3057","1444","08","0","0","0","0","0","0","0","0","","0","0","0","14","1","0","00","0","40 03:23.435","","00","76 18:20.527","0","0","0","0","36101","0","0","0","N","0","0","0","2","36101","0","","1","01","N","N","0","","0","0","1","3","2","","1439","0","2","0","0","0","0","0","3","0","2","N","","","","","","","","","","","","03","  ","","",""
"2109","2","0","0","0","0","0","0","0","0","9","0","","36","03","2017","2017030178","4","40.1282","-76.5105","2100","08","0","0","0","0","0","0","1","0","3","0","0","0","20","2","0","00","1","40 07:41.389","4","00","76 30:37.910","0","0","0","0","36225","0","0","0","N","0","0","0","5","36505","0","","1","07","N","N","0","","0","0","0","0","0","N","2035","0","2","0","0","0","0","0","2","0","2","N","","","","","","","","","","","","03","  ","","",""
"1316","2","0","0","0","0","0","0","0","0","2","0","","36","03","2017","2017030182","5","40.0667","-76.4722","1314","08","0","0","0","0","0","1","0","0","1","0","0","0","13","1","0","00","1","40 04:00.246","3","00","76 28:19.776","0","0","0","0","36239","0","0","0","N","0","0","0","1","36239","0","","1","01","N","N","0","","0","0","0","0","0","N","1314","0","2","0","0","0","0","0","3","0","2","N","","","","","","","","","","","","03","  ","","",""
"1451","2","0","0","0","0","0","0","0","0","1","0","","36","03","2017","2017030187","2","40.156","-76.5959","1450","08","1","1","0","0","0","0","0","0","","0","0","0","14","1","0","03","0","40 09:21.927","","00","76 35:45.031","0","0","0","0","36407","0","0","0","N","0","0","0","3","36407","0","","1","01","N","Y","0","","0","0","0","0","0","","1450","0","2","0","0","0","0","0","2","0","2","N","","","","","","","","","","","","03","  ","","",""
"1623","1","0","0","0","0","0","0","0","0","4","0","","36","03","2017","2017030197","5","40.0599","-76.2777","1616","08","0","0","0","0","0","0","0","0","2","0","0","0","16","1","0","01","2","40 03:35.856","3","08","76 16:40.025","0","0","0","0","36101","0","0","0","N","0","0","0","3","36101","0","","1","01","N","N","1","","0","0","0","3","2","Y","1613","0","2","0","0","0","0","0","3","0","2","N","","","","","","","","","","","","03","  ","","",""
"1745","0","0","0","0","0","0","0","0","0","4","1","","36","03","2017","2017030222","3","39.8488","-76.2209","1744","08","0","0","0","0","0","1","0","0","3","0","1","0","17","1","1","00","2","39 50:55.748","5","00","76 13:15.254","3","0","0","0","36208","0","0","0","","0","0","0","2","68J01","0","","1","07","N","N","0","","1","0","1","0","0","Y","1743","1","2","0","0","1","0","0","1","0","2","N","","","","","","","","","","","","10","  ","","",""
"1640","1","0","0","0","0","0","0","0","0","0","0","","36","03","2017","2017030228","5","39.9106","-76.0474","1622","08","0","0","0","0","0","0","0","0","2","0","0","0","16","1","0","00","1","39 54:38.004","3","00","76 02:50.808","0","0","0","0","36201","0","0","0","","0","0","0","1","68J01","0","","1","07","N","N","0","","0","0","0","0","0","N","1611","0","1","0","0","0","0","0","1","0","1","N","","","","","","","","","","","","03","  ","","",""
"1650","1","0","0","0","0","0","0","0","0","1","1","","36","03","2017","2017030276","2","39.923","-76.249","1633","08","0","0","0","0","0","0","0","0","","0","1","0","16","1","2","02","0","39 55:22.668","","00","76 14:56.412","3","0","0","0","36229","0","0","0","","0","0","0","5","68J01","0","","1","01","Y","N","0","","2","0","0","0","0","","1633","2","2","0","0","0","0","0","1","0","2","N","","","","","","","","","","","","03","  ","","",""
"1715","0","0","0","0","0","0","0","0","0","4","0","","36","03","2017","2017030309","5","39.9135","-76.0453","1715","08","0","0","0","0","0","1","0","0","1","0","0","0","17","1","2","01","1","39 54:48.553","1","00","76 02:42.913","3","0","0","0","36201","0","0","0","","0","0","0","2","68J01","1","","1","01","N","N","0","","1","0","1","3","3","N","1714","2","2","0","0","0","0","0","1","1","2","N","","","","","","","","","","","","03","  ","","",""
"0800","1","0","0","0","0","0","0","0","0","7","0","","36","03","2017","2017030346","5","40.0291","-76.2469","0754","08","0","0","0","0","0","0","0","0","2","0","0","0","07","1","0","00","1","40 01:44.670","4","00","76 14:48.984","0","0","0","0","36215","0","0","0","N","0","0","0","3","36215","0","","2","01","N","N","0","","0","0","0","3","8","N","0751","0","1","0","0","0","0","0","1","0","1","N","","","","","","","","","","","","03","  ","","",""
"1901","2","0","0","0","0","0","0","0","0","4","0","","36","03","2017","2017030363","2","40.1694","-76.1989","1900","08","0","0","0","0","0","0","0","1","2","0","0","0","18","1","3","00","2","40 10:09.732","6","00","76 11:55.915","3","0","0","0","36408","0","0","0","N","0","0","0","4","36408","2","","1","01","N","N","0","","1","0","0","0","0","Y","1858","3","2","0","0","0","0","0","2","0","2","N","","","","","","","","","","","","03","  ","","",""
"1756","1","0","0","0","0","0","0","0","0","1","1","","36","03","2017","2017030378","5","40.076","-76.337","1746","08","0","0","0","0","0","1","0","0","","0","1","0","16","1","1","00","0","40 04:33.651","","00","76 20:13.352","4","0","0","0","36101","0","0","0","N","0","0","0","2","36101","1","","1","01","N","N","0","","0","0","0","0","0","","1658","1","2","0","0","0","0","0","3","0","2","N","","","","","","","","","","","","03","  ","","",""
"2154","1","0","0","0","0","0","0","0","0","1","1","","36","03","2017","2017030382","2","40.0263","-76.2133","2146","08","0","0","0","0","0","0","0","0","3","0","1","0","21","3","1","00","1","40 01:34.825","3","00","76 12:47.931","4","0","0","0","36215","0","0","0","N","0","0","0","2","36215","1","","1","01","N","N","0","","0","0","0","0","0","N","2146","1","2","0","0","0","0","0","1","0","2","N","","","","","","","","","","","","03","  ","","",""
"2248","0","0","0","0","0","0","0","0","0","0","1","","36","03","2017","2017030392","3","40.0101","-76.3401","2244","08","0","0","1","0","0","1","0","0","","0","1","0","22","3","1","00","0","40 00:36.378","","00","76 20:24.324","4","0","0","0","36412","0","0","0","N","0","0","0","3","36412","1","","1","07","N","N","1","","0","0","0","0","0","","2237","1","2","0","0","0","0","0","3","0","2","N","","","","","","","","","","","","10","  ","","",""
"0214","0","0","0","0","0","0","0","0","0","7","0","","36","03","2017","2017030393","7","40.0384","-76.3249","0214","08","0","0","0","0","0","0","0","0","4","0","0","0","02","3","2","00","2","40 02:18.085","6","00","76 19:29.505","2","0","0","0","36220","0","0","0","N","0","0","0","2","36101","1","","5","01","N","N","0","","0","1","1","0","0","Y","0214","2","1","0","0","0","0","0","3","0","1","N","","","","","","","","","","","","03","  ","","",""
"0711","1","0","0","0","0","0","0","0","0","1","0","","36","03","2017","2017030519","3","40.0868","-76.195","0649","08","0","0","1","0","0","2","1","0","","0","0","0","06","5","1","02","0","40 05:12.440","","00","76 11:42.014","4","0","0","0","36234","0","0","0","N","0","0","0","4","36215","1","","1","09","N","N","1","","0","0","2","3","2","","0645","1","4","0","0","0","0","0","1","0","4","N","","","","","","","","","","","","03","  ","","",""
"0753","2","0","0","0","0","0","0","0","0","1","0","","36","03","2017","2017030536","3","40.0695","-76.3076","0748","08","0","0","0","0","0","0","0","0","","0","0","0","07","1","1","01","0","40 04:10.226","","00","76 18:28.241","4","0","0","0","36101","0","0","0","N","0","0","0","2","36101","1","","1","01","N","N","0","","0","0","0","3","4","","0745","1","2","0","0","0","0","0","3","0","2","N","","","","","","","","","","","","03","  ","","",""
"1419","0","0","0","0","0","0","0","0","0","4","0","","36","03","2017","2017030537","5","40.0949","-76.4467","1411","08","0","0","0","0","0","0","0","0","3","0","0","0","14","1","0","00","2","40 05:41.788","5","00","76 26:48.174","0","0","0","0","36239","0","0","0","N","0","0","0","4","36239","0","","1","07","N","N","1","","0","0","1","0","0","Y","1408","0","2","0","0","0","0","0","3","0","2","N","","","","","","","","","","","","03","  ","","",""
"1532","1","0","0","0","0","0","0","0","0","7","0","","36","03","2017","2017030544","2","40.0717","-76.4209","1521","08","1","0","0","0","0","0","0","0","","0","0","0","15","1","0","00","0","40 04:18.264","","00","76 25:15.178","0","0","0","0","36239","0","0","0","N","0","0","0","3","36239","0","","4","07","N","N","0","","0","0","0","0","0","","1517","0","1","0","0","0","0","0","3","0","1","N","","","","","","","","","","","","03","  ","","",""
"1227","1","0","0","0","0","0","0","0","0","4","0","","36","03","2017","2017030566","2","40.1485","-76.5995","1225","08","0","0","0","0","0","0","1","0","2","0","0","0","12","1","0","01","1","40 08:54.441","6","00","76 35:58.037","0","0","0","0","36407","0","0","0","N","0","0","0","3","36407","0","","1","01","N","N","0","","0","0","0","3","3","N","1224","0","2","0","0","0","0","0","2","1","2","N","","","","","","","","","","","","03","  ","","",""
"0809","1","0","0","0","0","0","0","0","0","1","0","","36","03","2017","2017030576","3","40.1389","-76.6006","0800","08","0","0","0","0","1","0","0","0","","0","0","0","07","1","0","00","0","40 08:20.068","","00","76 36:02.010","0","0","0","0","36237","0","0","0","N","0","0","0","2","36505","0","","1","09","N","N","1","","0","0","0","3","3","","0755","0","2","0","0","0","0","0","1","0","2","N","","","","","","","","","","","","03","  ","","",""
"1547","2","0","0","0","0","0","0","0","0","4","0","","36","03","2017","2017030600","3","40.0898","-76.1274","1539","08","0","0","0","0","0","0","1","0","","0","0","0","15","1","0","00","0","40 05:23.159","","07","76 07:38.502","0","0","0","0","36209","0","0","0","N","0","0","0","2","36415","0","","1","01","N","N","0","","0","0","0","0","0","","1539","0","2","0","0","1","0","0","1","0","2","N","","","","","","","","","","","","03","  ","","",""
"0542","0","0","0","0","0","0","0","0","0","4","0","","36","03","2017","2017030663","4","39.8656","-76.1134","0520","08","0","0","0","0","0","0","1","0","2","0","0","0","05","2","2","00","2","39 51:56.066","5","00","76 06:48.336","8","0","0","1","36205","0","0","0","","0","0","0","2","68J01","0","","4","09","N","N","0","","0","0","1","0","0","Y","0518","2","2","0","0","1","2","0","1","0","2","N","","","","","","","","","","","","07","  ","","",""
"0925","0","0","0","0","0","0","0","0","0","7","0","","36","03","2017","2017030673","6","40.1739","-75.9601","0921","08","0","0","0","0","0","0","0","0","","0","0","0","09","1","0","00","0","40 10:26.174","","00","75 57:37.115","0","0","0","0","36203","0","0","0","","0","0","0","1","68T06","0","","2","06","N","N","1","","0","0","0","0","0","","0920","0","1","0","0","0","0","0","1","0","1","N","","","","","","","","","","","","10","  ","","",""
"1105","0","0","0","0","0","0","0","0","0","0","0","","36","03","2017","2017030674","6","39.8413","-76.1877","1050","08","0","0","0","0","0","0","0","0","","0","0","0","10","1","1","00","0","39 50:28.633","","00","76 11:15.795","8","0","0","0","36212","0","0","0","","0","0","0","1","68J01","0","","5","02","N","N","0","","0","0","0","0","0","","1045","1","1","0","0","0","1","0","1","1","1","N","","","","","","","","","","","","10","  ","","",""
"1555","0","0","0","0","0","0","0","0","0","7","0","","36","03","2017","2017030676","6","40.2298","-76.4396","1540","08","0","0","0","0","0","1","0","0","3","0","0","0","15","1","1","00","2","40 13:57.000","1","05","76 26:10.823","8","0","0","0","36230","0","0","0","","0","0","0","1","68T06","0","","1","09","N","N","0","","0","0","1","0","0","Y","1540","1","1","0","0","0","1","0","1","0","1","N","","","","","","","","","","","","10","  ","","",""
"2111","2","0","0","0","0","0","0","0","0","4","0","","36","03","2017","2017030680","7","40.209","-76.3219","2053","08","0","1","0","0","0","1","0","0","","0","0","0","20","2","1","02","0","40 12:32.318","","00","76 19:18.985","3","0","0","0","36217","0","0","0","","0","0","0","2","68J01","0","","1","01","N","N","0","","1","0","0","3","3","","2052","1","2","0","0","0","0","0","1","0","2","N","","","","","","","","","","","","03","  ","","",""
"0749","1","0","0","0","0","0","0","0","0","7","0","","36","03","2017","2017030688","2","40.223","-76.4164","0737","08","0","0","0","0","0","1","0","0","","0","0","0","07","1","0","00","0","40 13:22.597","","00","76 25:00.231","0","0","0","0","36227","0","0","0","","0","0","0","1","68T06","0","","3","01","N","N","0","","0","0","0","0","0","","0735","0","1","0","0","0","0","0","1","0","1","N","","","","","","","","","","","","03","  ","","",""
"2042","1","0","0","0","0","0","0","0","0","7","0","","36","03","2017","2017030693","2","39.8779","-76.2125","2027","08","1","0","0","0","0","0","0","0","","0","0","0","20","2","0","03","0","39 52:40.557","","00","76 12:44.936","0","0","0","0","36212","0","0","0","","0","0","0","1","68J01","0","","4","09","N","N","0","","0","0","0","0","0","","2022","0","1","0","0","0","0","0","1","0","1","N","","","","","","","","","","","","09","  ","","",""
"2351","0","0","0","0","0","0","0","0","0","7","0","","36","03","2017","2017030694","2","40.2325","-76.1274","2340","08","0","0","0","0","0","0","0","0","2","0","0","0","23","2","0","00","1","40 13:55.358","4","00","76 07:36.311","0","0","0","0","36405","0","0","0","","0","0","0","1","68T06","0","","5","07","N","N","0","","0","0","0","0","0","N","2340","0","1","0","0","0","0","0","1","1","1","N","","","","","","","","","","","","10","  ","","",""
"0215","0","0","0","0","0","0","0","0","0","7","0","","36","03","2017","2017030695","3","40.1962","-76.0071","0209","08","0","0","0","0","0","0","0","0","","0","0","0","02","2","0","00","0","40 11:46.428","","00","76 00:25.618","0","0","0","0","36202","0","0","0","","0","0","0","9","68T06","0","","2","07","N","N","0","","0","0","0","0","0","","0206","0","1","0","0","0","0","0","1","1","1","N","","","","","","","","","","","","10","  ","","",""
"1343","0","0","0","0","0","0","0","0","0","7","0","","36","03","2017","2017030696","3","40.1748","-75.9641","1343","08","0","0","0","0","0","0","0","0","1","0","0","0","13","1","1","00","1","40 10:29.408","4","00","75 57:53.550","3","0","0","0","36203","0","0","0","","0","0","0","1","68T06","0","","5","02","N","N","1","","1","0","0","0","0","N","1343","1","1","0","0","0","0","0","1","0","1","N","","","","","","","","","","","","10","  ","","",""
"1629","1","0","0","0","0","0","0","0","0","4","0","","36","03","2017","2017030712","4","39.867","-76.2269","1609","08","0","0","0","0","0","1","0","0","3","0","0","0","16","1","0","00","2","39 52:01.249","5","00","76 13:36.724","9","0","0","0","36212","0","0","0","","0","0","0","2","68J01","0","","1","07","N","N","1","","0","0","0","0","0","Y","1607","0","2","0","0","0","0","1","1","0","2","N","","","","","","","","","","","","98","  ","","",""
"0936","0","0","0","0","0","0","0","0","0","7","0","","36","03","2017","2017030721","5","39.9066","-76.0351","0924","08","0","0","0","0","0","0","0","0","","0","0","0","09","1","0","00","0","39 54:23.606","","00","76 02:06.537","0","0","0","0","36201","0","0","0","","0","0","0","1","68J01","0","","5","02","N","N","0","","0","0","1","0","0","","0902","0","1","0","0","0","0","0","1","0","1","N","","","","","","","","","","","","03","  ","","",""
"1725","2","0","0","0","0","0","0","0","0","1","0","","36","03","2017","2017030729","5","40.2193","-76.3025","1725","08","0","0","0","0","0","1","0","0","","0","0","0","17","1","0","00","0","40 13:09.639","","00","76 18:08.877","0","0","0","0","36217","0","0","0","","0","0","0","2","68J01","0","","1","01","N","N","0","","0","0","0","0","0","","1711","0","2","0","0","0","0","0","1","0","2","N","","","","","","","","","","","","03","  ","","",""
"1654","0","0","0","0","0","0","0","0","0","2","0","","36","03","2017","2017030749","1","40.2521","-76.3262","1639","08","1","0","0","0","0","0","0","0","2","0","0","0","16","1","1","00","2","40 15:07.570","5","00","76 19:34.460","3","0","0","0","36217","0","0","0","","0","0","0","7","68J01","0","","1","2","N","N","2","","1","0","0","0","0","N","1639","1","2","0","0","0","0","0","1","0","2","N","","","","","","","","","","","","03","  ","","",""
"1744","1","0","0","0","0","0","0","0","0","4","0","","36","03","2017","2017030769","5","40.0536","-76.3973","1734","08","0","0","0","0","1","0","0","0","1","0","0","0","17","1","1","00","1","40 03:13.003","2","00","76 23:50.397","4","0","0","0","36214","0","0","0","","0","0","0","5","36214","1","","1","01","N","N","0","","0","0","1","3","3","N","1730","1","2","0","0","0","0","0","3","0","2","N","","","","","","","","","","","","03","  ","","",""
"0118","0","0","0","0","0","0","0","0","0","7","0","","36","03","2017","2017030770","5","40.032","-76.3611","0111","08","0","0","0","0","0","1","0","0","3","0","0","0","01","3","0","00","2","40 01:55.216","5","00","76 21:39.861","0","0","0","0","36223","0","0","0","","0","0","0","1","36223","0","","5","02","N","N","0","","0","0","1","0","0","Y","0105","0","1","0","0","0","0","0","1","0","1","N","","","","","","","","","","","","10","  ","","",""
"0601","0","0","0","0","0","0","0","0","0","7","0","","36","03","2017","2017030772","5","40.031","-76.3608","0556","08","0","0","0","0","0","0","0","0","1","0","0","0","05","3","0","00","1","40 01:51.695","2","00","76 21:38.798","0","0","0","0","36223","0","0","0","","0","0","0","1","36223","0","","4","06","N","N","0","","0","0","1","0","0","N","0552","0","1","0","0","0","0","0","1","0","1","N","","","","","","","","","","","","10","  ","","",""
"0149","1","0","0","0","0","0","0","0","0","7","0","","36","03","2017","2017030773","6","40.0092","-76.3895","0143","08","0","0","0","0","0","0","0","0","2","0","0","0","01","3","0","00","1","40 00:33.239","4","00","76 23:22.189","0","0","0","0","36223","0","0","0","","0","0","0","1","36223","0","","5","01","N","N","0","","0","0","0","0","0","Y","0141","0","1","0","0","0","0","0","1","0","1","N","","","","","","","","","","","","03","  ","","",""
"2012","0","0","0","0","0","0","0","0","0","4","0","","36","03","2017","2017030812","2","40.0485","-76.2941","2008","08","0","0","0","0","0","2","0","0","","0","0","0","20","3","1","01","0","40 02:54.464","","00","76 17:38.681","3","0","0","0","36301","0","0","0","N","0","0","0","2","36301","0","","1","01","N","N","1","","1","0","0","3","2","","2008","1","2","0","0","0","0","0","3","1","2","N","","","","","","","","","","","","03","  ","","",""
"1849","1","0","0","0","0","0","0","0","0","4","0","","36","03","2017","2017030813","1","40.0442","-76.2921","1843","08","0","0","1","0","0","0","0","0","","0","0","0","18","1","0","01","0","40 02:39.012","","00","76 17:31.596","0","0","0","0","36301","0","0","0","N","0","0","0","2","36301","0","","1","01","N","N","1","","0","0","1","3","2","","1841","0","3","0","0","0","0","0","3","0","3","N","","","","","","","","","","","","03","  ","","",""
"2346","0","0","0","0","0","0","0","0","0","5","0","","36","03","2017","2017030816","3","40.1633","-76.3957","2345","08","0","0","0","0","0","0","0","0","","0","0","0","23","3","0","00","0","40 09:48.004","","00","76 23:44.468","0","0","0","0","36410","0","0","0","N","0","0","0","1","36410","0","","2","01","N","N","0","","0","0","2","0","0","","2340","0","2","0","0","0","0","0","2","0","2","N","","","","","","","","","","","","03","  ","","",""