"ARRIVAL_TM","AUTOMOBILE_COUNT","BELTED_DEATH_COUNT","BELTED_SUSP_SERIOUS_INJ_COUNT","BICYCLE_COUNT","BICYCLE_DEATH_COUNT","BICYCLE_SUSP_SERIOUS_INJ_COUNT","BUS_COUNT","CHLDPAS_DEATH_COUNT","CHLDPAS_SUSP_SERIOUS_INJ_COUNT","COLLISION_TYPE","COMM_VEH_COUNT","CONS_ZONE_SPD_LIM","COUNTY","CRASH_MONTH","CRASH_YEAR","CRN","DAY_OF_WEEK","DEC_LAT","DEC_LONG","DISPATCH_TM","DISTRICT","DRIVER_COUNT_16YR","DRIVER_COUNT_17YR","DRIVER_COUNT_18YR","DRIVER_COUNT_19YR","DRIVER_COUNT_20YR","DRIVER_COUNT_50_64YR","DRIVER_COUNT_65_74YR","DRIVER_COUNT_75PLUS","EST_HRS_CLOSED","FATAL_COUNT","HEAVY_TRUCK_COUNT","HORSE_BUGGY_COUNT","HOUR_OF_DAY","ILLUMINATION","INJURY_COUNT","INTERSECT_TYPE","LANE_CLOSED","LATITUDE","LN_CLOSE_DIR","LOCATION_TYPE","LONGITUDE","MAX_SEVERITY_LEVEL","MCYCLE_DEATH_COUNT","MCYCLE_SUSP_SERIOUS_INJ_COUNT","MOTORCYCLE_COUNT","MUNICIPALITY","NONMOTR_COUNT","NONMOTR_DEATH_COUNT","NONMOTR_SUSP_SERIOUS_INJ_COUNT","NTFY_HIWY_MAINT","PED_COUNT","PED_DEATH_COUNT","PED_SUSP_SERIOUS_INJ_COUNT","PERSON_COUNT","POLICE_AGCY","POSSIBLE_INJ_COUNT","RDWY_SURF_TYPE_CD","RELATION_TO_ROAD","ROAD_CONDITION","SCH_BUS_IND","SCH_ZONE_IND","SMALL_TRUCK_COUNT","SPEC_JURIS_CD","SUSP_MINOR_INJ_COUNT","SUSP_SERIOUS_INJ_COUNT","SUV_COUNT","TCD_FUNC_CD","TCD_TYPE","TFC_DETOUR_IND","TIME_OF_DAY","TOT_INJ_COUNT","TOTAL_UNITS","UNB_DEATH_COUNT","UNB_SUSP_SERIOUS_INJ_COUNT","UNBELTED_OCC_COUNT","UNK_INJ_DEG_COUNT","UNK_INJ_PER_COUNT","URBAN_RURAL","VAN_COUNT","VEHICLE_COUNT","WORK_ZONE_IND","WORK_ZONE_LOC","WORK_ZONE_TYPE","WORKERS_PRES","WZ_CLOSE_DETOUR","WZ_FLAGGER","WZ_LAW_OFFCR_IND","WZ_LN_CLOSURE","WZ_MOVING","WZ_OTHER","WZ_SHLDER_MDN","ROADWAY_CLEARED","WEATHER1","WEATHER2","WZ_WORKERS_INJ_KILLED","SECONDARY_CRASH","INTERSECTION_RELATED"
"1640","1","0","0","0","0","0","0","0","0","9","0","","36","03","2017","2017030888","2","39.9886","-76.4488","1622","08","0","0","0","0","0","0","0","0","1","0","0","0","16","1","0","00","1","39 59:19.010","3","00","76 26:55.830","0","0","0","0","36223","0","0","0","","0","0","0","1","36223","0","","1","01","N","N","0","","0","0","0","0","0","Y","1618","0","1","0","0","0","0","0","1","0","1","N","","","","","","","","","","","","03","  ","","",""
"0756","0","0","0","0","0","0","0","0","0","7","0","","36","03","2017","2017030889","4","39.9825","-76.324","0746","08","0","0","0","0","0","0","0","0","","0","0","0","07","1","0","00","0","39 58:56.857","","00","76 19:26.316","0","0","0","0","36228","0","0","0","","0","0","0","1","36503","0","","5","01","N","N","0","","0","0","1","0","0","","0746","0","1","0","0","0","0","0","1","0","1","N","","","","","","","","","","","","03","  ","","",""
"1622","1","0","0","0","0","0","0","0","0","8","0","","36","03","2017","2017030939","1","40.0385","-76.3187","1615","08","0","0","0","0","0","1","0","0","","0","0","0","16","1","1","00","0","40 02:18.751","","00","76 19:07.431","3","0","0","0","36301","1","0","0","N","1","0","0","2","36301","0","","6","01","N","N","0","","1","0","0","0","0","","1612","1","2","0","0","0","0","0","3","0","1","N","","","","","","","","","","","","03","  ","","",""
"0210","1","0","0","0","0","0","0","0","0","7","0","","36","03","2017","2017030955","7","40.2457","-76.0845","0206","08","0","0","0","0","0","0","0","0","","0","0","0","02","2","1","00","0","40 14:44.412","","00","76 05:04.073","3","0","0","0","36210","0","0","0","N","0","0","0","1","36210","0","","4","01","N","N","0","","1","0","0","0","0","","0204","1","1","0","0","0","0","0","1","0","1","N","","","","","","","","","","","","03","  ","","",""
"0339","1","0","0","0","0","0","0","0","0","7","0","","36","03","2017","2017030959","7","40.2167","-76.0898","0333","08","0","0","0","0","0","0","0","0","","0","0","0","03","2","0","00","0","40 13:00.212","","03","76 05:23.398","0","0","0","0","36210","0","0","0","N","0","0","0","1","36210","0","","9","01","N","N","0","","0","0","0","0","0","","0329","0","1","0","0","0","0","0","1","0","1","N","","","","","","","","","","","","03","  ","","",""
"1649","1","0","0","0","0","0","0","0","0","1","0","","36","03","2017","2017030967","3","40.0388","-76.3303","1644","08","0","0","0","0","0","1","0","0","","0","0","0","16","1","0","02","0","40 02:19.591","","00","76 19:49.247","0","0","0","0","36220","0","0","0","N","0","0","0","2","36101","0","","1","01","N","N","0","","0","0","1","3","2","","1640","0","2","0","0","0","0","0","3","0","2","N","","","","","","","","","","","","03","  ","","",""
"1150","2","0","0","0","0","0","0","0","0","4","0","","36","03","2017","2017030986","7","40.0477","-76.3262","1143","08","1","0","0","0","0","0","0","0","3","0","0","0","11","1","1","01","2","40 02:51.878","1","00","76 19:34.262","4","0","0","0","36301","0","0","0","N","0","0","0","3","36301","1","","1","09","N","N","0","","0","0","0","3","3","Y","1142","1","2","0","0","0","0","0","3","0","2","N","","","","","","","","","","","","03","  ","","",""
"1106","1","0","0","0","0","0","0","0","0","4","0","","36","03","2017","2017031002","7","40.0273","-76.4909","1059","08","0","0","0","0","0","1","0","0","","0","0","0","10","1","0","01","0","40 01:38.114","","00","76 29:27.391","0","0","0","0","36404","0","0","0","N","0","0","0","2","36404","0","","1","01","N","N","0","","0","0","1","0","0","","1059","0","2","0","0","0","0","0","3","0","2","N","","","","","","","","","","","","03","  ","","",""
"1416","0","0","0","0","0","0","0","0","0","1","0","","36","03","2017","2017031010","4","40.0783","-76.3463","1411","08","0","0","0","0","0","0","0","0","","0","0","0","14","1","1","03","0","40 04:41.708","","02","76 20:46.688","3","0","0","0","36101","0","0","0","N","0","0","0","3","36101","0","","1","01","N","N","1","","1","0","1","3","4","","1409","1","2","0","0","0","0","0","3","0","2","N","","","","","","","","","","","","03","  ","","",""
"1545","1","0","0","0","0","0","0","0","0","4","0","","36","03","2017","2017031024","7","40.2083","-76.4667","1535","08","0","0","0","0","0","0","0","0","1","0","0","0","15","1","1","00","1","40 12:29.756","4","00","76 28:00.089","4","0","0","0","36230","0","0","0","N","0","0","0","2","36410","1","","1","09","N","N","0","","0","0","1","0","0","N","1530","1","2","0","0","0","0","0","1","0","2","N","","","","","","","","","","","","03","  ","","",""
"1727","1","0","0","0","0","0","0","0","0","7","0","","36","02","2017","2017031096","6","39.9187","-76.0613","1705","08","0","0","0","0","0","1","0","0","","0","0","0","17","1","0","00","0","39 55:07.381","","00","76 03:40.740","0","0","0","0","36201","0","0","0","","0","0","0","1","68J01","0","","4","01","N","N","0","","0","0","0","0","0","","1705","0","1","0","0","0","0","0","1","0","1","N","","","","","","","","","","","","03","  ","","",""
"1800","1","0","0","0","0","0","0","0","0","0","0","","36","03","2017","2017031212","4","40.0686","-76.3081","1757","08","0","0","0","0","0","0","0","0","","0","0","0","17","1","0","00","0","40 04:06.829","","00","76 18:29.281","0","0","0","0","36101","0","0","0","N","0","0","0","1","36101","0","","1","01","N","N","0","","0","0","0","0","0","","1757","0","1","0","0","0","0","0","3","0","1","N","","","","","","","","","","","","03","  ","","",""
"0723","1","0","0","0","0","0","0","0","0","1","0","","36","03","2017","2017031220","5","40.1312","-76.2172","0720","08","0","0","0","0","0","1","0","0","1","0","0","0","07","1","0","00","1","40 07:52.235","3","00","76 13:01.995","0","0","0","0","36238","0","0","0","N","0","0","0","2","36238","0","","1","01","N","N","1","","0","0","0","3","2","N","0720","0","2","0","0","0","0","0","3","0","2","N","","","","","","","","","","","","03","  ","","",""
"1056","1","0","0","0","0","0","0","0","0","1","0","","36","03","2017","2017031273","4","40.0647","-76.3586","1056","08","0","0","0","1","0","0","0","0","2","0","0","0","10","1","1","00","1","40 03:52.752","2","00","76 21:30.881","4","0","0","0","36214","0","0","0","N","0","0","0","3","36214","1","","1","01","N","N","0","","0","0","2","0","0","N","1053","1","3","0","0","0","0","0","3","0","3","N","","","","","","","","","","","","03","  ","","",""
"1611","2","0","0","0","0","0","0","0","0","4","0","","36","03","2017","2017031292","4","40.1371","-76.4292","1610","08","0","0","0","0","0","1","0","0","2","0","0","0","16","1","0","00","2","40 08:13.585","6","00","76 25:45.090","0","0","0","0","36230","0","0","0","","0","0","0","4","36410","0","","1","07","N","N","2","","0","0","0","0","0","Y","1605","0","4","0","0","0","0","0","1","0","4","N","","","","","","","","","","","","10","  ","","",""
"1507","2","0","0","0","0","0","0","0","0","4","0","","36","03","2017","2017031323","2","39.815","-76.129","1443","08","0","0","0","0","0","0","1","1","3","0","0","0","14","1","2","00","1","39 48:54.176","1","00","76 07:44.292","3","0","0","0","36222","0","0","0","","0","0","0","2","68J01","0","","1","01","N","N","0","","2","0","0","0","0","N","1428","2","2","0","0","0","0","0","1","0","2","N","","","","","","","","","","","","03","  ","","",""
"1722","0","0","0","0","0","0","0","0","0","7","1","","36","03","2017","2017031338","4","40.0708","-76.2874","1708","08","0","0","0","0","0","0","0","0","","0","1","0","17","1","0","00","0","40 04:14.972","","00","76 17:14.576","0","0","0","0","36101","0","0","0","Y","0","0","0","1","36101","0","","5","01","N","N","0","","0","0","0","0","0","","1704","0","1","0","0","0","0","0","3","0","1","N","","","","","","","","","","","","03","  ","","",""
"1429","2","0","0","0","0","0","0","0","0","4","0","","36","03","2017","2017031369","4","40.153","-76.1882","1426","08","0","0","1","0","0","0","0","1","","0","0","0","14","1","1","01","0","40 09:10.641","","00","76 11:17.390","3","0","0","0","36238","0","0","0","N","0","0","0","2","36238","0","","1","01","N","N","0","","1","0","0","3","3","","1425","1","2","0","0","0","0","0","3","0","2","N","","","","","","","","","","","","03","  ","","",""
"1045","1","0","0","0","0","0","0","0","0","4","0","","36","03","2017","2017031409","5","40.0371","-76.451","1039","08","0","0","0","0","0","0","0","1","2","0","0","0","10","1","2","00","2","40 02:13.422","6","00","76 27:03.527","3","0","0","0","36239","0","0","0","N","0","0","0","3","36239","0","","1","01","N","N","0","","2","0","1","0","0","Y","1039","2","2","0","0","0","0","0","3","0","2","N","","","","","","","","","","","","03","  ","","",""
"1415","1","0","0","0","0","0","0","0","0","3","1","","36","03","2017","2017031417","5","40.1298","-76.2166","1408","08","0","0","0","0","0","0","0","0","1","0","1","0","14","1","0","01","1","40 07:47.994","2","02","76 12:59.417","0","0","0","0","36238","0","0","0","N","0","0","0","2","36238","0","","1","01","N","N","0","","0","0","0","3","2","N","1405","0","2","0","0","0","0","0","3","0","2","N","","","","","","","","","","","","03","  ","","",""
"1510","1","0","0","0","0","0","0","0","0","4","0","","36","03","2017","2017031421","5","40.0671","-76.3042","1510","08","0","0","0","0","0","0","0","0","","0","0","0","15","1","0","00","0","40 04:01.684","","00","76 18:15.229","0","0","0","0","36101","0","0","0","N","0","0","0","4","36101","0","","1","01","N","N","0","","0","0","1","3","2","","1510","0","2","0","0","0","0","0","3","0","2","N","","","","","","","","","","","","03","  ","","",""
"1712","2","0","0","0","0","0","0","0","0","1","0","","36","03","2017","2017031472","5","40.0778","-76.4211","1701","08","0","0","0","0","0","0","0","0","","0","0","0","17","1","0","01","0","40 04:40.159","","00","76 25:15.790","0","0","0","0","36214","0","0","0","","0","0","0","5","36214","0","","1","01","","","0","","0","0","1","0","0","","1700","0","3","0","0","0","0","0","3","0","3","N","","","","","","","","","","","","03","  ","","",""
"1615","0","0","0","0","0","0","0","0","0","6","0","","36","03","2017","2017031477","2","39.9871","-76.1914","1613","08","0","0","0","0","0","0","1","0","3","0","0","0","16","1","1","00","2","39 59:13.506","5","00","76 11:28.918","8","0","0","0","36417","0","0","0","","0","0","0","2","36417","0","","1","01","N","N","0","","0","0","1","0","0","Y","1610","1","2","0","0","0","1","0","1","1","2","N","","","","","","","","","","","","03","  ","","",""
"1149","0","0","0","0","0","0","0","0","0","7","0","","36","03","2017","2017031584","4","39.9868","-76.2923","1144","08","0","0","0","0","0","0","0","0","","0","0","0","22","2","0","00","0","39 59:12.356","","00","76 17:32.212","0","0","0","0","36228","0","0","0","N","0","0","0","1","36503","0","","5","02","N","N","0","","0","0","1","3","8","","2200","0","1","0","0","0","0","0","1","0","1","N","","","","","","","","","","","","03","  ","","",""
"0617","0","0","0","0","0","0","0","0","0","7","0","","36","03","2017","2017031590","2","40.1491","-76.6537","0606","08","0","0","0","0","0","0","0","0","2","0","0","0","06","5","0","00","2","40 08:56.730","5","00","76 39:13.170","0","0","0","0","36237","0","0","0","N","0","0","0","1","36505","0","","2","01","N","N","1","","0","0","0","0","0","Y","0603","0","1","0","0","0","0","0","1","0","1","N","","","","","","","","","","","","03","  ","","",""
"1719","1","0","0","0","0","0","0","0","0","0","0","","36","03","2017","2017031616","5","40.259","-76.0934","1716","08","0","1","0","0","0","0","0","0","","0","0","0","17","1","0","00","0","40 15:32.256","","00","76 05:36.339","0","0","0","0","36210","0","0","0","N","0","0","0","3","36210","0","","1","01","N","N","1","","0","0","0","0","0","","1714","0","2","0","0","0","0","0","1","0","2","N","","","","","","","","","","","","03","  ","","",""
"1609","1","0","0","0","0","0","0","0","0","1","0","","36","03","2017","2017031620","4","40.0779","-76.5541","1608","08","0","0","0","0","0","0","1","0","2","0","0","0","16","1","0","00","2","40 04:40.447","5","00","76 33:14.934","0","0","0","0","36211","0","0","0","N","0","0","0","2","36504","0","","1","07","N","N","0","","0","0","1","0","0","Y","1607","0","2","0","0","0","0","0","1","0","2","N","","","","","","","","","","","","10","  ","","",""
"2038","1","0","0","0","0","0","0","0","0","4","0","","36","03","2017","2017031624","4","39.9883","-76.2734","2030","08","0","1","0","0","0","0","0","0","","0","0","0","20","3","0","02","0","39 59:16.481","","00","76 16:29.738","0","0","0","0","36240","0","0","0","N","0","0","0","2","36240","0","","1","02","N","N","0","","0","0","1","3","2","","2022","0","2","0","0","0","0","0","1","0","2","N","","","","","","","","","","","","98","  ","","",""
"1257","1","0","0","0","0","0","0","0","0","1","0","","36","03","2017","2017031680","3","40.039","-76.4277","1252","08","0","0","0","0","0","0","0","1","","0","0","0","12","1","0","00","0","40 02:20.495","","00","76 25:39.772","0","0","0","0","36239","0","0","0","N","0","0","0","1","36239","0","","1","01","N","N","0","","0","0","1","0","0","","1246","0","2","0","0","0","0","0","3","0","2","N","","","","","","","","","","","","03","  ","","",""
"1529","1","0","0","0","0","0","0","0","0","7","0","","36","03","2017","2017031703","3","40.0681","-76.2993","1526","08","0","0","0","0","0","0","1","0","3","0","0","0","15","1","4","03","1","40 04:05.083","4","02","76 17:57.480","2","0","0","0","36101","0","0","0","Y","0","0","0","4","36101","0","","3","01","N","N","0","","1","3","1","0","0","N","1526","4","2","0","3","3","0","0","3","0","2","N","","","","","","","","","","","","03","  ","","",""
"1638","1","0","0","0","0","0","0","0","0","1","1","","36","03","2017","2017031747","4","40.068","-76.2938","1635","08","0","0","0","0","0","1","0","0","1","0","2","0","16","1","2","00","2","40 04:04.712","3","00","76 17:37.796","3","0","0","0","36101","0","0","0","N","0","0","0","3","36101","0","","1","01","N","N","0","","2","0","0","0","0","N","1633","2","3","0","0","0","0","0","3","0","3","N","","","","","","","","","","","","03","  ","","",""
"1338","1","0","4","0","0","0","0","0","0","7","0","","36","03","2017","2017031752","3","40.1964","-76.1222","1337","08","0","0","0","0","0","0","0","0","3","0","0","0","13","1","4","00","2","40 11:47.012","2","00","76 07:19.886","2","0","0","0","36210","0","0","0","N","0","0","0","4","36210","0","","4","01","N","N","0","","0","4","1","0","0","Y","1332","4","2","0","0","0","0","0","1","0","2","N","","","","","","","","","","","","03","  ","","",""
"2122","2","0","0","0","0","0","0","0","0","1","0","","36","03","2017","2017031770","4","40.1198","-76.2364","2115","08","0","0","0","0","0","1","0","0","2","0","0","0","21","2","0","00","1","40 07:11.335","2","00","76 14:10.868","0","0","0","0","36235","0","0","0","","0","0","0","2","36506","0","","1","02","N","N","0","","0","0","0","0","0","Y","2115","0","2","0","0","0","0","0","1","0","2","N","","","","","","","","","","","","10","  ","","",""
"1038","1","0","0","0","0","0","0","0","0","1","0","","36","03","2017","2017031775","6","40.1906","-76.1879","1035","08","0","0","0","0","0","1","0","0","1","0","0","0","10","1","2","01","2","40 11:26.289","2","00","76 11:16.443","8","0","0","0","36408","0","0","0","N","0","0","0","4","36408","0","","1","09","N","N","1","","0","0","0","0","0","Y","1033","2","2","0","0","0","2","0","2","0","2","N","","","","","","","","","","","","07","  ","","",""
"1756","1","0","0","0","0","0","0","0","0","4","0","","36","03","2017","2017031783","5","40.0513","-76.3051","1754","08","0","0","0","0","0","1","0","0","","0","0","0","17","1","1","01","0","40 03:04.744","","00","76 18:18.446","3","0","0","0","36301","0","0","0","N","0","0","0","2","36301","0","","1","98","N","N","0","","1","0","1","3","3","","1709","1","2","0","0","0","0","0","3","0","2","N","","","","","","","","","","","","03","  ","","",""
"1743","1","0","0","0","0","0","0","0","0","4","0","","36","03","2017","2017031798","5","40.143","-76.5566","1740","08","0","0","0","0","0","1","0","0","3","0","0","0","17","1","2","02","2","40 08:34.829","5","02","76 33:23.840","8","0","0","0","36225","0","0","0","N","0","0","0","2","36505","0","","1","01","N","N","1","","0","0","0","3","3","Y","1738","2","2","0","0","1","2","0","2","0","2","N","","","","","","","","","","","","03","  ","","",""
"1505","1","0","0","0","0","0","0","0","0","7","0","","36","03","2017","2017031801","6","39.9901","-76.2399","1459","08","0","1","0","0","0","0","0","0","2","0","0","0","14","1","0","01","1","39 59:24.433","2","00","76 14:23.626","0","0","0","0","36240","0","0","0","N","0","0","0","2","36240","0","","4","01","N","N","0","","0","0","0","3","2","N","1459","0","1","0","0","0","0","0","1","0","1","N","","","","","","","","","","","","03","  ","","",""
"1307","1","0","0","0","0","0","0","0","0","9","0","","36","03","2017","2017031907","6","39.9159","-76.0303","1306","08","0","0","0","0","0","0","0","0","","0","0","0","13","1","0","00","0","39 54:57.311","","00","76 01:48.968","0","0","0","0","36231","0","0","0","","0","0","0","1","68J01","0","","4","01","N","N","0","","0","0","0","0","0","","1305","0","1","0","0","0","0","0","1","0","1","N","","","","","","","","","","","","03","  ","","",""
"1758","0","0","0","0","0","0","0","0","0","4","0","","36","03","2017","2017031931","6","40.1425","-76.5949","1748","08","0","0","0","0","0","1","0","0","2","0","0","0","17","1","0","03","2","40 08:33.133","1","00","76 35:41.606","0","0","0","0","36407","0","0","0","N","0","0","0","5","36407","0","","1","01","N","N","1","","0","0","1","3","3","N","1748","0","2","0","0","0","0","0","2","0","2","N","","","","","","","","","","","","03","  ","","",""
"1843","2","0","0","0","0","0","0","0","0","0","0","","36","03","2017","2017031967","6","40.2135","-76.098","1837","08","0","0","0","0","0","1","0","0","","0","0","0","18","1","0","00","0","40 12:48.614","","00","76 05:52.723","0","0","0","0","36210","0","0","0","N","0","0","0","2","36210","0","","1","01","N","N","0","","0","0","0","0","0","","1835","0","2","0","0","1","0","0","1","0","2","N","","","","","","","","","","","","03","  ","","",""
"2103","1","0","0","0","0","0","0","0","0","4","0","","36","03","2017","2017031998","6","40.1117","-76.4517","2102","08","0","0","0","0","0","2","0","0","2","0","0","0","21","3","2","01","1","40 06:42.051","7","00","76 27:06.004","4","0","0","0","36230","0","0","0","N","0","0","0","2","36410","2","","1","01","N","N","0","","0","0","1","3","2","N","2100","2","2","0","0","0","0","0","1","0","2","N","","","","","","","","","","","","03","  ","","",""
"1254","0","0","0","0","0","0","0","0","0","4","0","","36","03","2017","2017032027","6","40.2331","-76.0783","1249","08","0","0","0","0","0","0","0","0","2","0","0","0","12","1","1","01","1","40 13:59.165","2","00","76 04:42.021","4","0","0","0","36210","0","0","0","N","0","0","0","6","36210","1","","1","01","N","N","1","","0","0","1","3","2","N","1237","1","2","0","0","0","0","0","1","0","2","N","","","","","","","","","","","","03","  ","","",""
"1325","2","0","0","0","0","0","0","0","0","1","1","","36","03","2017","2017032042","6","40.2226","-76.4322","1319","08","0","0","0","0","0","1","0","0","2","0","1","0","13","1","2","00","1","40 13:21.403","1","00","76 25:55.755","8","0","0","0","36230","0","0","0","N","0","0","0","3","36410","0","","1","01","N","N","0","","0","0","0","0","0","N","1316","2","3","0","0","0","2","0","1","0","3","N","","","","","","","","","","","","03","  ","","",""
"0550","1","0","0","0","0","0","0","0","0","6","0","","36","03","2017","2017032064","7","40.0145","-76.3007","0544","08","0","0","0","0","0","0","0","0","2","0","0","0","05","5","1","00","1","40 00:56.304","5","00","76 18:04.058","8","0","0","0","36240","0","0","0","N","0","0","0","2","36240","0","","1","01","N","N","1","","0","0","0","0","0","Y","0542","1","2","0","0","0","1","0","1","0","2","N","","","","","","","","","","","","03","  ","","",""
"0351","0","0","0","0","0","0","0","0","0","7","0","","36","03","2017","2017032125","4","40.1032","-76.4228","0347","08","0","0","0","0","0","0","0","0","3","0","0","0","03","2","2","00","2","40 06:11.507","3","00","76 25:21.991","3","0","0","0","36214","0","0","0","","0","0","0","2","36214","1","","3","01","N","N","0","","1","0","1","0","0","Y","0344","2","1","0","0","2","0","0","3","0","1","N","","","","","","","","","","","","03","  ","","",""
"1548","2","0","0","0","0","0","0","0","0","1","0","","36","03","2017","2017032152","7","40.0386","-76.3276","1546","08","0","0","1","0","0","0","0","0","3","0","0","0","15","1","0","00","1","40 02:18.846","4","00","76 19:39.284","0","0","0","0","36220","0","0","0","N","0","0","0","4","36101","0","","1","01","N","N","0","","0","0","0","0","0","N","1542","0","2","0","0","0","0","0","3","0","2","N","","","","","","","","","","","","03","  ","","",""
"0316","1","0","0","0","0","0","0","0","0","7","0","","36","03","2017","2017032156","7","40.042","-76.4375","0313","08","0","0","0","0","0","0","0","0","2","0","0","0","03","2","0","00","1","40 02:31.143","4","00","76 26:15.098","0","0","0","0","36414","0","0","0","N","0","0","0","1","36239","0","","2","01","N","N","0","","0","0","0","0","0","N","0311","0","1","0","0","1","0","0","3","0","1","N","","","","","","","","","","","","03","  ","","",""
"2105","1","0","0","0","0","0","0","0","0","4","0","","36","03","2017","2017032183","7","40.1876","-76.1901","2053","08","0","1","1","0","0","0","0","0","","0","0","0","20","3","0","01","0","40 11:15.381","","00","76 11:24.343","0","0","0","0","36408","0","0","0","N","0","0","0","2","36408","0","","1","01","N","N","1","","0","0","0","3","2","","2035","0","2","0","0","0","0","0","2","0","2","N","","","","","","","","","","","","03","  ","","",""
"2146","0","0","0","0","0","0","0","0","0","7","0","","36","03","2017","2017032184","7","40.1876","-76.1901","2145","08","0","0","0","0","0","1","0","0","","0","0","0","21","3","0","01","0","40 11:15.381","","00","76 11:24.343","9","0","0","0","36408","0","0","0","N","0","0","0","1","36408","0","","5","01","N","N","0","","0","0","0","3","2","","2130","0","1","0","0","0","0","1","2","1","1","N","","","","","","","","","","","","03","  ","","",""
"1450","1","0","0","0","0","0","0","0","0","4","0","","36","03","2017","2017032254","7","40.1555","-76.3089","1449","08","0","0","0","0","0","1","0","0","2","0","0","0","14","1","0","01","1","40 09:19.722","7","00","76 18:32.121","0","0","0","0","36409","0","0","0","N","0","0","0","3","36409","0","","1","01","N","N","0","","0","0","1","3","3","Y","1449","0","2","0","0","0","0","0","3","0","2","N","","","","","","","","","","","","03","  ","","",""
"1527","1","0","0","0","0","0","0","0","0","4","0","","36","03","2017","2017032274","7","","","1521","08","0","0","1","0","0","0","0","0","2","0","0","0","15","1","1","01","2","40 04:00.8","1","07","76 20:36.9","3","0","0","0","36301","0","0","0","N","0","0","0","4","36301","0","","1","01","N","N","1","","1","0","0","3","2","Y","1519","1","2","0","0","0","0","0","3","0","2","N","","","","","","","","","","","","03","  ","","",""
"1845","3","0","0","0","0","0","0","0","0","1","0","","36","03","2017","2017032350","7","40.056","-76.3297","1827","08","0","0","0","0","1","1","0","0","","0","0","0","18","1","3","00","0","40 03:21.536","","00","76 19:47.011","4","0","0","0","36101","0","0","0","N","0","0","0","6","36101","3","","1","01","N","N","0","","0","0","0","0","0","","1824","3","3","0","0","0","0","0","3","0","3","N","","","","","","","","","","","","03","  ","","",""
"0725","1","0","0","0","0","0","0","0","0","7","0","","36","03","2017","2017032351","3","40.0883","-76.3123","0717","08","1","0","0","0","0","0","0","0","","0","0","0","07","1","0","00","0","40 05:17.860","","00","76 18:44.190","0","0","0","0","36101","0","0","0","N","0","0","0","1","36101","0","","2","01","N","N","0","","0","0","0","0","0","","0715","0","1","0","0","0","0","0","3","0","1","N","","","","","","","","","","","","03","  ","","",""
"2340","1","0","0","0","0","0","0","0","0","7","0","","36","03","2017","2017032396","7","40.0309","-76.4566","2336","08","0","0","0","0","0","0","0","0","1","0","0","0","23","2","0","03","1","40 01:51.286","2","00","76 27:23.853","0","0","0","0","36239","0","0","0","N","0","0","0","1","36239","0","","5","01","N","N","0","","0","0","0","0","0","N","2322","0","1","0","0","0","0","0","3","0","1","N","","","","","","","","","","","","03","  ","","",""
"2252","0","0","0","0","0","0","0","0","0","4","0","","36","03","2017","2017032431","1","40.0345","-76.3071","2247","08","0","0","0","0","0","0","0","0","","0","0","0","21","2","0","00","0","40 02:04.182","","00","76 18:25.703","9","0","0","0","36301","0","0","0","N","0","0","0","1","36301","0","","6","09","N","N","0","","0","0","1","3","3","","2157","0","2","0","0","0","0","1","3","0","2","N","","","","","","","","","","","","07","  ","","",""
"2330","0","0","0","0","0","0","0","0","0","7","0","","36","03","2017","2017032441","7","39.9834","-76.2911","2324","08","0","0","0","0","0","0","0","0","2","0","0","0","23","3","0","00","1","39 59:00.092","2","00","76 17:27.820","0","0","0","0","36228","0","0","0","N","0","0","0","1","36503","0","","4","01","N","N","0","","0","0","1","0","0","N","2320","0","1","0","0","0","0","0","1","0","1","N","","","","","","","","","","","","03","  ","","",""
"2155","2","0","0","0","0","0","0","0","0","1","0","","36","03","2017","2017032457","6","40.2796","-76.1396","2141","08","0","0","0","0","0","0","1","0","1","0","0","0","21","3","1","00","2","40 16:46.486","4","00","76 08:22.733","8","0","0","0","36236","0","0","0","N","0","0","0","2","36408","0","","1","09","N","N","0","","0","0","0","0","0","N","2139","1","2","0","0","0","1","0","1","0","2","N","","","","","","","","","","","","03","  ","","",""
"0008","2","0","0","0","0","0","0","0","0","4","0","","36","03","2017","2017032462","7","40.0525","-76.3052","0004","08","0","0","0","0","0","0","0","0","","0","0","0","00","3","0","00","0","40 03:08.935","","00","76 18:18.641","0","0","0","0","36301","0","0","0","N","0","0","0","1","36301","0","","2","01","N","N","0","","0","0","0","0","0","","0004","0","2","0","0","0","0","0","3","0","2","N","","","","","","","","","","","","03","  ","","",""
"1731","0","0","0","0","0","0","0","0","0","4","0","","36","03","2017","2017032534","6","40.038","-76.3519","1729","08","0","0","0","0","0","0","0","0","","0","0","0","17","1","0","02","0","40 02:16.829","","00","76 21:06.832","0","0","0","0","36214","0","0","0","","0","0","0","4","36214","0","","1","01","N","N","0","","0","0","2","3","3","","1725","0","2","0","0","0","0","0","3","0","2","N","","","","","","","","","","","","03","  ","","",""
"2224","2","0","0","0","0","0","0","0","0","4","0","","36","03","2017","2017032535","7","40.0657","-76.3483","2216","08","0","0","0","0","0","0","0","0","2","0","0","0","22","3","0","02","2","40 03:56.450","3","00","76 20:53.986","0","0","0","0","36214","0","0","0","","0","0","0","2","36214","0","","1","01","N","N","0","","0","0","0","3","2","N","2215","0","2","0","0","0","0","0","3","0","2","N","","","","","","","","","","","","03","  ","","",""