"ARRIVAL_TM","AUTOMOBILE_COUNT","BELTED_DEATH_COUNT","BELTED_SUSP_SERIOUS_INJ_COUNT","BICYCLE_COUNT","BICYCLE_DEATH_COUNT","BICYCLE_SUSP_SERIOUS_INJ_COUNT","BUS_COUNT","CHLDPAS_DEATH_COUNT","CHLDPAS_SUSP_SERIOUS_INJ_COUNT","COLLISION_TYPE","COMM_VEH_COUNT","CONS_ZONE_SPD_LIM","COUNTY","CRASH_MONTH","CRASH_YEAR","CRN","DAY_OF_WEEK","DEC_LAT","DEC_LONG","DISPATCH_TM","DISTRICT","DRIVER_COUNT_16YR","DRIVER_COUNT_17YR","DRIVER_COUNT_18YR","DRIVER_COUNT_19YR","DRIVER_COUNT_20YR","DRIVER_COUNT_50_64YR","DRIVER_COUNT_65_74YR","DRIVER_COUNT_75PLUS","EST_HRS_CLOSED","FATAL_COUNT","HEAVY_TRUCK_COUNT","HORSE_BUGGY_COUNT","HOUR_OF_DAY","ILLUMINATION","INJURY_COUNT","INTERSECT_TYPE","LANE_CLOSED","LATITUDE","LN_CLOSE_DIR","LOCATION_TYPE","LONGITUDE","MAX_SEVERITY_LEVEL","MCYCLE_DEATH_COUNT","MCYCLE_SUSP_SERIOUS_INJ_COUNT","MOTORCYCLE_COUNT","MUNICIPALITY","NONMOTR_COUNT","NONMOTR_DEATH_COUNT","NONMOTR_SUSP_SERIOUS_INJ_COUNT","NTFY_HIWY_MAINT","PED_COUNT","PED_DEATH_COUNT","PED_SUSP_SERIOUS_INJ_COUNT","PERSON_COUNT","POLICE_AGCY","POSSIBLE_INJ_COUNT","RDWY_SURF_TYPE_CD","RELATION_TO_ROAD","ROAD_CONDITION","SCH_BUS_IND","SCH_ZONE_IND","SMALL_TRUCK_COUNT","SPEC_JURIS_CD","SUSP_MINOR_INJ_COUNT","SUSP_SERIOUS_INJ_COUNT","SUV_COUNT","TCD_FUNC_CD","TCD_TYPE","TFC_DETOUR_IND","TIME_OF_DAY","TOT_INJ_COUNT","TOTAL_UNITS","UNB_DEATH_COUNT","UNB_SUSP_SERIOUS_INJ_COUNT","UNBELTED_OCC_COUNT","UNK_INJ_DEG_COUNT","UNK_INJ_PER_COUNT","URBAN_RURAL","VAN_COUNT","VEHICLE_COUNT","WORK_ZONE_IND","WORK_ZONE_LOC","WORK_ZONE_TYPE","WORKERS_PRES","WZ_CLOSE_DETOUR","WZ_FLAGGER","WZ_LAW_OFFCR_IND","WZ_LN_CLOSURE","WZ_MOVING","WZ_OTHER","WZ_SHLDER_MDN","ROADWAY_CLEARED","WEATHER1","WEATHER2","WZ_WORKERS_INJ_KILLED","SECONDARY_CRASH","INTERSECTION_RELATED"
"0914","0","0","0","0","0","0","0","0","0","1","0","","36","03","2017","2017032551","4","40.0382","-76.3033","0909","08","0","0","0","0","0","0","0","0","2","0","0","0","09","1","2","00","1","40 02:17.590","3","00","76 18:11.966","3","0","0","0","36301","0","0","0","N","0","0","0","2","36301","1","","1","01","N","N","0","","1","0","2","0","0","N","0909","2","2","0","0","0","0","0","3","0","2","N","","","","","","","","","","","","03","  ","","",""
"0653","1","0","0","0","0","0","0","0","0","4","0","","36","03","2017","2017032557","2","40.2225","-76.0968","0651","08","0","0","0","0","0","0","0","0","","0","0","0","06","5","1","01","0","40 13:20.882","","00","76 05:48.548","3","0","0","0","36210","0","0","0","N","0","0","0","2","36210","0","","1","09","N","N","0","","1","0","1","3","2","","0649","1","2","0","0","0","0","0","1","0","2","N","","","","","","","","","","","","07","  ","","",""
"1234","2","0","0","0","0","0","0","0","0","4","0","","36","03","2017","2017032558","5","40.0394","-76.2933","1228","08","0","0","0","0","0","0","2","0","2","0","0","0","12","1","2","01","1","40 02:21.963","3","00","76 17:35.707","3","0","0","0","36301","0","0","0","N","0","0","0","3","36301","1","","1","01","N","N","1","","1","0","0","3","3","N","1228","2","3","0","0","0","0","0","3","0","3","N","","","","","","","","","","","","03","  ","","",""
"1027","0","0","0","0","0","0","0","0","0","7","0","","36","03","2017","2017032689","4","39.9181","-76.1287","1014","08","0","0","0","0","0","0","0","0","","0","1","0","10","1","1","00","0","39 55:05.005","","00","76 07:43.468","3","0","0","0","36216","0","0","0","","0","0","0","1","68J01","0","","5","02","N","N","0","","1","0","0","0","0","","1014","1","1","0","0","0","0","0","1","0","1","N","","","","","","","","","","","","03","  ","","",""
"1909","1","0","0","0","0","0","0","0","0","1","0","","36","03","2017","2017032690","4","40.2061","-76.2986","1856","08","0","0","0","0","0","0","0","0","2","0","0","0","18","4","0","00","1","40 12:22.126","2","00","76 17:54.785","0","0","0","0","36217","0","0","0","","0","0","0","1","68J01","0","","1","02","N","N","1","","0","0","0","0","0","N","1846","0","2","0","0","0","0","0","1","0","2","N","","","","","","","","","","","","03","  ","","",""
"1530","1","0","0","0","0","0","0","0","0","7","1","","36","03","2017","2017032693","2","40.0037","-76.0994","1526","08","0","0","0","0","0","1","0","1","2","0","1","0","15","1","0","00","2","40 00:13.342","6","00","76 05:57.932","0","0","0","0","36226","0","0","0","","0","0","0","2","68J01","0","","4","01","N","N","0","","0","0","0","0","0","Y","1523","0","2","0","0","0","0","0","1","0","2","N","","","","","","","","","","","","03","  ","","",""
"1306","1","0","0","0","0","0","0","0","0","4","0","","36","02","2017","2017032741","3","39.7796","-76.1149","1254","08","0","0","0","0","0","1","0","0","2","0","0","0","12","1","1","00","1","39 46:46.395","3","07","76 06:53.685","3","0","0","0","36222","0","0","0","","0","0","0","2","68J01","0","","1","01","N","N","0","","1","0","0","0","0","N","1249","1","2","0","0","0","0","0","1","1","2","N","","","","","","","","","","","","03","  ","","",""
"0749","0","0","0","0","0","0","0","0","0","6","0","","36","02","2017","2017032744","6","39.7652","-76.2199","0728","08","0","0","0","0","0","0","0","0","","0","0","1","07","1","1","00","0","39 45:54.780","","00","76 13:11.570","8","0","0","0","36219","1","0","0","","0","0","0","3","68J01","0","","1","01","N","N","1","","0","0","0","0","0","","0720","1","2","0","0","0","1","0","1","0","1","N","","","","","","","","","","","","03","  ","","",""
"1544","2","0","0","0","0","0","0","0","0","1","0","","36","03","2017","2017032782","5","39.9921","-76.0202","1517","08","1","0","1","0","0","0","0","0","","0","0","0","14","1","0","00","0","39 59:31.422","","00","76 01:12.882","0","0","0","0","36232","0","0","0","","0","0","0","3","68J01","0","","1","01","N","N","0","","0","0","0","0","0","","1459","0","2","0","0","0","0","0","1","0","2","N","","","","","","","","","","","","03","  ","","",""
"0210","1","0","0","0","0","0","0","0","0","4","0","","36","03","2017","2017032787","6","39.9201","-76.233","0141","08","0","0","0","0","0","0","0","0","","0","0","0","01","2","0","00","0","39 55:12.350","","00","76 13:58.840","0","0","0","0","36229","0","0","0","","0","0","0","1","68J01","0","","4","01","N","N","1","","0","0","0","0","0","","0139","0","2","0","0","1","0","0","1","0","2","N","","","","","","","","","","","","03","  ","","",""
"1704","0","0","0","0","0","0","0","0","0","4","0","","36","03","2017","2017032829","4","40.0324","-76.2339","1702","08","0","1","0","0","0","0","0","0","1","0","0","0","17","1","1","01","1","40 01:56.498","2","00","76 14:01.976","4","0","0","0","36215","0","0","0","N","0","0","0","3","36215","1","","1","01","N","N","0","","0","0","2","3","3","N","1702","1","2","0","0","0","0","0","1","0","2","N","","","","","","","","","","","","03","  ","","",""
"0302","3","0","0","0","0","0","0","0","0","5","0","","36","03","2017","2017032833","7","40.0381","-76.322","0302","08","0","0","0","0","0","0","0","0","2","0","0","0","03","3","1","00","1","40 02:17.213","4","00","76 19:19.095","8","0","0","0","36301","0","0","0","N","0","0","0","1","36301","0","","1","01","N","N","0","","0","0","0","0","0","Y","0301","1","3","0","0","0","1","0","3","0","3","N","","","","","","","","","","","","03","  ","","",""
"2028","1","0","0","0","0","0","0","0","0","7","0","","36","03","2017","2017032848","4","40.1225","-76.6618","2023","08","0","0","0","0","0","0","0","0","2","0","0","0","20","3","0","00","2","40 07:21.071","6","00","76 39:42.510","0","0","0","0","36207","0","0","0","N","0","0","0","1","36504","0","","4","01","N","N","0","","0","0","0","0","0","Y","2020","0","1","0","0","0","0","0","1","0","1","N","","","","","","","","","","","","03","  ","","",""
"0130","2","0","0","0","0","0","0","0","0","1","0","","36","03","2017","2017032849","7","40.0346","-76.3065","0130","08","0","0","0","0","0","0","0","0","3","0","0","0","01","3","0","00","2","40 02:04.477","4","00","76 18:23.536","0","0","0","0","36301","0","0","0","N","0","0","0","1","36301","0","","1","09","N","N","0","","0","0","1","0","0","Y","0130","0","3","0","0","0","0","0","3","0","3","N","","","","","","","","","","","","10","  ","","",""
"2012","1","0","0","0","0","0","0","0","0","4","0","","36","03","2017","2017032850","2","39.9904","-76.2936","2005","08","0","0","0","0","0","0","0","0","2","0","0","0","20","6","0","01","1","39 59:25.618","5","00","76 17:36.829","9","0","0","0","36228","0","0","0","N","0","0","0","2","36503","0","","1","01","N","N","0","","0","0","1","3","3","N","2003","0","2","0","0","0","0","2","1","0","2","N","","","","","","","","","","","","03","  ","","",""
"0849","1","0","0","0","0","0","0","0","0","4","0","","36","03","2017","2017032853","5","40.0087","-76.1874","0835","08","0","0","0","0","0","0","1","1","1","0","0","0","08","1","0","02","1","40 00:31.263","5","00","76 11:14.484","0","0","0","0","36215","0","0","0","N","0","0","0","2","36215","0","","1","01","N","N","0","","0","0","1","3","3","N","0830","0","2","0","0","0","0","0","1","0","2","N","","","","","","","","","","","","03","  ","","",""
"0034","0","0","0","0","0","0","0","0","0","9","0","","36","03","2017","2017032857","3","39.9942","-76.3202","0028","08","0","0","0","0","0","0","0","0","","0","0","0","00","2","0","00","0","39 59:39.053","","00","76 19:12.630","0","0","0","0","36228","0","0","0","N","0","0","0","1","36503","0","","1","01","N","N","0","","0","0","1","0","0","","0025","0","1","0","0","0","0","0","1","0","1","N","","","","","","","","","","","","03","  ","","",""
"1212","2","0","0","0","0","0","0","0","0","4","0","","36","03","2017","2017032914","6","40.044","-76.3096","1212","08","0","0","0","0","0","0","1","0","2","0","0","0","12","1","0","01","1","40 02:38.428","4","00","76 18:34.470","0","0","0","0","36301","0","0","0","N","0","0","0","2","36301","0","","1","01","N","N","0","","0","0","0","3","3","Y","1212","0","2","0","0","0","0","0","3","0","2","N","","","","","","","","","","","","03","  ","","",""
"0827","1","0","0","0","0","0","0","0","0","1","0","","36","03","2017","2017032938","3","40.0812","-76.3515","0827","08","0","0","2","0","0","0","0","0","","0","0","0","07","1","0","00","0","40 04:52.154","","00","76 21:05.463","0","0","0","0","36214","0","0","0","N","0","0","0","3","36214","0","","1","09","N","N","0","","0","0","1","0","0","","0758","0","2","0","0","0","0","0","3","0","2","N","","","","","","","","","","","","05","  ","","",""
"1636","1","0","0","0","0","0","0","0","0","7","0","","36","03","2017","2017032962","4","40.0333","-76.3108","1636","08","0","0","0","0","1","0","0","0","","0","0","0","16","1","1","00","0","40 01:59.944","","00","76 18:38.876","4","0","0","0","36301","0","0","0","N","0","0","0","1","36301","1","","2","01","N","N","0","","0","0","0","0","0","","1636","1","1","0","0","1","0","0","3","0","1","N","","","","","","","","","","","","03","  ","","",""
"1617","0","0","0","0","0","0","0","0","0","7","0","","36","03","2017","2017032970","2","40.1298","-76.6419","1604","08","0","0","0","0","0","1","0","0","1","0","0","0","16","1","1","00","2","40 07:47.200","5","00","76 38:30.900","8","0","0","0","36237","0","0","0","N","0","0","0","1","36505","0","","4","09","N","N","1","","0","0","0","0","0","Y","1600","1","1","0","0","0","1","0","1","0","1","N","","","","","","","","","","","","03","  ","","",""
"1604","2","0","0","0","0","0","0","0","0","1","0","","36","03","2017","2017032987","5","40.0706","-76.2935","1559","08","0","0","0","0","0","0","0","0","","0","0","0","15","1","0","00","0","40 04:14.312","","00","76 17:36.504","0","0","0","0","36101","0","0","0","N","0","0","0","2","36101","0","","1","01","N","N","0","","0","0","0","0","0","","1558","0","2","0","0","0","0","0","3","0","2","N","","","","","","","","","","","","03","  ","","",""
"1148","0","0","0","0","0","0","0","0","0","4","0","","36","03","2017","2017032990","3","40.2206","-76.0997","1148","08","0","0","0","0","0","0","0","0","","0","0","0","11","1","0","00","0","40 13:14.276","","07","76 05:59.022","0","0","0","0","36210","0","0","0","N","0","0","0","2","36210","0","","1","09","N","N","1","","0","0","0","0","0","","1144","0","2","0","0","0","0","0","1","1","2","N","","","","","","","","","","","","07","  ","","",""
"2250","0","0","0","0","0","0","0","0","0","7","0","","36","03","2017","2017032997","4","40.0306","-76.4433","2054","08","0","0","0","0","0","0","0","0","1","0","0","0","18","1","0","00","1","40 01:50.110","3","00","76 26:35.937","0","0","0","0","36239","0","0","0","","0","0","0","1","36239","0","","2","01","","","1","","0","0","0","0","0","N","1800","0","1","0","0","0","0","0","3","0","1","N","","","","","","","","","","","","03","  ","","",""
"1913","1","0","0","0","0","0","0","0","0","5","0","","36","03","2017","2017033186","1","39.9168","-76.2453","1910","08","0","0","0","0","0","0","0","0","2","0","0","0","19","2","3","00","1","39 55:00.322","5","00","76 14:43.106","3","0","0","0","36229","0","0","0","","0","0","0","4","68J01","0","","1","01","N","N","1","","3","0","1","0","0","Y","1901","3","3","0","0","1","0","0","1","0","3","N","","","","","","","","","","","","03","  ","","",""
"1217","0","0","0","0","0","0","0","0","0","1","0","","36","03","2017","2017033280","2","40.1317","-75.9767","1149","08","0","0","0","0","0","0","0","1","1","0","0","0","11","1","0","00","1","40 07:54.114","3","00","75 58:36.107","0","0","0","0","36203","0","0","0","","0","0","0","5","68J01","0","","1","01","N","N","0","","0","0","3","0","0","N","1149","0","3","0","0","0","0","0","1","0","3","N","","","","","","","","","","","","03","  ","","",""
"0537","1","0","0","0","0","0","0","0","0","4","0","","36","03","2017","2017033333","6","40.0426","-76.2918","0534","08","0","0","0","1","0","0","0","0","2","0","0","0","05","3","0","01","1","40 02:33.403","3","00","76 17:30.580","0","0","0","0","36301","0","0","0","N","0","0","0","2","36301","0","","1","01","N","N","0","","0","0","1","3","2","N","0532","0","2","0","0","0","0","0","3","0","2","N","","","","","","","","","","","","03","  ","","",""
"1303","1","0","0","0","0","0","0","0","0","5","0","","36","03","2017","2017033416","7","40.0538","-76.3067","1255","08","0","0","0","0","0","0","0","1","3","0","0","0","12","1","1","02","1","40 03:13.799","2","00","76 18:23.950","4","0","0","0","36101","0","0","0","N","0","0","0","3","36101","1","","1","01","N","N","0","","0","0","1","3","2","N","1253","1","2","0","0","0","0","0","3","0","2","N","","","","","","","","","","","","03","  ","","",""
"1355","1","0","0","0","0","0","0","0","0","3","0","","36","03","2017","2017033421","1","40.0735","-76.3357","1344","08","0","0","0","0","0","0","0","0","","0","0","0","13","1","0","00","0","40 04:24.517","","00","76 20:08.376","0","0","0","0","36101","0","0","0","N","0","0","0","3","36101","0","","1","01","N","N","0","","0","0","1","3","2","","1340","0","2","0","0","1","0","0","3","0","2","N","","","","","","","","","","","","03","  ","","",""
"1438","0","0","0","0","0","0","0","0","0","1","0","","36","03","2017","2017033426","7","40.1665","-76.1634","1433","08","0","0","0","0","0","1","0","0","","0","0","0","14","1","1","00","0","40 09:59.442","","00","76 09:48.191","4","0","0","0","36218","0","0","0","N","0","0","0","6","36408","1","","1","01","N","N","0","","0","0","2","0","0","","1430","1","2","0","0","0","0","0","1","0","2","N","","","","","","","","","","","","03","  ","","",""
"0920","1","0","0","0","0","0","0","0","0","4","0","","36","03","2017","2017033441","4","40.0886","-76.4516","0910","08","0","0","0","0","0","0","0","0","","0","0","0","09","1","0","02","0","40 05:19.062","","00","76 27:05.809","0","0","0","0","36239","0","0","0","N","0","0","0","5","36239","0","","1","01","N","N","0","","0","0","1","3","3","","0910","0","2","0","0","0","0","0","3","0","2","N","","","","","","","","","","","","03","  ","","",""
"1331","2","0","0","0","0","0","0","0","0","4","0","","36","03","2017","2017033450","6","40.0888","-76.3051","1327","08","0","0","1","0","0","0","0","0","","0","0","0","13","1","2","02","0","40 05:19.752","","00","76 18:18.261","4","0","0","0","36101","0","0","0","N","0","0","0","3","36101","2","","1","01","N","N","0","","0","0","0","3","2","","1324","2","2","0","0","0","0","0","3","0","2","N","","","","","","","","","","","","03","  ","","",""
"1547","1","0","0","0","0","0","0","0","0","1","0","","36","03","2017","2017033454","5","40.0819","-76.2341","1535","08","0","0","0","0","0","0","0","0","","0","0","0","15","1","1","01","0","40 04:54.777","","00","76 14:02.802","4","0","0","0","36234","0","0","0","N","0","0","0","2","36215","1","","1","01","N","N","0","","0","0","0","3","2","","1530","1","2","0","0","0","0","0","1","1","2","N","","","","","","","","","","","","03","  ","","",""
"1030","1","0","0","0","0","0","0","0","0","4","1","","36","03","2017","2017033456","7","40.1063","-76.3544","1020","08","0","0","0","0","0","0","1","0","","0","1","0","10","1","0","01","0","40 06:22.809","","00","76 21:16.002","0","0","0","0","36406","0","0","0","N","0","0","0","2","36101","0","","1","01","N","N","0","","0","0","0","3","2","","1019","0","2","0","0","0","0","0","3","0","2","N","","","","","","","","","","","","03","  ","","",""
"0948","2","0","0","0","0","0","0","0","0","4","0","","36","03","2017","2017033479","4","40.0956","-76.4113","0948","08","0","0","0","0","0","0","1","1","","0","0","0","09","1","2","02","0","40 05:44.289","","00","76 24:40.786","3","0","0","0","36214","0","0","0","N","0","0","0","2","36214","0","","1","01","N","N","0","","2","0","0","0","0","","0947","2","2","0","0","0","0","0","3","0","2","N","","","","","","","","","","","","03","  ","","",""
"1522","1","0","0","1","0","0","0","0","0","4","0","","36","03","2017","2017033593","4","40.0421","-76.2835","1517","08","0","0","0","0","0","0","0","0","1","0","0","0","15","1","1","00","1","40 02:31.671","5","00","76 17:00.661","4","0","0","0","36220","1","0","0","N","0","0","0","2","36101","1","","1","01","N","Y","0","","0","0","0","0","0","Y","1515","1","2","0","0","0","0","0","3","0","1","N","","","","","","","","","","","","03","  ","","",""
"1618","2","0","0","0","0","0","0","0","0","4","0","","36","03","2017","2017033647","3","40.1968","-76.0175","1549","08","0","1","0","0","0","0","0","0","2","0","0","0","15","1","0","01","1","40 11:48.437","2","00","76 01:02.883","0","0","0","0","36202","0","0","0","","0","0","0","3","68J01","0","","1","01","N","N","0","","0","0","0","0","0","N","1548","0","2","0","0","0","0","0","1","0","2","N","","","","","","","","","","","","03","  ","","",""
"0942","1","1","2","0","0","0","0","0","0","4","0","","36","02","2017","2017033674","7","40.0669","-76.3531","0938","08","0","0","0","0","0","0","1","1","3","1","0","0","09","1","4","00","2","40 04:00.732","7","07","76 21:11.269","1","0","0","0","36214","0","0","0","N","0","0","0","5","36214","1","2","1","01","N","N","0","0","1","2","1","9","2","Y","0936","4","2","0","0","0","0","0","3","0","2","N","","","","","","","","","","","","03","  ","","",""
"1951","2","0","0","0","0","0","0","0","0","4","0","","36","03","2017","2017033702","4","40.0144","-76.3267","1940","08","0","0","0","0","0","0","0","0","","0","0","0","18","1","0","02","0","40 00:52.574","","00","76 19:33.992","0","0","0","0","36220","0","0","0","N","0","0","0","4","36101","0","","1","01","N","N","0","","0","0","0","3","3","","1801","0","2","0","0","0","0","0","3","0","2","N","","","","","","","","","","","","03","  ","","",""
"1818","1","0","0","0","0","0","0","0","0","4","0","","36","03","2017","2017033730","4","40.164","-76.1539","1818","08","0","0","0","0","0","1","0","0","1","0","0","0","18","1","2","00","1","40 09:50.567","5","07","76 09:14.043","8","0","0","0","36218","0","0","0","N","0","0","0","7","36408","0","","1","01","N","N","0","","0","0","0","3","2","N","1813","2","2","0","0","0","2","0","1","1","2","N","","","","","","","","","","","","03","  ","","",""
"1804","2","0","0","0","0","0","0","0","0","4","0","","36","03","2017","2017033753","4","40.0315","-76.3608","1758","08","0","0","0","0","0","0","0","0","","0","0","0","17","4","1","02","0","40 01:53.274","","00","76 21:38.852","8","0","0","0","36223","0","0","0","","0","0","0","6","36223","0","","2","02","N","N","0","","0","0","1","0","0","","1755","1","3","0","0","0","1","5","1","0","3","N","","","","","","","","","","","","98","  ","","",""
"0155","1","0","0","0","0","0","0","0","0","7","0","","36","03","2017","2017033754","1","39.9733","-76.3214","0152","08","0","0","0","1","0","0","0","0","","0","0","0","01","2","0","00","0","39 58:24.054","","00","76 19:16.965","0","0","0","0","36228","0","0","0","","0","0","0","1","36503","0","","5","09","N","N","0","","0","0","0","0","0","","0150","0","1","0","0","0","0","0","1","0","1","N","","","","","","","","","","","","10","  ","","",""
"0636","0","0","0","0","0","0","0","0","0","4","1","","36","03","2017","2017033804","2","39.9902","-76.0073","0623","08","0","0","0","0","0","0","0","0","2","0","1","0","06","2","4","00","2","39 59:24.749","6","07","76 00:26.174","3","0","0","0","36232","0","0","0","","0","0","0","5","68J01","0","","1","09","N","N","1","","4","0","0","0","0","Y","0622","4","2","0","0","0","0","0","1","0","2","N","","","","","","","","","","","","07","  ","","",""
"1700","0","0","0","0","0","0","0","0","0","7","0","","36","03","2017","2017033846","6","40.1258","-76.2579","1652","08","0","0","0","0","0","0","0","0","1","0","0","0","16","1","1","00","2","40 07:32.710","6","00","76 15:28.385","3","0","0","0","36101","0","0","0","N","0","0","0","1","36101","0","","1","07","N","N","0","","1","0","1","0","0","Y","1650","1","1","0","0","0","0","0","3","0","1","N","","","","","","","","","","","","03","  ","","",""
"1253","1","0","0","0","0","0","0","0","0","4","0","","36","03","2017","2017033853","4","40.0402","-76.3299","1250","08","0","0","0","0","0","1","0","0","2","0","0","0","12","1","0","01","2","40 02:24.896","6","00","76 19:47.589","0","0","0","0","36220","0","0","0","N","0","0","0","2","36101","0","","1","01","N","N","0","","0","0","0","3","3","Y","1248","0","2","0","0","0","0","0","3","1","2","N","","","","","","","","","","","","03","  ","","",""
"1632","0","0","0","0","0","0","0","0","0","1","0","","36","03","2017","2017033858","4","40.0395","-76.2823","1626","08","0","0","0","0","0","1","0","0","2","0","0","0","16","1","1","00","2","40 02:22.057","4","00","76 16:56.267","3","0","0","1","36220","0","0","0","N","0","0","0","2","36101","0","","1","01","N","N","0","","1","0","0","0","0","Y","1622","1","2","0","0","0","0","0","3","1","2","N","","","","","","","","","","","","03","  ","","",""
"0845","2","0","0","0","0","0","0","0","0","1","0","","36","03","2017","2017033859","5","40.041","-76.3018","0840","08","0","0","0","0","0","0","0","0","","0","0","0","08","1","0","00","0","40 02:32.084","","00","76 18:07.456","0","0","0","0","36301","0","0","0","N","0","0","0","2","36301","0","","1","01","N","N","0","","0","0","0","0","0","","0840","0","2","0","0","0","0","0","3","0","2","N","","","","","","","","","","","","03","  ","","",""
"1122","0","0","0","0","0","0","0","0","0","4","0","","36","03","2017","2017033901","4","40.0519","-76.2549","1117","08","0","0","0","0","0","1","0","0","","0","0","0","11","1","1","01","0","40 03:06.876","","00","76 15:17.809","4","0","0","0","36215","0","0","0","N","0","0","0","2","36215","1","","1","01","N","N","1","","0","0","1","3","2","","1114","1","2","0","0","0","0","0","1","0","2","N","","","","","","","","","","","","03","  ","","",""
"0920","2","0","1","0","0","0","0","0","0","4","0","","36","03","2017","2017033902","4","40.1145","-76.5136","0919","08","0","0","0","0","0","0","0","0","2","0","0","0","09","1","2","01","2","40 06:52.293","3","00","76 30:48.952","2","0","0","0","36413","0","0","0","N","0","0","0","2","36413","1","","1","01","N","N","0","","0","1","0","3","3","Y","0917","2","2","0","0","1","0","0","2","0","2","N","","","","","","","","","","","","03","  ","","",""
"1708","0","0","0","0","0","0","0","0","0","1","0","","36","03","2017","2017033907","4","40.0171","-76.3467","1705","08","0","0","0","0","0","1","0","0","1","0","0","0","17","1","0","00","1","40 01:01.388","4","00","76 20:48.084","0","0","0","0","36412","0","0","0","N","0","0","0","2","36412","0","","1","01","N","N","1","","0","0","0","0","0","N","1703","0","2","0","0","0","0","0","3","1","2","N","","","","","","","","","","","","03","  ","","",""
"1303","2","0","0","0","0","0","0","0","0","4","0","","36","03","2017","2017033909","4","40.0406","-76.2528","1257","08","0","0","0","0","0","1","0","0","2","0","0","0","12","1","1","01","1","40 02:26.266","3","00","76 15:10.198","3","0","0","0","36215","0","0","0","N","0","0","0","2","36215","0","","1","01","N","N","0","","1","0","0","3","2","Y","1255","1","2","0","0","0","0","0","1","0","2","N","","","","","","","","","","","","03","  ","","",""
"1702","0","0","0","0","0","0","0","0","0","7","0","","36","03","2017","2017033917","7","40.085","-76.42","1656","08","0","0","0","0","0","1","0","0","2","0","0","0","16","1","0","00","2","40 05:06.147","5","00","76 25:12.090","0","0","0","0","36239","0","0","0","N","0","0","0","1","36239","0","","5","01","N","N","0","","0","0","1","0","0","Y","1658","0","1","0","0","0","0","0","3","0","1","N","","","","","","","","","","","","03","  ","","",""
"1756","0","0","0","0","0","0","0","0","0","8","0","","36","03","2017","2017034039","5","40.0383","-76.4241","1751","08","0","0","0","0","0","0","0","0","1","0","0","0","17","1","1","02","1","40 02:17.808","3","00","76 25:26.696","4","0","0","0","36414","1","0","0","N","1","0","0","2","36239","1","","1","01","N","N","1","","0","0","0","3","3","N","1751","1","2","0","0","0","0","0","3","0","1","N","","","","","","","","","","","","03","  ","","",""
"1758","2","0","0","0","0","0","0","0","0","5","0","","36","03","2017","2017034046","5","40.0406","-76.3112","1747","08","0","0","0","0","0","0","0","0","","0","0","0","17","1","0","00","0","40 02:26.177","","00","76 18:40.432","0","0","0","0","36301","0","0","0","N","0","0","0","3","36301","0","","1","01","N","N","0","","0","0","0","0","0","","1746","0","2","0","0","0","0","0","3","0","2","N","","","","","","","","","","","","03","  ","","",""
"1930","0","0","0","0","0","0","0","0","0","7","0","","36","03","2017","2017034052","5","40.0087","-76.343","1930","08","0","0","0","0","0","1","0","0","9","0","0","0","19","3","0","01","1","40 00:31.485","2","00","76 20:34.745","0","0","0","0","36412","0","0","0","N","0","0","0","1","36412","0","","4","01","N","N","0","","0","0","1","3","2","N","1930","0","1","0","0","0","0","0","3","0","1","N","","","","","","","","","","","","98","  ","","",""
"2029","1","0","0","0","0","0","0","0","0","4","0","","36","03","2017","2017034070","5","40.1568","-76.3815","2027","08","0","0","0","0","0","0","0","0","2","0","0","0","20","2","0","01","1","40 09:24.453","6","00","76 22:53.323","0","0","0","0","36227","0","0","0","","0","0","0","3","36506","0","","1","01","N","N","0","","0","0","0","3","3","Y","2026","0","2","0","0","0","0","0","1","1","2","N","","","","","","","","","","","","03","  ","","",""
"0621","1","0","0","0","0","0","0","0","0","0","0","","36","03","2017","2017034115","6","40.0414","-76.3878","0615","08","0","0","0","0","0","0","0","0","","0","0","0","06","3","0","00","0","40 02:28.940","","00","76 23:16.198","0","0","0","0","36214","0","0","0","N","0","0","0","1","36214","0","","1","09","N","N","0","","0","0","0","0","0","","0613","0","1","0","0","0","0","0","3","0","1","N","","","","","","","","","","","","07","  ","","",""
"0703","2","0","0","0","0","0","0","0","0","4","0","","36","03","2017","2017034120","6","40.2203","-76.4404","0658","08","0","0","0","0","0","1","1","0","1","0","0","0","06","5","1","01","1","40 13:12.958","3","00","76 26:25.539","3","0","0","0","36230","0","0","0","N","0","0","0","3","36410","0","","1","09","N","N","1","","1","0","0","3","3","N","0655","1","3","0","0","0","0","0","1","0","3","N","","","","","","","","","","","","07","  ","","",""
"1310","1","0","0","0","0","0","0","0","0","1","0","","36","03","2017","2017034129","3","40.1175","-76.0449","1304","08","0","0","0","0","0","0","1","1","","0","0","0","12","1","0","02","0","40 07:02.938","","00","76 02:41.521","9","0","0","0","36213","0","0","0","N","0","0","0","3","36213","0","","1","01","N","N","1","","0","0","0","0","0","","1250","0","2","0","0","0","0","1","1","0","2","N","","","","","","","","","","","","03","  ","","",""
"1627","0","0","0","0","0","0","0","0","0","4","0","","36","03","2017","2017034141","3","40.139","-76.6523","1618","08","0","0","0","0","0","1","1","0","2","0","0","0","16","2","0","00","2","40 08:20.570","5","07","76 39:08.440","0","0","0","0","36237","0","0","0","N","0","0","0","2","36505","0","","1","09","N","N","0","","0","0","0","0","0","Y","1615","0","2","0","0","0","0","0","1","2","2","N","","","","","","","","","","","","03","  ","","",""