"ARRIVAL_TM","AUTOMOBILE_COUNT","BELTED_DEATH_COUNT","BELTED_SUSP_SERIOUS_INJ_COUNT","BICYCLE_COUNT","BICYCLE_DEATH_COUNT","BICYCLE_SUSP_SERIOUS_INJ_COUNT","BUS_COUNT","CHLDPAS_DEATH_COUNT","CHLDPAS_SUSP_SERIOUS_INJ_COUNT","COLLISION_TYPE","COMM_VEH_COUNT","CONS_ZONE_SPD_LIM","COUNTY","CRASH_MONTH","CRASH_YEAR","CRN","DAY_OF_WEEK","DEC_LAT","DEC_LONG","DISPATCH_TM","DISTRICT","DRIVER_COUNT_16YR","DRIVER_COUNT_17YR","DRIVER_COUNT_18YR","DRIVER_COUNT_19YR","DRIVER_COUNT_20YR","DRIVER_COUNT_50_64YR","DRIVER_COUNT_65_74YR","DRIVER_COUNT_75PLUS","EST_HRS_CLOSED","FATAL_COUNT","HEAVY_TRUCK_COUNT","HORSE_BUGGY_COUNT","HOUR_OF_DAY","ILLUMINATION","INJURY_COUNT","INTERSECT_TYPE","LANE_CLOSED","LATITUDE","LN_CLOSE_DIR","LOCATION_TYPE","LONGITUDE","MAX_SEVERITY_LEVEL","MCYCLE_DEATH_COUNT","MCYCLE_SUSP_SERIOUS_INJ_COUNT","MOTORCYCLE_COUNT","MUNICIPALITY","NONMOTR_COUNT","NONMOTR_DEATH_COUNT","NONMOTR_SUSP_SERIOUS_INJ_COUNT","NTFY_HIWY_MAINT","PED_COUNT","PED_DEATH_COUNT","PED_SUSP_SERIOUS_INJ_COUNT","PERSON_COUNT","POLICE_AGCY","POSSIBLE_INJ_COUNT","RDWY_SURF_TYPE_CD","RELATION_TO_ROAD","ROAD_CONDITION","SCH_BUS_IND","SCH_ZONE_IND","SMALL_TRUCK_COUNT","SPEC_JURIS_CD","SUSP_MINOR_INJ_COUNT","SUSP_SERIOUS_INJ_COUNT","SUV_COUNT","TCD_FUNC_CD","TCD_TYPE","TFC_DETOUR_IND","TIME_OF_DAY","TOT_INJ_COUNT","TOTAL_UNITS","UNB_DEATH_COUNT","UNB_SUSP_SERIOUS_INJ_COUNT","UNBELTED_OCC_COUNT","UNK_INJ_DEG_COUNT","UNK_INJ_PER_COUNT","URBAN_RURAL","VAN_COUNT","VEHICLE_COUNT","WORK_ZONE_IND","WORK_ZONE_LOC","WORK_ZONE_TYPE","WORKERS_PRES","WZ_CLOSE_DETOUR","WZ_FLAGGER","WZ_LAW_OFFCR_IND","WZ_LN_CLOSURE","WZ_MOVING","WZ_OTHER","WZ_SHLDER_MDN","ROADWAY_CLEARED","WEATHER1","WEATHER2","WZ_WORKERS_INJ_KILLED","SECONDARY_CRASH","INTERSECTION_RELATED"
"1400","2","0","0","0","0","0","0","0","0","4","0","","36","03","2017","2017034149","5","40.044","-76.3096","1330","08","0","0","0","0","0","0","0","0","2","0","0","0","13","1","1","01","1","40 02:38.526","6","00","76 18:34.563","3","0","0","0","36301","0","0","0","N","0","0","0","5","36301","0","","1","01","N","N","0","","1","0","0","3","3","N","1330","1","2","0","0","3","0","0","3","0","2","N","","","","","","","","","","","","03","  ","","",""
"1556","0","0","0","0","0","0","0","0","0","4","0","","36","03","2017","2017034158","3","40.1014","-76.1836","1541","08","0","0","0","0","0","0","1","0","","0","0","0","15","1","0","01","0","40 06:05.050","","00","76 11:00.783","0","0","0","0","36238","0","0","0","N","0","0","0","2","36402","0","","1","01","N","N","0","","0","0","1","3","3","","1535","0","2","0","0","0","0","0","3","1","2","N","","","","","","","","","","","","03","  ","","",""
"0810","1","0","0","0","0","0","0","0","0","7","0","","36","03","2017","2017034159","3","40.0437","-76.4823","0805","08","0","0","1","0","0","0","0","0","1","0","0","0","08","1","1","00","2","40 02:37.280","5","00","76 28:56.120","8","0","0","0","36404","0","0","0","N","0","0","0","1","36404","0","","5","09","N","N","0","","0","0","0","0","0","N","0805","1","1","0","0","0","1","0","3","0","1","N","","","","","","","","","","","","07","  ","","",""
"1010","1","0","0","0","0","0","0","0","0","4","1","","36","03","2017","2017034173","6","40.0591","-76.4629","1005","08","0","1","0","0","0","1","0","0","1","0","0","0","10","1","0","02","1","40 03:32.814","1","00","76 27:46.398","0","0","0","0","36239","0","0","0","N","0","0","0","2","36239","0","","1","09","N","N","0","","0","0","0","0","0","N","1000","0","2","0","0","0","0","0","3","0","2","N","","","","","","","","","","","","07","  ","","",""
"1519","1","0","0","0","0","0","0","0","0","0","0","","36","03","2017","2017034203","6","40.0554","-76.3983","1513","08","0","0","0","0","0","0","0","0","2","0","0","0","15","1","0","02","1","40 03:19.364","2","07","76 23:53.869","0","0","0","0","36214","0","0","0","N","0","0","0","2","36214","0","","1","09","N","N","0","","0","0","0","3","2","N","1508","0","1","0","0","0","0","0","3","0","1","N","","","","","","","","","","","","07","  ","","",""
"1353","1","0","0","0","0","0","0","0","0","2","0","","36","03","2017","2017034206","6","40.0953","-76.3714","1348","08","0","0","1","0","0","0","0","0","4","0","0","0","13","1","3","00","2","40 05:42.942","7","00","76 22:17.206","2","0","0","0","36214","0","0","0","N","0","0","0","3","36214","0","","1","09","N","N","0","","2","1","0","0","0","Y","1345","3","2","0","0","0","0","0","3","1","2","N","","","","","","","","","","","","07","  ","","",""
"1804","1","0","0","0","0","0","0","0","0","7","0","","36","03","2017","2017034221","3","40.1314","-76.5763","1754","08","0","1","0","0","0","0","0","0","2","0","0","0","17","1","0","00","1","40 07:53.054","4","01","76 34:34.579","0","0","0","0","36225","0","0","0","N","0","0","0","1","36505","0","","2","09","N","N","0","","0","0","0","0","0","N","1750","0","1","0","0","0","0","0","2","0","1","N","","","","","","","","","","","","03","  ","","",""
"1720","2","0","0","0","0","0","0","0","0","1","0","","36","03","2017","2017034267","4","40.0818","-76.3549","1711","08","0","0","0","0","0","0","1","0","","0","0","0","17","1","0","00","0","40 04:54.381","","00","76 21:17.601","0","0","0","0","36214","0","0","0","","0","0","0","2","36214","0","","1","01","N","N","0","","0","0","0","0","0","","1706","0","2","0","0","0","0","0","3","0","2","N","","","","","","","","","","","","03","  ","","",""
"1637","1","0","0","0","0","0","0","0","0","4","0","","36","03","2017","2017034309","6","40.1038","-76.0299","1634","08","0","0","0","0","0","0","0","0","2","0","0","0","16","1","0","00","2","40 06:13.660","6","00","76 01:47.810","0","0","0","0","36213","0","0","0","N","0","0","0","2","36213","0","","1","09","N","N","0","","0","0","1","0","0","Y","1632","0","2","0","0","0","0","0","1","0","2","N","","","","","","","","","","","","07","  ","","",""
"1820","1","0","0","0","0","0","0","0","0","7","0","","36","03","2017","2017034318","6","40.094","-76.3915","1815","08","0","0","0","0","0","0","0","1","","0","0","0","18","1","0","00","0","40 05:38.265","","00","76 23:29.507","0","0","0","0","36214","0","0","0","N","0","0","0","1","36214","0","","2","09","N","N","0","","0","0","0","0","0","","1805","0","1","0","0","0","0","0","3","0","1","N","","","","","","","","","","","","07","  ","","",""
"1750","1","0","0","0","0","0","0","0","0","7","0","","36","03","2017","2017034334","2","40.2447","-76.1239","1743","08","0","1","0","0","0","0","0","0","2","0","0","0","17","1","1","00","2","40 14:40.900","6","00","76 07:25.980","4","0","0","0","36210","0","0","0","N","0","0","0","1","36210","1","","5","01","N","N","0","","0","0","0","0","0","Y","1740","1","1","0","0","0","0","0","1","0","1","N","","","","","","","","","","","","03","  ","","",""
"2149","2","0","0","0","0","0","0","0","0","4","0","","36","03","2017","2017034348","6","40.2172","-76.0909","2147","08","0","0","0","0","0","0","0","0","","0","0","0","21","3","0","01","0","40 13:01.966","","02","76 05:27.225","0","0","0","0","36210","0","0","0","N","0","0","0","3","36210","0","","1","09","N","N","0","","0","0","0","3","2","","2143","0","2","0","0","0","0","0","1","0","2","N","","","","","","","","","","","","07","  ","","",""
"0836","1","0","0","0","0","0","0","0","0","7","0","","36","03","2017","2017034364","7","40.1453","-76.4177","0830","08","0","0","0","0","0","0","0","0","","0","0","0","08","1","0","00","0","40 08:43.241","","00","76 25:03.834","0","0","0","0","36230","0","0","0","Y","0","0","0","1","36410","0","","5","01","N","N","0","","0","0","0","0","0","","0825","0","1","0","0","0","0","0","1","0","1","N","","","","","","","","","","","","03","  ","","",""
"1710","1","0","0","0","0","0","0","0","0","7","0","","36","03","2017","2017034404","1","40.0276","-76.3826","1700","08","0","0","0","0","0","0","0","0","1","0","0","0","16","1","1","00","1","40 01:39.360","2","00","76 22:57.440","4","0","0","0","36223","0","0","0","","0","0","0","1","36223","1","","5","01","N","N","0","","0","0","0","0","0","N","1655","1","1","0","0","0","0","0","1","0","1","N","","","","","","","","","","","","03","  ","","",""
"1733","0","0","0","0","0","0","0","0","0","4","1","","36","03","2017","2017034419","3","40.0452","-76.4133","1729","08","1","0","0","0","0","0","0","0","2","0","1","0","17","1","1","00","2","40 02:42.700","6","00","76 24:47.700","8","0","0","0","36239","0","0","0","N","0","0","0","2","36239","0","","1","09","N","N","1","","0","0","0","0","0","Y","1727","1","2","0","0","0","1","0","3","0","2","N","","","","","","","","","","","","07","  ","","",""
"0814","1","0","0","0","0","0","0","0","0","7","0","","36","04","2017","2017034459","7","40.1502","-76.6311","0813","08","0","0","0","0","1","0","0","0","","0","0","0","08","1","0","00","0","40 09:00.700","","00","76 37:52.100","0","0","0","0","36237","0","0","0","N","0","0","0","3","36505","0","","4","09","N","N","0","","0","0","0","0","0","","0812","0","1","0","0","0","0","0","1","0","1","N","","","","","","","","","","","","03","  ","","",""
"1403","3","0","0","0","0","0","0","0","0","4","0","","36","03","2017","2017034472","6","40.1494","-76.5635","1400","08","0","0","0","1","0","0","0","0","3","0","0","0","13","1","1","00","1","40 08:57.962","6","06","76 33:48.709","3","0","0","0","36225","0","0","0","Y","0","0","0","3","36505","0","","1","09","N","N","0","","1","0","0","3","8","N","1357","1","3","0","0","0","0","0","2","0","3","N","","","","","","","","","","","","07","  ","","",""
"1126","1","0","0","0","0","0","0","0","0","9","0","","36","04","2017","2017034486","7","40.1481","-76.5618","1112","08","0","0","0","0","0","1","0","0","","0","0","0","11","1","0","00","0","40 08:53.259","","00","76 33:42.368","0","0","0","0","36225","0","0","0","N","0","0","0","2","36505","0","","1","01","N","N","0","","0","0","0","0","0","","1112","0","1","0","0","0","0","0","2","0","1","N","","","","","","","","","","","","03","  ","","",""
"0625","1","0","0","0","0","0","0","0","0","4","0","","36","04","2017","2017034500","7","40.1637","-76.1524","0625","08","0","0","0","0","0","1","0","0","2","0","0","0","06","3","1","01","1","40 09:49.351","3","02","76 09:08.503","4","0","0","0","36218","0","0","0","N","0","0","0","2","36408","1","","1","01","N","N","1","","0","0","0","3","2","N","0624","1","2","0","0","0","0","0","1","0","2","N","","","","","","","","","","","","03","  ","","",""
"1143","0","0","0","0","0","0","0","0","0","1","0","","36","04","2017","2017034503","7","40.057","-76.3945","1133","08","0","0","0","0","0","1","1","0","2","0","0","0","11","1","0","00","1","40 03:25.109","4","00","76 23:40.266","0","0","0","0","36214","0","0","0","N","0","0","0","2","36214","0","","1","01","N","N","0","","0","0","2","0","0","N","1123","0","2","0","0","0","0","0","3","0","2","N","","","","","","","","","","","","03","  ","","",""
"0258","1","0","0","0","0","0","0","0","0","7","0","","36","04","2017","2017034511","7","40.0398","-76.4774","0252","08","0","0","0","1","0","0","0","0","1","0","0","0","02","2","0","00","1","40 02:23.281","4","00","76 28:38.568","0","0","0","0","36404","0","0","0","Y","0","0","0","4","36239","0","","4","09","N","N","0","","0","0","0","0","0","N","0252","0","1","0","0","0","0","0","3","0","1","N","","","","","","","","","","","","07","  ","","",""
"1400","2","0","0","0","0","0","0","0","0","4","0","","36","03","2017","2017034522","5","40.1475","-76.5988","1359","08","1","0","0","0","0","0","0","0","2","0","0","0","13","1","1","01","1","40 08:51.090","1","00","76 35:55.503","4","0","0","0","36407","0","0","0","N","0","0","0","2","36407","1","","1","01","N","N","0","","0","0","0","3","3","N","1355","1","2","0","0","0","0","0","2","0","2","N","","","","","","","","","","","","03","  ","","",""
"1841","1","0","0","0","0","0","0","0","0","4","0","","36","04","2017","2017034541","7","39.9537","-75.9957","1839","08","0","0","0","0","0","0","0","0","2","0","0","0","18","1","0","00","1","39 57:13.440","4","00","75 59:44.370","0","0","0","0","36403","0","0","0","N","0","0","0","1","36403","0","","4","01","N","N","1","","0","0","0","0","0","N","1837","0","2","0","0","0","0","0","1","0","2","N","","","","","","","","","","","","03","  ","","",""
"2200","0","0","0","0","0","0","0","0","0","7","0","","36","04","2017","2017034542","7","40.0644","-76.4377","2152","08","0","1","0","0","0","0","0","0","1","0","0","0","21","3","0","00","1","40 03:51.715","4","07","76 26:15.629","0","0","0","0","36239","0","0","0","Y","0","0","0","2","36239","0","","4","01","N","N","1","","0","0","0","0","0","N","2152","0","1","0","0","0","0","0","3","0","1","N","","","","","","","","","","","","03","  ","","",""
"0919","2","0","0","0","0","0","0","0","0","1","0","","36","03","2017","2017034563","3","40.0058","-76.3679","0912","08","0","0","1","0","1","0","0","0","1","0","0","0","09","1","0","02","1","40 00:20.918","3","00","76 22:04.466","0","0","0","0","36223","0","0","0","","0","0","0","2","36223","0","","1","09","N","N","0","","0","0","0","3","2","N","0910","0","2","0","0","0","0","0","1","0","2","N","","","","","","","","","","","","07","  ","","",""
"1547","0","0","0","0","0","0","0","0","0","4","0","","36","03","2017","2017034580","2","40.0685","-76.3074","1542","08","0","0","0","0","0","0","0","0","","0","0","0","15","1","0","01","0","40 04:06.605","","00","76 18:27.559","0","0","0","0","36101","0","0","0","N","0","0","0","3","36101","0","","1","01","N","N","0","","0","0","2","3","2","","1538","0","2","0","0","0","0","0","3","0","2","N","","","","","","","","","","","","03","  ","","",""
"1151","1","0","0","0","0","0","0","0","0","7","0","","36","03","2017","2017034582","3","40.0832","-76.2315","1150","08","0","0","0","0","0","0","0","0","","0","0","0","11","1","1","00","0","40 04:59.697","","00","76 13:53.442","3","0","0","0","36234","0","0","0","N","0","0","0","1","36215","0","","4","09","N","N","0","","1","0","0","0","0","","1148","1","1","0","0","0","0","0","1","0","1","N","","","","","","","","","","","","03","  ","","",""
"1533","2","0","0","0","0","0","0","0","0","4","0","","36","03","2017","2017034583","6","40.0561","-76.2988","1532","08","0","0","0","1","0","0","1","0","2","0","0","0","15","1","2","01","1","40 03:21.855","2","00","76 17:55.661","4","0","0","0","36101","0","0","0","N","0","0","0","3","36101","2","","1","09","N","N","0","","0","0","0","3","3","N","1523","2","2","0","0","0","0","0","3","0","2","N","","","","","","","","","","","","07","  ","","",""
"1026","1","0","0","0","0","0","0","0","0","4","0","","36","04","2017","2017034590","7","40.0606","-76.2768","1026","08","0","0","0","0","0","1","0","0","","0","0","0","09","1","0","01","0","40 03:38.256","","02","76 16:36.560","0","0","0","0","36101","0","0","0","N","0","0","0","5","36101","0","","1","01","N","N","0","","0","0","1","3","1","","0939","0","2","0","0","0","0","0","3","0","2","N","","","","","","","","","","","","03","  ","","",""
"0851","1","0","0","0","0","0","0","0","0","4","0","","36","04","2017","2017034627","7","40.1958","-76.203","0847","08","1","0","0","0","0","0","0","1","","0","0","0","08","1","0","02","0","40 11:44.920","","00","76 12:10.796","0","0","0","0","36408","0","0","0","N","0","0","0","2","36408","0","","1","09","N","N","0","","0","0","1","3","3","","0847","0","2","0","0","0","0","0","2","0","2","N","","","","","","","","","","","","03","  ","","",""
"1540","2","0","0","0","0","0","0","0","0","4","0","","36","03","2017","2017034635","3","40.1293","-76.2191","1536","08","0","0","0","0","0","1","0","0","2","0","0","0","15","1","1","01","1","40 07:51.556","7","00","76 13:01.609","8","0","0","0","36238","0","0","0","N","0","0","0","2","36238","0","","1","09","N","N","0","","0","0","0","3","2","N","1533","1","2","0","0","0","1","0","3","0","2","N","","","","","","","","","","","","07","  ","","",""
"2049","1","0","0","0","0","0","0","0","0","4","0","","36","03","2017","2017034670","6","40.06","-76.2775","2047","08","0","0","0","0","0","1","0","0","2","0","0","0","20","3","1","01","1","40 03:35.530","3","00","76 16:39.623","4","0","0","0","36101","0","0","0","N","0","0","0","3","36101","1","","1","01","N","N","0","","0","0","1","3","2","N","2042","1","2","0","0","0","0","0","3","0","2","N","","","","","","","","","","","","03","  ","","",""
"0418","1","0","0","0","0","0","0","0","0","7","0","","36","04","2017","2017034691","1","40.0971","-76.3051","0418","08","0","0","0","0","0","0","0","0","","0","0","0","04","2","0","00","0","40 05:49.630","","00","76 18:18.296","0","0","0","0","36101","0","0","0","N","0","0","0","1","36101","0","","4","01","N","N","0","","0","0","0","0","0","","0418","0","1","0","0","0","0","0","3","0","1","N","","","","","","","","","","","","03","  ","","",""
"2104","1","0","0","0","0","0","0","0","0","4","0","","36","03","2017","2017034693","6","40.0313","-76.315","2059","08","0","0","0","0","0","0","1","0","2","0","0","0","20","3","1","01","1","40 01:52.847","4","00","76 18:53.947","3","0","0","0","36301","0","0","0","N","0","0","0","5","36301","0","","1","01","N","N","0","","1","0","0","3","3","Y","2057","1","2","0","0","0","0","0","3","1","2","N","","","","","","","","","","","","03","  ","","",""
"1933","1","0","0","0","0","0","0","0","0","7","0","","36","04","2017","2017034708","1","40.0557","-76.4684","1930","08","0","0","0","0","0","0","0","0","3","0","0","0","19","1","1","00","2","40 03:20.401","6","00","76 28:06.074","3","0","0","0","36239","0","0","0","N","0","0","0","1","36239","0","","5","01","N","N","0","","1","0","0","0","0","Y","1930","1","1","0","0","0","0","0","3","0","1","N","","","","","","","","","","","","03","  ","","",""
"1951","0","0","0","0","0","0","0","0","0","0","0","","36","04","2017","2017034712","1","40.1809","-76.3169","1922","08","0","0","0","0","0","0","0","0","2","0","0","0","19","1","2","02","2","40 10:51.115","6","00","76 19:00.860","2","0","1","1","36235","0","0","0","","0","0","0","2","36506","1","","4","01","N","N","0","","0","1","0","0","0","Y","1922","2","1","0","0","0","0","0","1","0","1","N","","","","","","","","","","","","03","  ","","",""
"1654","2","0","0","0","0","0","0","0","0","6","0","","36","03","2017","2017034746","6","40.0375","-76.3237","1651","08","0","0","0","0","0","0","0","0","2","0","0","0","16","1","1","02","2","40 02:15.169","5","00","76 19:25.305","8","0","0","0","36301","0","0","0","N","0","0","0","5","36301","0","","1","01","N","N","0","","0","0","0","3","3","N","1651","1","2","0","0","0","1","0","3","0","2","N","","","","","","","","","","","","03","  ","","",""
"0850","2","0","0","0","0","0","0","0","0","4","0","","36","04","2017","2017034763","2","40.1097","-76.4812","0845","08","0","0","0","0","0","1","0","0","","0","0","0","08","1","0","00","0","40 06:34.788","","00","76 28:52.343","0","0","0","0","36413","0","0","0","N","0","0","0","2","36413","0","","1","01","N","N","0","","0","0","0","0","0","","0845","0","2","0","0","0","0","0","2","0","2","N","","","","","","","","","","","","03","  ","","",""
"1155","1","0","0","0","0","0","0","0","0","4","0","","36","04","2017","2017034822","2","40.1633","-76.1513","1152","08","0","0","0","0","0","1","1","0","2","0","0","0","11","1","1","02","1","40 09:47.180","4","02","76 09:02.863","8","0","0","0","36218","0","0","0","N","0","0","0","3","36408","0","","1","01","N","N","0","","0","0","1","3","2","N","1151","1","2","0","0","0","1","0","1","0","2","N","","","","","","","","","","","","03","  ","","",""
"1644","1","0","0","0","0","0","0","0","0","4","0","","36","03","2017","2017034864","7","40.1737","-76.3384","1637","08","0","0","0","0","1","0","0","0","1","0","0","0","16","1","2","01","1","40 10:25.198","7","00","76 20:18.137","3","0","0","0","36227","0","0","0","","0","0","0","4","36506","1","","1","01","N","N","0","","1","0","0","3","3","N","1637","2","2","0","0","1","0","0","1","1","2","N","","","","","","","","","","","","03","  ","","",""
"1556","1","0","0","0","0","0","0","0","0","7","0","","36","03","2017","2017034905","7","40.2159","-76.0728","1550","08","0","0","0","1","0","0","0","0","","0","0","0","15","1","0","00","0","40 12:57.593","","00","76 04:24.412","0","0","0","0","36210","0","0","0","","0","0","0","1","68T06","0","","3","09","N","N","0","","0","0","0","0","0","","1550","0","1","0","0","0","0","0","1","0","1","N","","","","","","","","","","","","03","  ","","",""
"1545","0","0","0","0","0","0","0","0","0","4","0","","36","03","2017","2017034944","4","40.028","-76.1693","1539","08","0","0","0","0","0","0","0","0","3","0","0","0","15","1","3","00","2","40 01:40.672","5","00","76 10:09.579","3","0","0","0","36215","0","0","0","N","0","0","0","10","36215","2","","1","01","N","N","1","","1","0","1","0","0","Y","1538","3","2","0","0","6","0","0","1","0","2","N","","","","","","","","","","","","03","  ","","",""
"1756","2","0","0","0","0","0","0","0","0","4","0","","36","04","2017","2017034952","2","40.0441","-76.2836","1725","08","0","0","0","0","1","1","0","0","2","0","0","0","17","1","0","01","1","40 02:38.911","1","00","76 17:01.053","0","0","0","0","36220","0","0","0","N","0","0","0","2","36101","0","","1","01","N","N","0","","0","0","0","3","3","N","1724","0","2","0","0","0","0","0","3","0","2","N","","","","","","","","","","","","03","  ","","",""
"1713","2","0","0","0","0","0","0","0","0","4","0","","36","03","2017","2017034958","5","40.077","-76.5541","1711","08","1","0","0","0","0","0","0","0","2","0","0","0","17","8","0","01","1","40 04:37.275","5","00","76 33:14.778","0","0","0","0","36211","0","0","0","N","0","0","0","5","36504","0","","1","09","N","N","0","","0","0","0","3","3","N","1708","0","2","0","0","0","0","0","1","0","2","N","","","","","","","","","","","","03","  ","","",""
"2012","1","0","0","0","0","0","0","0","0","4","0","","36","04","2017","2017034969","2","40.0367","-76.3132","2009","08","0","0","0","0","0","0","0","0","","0","0","0","20","3","0","00","0","40 02:12.209","","00","76 18:47.397","0","0","0","0","36301","0","0","0","N","0","0","0","2","36301","0","","4","01","N","N","0","","0","0","1","0","0","","2008","0","2","0","0","0","0","0","3","0","2","N","","","","","","","","","","","","03","  ","","",""
"0454","0","0","0","0","0","0","0","0","0","0","1","","36","04","2017","2017034973","2","40.2067","-76.1146","0451","08","0","0","0","0","0","1","0","0","3","0","1","0","04","2","0","00","1","40 12:24.012","1","00","76 06:52.571","0","0","0","0","36210","0","0","0","N","0","0","0","1","36210","0","","1","01","N","N","0","","0","0","0","0","0","N","0447","0","1","0","0","0","0","0","1","0","1","N","","","","","","","","","","","","03","  ","","",""
"2314","1","0","0","0","0","0","0","0","0","5","0","","36","04","2017","2017034977","1","39.9771","-76.2479","2308","08","0","0","0","1","0","0","0","0","2","0","0","1","23","2","0","00","2","39 58:37.609","5","00","76 14:52.344","0","0","0","0","36240","3","0","0","N","0","0","0","4","36240","0","","1","01","N","N","0","","0","0","0","0","0","Y","2307","0","2","0","0","0","0","0","1","0","1","N","","","","","","","","","","","","03","  ","","",""
"0708","0","0","0","0","0","0","0","0","0","1","0","","36","04","2017","2017034995","3","40.1003","-76.2577","0657","08","0","0","0","0","0","0","1","0","","0","0","0","06","1","2","06","0","40 05:53.444","","02","76 15:32.557","4","0","0","0","36101","0","0","0","N","0","0","0","2","36101","2","","1","09","N","N","0","","0","0","2","3","4","","0631","2","2","0","0","0","0","0","3","0","2","N","","","","","","","","","","","","03","  ","","",""
"0803","1","0","0","0","0","0","0","0","0","7","0","","36","04","2017","2017035019","3","40.2052","-76.1517","0800","08","0","0","0","0","0","0","0","0","2","0","0","0","07","1","1","01","1","40 12:22.017","2","00","76 08:56.396","3","0","0","0","36210","0","0","0","N","0","0","0","2","36210","0","","5","09","N","N","0","","1","0","0","3","2","N","0755","1","1","0","0","0","0","0","1","0","1","N","","","","","","","","","","","","07","  ","","",""
"1608","1","0","0","0","0","0","0","0","0","4","0","","36","03","2017","2017035030","5","40.0566","-76.3056","1559","08","0","0","0","0","0","0","0","0","2","0","0","0","15","1","0","00","1","40 03:23.932","2","07","76 18:20.215","0","0","0","0","36101","0","0","0","N","0","0","0","2","36101","0","","1","01","N","N","0","","0","0","1","0","0","N","1558","0","2","0","0","0","0","0","3","0","2","N","","","","","","","","","","","","03","  ","","",""
"1205","1","0","0","0","0","0","0","0","0","7","0","","36","03","2017","2017035051","6","40.0626","-76.542","1202","08","0","0","0","0","0","0","0","1","","0","0","0","12","1","0","10","0","40 03:45.407","","00","76 32:31.035","0","0","0","0","36211","0","0","0","N","0","0","0","2","36504","0","","5","09","N","N","0","","0","0","0","3","2","","1201","0","1","0","0","0","0","0","1","0","1","N","","","","","","","","","","","","07","  ","","",""
"1254","0","0","0","0","0","0","0","0","0","1","0","","36","04","2017","2017035071","3","40.1633","-76.1511","1247","08","0","0","0","0","0","0","1","0","2","0","0","0","12","1","1","02","1","40 09:47.575","4","02","76 09:02.737","8","0","0","0","36218","0","0","0","N","0","0","0","2","36408","0","","1","01","N","N","2","","0","0","0","0","0","Y","1245","1","2","0","0","1","1","0","1","0","2","N","","","","","","","","","","","","03","  ","","",""
"1806","1","0","0","0","0","0","0","0","0","4","0","","36","04","2017","2017035121","3","40.1051","-76.3322","1804","08","0","0","0","0","0","1","0","0","","0","0","0","17","1","0","01","0","40 06:18.477","","00","76 19:55.804","0","0","0","0","36101","0","0","0","N","0","0","0","2","36101","0","","1","01","N","N","0","","0","0","1","3","2","","1758","0","2","0","0","0","0","0","3","0","2","N","","","","","","","","","","","","03","  ","","",""
"2036","1","0","0","0","0","0","0","0","0","1","0","","36","04","2017","2017035133","3","40.0195","-76.178","2033","08","0","0","0","0","0","0","0","0","2","0","0","0","20","2","0","00","1","40 01:10.335","3","00","76 10:40.792","0","0","0","0","36215","0","0","0","N","0","0","0","3","36215","0","","1","01","N","N","1","","0","0","0","0","0","N","2031","0","2","0","0","0","0","0","1","0","2","N","","","","","","","","","","","","03","  ","","",""
"1855","0","0","0","0","0","0","0","0","0","7","0","","36","04","2017","2017035136","3","40.0265","-76.3371","1840","08","0","0","0","0","0","0","0","0","2","0","0","0","18","1","1","00","2","40 01:35.400","6","00","76 20:13.520","3","0","0","1","36220","0","0","0","N","0","0","0","1","36101","0","","2","01","N","N","0","","1","0","0","0","0","Y","1835","1","1","0","0","0","0","0","3","0","1","N","","","","","","","","","","","","03","  ","","",""
"0928","1","0","0","0","0","0","0","0","0","4","0","","36","04","2017","2017035161","7","40.0559","-76.3296","0916","08","0","0","0","0","0","1","1","0","1","0","0","0","09","1","0","02","1","40 03:21.360","2","00","76 19:46.703","0","0","0","0","36101","0","0","0","N","0","0","0","2","36101","0","","1","01","N","N","0","","0","0","1","3","3","N","0909","0","2","0","0","0","0","0","3","0","2","N","","","","","","","","","","","","03","  ","","",""
"1059","1","0","0","0","0","0","0","0","0","1","0","","36","04","2017","2017035165","7","40.0889","-76.305","1055","08","0","0","1","0","0","1","0","0","","0","0","0","10","1","0","00","0","40 05:20.205","","00","76 18:18.000","0","0","0","0","36101","0","0","0","N","0","0","0","2","36101","0","","1","01","N","N","0","","0","0","1","3","2","","1044","0","2","0","0","0","0","0","3","0","2","N","","","","","","","","","","","","03","  ","","",""
"0722","2","0","0","0","0","0","0","0","0","4","0","","36","03","2017","2017035208","6","40.133","-76.1129","0718","08","0","0","0","0","0","0","0","0","1","0","0","0","07","1","0","01","1","40 07:58.926","5","00","76 06:46.330","0","0","0","0","36209","0","0","0","N","0","0","0","2","36415","0","","1","09","N","N","0","","0","0","0","3","3","N","0715","0","2","0","0","0","0","0","1","0","2","N","","","","","","","","","","","","07","  ","","",""
"1249","2","0","0","0","0","0","0","0","0","2","0","","36","04","2017","2017035215","7","40.1111","-76.0661","1247","08","0","1","0","0","0","0","0","0","1","0","0","0","12","1","2","00","1","40 06:39.793","6","07","76 03:57.808","4","0","0","0","36415","0","0","0","N","0","0","0","2","36415","2","","1","01","N","N","0","","0","0","0","0","0","N","1245","2","2","0","0","0","0","0","1","0","2","N","","","","","","","","","","","","03","  ","","",""
"1313","1","0","0","0","0","0","0","0","0","4","0","","36","04","2017","2017035239","4","40.1059","-76.0254","1309","08","0","0","0","0","0","0","0","0","2","0","0","0","13","1","2","01","2","40 06:20.847","1","00","76 01:31.334","8","0","0","0","36213","0","0","0","N","0","0","0","3","36213","0","","1","01","N","N","0","","0","0","1","3","3","N","1309","2","2","0","0","0","2","0","1","0","2","N","","","","","","","","","","","","03","  ","","",""