"ARRIVAL_TM","AUTOMOBILE_COUNT","BELTED_DEATH_COUNT","BELTED_SUSP_SERIOUS_INJ_COUNT","BICYCLE_COUNT","BICYCLE_DEATH_COUNT","BICYCLE_SUSP_SERIOUS_INJ_COUNT","BUS_COUNT","CHLDPAS_DEATH_COUNT","CHLDPAS_SUSP_SERIOUS_INJ_COUNT","COLLISION_TYPE","COMM_VEH_COUNT","CONS_ZONE_SPD_LIM","COUNTY","CRASH_MONTH","CRASH_YEAR","CRN","DAY_OF_WEEK","DEC_LAT","DEC_LONG","DISPATCH_TM","DISTRICT","DRIVER_COUNT_16YR","DRIVER_COUNT_17YR","DRIVER_COUNT_18YR","DRIVER_COUNT_19YR","DRIVER_COUNT_20YR","DRIVER_COUNT_50_64YR","DRIVER_COUNT_65_74YR","DRIVER_COUNT_75PLUS","EST_HRS_CLOSED","FATAL_COUNT","HEAVY_TRUCK_COUNT","HORSE_BUGGY_COUNT","HOUR_OF_DAY","ILLUMINATION","INJURY_COUNT","INTERSECT_TYPE","LANE_CLOSED","LATITUDE","LN_CLOSE_DIR","LOCATION_TYPE","LONGITUDE","MAX_SEVERITY_LEVEL","MCYCLE_DEATH_COUNT","MCYCLE_SUSP_SERIOUS_INJ_COUNT","MOTORCYCLE_COUNT","MUNICIPALITY","NONMOTR_COUNT","NONMOTR_DEATH_COUNT","NONMOTR_SUSP_SERIOUS_INJ_COUNT","NTFY_HIWY_MAINT","PED_COUNT","PED_DEATH_COUNT","PED_SUSP_SERIOUS_INJ_COUNT","PERSON_COUNT","POLICE_AGCY","POSSIBLE_INJ_COUNT","RDWY_SURF_TYPE_CD","RELATION_TO_ROAD","ROAD_CONDITION","SCH_BUS_IND","SCH_ZONE_IND","SMALL_TRUCK_COUNT","SPEC_JURIS_CD","SUSP_MINOR_INJ_COUNT","SUSP_SERIOUS_INJ_COUNT","SUV_COUNT","TCD_FUNC_CD","TCD_TYPE","TFC_DETOUR_IND","TIME_OF_DAY","TOT_INJ_COUNT","TOTAL_UNITS","UNB_DEATH_COUNT","UNB_SUSP_SERIOUS_INJ_COUNT","UNBELTED_OCC_COUNT","UNK_INJ_DEG_COUNT","UNK_INJ_PER_COUNT","URBAN_RURAL","VAN_COUNT","VEHICLE_COUNT","WORK_ZONE_IND","WORK_ZONE_LOC","WORK_ZONE_TYPE","WORKERS_PRES","WZ_CLOSE_DETOUR","WZ_FLAGGER","WZ_LAW_OFFCR_IND","WZ_LN_CLOSURE","WZ_MOVING","WZ_OTHER","WZ_SHLDER_MDN","ROADWAY_CLEARED","WEATHER1","WEATHER2","WZ_WORKERS_INJ_KILLED","SECONDARY_CRASH","INTERSECTION_RELATED"
"1133","2","0","0","0","0","0","0","0","0","1","0","","36","04","2017","2017035301","2","40.038","-76.3463","1126","08","0","0","0","1","0","1","0","0","","0","0","0","11","1","2","00","0","40 02:16.875","","00","76 20:46.682","4","0","0","0","36214","0","0","0","","0","0","0","3","36214","1","","1","01","N","N","0","","0","0","0","0","0","","1123","2","2","0","0","1","1","0","3","0","2","N","","","","","","","","","","","","03","  ","","",""
"1056","0","0","0","0","0","0","0","0","0","4","0","","36","04","2017","2017035302","3","40.0726","-76.3951","1053","08","0","1","0","0","0","1","0","0","1","0","0","0","10","1","1","01","1","40 04:21.442","3","00","76 23:42.234","3","0","0","0","36214","0","0","0","","0","0","0","2","36214","0","","1","09","N","N","0","","1","0","2","3","3","N","1050","1","2","0","0","0","0","0","3","0","2","N","","","","","","","","","","","","03","  ","","",""
"1804","0","0","0","0","0","0","0","0","0","1","0","","36","03","2017","2017035303","4","40.0201","-76.3564","1802","08","0","0","0","0","0","0","1","0","","0","0","0","17","1","0","00","0","40 01:12.235","","00","76 21:22.885","0","0","0","0","36223","0","0","0","","0","0","0","2","36223","0","","1","01","N","N","0","","0","0","2","0","0","","1753","0","2","0","0","0","0","0","1","0","2","N","","","","","","","","","","","","03","  ","","",""
"1222","0","0","1","0","0","0","0","0","0","1","1","","36","03","2017","2017035304","3","40.1437","-76.3817","1215","08","0","0","0","0","0","0","0","0","2","0","1","0","12","1","5","01","2","40 08:37.371","1","00","76 22:53.969","2","0","0","0","36227","0","0","0","","0","0","0","6","36506","0","","1","01","N","N","0","","3","1","2","3","2","Y","1215","5","4","0","0","0","1","0","1","1","4","N","","","","","","","","","","","","03","  ","","",""
"1505","0","0","0","0","0","0","0","0","0","0","1","","36","03","2017","2017035305","4","40.1395","-76.353","1458","08","0","0","0","0","0","1","0","0","3","0","0","0","14","1","0","02","2","40 08:22.027","3","00","76 21:10.683","0","0","0","0","36227","0","0","0","","0","0","0","2","36506","0","","1","01","N","N","1","","0","0","0","3","3","Y","1458","0","1","0","0","0","0","0","1","0","1","N","","","","","","","","","","","","03","  ","","",""
"1045","2","0","0","0","0","0","0","0","0","4","0","","36","04","2017","2017035306","3","40.1737","-76.3384","1045","08","0","0","0","0","0","0","0","0","","0","0","0","10","1","0","01","0","40 10:25.198","","00","76 20:18.137","0","0","0","0","36227","0","0","0","","0","0","0","3","36506","0","","1","01","N","N","0","","0","0","0","1","3","","1045","0","2","0","0","0","0","0","1","0","2","N","","","","","","","","","","","","03","  ","","",""
"1840","0","0","0","0","0","0","0","0","0","4","0","","36","03","2017","2017035404","1","39.7684","-76.1552","1821","08","0","0","0","0","0","1","0","0","","0","0","0","18","1","1","02","0","39 46:06.308","","00","76 09:18.597","3","0","0","0","36219","0","0","0","","0","0","0","5","68J01","0","","1","01","N","N","0","","1","0","1","3","3","","1818","1","2","0","0","0","0","0","1","1","2","N","","","","","","","","","","","","03","  ","","",""
"0825","0","0","0","0","0","0","0","0","0","4","0","","36","03","2017","2017035414","4","40.0079","-76.1347","0527","08","0","0","0","0","0","0","0","0","","0","0","0","03","2","0","00","0","40 00:28.427","","00","76 08:04.963","9","0","0","0","36226","0","0","0","","0","0","0","1","68J01","0","","4","01","N","N","1","","0","0","0","0","0","","0345","0","2","0","0","0","0","1","1","0","2","N","","","","","","","","","","","","03","  ","","",""
"1547","1","0","0","0","0","0","0","0","0","1","0","90","36","04","2017","2017035469","4","40.1425","-76.5949","1544","08","0","0","1","0","0","0","0","0","2","0","0","0","15","1","0","02","1","40 08:33.133","2","00","76 35:41.606","0","0","0","0","36407","0","0","0","N","0","0","0","2","36407","0","","1","01","N","N","1","","0","0","0","3","3","N","1543","0","2","0","0","0","0","0","2","0","2","Y","4","1","Y","","Y","N","","","","Y","","03","  ","","",""
"1730","1","0","0","0","0","0","0","0","0","4","0","","36","03","2017","2017035476","4","40.2236","-76.2918","1640","08","0","0","0","1","0","1","0","0","","0","0","0","16","1","1","02","0","40 13:24.883","","00","76 17:30.473","3","0","0","0","36217","0","0","0","","0","0","0","4","68J01","0","","1","01","N","N","0","","1","0","2","3","3","","1634","1","3","0","0","0","0","0","1","0","3","N","","","","","","","","","","","","03","  ","","",""
"1305","0","0","0","0","0","0","0","0","0","4","0","","36","03","2017","2017035487","5","40.1374","-75.9764","1251","08","0","0","0","0","0","1","0","1","","0","0","0","12","1","1","02","0","40 08:14.538","","00","75 58:34.935","3","0","0","0","36203","0","0","0","","0","0","0","2","68J01","0","","1","01","N","N","0","","1","0","1","3","3","","1249","1","2","0","0","0","0","0","1","1","2","N","","","","","","","","","","","","03","  ","","",""
"1335","1","0","0","0","0","0","0","0","0","7","0","","36","04","2017","2017035542","4","40.0938","-76.2842","1331","08","0","0","0","0","0","0","0","0","","0","0","0","13","1","1","03","0","40 05:37.803","","00","76 17:03.230","3","0","0","0","36101","0","0","0","N","0","0","0","1","36101","0","","4","01","N","N","0","","1","0","0","0","0","","1331","1","1","0","0","0","0","0","3","0","1","N","","","","","","","","","","","","03","  ","","",""
"1002","0","0","0","0","0","0","0","0","0","4","1","","36","04","2017","2017035571","2","39.9913","-76.0212","0951","08","0","0","0","0","0","1","1","0","1","0","1","0","09","1","1","00","1","39 59:28.800","1","00","76 01:16.508","3","0","0","0","36232","0","0","0","","0","0","0","2","68J01","0","","1","01","N","N","0","","1","0","1","0","0","N","0945","1","2","0","0","0","0","0","1","0","2","N","","","","","","","","","","","","03","  ","","",""
"1612","1","0","0","0","0","0","0","0","0","7","0","","36","04","2017","2017035863","3","40.0414","-76.3868","1559","08","0","0","0","0","0","0","0","0","1","0","0","0","15","1","0","02","1","40 02:28.912","1","00","76 23:12.345","0","0","0","0","36214","0","0","0","","0","0","0","1","36214","0","","4","01","N","N","0","","0","0","0","3","2","N","1556","0","1","0","0","0","0","0","3","0","1","N","","","","","","","","","","","","03","  ","","",""
"0043","0","0","0","0","0","0","0","0","0","4","0","","36","02","2017","2017035887","4","39.9978","-76.056","0021","08","0","0","0","0","0","0","1","0","1","0","0","0","00","2","0","02","1","39 59:51.690","6","00","76 03:19.150","0","0","0","0","36232","0","0","0","","0","0","0","3","68J01","0","","1","01","N","N","1","","0","0","1","0","0","N","0021","0","2","0","0","0","0","0","1","0","2","N","","","","","","","","","","","","03","  ","","",""
"1137","1","0","0","0","0","0","0","0","0","5","0","","36","02","2017","2017035893","3","39.9925","-76.0232","1115","08","0","0","0","0","0","0","0","0","","0","0","0","11","1","0","00","0","39 59:32.215","","00","76 01:18.816","0","0","0","0","36232","0","0","0","","0","0","0","2","68J01","0","","1","01","N","N","0","","0","0","1","0","0","","1110","0","2","0","0","0","0","0","1","0","2","N","","","","","","","","","","","","03","  ","","",""
"1701","1","0","0","0","0","0","0","0","0","6","0","","36","04","2017","2017035981","4","39.8945","-76.3623","1654","08","0","0","0","0","0","1","0","0","2","0","0","0","16","1","2","00","2","39 53:40.330","5","00","76 21:44.300","8","0","0","0","36206","0","0","0","N","0","0","0","5","36503","0","","1","01","N","N","0","","0","0","1","0","0","Y","1654","2","2","0","0","0","2","0","1","0","2","N","","","","","","","","","","","","03","  ","","",""
"1901","1","0","0","0","0","0","0","0","0","1","0","","36","04","2017","2017035982","3","40.141","-76.5918","1848","08","0","0","0","0","0","0","0","0","","0","0","0","18","4","0","00","0","40 08:27.532","","00","76 35:30.442","0","0","0","0","36237","0","0","0","N","0","0","0","4","36505","0","","1","01","N","N","0","","0","0","1","0","0","","1845","0","2","0","0","0","0","0","1","0","2","N","","","","","","","","","","","","03","  ","","",""
"1848","0","0","0","0","0","0","0","0","0","0","0","","36","04","2017","2017036000","4","40.1748","-76.6216","1842","08","0","0","0","0","0","1","0","0","2","0","0","0","18","4","2","00","2","40 10:29.270","5","00","76 37:17.640","8","0","0","1","36225","0","0","0","N","0","0","0","2","36505","0","","5","01","N","N","0","","0","0","0","0","0","Y","1840","2","1","0","0","0","2","0","2","0","1","N","","","","","","","","","","","","03","  ","","",""
"2306","1","0","0","0","0","0","0","0","0","7","0","","36","04","2017","2017036012","4","40.0527","-76.3773","2302","08","0","0","0","1","0","0","0","0","1","0","0","0","23","2","0","00","1","40 03:09.637","4","00","76 22:38.441","0","0","0","0","36214","0","0","0","N","0","0","0","3","36214","0","","2","01","N","N","0","","0","0","0","0","0","N","2300","0","1","0","0","0","0","0","3","0","1","N","","","","","","","","","","","","03","  ","","",""
"0252","1","0","0","0","0","0","0","0","0","8","0","","36","04","2017","2017036028","2","40.0483","-76.3023","0249","08","0","0","0","0","0","0","0","0","","0","0","0","00","3","1","01","0","40 02:54.013","","00","76 18:08.125","8","0","0","0","36301","1","0","0","N","1","0","0","2","36301","0","","1","01","N","N","0","","0","0","0","0","0","","0001","1","2","0","0","0","1","0","3","0","1","N","","","","","","","","","","","","03","  ","","",""
"2005","1","0","0","0","0","0","0","0","0","1","0","","36","04","2017","2017036031","4","40.0382","-76.3407","2002","08","0","0","0","0","0","1","0","0","2","0","0","0","20","2","2","00","2","40 02:17.557","6","00","76 20:26.437","3","0","0","0","36220","0","0","0","N","0","0","0","5","36101","1","","1","01","N","N","0","","1","0","1","0","0","Y","2001","2","3","0","0","0","0","0","3","1","3","N","","","","","","","","","","","","03","  ","","",""
"0355","1","0","0","0","0","0","0","0","0","7","0","","36","03","2017","2017036041","4","40.0404","-76.2463","0349","08","0","0","0","0","0","0","0","0","2","0","0","0","03","3","0","06","2","40 02:25.562","4","02","76 14:49.262","0","0","0","0","36215","0","0","0","N","0","0","0","1","36215","0","","4","01","N","N","0","","0","0","0","3","4","N","0348","0","1","0","0","0","0","0","1","0","1","N","","","","","","","","","","","","03","  ","","",""
"2056","0","0","0","0","0","0","0","0","0","0","1","","36","03","2017","2017036063","4","40.2148","-76.0673","2045","08","0","0","0","0","0","0","0","0","","0","1","0","20","2","0","00","0","40 12:53.411","","00","76 04:02.692","0","0","0","0","36202","0","0","0","","0","0","0","1","68T06","0","","1","01","N","N","0","","0","0","1","0","0","","2045","0","2","0","0","0","0","0","1","0","2","N","","","","","","","","","","","","03","  ","","",""
"1512","1","0","0","0","0","0","0","0","0","7","0","","36","03","2017","2017036069","5","40.2231","-76.4183","1457","08","0","0","0","0","0","0","0","0","","0","0","0","14","1","1","00","0","40 13:22.861","","00","76 25:04.271","3","0","0","0","36227","0","0","0","","0","0","0","1","68T06","0","","3","01","N","N","0","","1","0","0","0","0","","1455","1","1","0","0","0","0","0","1","0","1","N","","","","","","","","","","","","03","  ","","",""
"1912","1","0","0","0","0","0","0","0","0","7","0","","36","03","2017","2017036091","6","40.2099","-76.0377","1900","08","0","0","0","1","0","0","0","0","","0","0","0","19","1","0","00","0","40 12:35.808","","00","76 02:18.226","0","0","0","0","36202","0","0","0","","0","0","0","1","68T06","0","","2","08","N","N","0","","0","0","0","0","0","","1900","0","1","0","0","0","0","0","1","0","1","N","","","","","","","","","","","","07","  ","","",""
"0206","3","0","0","0","0","0","0","0","0","4","0","","36","04","2017","2017036107","1","40.0493","-76.3035","0205","08","0","0","0","0","0","0","0","0","2","0","0","0","02","3","4","01","2","40 02:57.790","1","00","76 18:12.495","3","0","0","0","36301","0","0","0","","0","0","0","5","36301","0","","1","01","","","0","","2","0","0","3","2","Y","0203","4","3","0","0","4","2","0","3","0","3","N","","","","","","","","","","","","03","  ","","",""
"1537","1","0","0","0","0","0","0","0","0","4","0","","36","04","2017","2017036120","4","40.1565","-76.1996","1536","08","0","0","0","0","0","0","1","0","1","0","0","0","15","1","1","01","2","40 09:23.418","7","00","76 11:58.408","4","0","0","1","36402","0","0","0","N","0","0","0","2","36402","1","","1","01","N","N","0","","0","0","0","0","0","N","1534","1","2","0","0","0","0","0","2","0","2","N","","","","","","","","","","","","03","  ","","",""
"1717","2","0","0","0","0","0","0","0","0","2","0","","36","03","2017","2017036144","6","40.1537","-76.5736","1710","08","0","0","0","0","0","1","0","0","2","0","0","0","17","1","2","01","1","40 09:13.302","3","00","76 34:24.849","4","0","0","0","36225","0","0","0","N","0","0","0","3","36505","2","","1","09","N","N","0","","0","0","0","3","3","N","1705","2","2","0","0","0","0","0","2","0","2","N","","","","","","","","","","","","07","  ","","",""
"1050","1","0","0","0","0","0","0","0","0","7","0","","36","04","2017","2017036194","2","40.1854","-76.5864","1034","08","0","1","0","0","0","0","0","0","2","0","0","0","10","1","2","02","1","40 11:07.262","4","01","76 35:11.073","3","0","0","0","36225","0","0","0","N","0","0","0","2","36505","1","","4","01","N","N","0","","1","0","0","0","0","N","1030","2","1","0","0","0","0","0","2","0","1","N","","","","","","","","","","","","03","  ","","",""
"1111","1","0","0","0","0","0","0","0","0","7","0","","36","04","2017","2017036228","5","40.0386","-76.4579","1104","08","0","0","0","0","0","0","0","0","","0","0","0","10","1","0","00","0","40 02:18.811","","00","76 27:28.408","0","0","0","0","36239","0","0","0","Y","0","0","0","2","36239","0","","3","09","N","N","0","","0","0","0","0","0","","1058","0","1","0","0","0","0","0","3","0","1","N","","","","","","","","","","","","07","  ","","",""
"0842","1","0","0","0","0","0","0","0","0","4","0","","36","03","2017","2017036273","5","39.9294","-76.2528","0816","08","0","0","0","0","0","0","0","1","2","0","0","0","08","1","2","01","2","39 55:45.777","2","00","76 15:09.973","3","0","0","0","36229","0","0","0","","0","0","0","2","68J01","0","","1","01","N","N","1","","1","0","0","3","3","Y","0815","2","2","0","0","0","1","0","1","0","2","N","","","","","","","","","","","","03","  ","","",""
"1825","3","0","0","0","0","0","0","0","0","5","0","","36","03","2017","2017036314","5","40.0408","-76.3086","1818","08","0","0","0","0","0","0","0","0","","0","0","0","18","4","0","00","0","40 02:26.930","","00","76 18:31.100","0","0","0","0","36301","0","0","0","N","0","0","0","1","36301","0","","1","02","N","N","0","","0","0","0","3","2","","1815","0","3","0","0","0","0","0","3","0","3","N","","","","","","","","","","","","10","  ","","",""
"0220","0","0","1","0","0","0","0","0","0","7","0","","36","04","2017","2017036317","7","40.0433","-76.2865","0214","08","0","0","0","0","0","0","0","0","2","0","0","0","02","3","2","00","2","40 02:36.036","3","00","76 17:11.487","2","0","0","0","36101","0","0","0","N","0","0","0","2","36101","0","","5","01","N","N","0","","1","1","1","0","0","N","0213","2","1","0","0","0","0","0","3","0","1","N","","","","","","","","","","","","03","  ","","",""
"1615","1","0","0","0","0","0","0","0","0","7","0","","36","03","2017","2017036341","2","39.991","-76.2593","1611","08","0","0","1","0","0","0","0","0","2","0","0","0","16","1","0","00","1","39 59:27.774","6","00","76 15:33.348","0","0","0","0","36240","0","0","0","Y","0","0","0","1","36240","0","","2","01","N","N","0","","0","0","0","0","0","Y","1611","0","1","0","0","0","0","0","1","0","1","N","","","","","","","","","","","","03","  ","","",""
"1612","2","0","0","0","0","0","0","0","0","4","0","","36","03","2017","2017036352","4","40.1886","-76.1892","1606","08","0","0","0","0","0","0","1","0","1","0","0","0","16","1","0","01","1","40 11:18.916","4","00","76 11:21.037","0","0","0","0","36408","0","0","0","N","0","0","0","2","36408","0","","1","01","N","N","0","","0","0","0","0","0","N","1605","0","2","0","0","0","0","0","2","0","2","N","","","","","","","","","","","","03","  ","","",""
"1543","1","0","0","1","0","0","0","0","0","4","0","","36","04","2017","2017036381","2","40.0421","-76.2814","1536","08","0","0","0","0","0","1","0","0","2","0","0","0","15","1","1","02","1","40 02:31.402","3","00","76 16:53.084","4","0","0","0","36220","1","0","0","N","0","0","0","2","36101","1","","1","01","N","N","0","","0","0","0","0","0","N","1535","1","2","0","0","0","0","0","3","0","1","N","","","","","","","","","","","","03","  ","","",""
"0950","0","0","0","0","0","0","0","0","0","8","0","","36","03","2017","2017036397","7","40.0461","-76.3052","0948","08","0","0","0","0","0","0","0","0","2","0","0","0","09","1","1","01","1","40 02:45.778","6","00","76 18:18.606","3","0","0","0","36301","1","0","0","","1","0","0","2","36301","0","","1","01","N","N","0","","1","0","1","3","2","Y","0946","1","2","0","0","0","0","0","3","0","1","N","","","","","","","","","","","","03","  ","","",""
"1520","0","0","1","0","0","0","0","0","0","7","0","","36","04","2017","2017036466","3","40.102","-76.3972","1514","08","0","1","0","0","0","0","0","0","2","0","0","0","15","1","1","00","2","40 06:07.120","6","00","76 23:49.848","2","0","0","0","36214","0","0","0","N","0","0","0","1","36214","0","","4","01","N","N","1","","0","1","0","0","0","N","1510","1","1","0","0","0","0","0","3","0","1","N","","","","","","","","","","","","03","  ","","",""
"1621","1","0","0","0","0","0","0","0","0","4","0","","36","03","2017","2017036474","5","40.1001","-76.3524","1602","08","0","0","0","0","0","1","0","0","","0","0","0","16","1","0","01","0","40 06:00.506","","00","76 21:08.532","9","0","0","0","36406","0","0","0","N","0","0","0","4","36101","0","","1","01","N","N","1","","0","0","0","0","0","","1600","0","2","0","0","0","0","1","3","0","2","N","","","","","","","","","","","","03","  ","","",""
"1648","2","0","0","0","0","0","0","0","0","1","0","","36","04","2017","2017036477","5","40.0692","-76.308","1634","08","0","0","0","0","0","0","0","0","","0","0","0","16","1","1","00","0","40 04:09.052","","03","76 18:28.877","3","0","0","0","36101","0","0","0","N","0","0","0","2","36101","0","","1","09","N","N","0","","1","0","0","0","0","","1632","1","2","0","0","0","0","0","3","0","2","N","","","","","","","","","","","","03","  ","","",""
"1651","4","0","0","0","0","0","0","0","0","1","0","","36","04","2017","2017036485","3","40.038","-76.3201","1636","08","0","0","0","0","0","0","0","0","","0","0","0","16","1","1","00","0","40 02:16.708","","00","76 19:12.200","4","0","0","0","36301","0","0","0","N","0","0","0","1","36301","1","","4","01","N","N","0","","0","0","0","0","0","","1627","1","4","0","0","0","0","0","3","0","4","N","","","","","","","","","","","","03","  ","","",""
"1457","3","0","0","0","0","0","0","0","0","1","0","","36","04","2017","2017036490","3","40.0939","-76.2844","1443","08","0","3","0","0","0","0","0","0","","0","0","0","14","1","0","00","0","40 05:37.995","","00","76 17:03.822","0","0","0","0","36101","0","0","0","N","0","0","0","5","36101","0","","1","01","N","N","0","","0","0","0","0","0","","1440","0","3","0","0","1","0","0","3","0","3","N","","","","","","","","","","","","03","  ","","",""
"0743","1","0","0","0","0","0","0","0","0","4","0","","36","04","2017","2017036498","6","40.1968","-76.1691","0740","08","0","0","0","0","0","2","0","0","2","0","0","0","07","1","2","01","1","40 11:48.459","7","00","76 10:08.984","4","0","0","0","36218","0","0","0","N","0","0","0","2","36408","1","","1","09","N","N","0","","0","0","1","3","2","N","0736","2","2","0","0","0","1","0","1","0","2","N","","","","","","","","","","","","07","  ","","",""
"0848","2","0","0","0","0","0","0","0","0","4","1","","36","04","2017","2017036515","6","39.8986","-76.1593","0845","08","0","0","0","0","0","2","0","0","1","0","1","0","08","1","0","01","1","39 53:54.870","6","00","76 09:33.620","0","0","0","0","36416","0","0","0","N","0","0","0","5","36416","0","","1","01","N","N","0","","0","0","0","3","3","N","0843","0","3","0","0","0","0","0","1","0","3","N","","","","","","","","","","","","03","  ","","",""
"1638","2","0","0","0","0","0","0","0","0","1","0","","36","04","2017","2017036548","6","40.0112","-76.2993","1638","08","0","0","0","0","0","1","0","1","","0","0","0","16","1","2","00","0","40 00:40.245","","00","76 17:57.574","4","0","0","0","36240","0","0","0","N","0","0","0","5","36240","2","","1","01","N","N","1","","0","0","0","0","0","","1635","2","3","0","0","0","0","0","1","0","3","N","","","","","","","","","","","","03","  ","","",""
"0521","1","0","0","0","0","0","0","0","0","7","0","","36","04","2017","2017036630","6","39.9525","-76.0964","0510","08","0","0","0","0","0","0","0","0","2","0","0","0","05","2","0","00","1","39 57:09.000","1","00","76 05:47.193","0","0","0","0","36201","0","0","0","","0","0","0","1","68J01","0","","2","01","N","N","0","","0","0","0","0","0","N","0510","0","1","0","0","0","0","0","1","0","1","N","","","","","","","","","","","","03","  ","","",""
"1800","1","0","0","0","0","0","0","0","0","5","0","","36","04","2017","2017036635","3","40.0379","-76.2745","1745","08","0","0","0","0","0","1","0","1","2","0","0","0","17","1","0","02","1","40 02:16.864","3","00","76 16:28.492","0","0","0","0","36220","0","0","0","N","0","0","0","3","36101","0","","1","01","N","N","1","","0","0","1","3","2","N","1740","0","3","0","0","0","0","0","3","0","3","N","","","","","","","","","","","","03","  ","","",""
"2311","1","0","0","0","0","0","0","0","0","1","0","","36","04","2017","2017036679","6","40.0157","-76.3496","2310","08","0","0","0","0","0","1","0","0","1","0","0","0","23","3","0","01","1","40 00:56.470","2","00","76 20:58.524","0","0","0","0","36412","0","0","0","N","0","0","0","2","36412","0","","1","01","N","N","0","","0","0","1","3","2","N","2310","0","2","0","0","0","0","0","3","0","2","N","","","","","","","","","","","","03","  ","","",""
"0530","1","0","0","1","0","0","0","0","0","4","0","","36","04","2017","2017036689","3","40.0262","-76.3072","0527","08","0","0","0","0","0","1","0","0","","0","0","0","05","3","1","00","0","40 01:34.302","","00","76 18:25.963","4","0","0","0","36301","1","0","0","N","0","0","0","2","36301","1","","1","09","N","N","0","","0","0","0","0","0","","0525","1","2","0","0","0","0","0","3","0","1","N","","","","","","","","","","","","07","  ","","",""
"0959","2","0","0","0","0","0","0","0","0","4","0","","36","04","2017","2017036766","3","40.0364","-76.4957","0956","08","0","0","0","0","0","0","1","0","1","0","0","0","09","1","0","02","1","40 02:10.982","4","00","76 29:44.699","0","0","0","0","36404","0","0","0","N","0","0","0","1","36404","0","","4","01","N","N","0","","0","0","1","3","3","N","0955","0","3","0","0","0","0","0","3","0","3","N","","","","","","","","","","","","03","  ","","",""
"1644","2","0","0","0","0","0","0","0","0","4","0","","36","04","2017","2017036767","6","40.1805","-76.2111","1642","08","0","0","0","0","0","0","2","0","1","0","0","0","16","1","0","01","1","40 10:49.758","3","00","76 12:39.923","0","0","0","0","36218","0","0","0","N","0","0","0","3","36408","0","","1","01","N","N","0","","0","0","0","0","0","N","1631","0","2","0","0","0","0","0","1","0","2","N","","","","","","","","","","","","03","  ","","",""
"1356","1","0","0","0","0","0","0","0","0","4","0","","36","04","2017","2017036775","6","40.0517","-76.3249","1349","08","0","0","0","0","1","0","1","0","2","0","0","0","13","1","1","01","1","40 03:06.123","2","00","76 19:29.542","8","0","0","0","36101","0","0","0","N","0","0","0","4","36101","0","","1","01","N","N","0","","0","0","1","3","3","N","1347","1","2","0","0","0","1","0","3","0","2","N","","","","","","","","","","","","03","  ","","",""
"1014","0","0","0","0","0","0","0","0","0","1","0","","36","04","2017","2017036784","2","40.0859","-76.3069","1009","08","0","0","0","0","0","1","0","0","","0","0","0","09","1","0","00","0","40 05:09.227","","00","76 18:24.836","0","0","0","0","36101","0","0","0","N","0","0","0","2","36101","0","","1","01","N","N","0","","0","0","1","0","0","","0948","0","2","0","0","0","0","0","3","1","2","N","","","","","","","","","","","","03","  ","","",""
"1253","0","0","0","0","0","0","0","0","0","1","0","","36","04","2017","2017036826","7","40.0391","-76.3605","1243","08","0","0","0","0","0","1","0","0","1","0","0","0","12","1","1","00","2","40 02:20.851","4","00","76 21:37.807","4","0","0","0","36214","0","0","0","N","0","0","0","4","36214","1","","1","01","N","N","1","","0","0","2","0","0","N","1240","1","3","0","0","0","0","0","3","0","3","N","","","","","","","","","","","","03","  ","","",""
"1319","2","0","0","0","0","0","0","0","0","4","0","","36","04","2017","2017036828","7","40.0426","-76.2918","1312","08","0","0","0","0","0","0","0","0","1","0","0","0","13","1","2","01","2","40 02:33.489","3","00","76 17:30.624","4","0","0","0","36301","0","0","0","N","0","0","0","3","36301","2","","1","01","N","N","0","","0","0","0","3","2","Y","1312","2","3","0","0","0","0","0","3","1","3","N","","","","","","","","","","","","03","  ","","",""
"1449","0","0","0","0","0","0","0","0","0","7","0","","36","04","2017","2017036837","6","40.1918","-76.213","1440","08","0","0","0","0","0","1","0","0","2","0","0","0","14","1","0","00","1","40 11:30.360","3","00","76 12:46.850","0","0","0","0","36218","0","0","0","N","0","0","0","1","36408","0","","5","01","N","N","0","","0","0","1","0","0","N","1429","0","1","0","0","0","0","0","1","0","1","N","","","","","","","","","","","","03","  ","","",""
"0335","1","0","0","0","0","0","0","0","0","1","0","","36","04","2017","2017036888","7","40.1622","-76.2938","0325","08","0","0","0","0","0","0","0","0","","0","0","0","03","2","0","00","0","40 09:43.830","","00","76 17:37.730","0","0","0","0","36409","0","0","0","N","0","0","0","1","36409","0","","2","01","N","N","1","","0","0","0","0","0","","0325","0","2","0","0","0","0","0","3","0","2","N","","","","","","","","","","","","03","  ","","",""
"2215","1","0","0","0","0","0","0","0","0","1","0","","36","04","2017","2017036895","7","40.07","-76.3142","2203","08","0","0","0","0","0","2","0","0","","0","0","0","22","3","4","00","0","40 04:12.147","","03","76 18:51.267","4","0","0","0","36101","0","0","0","N","0","0","0","4","36101","4","","1","01","N","N","0","","0","0","1","0","0","","2200","4","2","0","0","0","0","0","3","0","2","N","","","","","","","","","","","","03","  ","","",""
"0840","1","0","0","0","0","0","0","0","0","4","0","","36","04","2017","2017036977","7","40.0394","-76.3015","0837","08","0","0","0","0","0","1","0","0","2","0","0","0","08","1","0","00","2","40 02:21.664","1","00","76 18:05.451","0","0","0","0","36301","0","0","0","N","0","0","0","2","36301","0","","1","01","N","N","0","","0","0","0","0","0","N","0834","0","2","0","0","0","0","0","3","1","2","N","","","","","","","","","","","","03","  ","","",""