"ARRIVAL_TM","AUTOMOBILE_COUNT","BELTED_DEATH_COUNT","BELTED_SUSP_SERIOUS_INJ_COUNT","BICYCLE_COUNT","BICYCLE_DEATH_COUNT","BICYCLE_SUSP_SERIOUS_INJ_COUNT","BUS_COUNT","CHLDPAS_DEATH_COUNT","CHLDPAS_SUSP_SERIOUS_INJ_COUNT","COLLISION_TYPE","COMM_VEH_COUNT","CONS_ZONE_SPD_LIM","COUNTY","CRASH_MONTH","CRASH_YEAR","CRN","DAY_OF_WEEK","DEC_LAT","DEC_LONG","DISPATCH_TM","DISTRICT","DRIVER_COUNT_16YR","DRIVER_COUNT_17YR","DRIVER_COUNT_18YR","DRIVER_COUNT_19YR","DRIVER_COUNT_20YR","DRIVER_COUNT_50_64YR","DRIVER_COUNT_65_74YR","DRIVER_COUNT_75PLUS","EST_HRS_CLOSED","FATAL_COUNT","HEAVY_TRUCK_COUNT","HORSE_BUGGY_COUNT","HOUR_OF_DAY","ILLUMINATION","INJURY_COUNT","INTERSECT_TYPE","LANE_CLOSED","LATITUDE","LN_CLOSE_DIR","LOCATION_TYPE","LONGITUDE","MAX_SEVERITY_LEVEL","MCYCLE_DEATH_COUNT","MCYCLE_SUSP_SERIOUS_INJ_COUNT","MOTORCYCLE_COUNT","MUNICIPALITY","NONMOTR_COUNT","NONMOTR_DEATH_COUNT","NONMOTR_SUSP_SERIOUS_INJ_COUNT","NTFY_HIWY_MAINT","PED_COUNT","PED_DEATH_COUNT","PED_SUSP_SERIOUS_INJ_COUNT","PERSON_COUNT","POLICE_AGCY","POSSIBLE_INJ_COUNT","RDWY_SURF_TYPE_CD","RELATION_TO_ROAD","ROAD_CONDITION","SCH_BUS_IND","SCH_ZONE_IND","SMALL_TRUCK_COUNT","SPEC_JURIS_CD","SUSP_MINOR_INJ_COUNT","SUSP_SERIOUS_INJ_COUNT","SUV_COUNT","TCD_FUNC_CD","TCD_TYPE","TFC_DETOUR_IND","TIME_OF_DAY","TOT_INJ_COUNT","TOTAL_UNITS","UNB_DEATH_COUNT","UNB_SUSP_SERIOUS_INJ_COUNT","UNBELTED_OCC_COUNT","UNK_INJ_DEG_COUNT","UNK_INJ_PER_COUNT","URBAN_RURAL","VAN_COUNT","VEHICLE_COUNT","WORK_ZONE_IND","WORK_ZONE_LOC","WORK_ZONE_TYPE","WORKERS_PRES","WZ_CLOSE_DETOUR","WZ_FLAGGER","WZ_LAW_OFFCR_IND","WZ_LN_CLOSURE","WZ_MOVING","WZ_OTHER","WZ_SHLDER_MDN","ROADWAY_CLEARED","WEATHER1","WEATHER2","WZ_WORKERS_INJ_KILLED","SECONDARY_CRASH","INTERSECTION_RELATED"
"0229","1","0","0","0","0","0","0","0","0","7","0","","36","04","2017","2017036979","1","","","0225","08","0","0","0","1","0","0","0","0","","0","0","0","02","2","2","00","0","00 00:00.000","","00","00 00:00.000","3","0","0","0","36225","0","0","0","N","0","0","0","2","36505","0","","5","01","N","N","0","","2","0","0","0","0","","0222","2","1","0","0","0","0","0","2","0","1","N","","","","","","","","","","","","03","  ","","",""
"0900","2","0","0","0","0","0","0","0","0","4","0","","36","04","2017","2017036985","6","40.096","-76.1131","0855","08","0","0","0","0","1","0","0","1","1","0","0","0","08","1","0","02","1","40 05:45.452","1","07","76 06:47.055","0","0","0","0","36209","0","0","0","N","0","0","0","3","36415","0","","1","01","N","N","0","","0","0","2","3","3","N","0855","0","4","0","0","0","0","0","1","0","4","N","","","","","","","","","","","","03","  ","","",""
"1422","1","0","0","0","0","0","0","0","0","4","0","","36","04","2017","2017036993","6","40.1338","-76.5718","1415","08","0","0","0","0","0","0","0","0","","0","0","0","14","1","0","00","0","40 08:01.741","","07","76 34:18.486","0","0","0","0","36225","0","0","0","N","0","0","0","4","36505","0","","1","01","N","N","1","","0","0","0","0","0","","1410","0","2","0","0","0","0","0","2","0","2","N","","","","","","","","","","","","03","  ","","",""
"1630","2","0","0","0","0","0","0","0","0","1","0","","36","04","2017","2017037004","2","40.143","-76.5566","1629","08","0","0","0","0","0","1","0","0","","0","0","0","16","1","0","03","0","40 08:34.209","","00","76 33:24.478","0","0","0","0","36225","0","0","0","N","0","0","0","2","36505","0","","1","01","N","N","0","","0","0","0","3","3","","1625","0","2","0","0","0","0","0","2","0","2","N","","","","","","","","","","","","03","  ","","",""
"0555","0","0","0","0","0","0","0","0","0","8","0","","36","03","2017","2017037015","1","40.2593","-76.1245","0544","08","0","0","0","0","0","0","0","0","1","0","0","0","05","2","1","00","2","40 15:33.580","5","00","76 07:28.149","2","0","0","0","36236","1","0","1","N","1","0","1","1","36408","0","","2","01","N","N","0","","0","1","0","0","0","N","0544","1","2","0","0","0","0","0","1","0","1","N","","","","","","","","","","","","03","  ","","",""
"1717","1","0","0","0","0","0","0","0","0","2","0","","36","04","2017","2017037020","7","40.0763","-76.2324","1711","08","0","0","0","0","0","1","1","0","","0","0","0","17","1","0","02","0","40 04:34.615","","00","76 13:56.485","0","0","0","0","36215","0","0","0","N","0","0","0","3","36215","0","","1","01","N","N","0","","0","0","1","3","3","","1705","0","2","0","0","0","0","0","1","0","2","N","","","","","","","","","","","","03","  ","","",""
"1739","3","0","0","0","0","0","0","0","0","1","0","","36","03","2017","2017037030","4","40.0799","-76.3453","1728","08","0","0","0","0","0","0","0","0","1","0","0","0","17","1","0","00","1","40 04:47.459","4","00","76 20:43.134","0","0","0","0","36101","0","0","0","N","0","0","0","3","36101","0","","1","01","N","N","0","","0","0","0","0","0","N","1726","0","3","0","0","0","0","0","3","0","3","N","","","","","","","","","","","","03","  ","","",""
"0225","0","0","0","0","0","0","0","0","0","7","0","","36","04","2017","2017037115","7","40.0008","-76.3555","0224","08","0","0","0","0","0","0","0","0","3","0","0","0","02","3","0","00","1","40 00:02.741","2","00","76 21:19.622","0","0","0","0","36412","0","0","0","N","0","0","0","1","36412","0","","2","01","","","0","","0","0","1","0","0","N","0222","0","1","0","0","0","0","0","3","0","1","N","","","","","","","","","","","","03","  ","","",""
"2130","2","0","0","0","0","0","0","0","0","1","0","","36","04","2017","2017037142","6","40.1007","-76.3054","2124","08","0","0","0","0","0","0","0","0","","0","0","0","20","3","0","00","0","40 06:02.495","","00","76 18:19.296","0","0","0","0","36101","0","0","0","N","0","0","0","2","36101","0","","1","01","N","N","0","","0","0","0","3","2","","2051","0","2","0","0","0","0","0","3","0","2","N","","","","","","","","","","","","03","  ","","",""
"1701","1","0","0","0","0","0","0","0","0","4","0","","36","04","2017","2017037150","6","40.2301","-76.0822","1658","08","0","0","0","0","0","1","0","0","1","0","0","0","16","1","0","03","1","40 13:53.660","1","00","76 04:47.882","0","0","0","0","36210","0","0","0","N","0","0","0","3","36210","0","","1","01","N","N","1","","0","0","0","3","3","N","1653","0","2","0","0","0","0","0","1","0","2","N","","","","","","","","","","","","03","  ","","",""
"2311","1","0","0","0","0","0","0","0","0","7","0","","36","04","2017","2017037151","1","40.2208","-76.1633","2302","08","0","0","0","0","0","0","0","0","1","0","0","0","23","2","0","00","1","40 13:14.728","4","00","76 09:47.966","0","0","0","0","36236","0","0","0","N","0","0","0","1","36408","0","","5","01","N","N","0","","0","0","0","0","0","N","2300","0","1","0","0","0","0","0","1","0","1","N","","","","","","","","","","","","03","  ","","",""
"0245","0","0","0","0","0","0","0","0","0","7","0","","36","04","2017","2017037158","7","40.1662","-76.5852","0242","08","0","0","0","0","0","0","0","0","1","0","0","0","02","2","0","00","1","40 09:58.220","4","00","76 35:06.883","0","0","0","0","36225","0","0","0","Y","0","0","0","2","36505","0","","5","01","N","N","1","","0","0","0","0","0","N","0239","0","1","0","0","0","0","0","2","0","1","N","","","","","","","","","","","","03","  ","","",""
"0403","1","0","0","0","0","0","0","0","0","7","0","","36","04","2017","2017037163","1","40.0384","-76.3249","0355","08","0","0","0","0","0","0","0","0","2","0","0","0","03","3","0","02","1","40 02:18.109","3","00","76 19:29.786","9","0","0","0","36301","0","0","0","","0","0","0","2","36301","0","","5","01","N","N","0","","0","0","0","0","0","N","0355","0","1","0","0","0","0","1","3","0","1","N","","","","","","","","","","","","03","  ","","",""
"2128","3","0","0","0","0","0","0","0","0","1","0","90","36","04","2017","2017037169","1","40.136","-76.5785","2119","08","0","1","0","1","0","0","0","0","","0","0","0","21","3","0","00","0","40 08:09.489","","00","76 34:42.556","0","0","0","0","36225","0","0","0","N","0","0","0","3","36505","0","","1","01","N","N","0","","0","0","0","3","7","","2115","0","3","0","0","1","0","0","2","0","3","Y","2","1","Y","","Y","N","","","","","","03","  ","","",""
"1645","1","0","1","0","0","0","0","0","0","1","0","","36","04","2017","2017037250","4","40.1805","-76.4042","1642","08","0","0","0","0","0","2","0","0","2","0","0","0","99","1","1","01","2","40 10:49.804","5","00","76 24:15.102","2","0","0","0","36230","0","0","0","N","0","0","0","3","36410","0","","1","01","N","N","1","","0","1","1","0","0","Y","9999","1","3","0","0","0","0","0","1","0","3","N","","","","","","","","","","","","03","  ","","",""
"0733","1","0","0","0","0","0","0","0","0","7","0","","36","04","2017","2017037273","2","40.1408","-76.5524","0721","08","0","0","0","0","0","0","0","0","","0","0","0","07","1","0","00","0","40 08:27.059","","00","76 33:08.602","0","0","0","0","36225","0","0","0","","0","0","0","1","36505","0","","2","01","","","0","","0","0","0","0","0","","0717","0","1","0","0","0","0","0","2","0","1","N","","","","","","","","","","","","03","  ","","",""
"0929","2","0","0","0","0","0","0","0","0","1","0","","36","04","2017","2017037287","7","40.1413","-76.2968","0927","08","0","0","0","0","0","1","0","0","","0","0","0","09","1","0","02","0","40 08:28.820","","00","76 17:48.573","0","0","0","0","36409","0","0","0","","0","0","0","3","36506","0","","1","01","N","N","0","","0","0","0","0","0","","0927","0","2","0","0","0","0","0","3","0","2","N","","","","","","","","","","","","03","  ","","",""
"2045","0","0","0","0","0","0","0","0","0","4","0","","36","04","2017","2017037295","1","40.0339","-76.5048","2043","08","0","0","0","0","0","0","0","0","2","0","0","0","20","3","1","01","1","40 02:01.889","7","00","76 30:17.169","8","0","0","1","36404","0","0","0","N","0","0","0","2","36404","0","","1","01","N","N","0","","0","0","1","3","2","Y","2043","1","2","0","0","0","1","0","3","0","2","N","","","","","","","","","","","","03","  ","","",""
"0802","1","0","0","0","0","0","0","0","0","1","0","","36","04","2017","2017037311","4","40.1795","-76.6004","0757","08","0","0","0","0","0","1","0","0","","0","0","0","07","1","0","03","0","40 10:46.934","","02","76 36:01.794","0","0","0","0","36225","0","0","0","","0","0","0","2","36505","0","","1","01","","","1","","0","0","0","3","2","","0753","0","2","0","0","0","0","0","2","0","2","N","","","","","","","","","","","","03","  ","","",""
"0142","3","0","0","0","0","0","0","0","0","4","0","","36","04","2017","2017037615","2","40.0485","-76.3011","0140","08","0","0","0","0","0","0","0","0","2","0","0","0","01","3","0","00","1","40 02:54.779","3","00","76 18:03.903","0","0","0","0","36301","0","0","0","N","0","0","0","1","36301","0","","1","01","N","N","0","","0","0","0","3","3","Y","0142","0","3","0","0","1","0","0","3","0","3","N","","","","","","","","","","","","03","  ","","",""
"0236","3","0","0","0","0","0","0","0","0","4","0","","36","04","2017","2017037692","1","40.0402","-76.3144","0233","08","0","0","0","0","0","0","0","0","","0","0","0","02","3","0","00","0","40 02:24.806","","00","76 18:51.904","0","0","0","0","36301","0","0","0","N","0","0","0","2","36301","0","","1","01","N","N","0","","0","0","1","0","0","","0233","0","4","0","0","2","0","0","3","0","4","N","","","","","","","","","","","","03","  ","","",""
"1852","1","0","0","0","0","0","0","0","0","7","0","","36","04","2017","2017037705","5","40.2418","-76.1231","1851","08","1","0","0","0","0","0","0","0","2","0","0","0","18","1","0","00","2","40 14:30.468","5","00","76 07:23.158","0","0","0","0","36210","0","0","0","N","0","0","0","1","36210","0","","5","09","N","N","0","","0","0","0","0","0","Y","1849","0","1","0","0","0","0","0","1","0","1","N","","","","","","","","","","","","07","  ","","",""
"2218","1","0","0","0","0","0","0","0","0","6","1","","36","04","2017","2017037708","2","40.1818","-76.1838","2216","08","0","0","0","0","0","0","0","0","2","0","1","0","22","3","0","03","1","40 10:54.593","3","00","76 11:01.725","0","0","0","0","36408","0","0","0","N","0","0","0","2","36408","0","","1","01","N","N","0","","0","0","0","0","0","N","2215","0","2","0","0","0","0","0","2","0","2","N","","","","","","","","","","","","03","  ","","",""
"2104","1","0","0","0","0","0","0","0","0","4","0","","36","04","2017","2017037711","2","40.0635","-76.3066","2101","08","0","0","0","0","0","1","0","0","","0","0","0","20","3","0","00","0","40 03:48.560","","00","76 18:23.931","0","0","0","0","36101","0","0","0","N","0","0","0","2","36101","0","","1","01","N","N","0","","0","0","1","0","0","","2057","0","2","0","0","0","0","0","3","0","2","N","","","","","","","","","","","","03","  ","","",""
"0815","0","0","0","0","0","0","0","0","0","7","0","","36","04","2017","2017037766","1","40.1621","-76.3011","0815","08","0","0","0","0","0","0","0","0","2","0","0","0","08","1","0","00","1","40 09:43.560","6","00","76 18:03.940","0","0","0","0","36409","0","0","0","","0","0","0","1","36409","0","","4","01","N","N","0","","0","0","1","0","0","N","0815","0","1","0","0","0","0","0","3","0","1","N","","","","","","","","","","","","03","  ","","",""
"1534","2","0","0","0","0","0","0","0","0","4","0","","36","04","2017","2017037767","7","40.2341","-76.4348","1527","08","0","0","0","0","0","1","0","0","2","0","0","0","15","1","1","02","2","40 14:02.621","2","02","76 26:05.409","8","0","0","0","36230","0","0","0","","0","0","0","2","36410","0","","1","01","N","N","0","","0","0","0","3","2","N","1525","1","2","0","0","0","1","0","1","0","2","N","","","","","","","","","","","","03","  ","","",""
"1711","1","0","0","0","0","0","0","0","0","7","0","","36","04","2017","2017037800","2","40.0674","-76.201","1702","08","0","0","1","0","0","0","0","0","1","0","0","0","17","1","0","00","1","40 04:02.580","3","00","76 12:03.590","0","0","0","0","36234","0","0","0","N","0","0","0","2","36215","0","","5","01","N","N","0","","0","0","0","0","0","N","1700","0","1","0","0","0","0","0","1","0","1","N","","","","","","","","","","","","03","  ","","",""
"1300","2","0","0","0","0","0","0","0","0","6","0","","36","04","2017","2017037805","2","39.9822","-76.278","1258","08","0","0","0","0","0","0","2","0","2","0","0","0","12","1","2","01","2","39 58:55.808","7","00","76 16:40.810","3","0","0","0","36240","0","0","0","N","0","0","0","3","36240","0","","1","01","N","N","0","","1","0","0","3","3","Y","1258","2","2","0","0","0","1","0","1","0","2","N","","","","","","","","","","","","03","  ","","",""
"0823","1","0","0","0","0","0","0","0","0","1","0","","36","04","2017","2017037808","3","40.0695","-76.3076","0823","08","0","0","0","0","0","0","1","0","","0","0","0","08","1","1","01","0","40 04:10.226","","00","76 18:28.241","4","0","0","0","36101","0","0","0","N","0","0","0","2","36101","1","","1","01","N","N","0","","0","0","1","3","4","","0812","1","2","0","0","0","0","0","3","0","2","N","","","","","","","","","","","","03","  ","","",""
"1506","0","0","0","0","0","0","0","0","0","7","0","","36","04","2017","2017037816","2","40.1758","-76.2269","1458","08","0","0","0","0","0","1","0","0","2","1","0","0","14","1","0","00","2","40 10:32.932","6","00","76 13:36.922","1","0","0","0","36218","0","0","0","N","0","0","0","1","36408","0","2","4","01","N","N","0","0","0","0","1","0","0","Y","1458","0","1","1","0","1","0","0","1","0","1","N","","","","","","","","","","","","03","  ","","",""
"1035","2","0","0","0","0","0","0","0","0","4","0","","36","04","2017","2017037870","3","40.016","-76.2766","1028","08","0","0","0","1","0","0","0","0","2","0","0","0","10","1","2","02","1","40 00:57.491","1","00","76 16:35.740","3","0","0","0","36240","0","0","0","N","0","0","0","4","36240","0","","1","01","N","N","0","","2","0","0","3","3","N","1028","2","2","0","0","0","0","0","1","0","2","N","","","","","","","","","","","","03","  ","","",""
"1319","0","0","0","0","0","0","0","0","0","6","1","","36","04","2017","2017037874","5","40.1722","-76.4308","1314","08","0","0","0","0","0","3","0","0","1","0","1","0","13","1","0","00","1","40 10:20.029","3","00","76 25:50.990","0","0","0","0","36230","0","0","0","N","0","0","0","4","36410","0","","1","09","N","N","1","","0","0","1","0","0","N","1310","0","3","0","0","0","0","0","1","0","3","N","","","","","","","","","","","","07","  ","","",""
"0755","1","0","0","0","0","0","0","0","0","1","0","","36","04","2017","2017037905","3","40.0814","-76.3531","0742","08","0","0","0","0","0","0","0","0","","0","0","0","07","1","1","00","0","40 04:53.102","","00","76 21:11.334","8","0","0","0","36214","0","0","0","N","0","0","0","3","36214","0","","1","01","N","N","1","","0","0","1","0","0","","0740","1","3","0","0","1","1","1","3","0","3","N","","","","","","","","","","","","03","  ","","",""
"1258","2","0","0","0","0","0","0","0","0","4","0","","36","04","2017","2017037911","3","40.1791","-76.6006","1252","08","0","0","0","0","0","0","0","0","3","0","0","0","12","1","1","01","1","40 10:43.752","2","02","76 36:02.498","3","0","0","0","36225","0","0","0","N","0","0","0","2","36505","0","","1","01","N","N","0","","1","0","0","3","2","Y","1250","1","2","0","0","0","0","0","2","0","2","N","","","","","","","","","","","","03","  ","","",""
"1817","2","0","0","0","0","0","0","0","0","4","0","","36","03","2017","2017037978","2","40.0378","-76.2707","1812","08","0","0","0","1","0","0","0","0","","0","0","0","18","1","0","03","0","40 02:16.133","","00","76 16:14.670","0","0","0","0","36215","0","0","0","N","0","0","0","4","36215","0","","1","01","N","N","0","","0","0","0","3","2","","1805","0","2","0","0","0","0","0","1","0","2","N","","","","","","","","","","","","03","  ","","",""
"1804","5","0","0","0","0","0","0","0","0","2","0","","36","04","2017","2017038046","3","40.04","-76.2873","1759","08","0","0","1","0","0","1","0","0","2","0","0","0","17","1","4","01","2","40 02:24.011","3","00","76 17:14.418","3","0","0","0","36301","0","0","0","N","0","0","0","7","36101","3","","1","01","N","N","0","","1","0","0","3","2","Y","1759","4","5","0","0","0","0","0","3","0","5","N","","","","","","","","","","","","03","  ","","",""
"1206","1","0","0","0","0","0","0","0","0","6","0","","36","04","2017","2017038100","5","40.0373","-76.2643","1200","08","0","0","0","0","0","0","0","0","","0","0","0","12","1","0","00","0","40 02:14.230","","00","76 15:51.435","0","0","0","0","36215","0","0","0","N","0","0","0","3","36215","0","","1","09","N","N","0","","0","0","1","0","0","","1200","0","2","0","0","0","0","0","1","0","2","N","","","","","","","","","","","","07","  ","","",""
"1636","2","0","0","0","0","0","0","0","0","4","0","","36","03","2017","2017038159","6","40.0264","-76.3137","1631","08","0","0","0","0","0","0","1","0","","0","0","0","16","1","1","01","0","40 01:35.187","","00","76 18:49.161","3","0","0","0","36301","0","0","0","","0","0","0","2","36301","0","","1","09","N","N","0","","1","0","0","3","3","","1629","1","2","0","0","0","0","0","3","0","2","N","","","","","","","","","","","","07","  ","","",""
"1547","2","0","0","0","0","0","0","0","0","5","0","","36","04","2017","2017038160","2","40.0539","-76.3233","1538","08","0","0","0","0","0","0","0","0","","0","0","0","15","1","0","06","0","40 03:13.929","","00","76 19:23.900","0","0","0","0","36301","0","0","0","","0","0","0","4","36301","0","","1","01","N","N","0","","0","0","0","3","4","","1506","0","2","0","0","0","0","0","3","0","2","N","","","","","","","","","","","","03","  ","","",""
"1134","0","0","0","0","0","0","0","0","0","4","0","","36","04","2017","2017038196","5","40.1573","-76.6101","1126","08","0","0","0","0","0","0","1","0","","0","0","0","11","1","0","02","0","40 09:26.438","","00","76 36:36.495","0","0","0","0","36407","0","0","0","N","0","0","0","2","36407","0","","1","09","N","N","0","","0","0","0","3","2","","1126","0","2","0","0","0","0","0","2","2","2","N","","","","","","","","","","","","07","  ","","",""
"1100","0","0","0","0","0","0","0","0","0","0","0","","36","04","2017","2017038264","4","40.221","-76.4435","1047","08","0","0","0","0","0","1","0","0","2","0","0","0","10","1","0","00","1","40 13:15.491","5","00","76 26:36.755","0","0","0","0","36230","0","0","0","Y","0","0","0","1","36410","0","","1","01","N","N","0","","0","0","1","0","0","Y","1046","0","1","0","0","1","0","0","1","0","1","N","","","","","","","","","","","","03","  ","","",""
"0834","0","0","0","0","0","0","0","0","0","1","0","","36","04","2017","2017038354","4","40.0475","-76.3629","0834","08","0","0","0","0","0","1","0","0","","0","0","0","08","1","0","01","0","40 02:50.996","","00","76 21:46.341","0","0","0","0","36214","0","0","0","","0","0","0","2","36214","0","","1","01","N","N","1","","0","0","1","3","2","","0834","0","2","0","0","0","0","0","3","0","2","N","","","","","","","","","","","","03","  ","","",""
"1953","1","0","0","0","0","0","0","0","0","1","0","","36","04","2017","2017038462","4","40.0528","-76.4142","1945","08","0","0","0","0","0","0","1","0","2","0","0","0","19","1","1","00","1","40 03:10.058","5","00","76 24:51.275","8","0","0","0","36239","0","0","0","N","0","0","0","3","36239","0","","1","01","N","N","0","","0","0","2","0","0","Y","1945","1","3","0","0","0","1","0","3","0","3","N","","","","","","","","","","","","03","  ","","",""
"2239","1","0","0","0","0","0","0","0","0","1","0","","36","04","2017","2017038472","6","40.1365","-76.5586","2237","08","0","0","0","0","0","1","0","0","1","0","0","0","22","2","0","00","1","40 08:11.300","4","00","76 33:30.850","0","0","0","0","36225","0","0","0","N","0","0","0","1","36505","0","","1","01","N","N","2","","0","0","0","0","0","N","2224","0","3","0","0","0","0","0","2","0","3","N","","","","","","","","","","","","03","  ","","",""
"2154","1","0","0","0","0","0","0","0","0","1","0","","36","04","2017","2017038476","4","40.0389","-76.2798","2149","08","0","0","0","0","0","1","0","0","2","0","0","0","21","3","2","02","2","40 02:20.025","6","00","76 16:47.209","4","0","0","0","36220","0","0","0","N","0","0","0","3","36101","2","","1","01","N","N","0","","0","0","1","0","0","Y","2148","2","2","0","0","0","0","0","3","0","2","N","","","","","","","","","","","","03","  ","","",""
"1100","1","0","0","0","0","0","0","0","0","4","0","","36","04","2017","2017038478","7","40.158","-76.6126","1053","08","0","0","0","0","0","2","0","0","1","0","0","0","10","1","0","02","1","40 09:28.948","4","00","76 36:45.360","0","0","0","0","36407","0","0","0","N","0","0","0","2","36407","0","","1","01","N","N","1","","0","0","0","3","3","Y","1053","0","3","0","0","0","0","0","2","0","2","N","","","","","","","","","","","","03","  ","","",""
"1343","1","0","0","0","0","0","0","0","0","1","0","","36","04","2017","2017038540","7","40.0903","-76.3803","1340","08","0","0","0","0","0","1","0","0","1","0","0","0","13","1","0","00","1","40 05:24.940","2","00","76 22:49.121","0","0","0","0","36214","0","0","0","","0","0","0","2","36214","0","","1","01","N","N","1","","0","0","0","0","0","N","1338","0","2","0","0","0","0","0","3","0","2","N","","","","","","","","","","","","03","  ","","",""
"1445","0","0","0","0","0","0","0","0","0","4","0","","36","03","2017","2017038541","7","40.0381","-76.3529","1426","08","0","0","0","0","0","1","0","0","2","0","0","0","14","1","1","02","2","40 02:17.060","3","00","76 21:10.469","3","0","0","1","36223","0","0","0","","0","0","0","2","36223","0","","1","01","N","N","0","","1","0","0","0","0","Y","1425","1","2","0","0","0","0","0","1","1","2","N","","","","","","","","","","","","03","  ","","",""
"1720","0","0","0","0","0","0","0","0","0","7","0","","36","04","2017","2017038542","1","40.0225","-76.3646","1714","08","0","0","0","0","0","0","1","0","2","0","0","0","17","1","0","00","2","40 01:20.890","6","00","76 21:52.590","0","0","0","0","36223","0","0","0","","0","0","0","1","36223","0","","2","01","N","N","0","","0","0","1","0","0","Y","1714","0","1","0","0","0","0","0","1","0","1","N","","","","","","","","","","","","03","  ","","",""
"0832","2","0","0","0","0","0","0","0","0","1","0","","36","04","2017","2017038559","5","","","0804","08","0","0","0","0","0","0","0","0","1","0","0","0","08","1","0","00","2","","3","00","","0","0","0","0","36301","0","0","0","N","0","0","0","2","36301","0","","1","01","N","N","0","","0","0","0","0","0","N","0802","0","2","0","0","0","0","0","3","0","2","N","","","","","","","","","","","","03","  ","","",""
"1738","1","0","0","0","0","0","0","0","0","1","0","","36","04","2017","2017038568","4","40.1916","-76.1769","1733","08","0","0","0","0","0","0","0","1","2","0","0","0","17","1","2","00","1","40 11:29.603","1","00","76 10:36.985","4","0","0","1","36408","0","0","0","N","0","0","0","3","36408","2","","1","01","N","N","0","","0","0","0","0","0","Y","1733","2","3","0","0","0","0","0","2","1","3","N","","","","","","","","","","","","03","  ","","",""
"1220","1","0","0","0","0","0","0","0","0","4","0","","36","04","2017","2017038605","7","40.0817","-76.1157","1214","08","0","0","0","0","0","1","1","0","2","0","0","0","12","1","1","01","2","40 04:54.116","5","00","76 06:56.550","3","0","0","0","36209","0","0","0","N","0","0","0","3","36415","0","","1","01","N","N","1","","1","0","0","3","3","Y","1214","1","2","0","0","0","0","0","1","0","2","N","","","","","","","","","","","","03","  ","","",""
"1253","1","0","0","0","0","0","0","0","0","1","0","","36","04","2017","2017038625","5","40.0685","-76.3074","1245","08","0","0","0","0","0","1","0","0","2","0","0","0","12","1","0","01","1","40 04:06.527","1","00","76 18:26.750","0","0","0","0","36101","0","0","0","N","0","0","0","2","36101","0","","1","01","N","N","1","","0","0","0","3","2","N","1245","0","2","0","0","0","0","0","3","0","2","N","","","","","","","","","","","","03","  ","","",""
"1357","1","0","0","0","0","0","0","0","0","4","0","","36","04","2017","2017038635","5","40.0685","-76.3074","1355","08","0","0","0","0","0","1","0","0","","0","0","0","13","1","1","01","0","40 04:06.605","","00","76 18:27.559","4","0","0","0","36101","0","0","0","N","0","0","0","3","36101","1","","1","01","N","N","1","","0","0","0","3","2","","1348","1","2","0","0","0","0","0","3","0","2","N","","","","","","","","","","","","03","  ","","",""
"1302","0","0","0","0","0","0","0","0","0","4","0","","36","04","2017","2017038646","5","40.2057","-76.1752","1255","08","0","0","0","0","0","1","1","0","","0","0","0","12","1","0","01","0","40 12:20.434","","00","76 10:30.803","0","0","0","0","36218","0","0","0","Y","0","0","0","2","36408","0","","1","01","N","N","2","","0","0","0","3","3","","1255","0","2","0","0","0","0","0","1","0","2","N","","","","","","","","","","","","03","  ","","",""
"1204","0","0","0","1","0","0","0","0","0","4","1","","36","04","2017","2017038709","5","40.158","-76.0488","1150","08","0","0","0","0","0","1","0","0","","0","1","0","11","1","1","02","0","40 09:28.814","","00","76 02:55.762","3","0","0","0","36418","1","0","0","N","0","0","0","3","36213","0","","1","01","N","N","0","","1","0","0","3","3","","1147","1","2","0","0","1","0","0","1","0","1","N","","","","","","","","","","","","03","  ","","",""
"1743","2","0","0","0","0","0","0","0","0","4","0","","36","04","2017","2017038741","5","40.0601","-76.2774","1734","08","0","0","0","0","0","0","0","0","2","0","0","0","17","1","0","01","1","40 03:36.320","3","00","76 16:38.646","0","0","0","0","36101","0","0","0","N","0","0","0","2","36101","0","","1","01","N","N","0","","0","0","0","3","2","N","1732","0","2","0","0","0","0","0","3","0","2","N","","","","","","","","","","","","03","  ","","",""
"0331","0","0","0","0","0","0","0","0","0","7","0","","36","03","2017","2017038744","6","40.0331","-76.2338","0326","08","0","0","0","0","0","0","0","0","","0","0","0","03","3","1","00","0","40 01:59.275","","00","76 14:01.729","4","0","0","0","36215","0","0","0","N","0","0","0","1","36215","1","","4","01","N","N","0","","0","0","1","0","0","","0326","1","1","0","0","0","0","0","1","0","1","N","","","","","","","","","","","","03","  ","","",""
"2140","1","0","0","0","0","0","0","0","0","1","1","","36","04","2017","2017038769","5","40.0375","-76.2506","2135","08","0","0","0","0","1","0","0","0","1","0","1","0","21","3","0","00","1","40 02:15.000","4","00","76 15:02.200","0","0","0","0","36215","0","0","0","N","0","0","0","1","36215","0","","2","01","N","N","0","","0","0","0","0","0","N","2132","0","2","0","0","0","0","0","1","0","2","N","","","","","","","","","","","","03","  ","","",""
"0757","3","0","0","0","0","0","0","0","0","1","0","","36","04","2017","2017038848","2","40.0718","-76.3267","0749","08","0","0","0","0","0","0","0","0","1","0","0","0","07","1","1","00","1","40 04:18.320","3","00","76 19:36.196","4","0","0","0","36301","0","0","0","N","0","0","0","3","36101","1","","1","01","N","N","0","","0","0","0","0","0","N","0742","1","3","0","0","0","0","0","3","0","3","N","","","","","","","","","","","","03","  ","","",""