"ARRIVAL_TM","AUTOMOBILE_COUNT","BELTED_DEATH_COUNT","BELTED_SUSP_SERIOUS_INJ_COUNT","BICYCLE_COUNT","BICYCLE_DEATH_COUNT","BICYCLE_SUSP_SERIOUS_INJ_COUNT","BUS_COUNT","CHLDPAS_DEATH_COUNT","CHLDPAS_SUSP_SERIOUS_INJ_COUNT","COLLISION_TYPE","COMM_VEH_COUNT","CONS_ZONE_SPD_LIM","COUNTY","CRASH_MONTH","CRASH_YEAR","CRN","DAY_OF_WEEK","DEC_LAT","DEC_LONG","DISPATCH_TM","DISTRICT","DRIVER_COUNT_16YR","DRIVER_COUNT_17YR","DRIVER_COUNT_18YR","DRIVER_COUNT_19YR","DRIVER_COUNT_20YR","DRIVER_COUNT_50_64YR","DRIVER_COUNT_65_74YR","DRIVER_COUNT_75PLUS","EST_HRS_CLOSED","FATAL_COUNT","HEAVY_TRUCK_COUNT","HORSE_BUGGY_COUNT","HOUR_OF_DAY","ILLUMINATION","INJURY_COUNT","INTERSECT_TYPE","LANE_CLOSED","LATITUDE","LN_CLOSE_DIR","LOCATION_TYPE","LONGITUDE","MAX_SEVERITY_LEVEL","MCYCLE_DEATH_COUNT","MCYCLE_SUSP_SERIOUS_INJ_COUNT","MOTORCYCLE_COUNT","MUNICIPALITY","NONMOTR_COUNT","NONMOTR_DEATH_COUNT","NONMOTR_SUSP_SERIOUS_INJ_COUNT","NTFY_HIWY_MAINT","PED_COUNT","PED_DEATH_COUNT","PED_SUSP_SERIOUS_INJ_COUNT","PERSON_COUNT","POLICE_AGCY","POSSIBLE_INJ_COUNT","RDWY_SURF_TYPE_CD","RELATION_TO_ROAD","ROAD_CONDITION","SCH_BUS_IND","SCH_ZONE_IND","SMALL_TRUCK_COUNT","SPEC_JURIS_CD","SUSP_MINOR_INJ_COUNT","SUSP_SERIOUS_INJ_COUNT","SUV_COUNT","TCD_FUNC_CD","TCD_TYPE","TFC_DETOUR_IND","TIME_OF_DAY","TOT_INJ_COUNT","TOTAL_UNITS","UNB_DEATH_COUNT","UNB_SUSP_SERIOUS_INJ_COUNT","UNBELTED_OCC_COUNT","UNK_INJ_DEG_COUNT","UNK_INJ_PER_COUNT","URBAN_RURAL","VAN_COUNT","VEHICLE_COUNT","WORK_ZONE_IND","WORK_ZONE_LOC","WORK_ZONE_TYPE","WORKERS_PRES","WZ_CLOSE_DETOUR","WZ_FLAGGER","WZ_LAW_OFFCR_IND","WZ_LN_CLOSURE","WZ_MOVING","WZ_OTHER","WZ_SHLDER_MDN","ROADWAY_CLEARED","WEATHER1","WEATHER2","WZ_WORKERS_INJ_KILLED","SECONDARY_CRASH","INTERSECTION_RELATED"
"2027","2","0","0","0","0","0","0","0","0","4","0","","36","03","2017","2017038853","5","40.0388","-76.3584","2025","08","0","1","0","0","0","0","0","0","2","0","0","0","20","3","2","02","2","40 02:19.705","3","07","76 21:30.332","3","0","0","0","36223","0","0","0","","0","0","0","4","36223","0","","1","01","N","N","0","","2","0","0","3","2","Y","2023","2","2","0","0","0","0","0","1","0","2","N","","","","","","","","","","","","03","  ","","",""
"1725","1","0","0","0","0","0","0","0","0","1","0","","36","04","2017","2017038873","3","40.0628","-76.4854","1720","08","0","0","0","0","0","0","0","0","4","0","0","0","17","1","0","00","2","40 03:46.065","6","00","76 29:07.515","0","0","0","0","36239","0","0","0","N","0","0","0","3","36239","0","","1","01","N","N","1","","0","0","0","0","0","Y","1720","0","2","0","0","0","0","0","3","0","2","N","","","","","","","","","","","","03","  ","","",""
"1532","1","0","0","0","0","0","0","0","0","8","0","","36","03","2017","2017038881","6","40.0346","-76.3155","1528","08","0","0","0","0","0","0","0","0","","0","0","0","15","1","1","00","0","40 02:04.535","","00","76 18:55.732","3","0","0","0","36301","1","0","0","N","1","0","0","3","36301","0","","1","09","N","N","0","","1","0","0","0","0","","1528","1","2","0","0","0","0","0","3","0","1","N","","","","","","","","","","","","07","  ","","",""
"1208","0","0","0","0","0","0","0","0","0","7","0","","36","04","2017","2017038963","5","40.0263","-76.2116","1202","08","0","0","0","0","0","0","0","0","","0","0","0","22","3","0","00","0","40 01:34.500","","00","76 12:41.703","0","0","0","0","36215","0","0","0","N","0","0","0","1","36215","0","","4","98","N","N","0","","0","0","1","0","0","","2230","0","1","0","0","0","0","0","1","0","1","N","","","","","","","","","","","","99","  ","","",""
"0440","1","0","0","0","0","0","0","0","0","7","0","","36","04","2017","2017038984","1","40.0385","-76.3559","0439","08","0","0","0","0","0","0","0","0","","0","0","0","04","3","0","00","0","40 02:18.460","","00","76 21:21.236","9","0","0","0","36223","0","0","0","","0","0","0","1","36223","0","","4","01","N","N","0","","0","0","0","0","0","","0435","0","1","0","0","0","0","1","1","0","1","N","","","","","","","","","","","","03","  ","","",""
"1053","1","0","0","0","0","0","0","0","0","7","0","","36","04","2017","2017039004","5","40.2254","-76.3997","1043","08","0","0","0","0","0","0","0","0","","0","0","0","10","1","0","00","0","40 13:31.875","","00","76 23:55.887","0","0","0","0","36227","0","0","0","","0","0","0","1","68T06","0","","4","09","N","N","0","","0","0","0","0","0","","1041","0","1","0","0","0","0","0","1","0","1","N","","","","","","","","","","","","07","  ","","",""
"0152","0","0","0","0","0","0","0","0","0","7","0","","36","04","2017","2017039008","1","40.1815","-75.9918","0114","08","0","0","0","0","0","0","0","0","2","0","0","0","01","2","0","00","1","40 10:54.695","4","00","75 59:32.014","0","0","0","0","36202","0","0","0","","0","0","0","2","68T06","0","","3","01","N","N","0","","0","0","1","0","0","N","0110","0","1","0","0","0","0","0","1","0","1","N","","","","","","","","","","","","03","  ","","",""
"1901","0","0","0","0","0","0","0","0","0","0","0","","36","04","2017","2017039030","5","39.9751","-76.2473","1855","08","0","0","0","0","0","1","0","0","","0","0","0","18","1","0","01","0","39 58:30.378","","00","76 14:50.447","0","0","0","0","36240","0","0","0","N","0","0","0","1","36240","0","","1","01","N","N","0","","0","0","0","3","2","","1855","0","1","0","0","0","0","0","1","1","1","N","","","","","","","","","","","","03","  ","","",""
"1918","1","0","0","0","0","0","0","0","0","7","0","","36","04","2017","2017039034","3","40.0441","-76.4926","1918","08","0","0","0","0","0","0","0","0","2","0","0","0","19","1","0","00","1","40 02:38.684","4","00","76 29:33.186","0","0","0","0","36404","0","0","0","Y","0","0","0","1","36404","0","","2","01","N","N","0","","0","0","0","0","0","N","1918","0","1","0","0","0","0","0","3","0","1","N","","","","","","","","","","","","03","  ","","",""
"1700","0","0","0","0","0","0","0","0","0","4","0","","36","04","2017","2017039043","2","40.2162","-76.1551","1700","08","0","0","0","0","0","0","1","0","2","0","0","0","16","1","0","01","1","40 12:58.376","1","00","76 09:18.249","0","0","0","0","36210","0","0","0","Y","0","0","0","3","36210","0","","1","01","N","N","0","","0","0","2","3","3","N","1648","0","2","0","0","0","0","0","1","0","2","N","","","","","","","","","","","","03","  ","","",""
"0335","1","0","0","0","0","0","0","0","0","4","0","","36","04","2017","2017039056","1","40.0301","-76.294","0333","08","0","0","0","0","0","0","0","0","1","0","0","0","03","3","0","01","1","40 01:48.230","3","00","76 17:38.345","0","0","0","0","36301","0","0","0","","0","0","0","1","36301","0","","2","01","","","1","","0","0","0","3","3","N","0329","0","2","0","0","0","0","0","3","0","2","N","","","","","","","","","","","","03","  ","","",""
"0028","1","0","0","0","0","0","0","0","0","4","0","","36","04","2017","2017039060","7","40.0377","-76.2948","0022","08","0","0","0","0","0","0","0","0","2","0","0","0","00","3","0","01","1","40 02:15.878","1","00","76 17:41.132","0","0","0","0","36301","0","0","0","N","0","0","0","2","36301","0","","1","01","N","N","0","","0","0","1","3","3","N","0022","0","2","0","0","0","0","0","3","0","2","N","","","","","","","","","","","","03","  ","","",""
"1405","0","0","0","0","0","0","0","0","0","1","0","","36","04","2017","2017039125","6","40.029","-76.2437","1347","08","0","0","0","0","1","1","0","0","1","0","0","0","13","1","1","00","1","40 01:44.571","1","00","76 14:37.273","3","0","0","0","36215","0","0","0","N","0","0","0","2","36215","0","","1","01","N","N","0","","1","0","2","0","0","N","1344","1","2","0","0","0","0","0","1","0","2","N","","","","","","","","","","","","03","  ","","",""
"1701","1","0","0","0","0","0","0","0","0","4","0","","36","04","2017","2017039133","6","40.088","-76.329","1658","08","0","0","0","0","0","1","0","0","2","0","0","0","16","1","1","01","2","40 05:16.970","5","00","76 19:44.246","4","0","0","0","36101","0","0","0","N","0","0","0","4","36101","1","","1","01","N","N","0","","0","0","1","3","2","Y","1656","1","2","0","0","0","0","0","3","0","2","N","","","","","","","","","","","","03","  ","","",""
"0909","2","0","0","0","0","0","0","0","0","1","0","","36","04","2017","2017039138","6","40.0594","-76.2785","0904","08","0","0","0","0","0","0","0","1","","0","0","0","09","1","0","00","0","40 03:33.846","","00","76 16:42.768","0","0","0","0","36101","0","0","0","N","0","0","0","2","36101","0","","1","01","N","N","0","","0","0","0","0","0","","0904","0","2","0","0","0","0","0","3","0","2","N","","","","","","","","","","","","03","  ","","",""
"1055","0","0","0","0","0","0","0","0","0","4","1","","36","04","2017","2017039144","3","40.1568","-76.3815","1036","08","0","0","0","0","0","1","0","1","2","0","1","0","10","1","0","01","2","40 09:24.453","4","00","76 22:53.323","0","0","0","0","36227","0","0","0","","0","0","0","2","36506","0","","1","01","N","N","1","","0","0","0","3","3","Y","1035","0","2","0","0","0","0","0","1","0","2","N","","","","","","","","","","","","03","  ","","",""
"1218","1","0","0","0","0","0","0","0","0","1","0","","36","04","2017","2017039148","7","40.0709","-76.3176","1213","08","0","0","0","0","0","0","0","0","","0","0","0","12","1","1","01","0","40 04:15.386","","00","76 19:03.337","4","0","0","0","36101","0","0","0","N","0","0","0","3","36101","1","","1","01","N","N","0","","0","0","1","3","4","","1212","1","2","0","0","0","0","0","3","0","2","N","","","","","","","","","","","","03","  ","","",""
"1825","1","0","0","0","0","0","0","0","0","8","0","","36","04","2017","2017039154","6","40.1498","-76.309","1823","08","0","0","0","0","0","0","0","0","1","0","0","0","18","1","1","03","1","40 08:59.413","4","00","76 18:32.301","2","0","0","0","36409","1","0","1","N","1","0","1","2","36409","0","","1","01","N","N","0","","0","1","0","0","0","N","1820","1","2","0","0","0","0","0","3","0","1","N","","","","","","","","","","","","03","  ","","",""
"1515","2","0","0","0","0","0","0","0","0","1","0","","36","04","2017","2017039162","6","40.0592","-76.2755","1459","08","0","0","0","0","0","0","0","0","","0","0","0","14","1","1","00","0","40 03:33.221","","00","76 16:31.644","4","0","0","0","36101","0","0","0","N","0","0","0","3","36101","1","","1","01","N","N","0","","0","0","0","0","0","","1445","1","2","0","0","0","0","0","3","0","2","N","","","","","","","","","","","","03","  ","","",""
"2019","1","0","0","0","0","0","0","0","0","7","0","","36","04","2017","2017039197","3","39.917","-76.3404","2018","08","0","0","0","0","0","0","0","0","2","0","0","0","19","4","0","02","1","39 55:01.055","2","00","76 20:25.382","0","0","0","0","36206","0","0","0","N","0","0","0","1","36503","0","","5","01","N","N","0","","0","0","0","0","0","N","1930","0","1","0","0","0","0","0","1","0","1","N","","","","","","","","","","","","03","  ","","",""
"2028","1","0","0","0","0","0","0","0","0","4","0","","36","04","2017","2017039263","7","40.2","-76.421","2024","08","0","0","0","0","0","2","0","0","1","0","0","0","20","2","0","01","1","40 11:59.848","2","00","76 25:15.755","0","0","0","0","36230","0","0","0","N","0","0","0","3","36410","0","","1","01","N","N","0","","0","0","1","3","3","N","2020","0","2","0","0","0","0","0","1","0","2","N","","","","","","","","","","","","03","  ","","",""
"2203","1","0","0","0","0","0","0","0","0","2","0","","36","04","2017","2017039273","7","40.1129","-76.3778","2155","08","0","0","0","0","0","0","0","0","2","0","0","0","21","3","1","02","1","40 06:46.375","5","00","76 22:40.172","3","0","0","0","36214","0","0","0","N","0","0","0","2","36214","0","","1","01","N","N","1","","1","0","0","0","0","N","2153","1","2","0","0","0","0","0","3","0","2","N","","","","","","","","","","","","03","  ","","",""
"1610","2","0","0","0","0","0","0","0","0","1","0","","36","04","2017","2017039287","3","40.0228","-76.3671","1602","08","0","0","0","0","0","1","1","0","","0","0","0","15","1","1","01","0","40 01:21.946","","00","76 22:01.509","4","0","0","0","36223","0","0","0","","0","0","0","4","36223","1","","1","01","N","N","0","","0","0","0","0","0","","1559","1","2","0","0","0","0","0","1","0","2","N","","","","","","","","","","","","03","  ","","",""
"1645","0","0","0","0","0","0","0","0","0","1","1","","36","04","2017","2017039306","6","40.0703","-76.3271","1630","08","0","0","0","0","0","1","0","0","2","0","1","0","15","1","0","00","1","40 04:13.204","3","00","76 19:37.680","0","0","0","0","36101","0","0","0","N","0","0","0","2","36101","0","","1","01","N","N","0","","0","0","1","0","0","N","1503","0","2","0","0","0","0","0","3","0","2","N","","","","","","","","","","","","03","  ","","",""
"1110","1","0","0","0","0","0","0","0","0","4","1","","36","04","2017","2017039315","4","39.9761","-76.2753","1107","08","0","0","0","0","0","0","0","0","2","0","1","0","11","1","1","00","2","39 58:33.877","1","07","76 16:30.978","3","0","0","0","36240","0","0","0","N","0","0","0","2","36240","0","","1","09","N","N","0","","1","0","0","0","0","Y","1100","1","2","0","0","0","0","0","1","0","2","N","","","","","","","","","","","","07","  ","","",""
"1433","1","0","0","0","0","0","0","0","0","7","0","","36","04","2017","2017039331","5","39.9973","-76.3224","1417","08","0","0","0","0","0","0","0","0","2","0","0","0","14","1","1","00","2","39 59:50.370","6","00","76 19:20.624","4","0","0","0","36228","0","0","0","Y","0","0","0","1","36503","1","","5","01","N","N","0","","0","0","0","0","0","Y","1408","1","1","0","0","0","0","0","1","0","1","N","","","","","","","","","","","","03","  ","","",""
"1154","2","0","0","0","0","0","0","0","0","1","0","","36","04","2017","2017039332","3","40.0396","-76.305","1154","08","0","0","0","0","0","0","0","1","","0","0","0","11","1","1","01","0","40 02:22.712","","00","76 18:17.953","4","0","0","0","36301","0","0","0","N","0","0","0","2","36301","1","","1","01","N","N","0","","0","0","0","0","0","","1154","1","2","0","0","0","0","0","3","0","2","N","","","","","","","","","","","","03","  ","","",""
"0758","1","0","0","0","0","0","0","0","0","4","1","","36","04","2017","2017039336","5","39.9359","-76.3857","0755","08","0","0","0","0","0","1","0","1","2","0","1","0","07","1","0","02","1","39 56:09.271","1","00","76 23:08.549","0","0","0","0","36206","0","0","0","N","0","0","0","2","36503","0","","1","01","N","N","0","","0","0","0","3","3","N","0752","0","2","0","0","0","0","0","1","0","2","N","","","","","","","","","","","","03","  ","","",""
"1619","2","0","0","0","0","0","0","0","0","4","0","","36","04","2017","2017039346","7","40.0324","-76.2339","1617","08","0","0","0","0","1","0","0","1","1","0","0","0","16","1","0","02","1","40 01:56.498","2","00","76 14:01.976","0","0","0","0","36215","0","0","0","N","0","0","0","2","36215","0","","1","01","N","N","0","","0","0","0","0","0","Y","1615","0","2","0","0","0","0","0","1","0","2","N","","","","","","","","","","","","03","  ","","",""
"1644","1","0","0","0","0","0","0","0","0","4","0","","36","04","2017","2017039396","1","40.2191","-76.2409","1638","08","0","0","0","0","0","1","0","0","2","0","0","0","16","1","1","01","1","40 13:08.583","1","00","76 14:27.322","8","0","0","0","36204","0","0","0","","0","0","0","4","36506","0","","1","01","N","N","1","","0","0","0","3","3","N","1638","1","2","0","0","1","1","0","1","0","2","N","","","","","","","","","","","","03","  ","","",""
"0902","1","0","0","0","0","0","0","0","0","7","0","","36","04","2017","2017039397","1","40.265","-76.271","0902","08","0","0","0","0","0","1","0","0","","0","0","0","09","1","0","02","0","40 15:54.046","","00","76 16:15.513","0","0","0","0","36204","0","0","0","","0","0","0","1","36506","0","","4","01","N","N","0","","0","0","0","0","0","","0902","0","1","0","0","0","0","0","1","0","1","N","","","","","","","","","","","","03","  ","","",""
"0033","1","0","0","0","0","0","0","0","0","7","0","","36","04","2017","2017039455","1","40.057","-76.308","0028","08","0","0","0","0","0","0","0","0","2","0","0","0","00","3","0","00","1","40 03:25.130","3","00","76 18:28.950","0","0","0","0","36101","0","0","0","N","0","0","0","1","36101","0","","4","01","N","N","0","","0","0","0","0","0","N","0024","0","1","0","0","0","0","0","3","0","1","N","","","","","","","","","","","","03","  ","","",""
"1907","0","0","0","0","0","0","0","0","0","7","0","","36","04","2017","2017039463","6","40.041","-76.2834","1854","08","0","0","0","0","0","1","0","0","","0","0","0","18","1","0","01","0","40 02:27.585","","00","76 17:00.409","0","0","0","0","36220","0","0","0","N","0","0","0","2","36101","0","","5","01","N","N","0","","0","0","1","0","0","","1849","0","1","0","0","0","0","0","3","0","1","N","","","","","","","","","","","","03","  ","","",""
"2347","5","0","0","0","0","0","0","0","0","1","0","","36","04","2017","2017039471","6","40.0364","-76.3135","2337","08","0","0","0","0","0","0","1","0","1","0","0","0","23","3","0","00","1","40 02:11.095","4","00","76 18:48.542","0","0","0","0","36301","0","0","0","N","0","0","0","2","36301","0","","6","01","N","N","0","","0","0","0","0","0","N","2337","0","6","0","0","0","0","0","3","1","6","N","","","","","","","","","","","","03","  ","","",""
"0345","1","0","0","0","0","0","0","0","0","7","0","","36","04","2017","2017039472","5","40.2361","-76.1338","0340","08","0","0","0","0","0","0","0","0","","0","0","0","03","3","0","00","0","40 14:10.000","","00","76 08:01.500","0","0","0","0","36405","0","0","0","N","0","0","0","1","36210","0","","4","09","N","N","0","","0","0","0","0","0","","0337","0","1","0","0","0","0","0","1","0","1","N","","","","","","","","","","","","07","  ","","",""
"0040","1","0","0","0","0","0","0","0","0","7","0","","36","04","2017","2017039474","1","40.2196","-76.0765","0039","08","0","0","0","0","1","0","0","0","","0","0","0","00","3","0","00","0","40 13:10.630","","00","76 04:35.290","0","0","0","0","36210","0","0","0","N","0","0","0","1","36210","0","","5","01","N","N","0","","0","0","0","0","0","","0033","0","1","0","0","0","0","0","1","0","1","N","","","","","","","","","","","","03","  ","","",""
"1951","1","0","0","0","0","0","0","0","0","4","0","","36","04","2017","2017039475","6","40.0241","-76.316","1942","08","0","0","0","0","0","0","1","0","2","0","0","0","19","1","1","01","1","40 01:26.922","2","00","76 18:57.776","4","0","0","0","36301","0","0","0","N","0","0","0","2","36301","1","","1","01","N","N","1","","0","0","0","3","2","Y","1942","1","2","0","0","0","0","0","3","0","2","N","","","","","","","","","","","","03","  ","","",""
"1633","1","0","0","0","0","0","0","0","0","1","0","","36","03","2017","2017039494","2","40.0532","-76.3065","1624","08","0","0","0","0","0","1","0","0","3","0","0","0","16","1","0","00","1","40 03:11.516","2","00","76 18:23.493","0","0","0","0","36101","0","0","0","N","0","0","0","1","36101","0","","5","01","N","N","0","","0","0","0","0","0","N","1620","0","2","0","0","0","0","0","3","1","2","N","","","","","","","","","","","","03","  ","","",""
"1620","1","0","0","0","0","0","0","0","0","4","0","","36","03","2017","2017039501","3","40.1475","-76.184","1613","08","0","0","0","0","0","1","0","1","","0","0","0","16","1","0","00","0","40 08:50.885","","00","76 11:02.334","0","0","0","0","36238","0","0","0","N","0","0","0","4","36238","0","","1","09","N","N","1","","0","0","0","0","0","","1606","0","2","0","0","0","0","0","3","0","2","N","","","","","","","","","","","","07","  ","","",""
"1459","1","0","0","0","0","0","0","0","0","4","0","","36","03","2017","2017039506","6","40.1475","-76.184","1449","08","0","0","0","0","0","1","0","0","","0","0","0","14","1","0","00","0","40 08:50.906","","00","76 11:02.276","0","0","0","0","36238","0","0","0","N","0","0","0","2","36238","0","","1","09","N","N","0","","0","0","1","0","0","","1446","0","2","0","0","0","0","0","3","0","2","N","","","","","","","","","","","","07","  ","","",""
"2310","1","0","0","0","0","0","0","0","0","7","0","","36","04","2017","2017039509","6","40.0685","-76.3077","2308","08","0","0","0","0","0","0","1","0","2","0","0","0","23","3","0","00","1","40 04:06.634","3","00","76 18:27.791","0","0","0","0","36101","0","0","0","N","0","0","0","1","36101","0","","5","01","N","N","0","","0","0","0","0","0","N","2305","0","1","0","0","0","0","0","3","0","1","N","","","","","","","","","","","","03","  ","","",""
"1558","2","0","0","0","0","0","0","0","0","1","0","","36","03","2017","2017039510","6","40.1655","-76.1511","1554","08","0","0","0","0","0","0","0","0","","0","0","0","15","1","0","00","0","40 09:55.652","","00","76 09:04.041","0","0","0","0","36218","0","0","0","N","0","0","0","4","36408","0","","1","09","N","N","0","","0","0","0","0","0","","1552","0","3","0","0","0","0","0","1","1","3","N","","","","","","","","","","","","07","  ","","",""
"2221","1","0","0","0","0","0","0","0","0","7","0","","36","04","2017","2017039517","6","40.1405","-76.293","2218","08","0","0","0","0","0","0","0","0","","0","0","0","22","3","0","00","0","40 08:25.960","","00","76 17:34.900","0","0","0","0","36409","0","0","0","N","0","0","0","1","36409","0","","5","01","N","N","0","","0","0","0","0","0","","2216","0","1","0","0","0","0","0","3","0","1","N","","","","","","","","","","","","03","  ","","",""
"1126","2","0","0","0","0","0","0","0","0","1","0","","36","04","2017","2017039521","1","40.2225","-76.0968","1120","08","0","0","0","0","0","0","1","0","","0","0","0","11","1","0","01","0","40 13:20.895","","00","76 05:48.543","0","0","0","0","36210","0","0","0","N","0","0","0","3","36210","0","","1","01","N","N","0","","0","0","0","3","2","","1118","0","2","0","0","0","0","0","1","0","2","N","","","","","","","","","","","","03","  ","","",""
"1849","1","0","0","0","0","0","0","0","0","1","0","","36","04","2017","2017039523","1","40.2178","-76.253","1845","08","0","1","0","0","0","1","0","0","","0","0","0","18","1","0","02","0","40 13:03.963","","00","76 15:10.835","0","0","0","0","36204","0","0","0","","0","0","0","2","36506","0","","1","01","N","N","0","","0","0","1","0","0","","1845","0","2","0","0","0","0","0","1","0","2","N","","","","","","","","","","","","03","  ","","",""
"2339","1","0","0","0","0","0","0","0","0","7","0","","36","04","2017","2017039565","1","40.0377","-76.2718","2335","08","0","0","0","0","0","0","0","0","1","0","0","0","23","3","0","01","2","40 02:15.608","1","00","76 16:18.816","0","0","0","0","36215","0","0","0","N","0","0","0","1","36215","0","","4","01","N","N","0","","0","0","0","3","2","N","2335","0","1","0","0","0","0","0","1","0","1","N","","","","","","","","","","","","03","  ","","",""
"0835","2","0","0","0","0","0","0","0","0","4","0","","36","04","2017","2017039574","2","40.1098","-76.4127","0834","08","0","0","0","0","0","0","0","0","","0","0","0","08","1","0","02","0","40 06:35.305","","00","76 24:45.604","0","0","0","0","36214","0","0","0","N","0","0","0","2","36214","0","","1","09","N","N","0","","0","0","0","3","3","","0833","0","2","0","0","0","0","0","3","0","2","N","","","","","","","","","","","","07","  ","","",""
"0947","2","0","0","0","0","0","0","0","0","1","0","","36","04","2017","2017039589","2","40.0638","-76.3607","0942","08","0","0","0","0","0","2","0","0","2","0","0","0","09","1","2","01","2","40 03:49.564","3","00","76 21:38.667","3","0","0","0","36214","0","0","0","N","0","0","0","3","36214","0","","1","09","N","N","1","","2","0","0","3","8","N","0935","2","3","0","0","0","0","0","3","0","3","N","","","","","","","","","","","","07","  ","","",""
"2117","1","0","0","0","0","0","0","0","0","1","0","","36","04","2017","2017039607","5","40.1514","-76.251","2111","08","0","0","0","0","0","1","0","0","1","0","0","0","21","3","0","02","2","40 09:05.150","4","00","76 15:03.745","0","0","0","0","36235","0","0","0","","0","0","0","2","36506","0","","1","01","N","N","0","","0","0","1","3","2","N","2111","0","2","0","0","0","0","0","1","0","2","N","","","","","","","","","","","","03","  ","","",""
"2238","0","0","0","0","0","0","0","0","0","7","0","","36","04","2017","2017039608","5","40.144","-76.4058","2223","08","0","1","0","0","0","0","0","0","","0","0","0","22","2","0","00","0","40 08:38.230","","00","76 24:20.950","0","0","0","0","36227","0","0","0","","0","0","0","2","36506","0","","2","01","N","N","0","","0","0","1","0","0","","2223","0","1","0","0","0","0","0","1","0","1","N","","","","","","","","","","","","03","  ","","",""
"0810","1","0","0","1","0","0","0","0","0","4","0","","36","04","2017","2017039650","2","40.025","-76.3053","0806","08","0","0","0","0","0","1","0","0","1","0","0","0","08","1","1","02","1","40 01:30.140","2","00","76 18:19.122","8","0","0","0","36301","1","0","0","N","0","0","0","2","36301","0","","1","01","N","N","0","","0","0","0","3","2","Y","0800","1","2","0","0","0","1","0","3","0","1","N","","","","","","","","","","","","03","  ","","",""
"1444","1","0","0","0","0","0","0","0","0","4","0","","36","04","2017","2017039659","2","40.1216","-76.06","1441","08","0","0","0","0","0","1","1","0","2","0","0","0","14","1","1","01","2","40 07:17.779","4","00","76 03:36.077","8","0","0","0","36213","0","0","0","N","0","0","0","2","36213","0","","1","01","N","N","0","","0","0","0","3","2","N","1440","1","2","0","0","0","1","0","1","1","2","N","","","","","","","","","","","","03","  ","","",""
"1514","1","0","0","0","0","0","0","0","0","1","1","","36","04","2017","2017039760","5","40.07","-76.3154","1511","08","0","0","0","0","0","1","0","0","3","0","1","0","15","1","3","00","2","40 04:12.137","3","03","76 18:55.377","3","0","0","0","36101","0","0","0","N","0","0","0","5","36101","0","","1","01","N","N","0","","2","0","2","0","0","N","1510","3","4","0","0","0","1","0","3","0","4","N","","","","","","","","","","","","03","  ","","",""
"1317","1","0","0","0","0","0","0","0","0","1","0","","36","04","2017","2017039805","6","40.0694","-76.6247","1311","08","0","0","0","0","0","0","0","0","","0","0","0","13","1","0","00","0","40 04:09.795","","00","76 37:29.049","0","0","0","0","36207","4","0","0","N","0","0","0","5","36504","0","","2","01","N","N","1","","0","0","0","0","0","","1300","0","2","0","0","0","0","0","1","0","2","N","","","","","","","","","","","","03","  ","","",""
"0453","0","0","0","0","0","0","0","0","0","7","0","","36","04","2017","2017039816","5","40.0739","-76.085","0445","08","0","0","0","0","0","0","0","0","3","0","0","0","04","2","2","02","2","40 04:26.101","7","00","76 05:06.129","2","0","0","0","36209","0","0","0","N","0","0","0","2","36415","0","","5","01","N","N","1","","1","1","0","3","3","Y","0445","2","1","0","1","2","0","0","1","0","1","N","","","","","","","","","","","","03","  ","","",""
"1855","1","0","0","0","0","0","0","0","0","4","0","35","36","04","2017","2017039820","3","40.139","-76.5877","1850","08","0","0","0","0","0","0","0","0","","0","0","0","18","1","0","00","0","40 08:20.360","","07","76 35:15.705","0","0","0","0","36225","0","0","0","N","0","0","0","2","36505","0","","1","01","N","N","0","","0","0","1","0","0","","1850","0","2","0","0","0","0","0","2","0","2","Y","2","1","U","","","N","Y","","","","","03","  ","","",""
"1803","2","0","0","0","0","0","0","0","0","1","0","","36","04","2017","2017039825","2","40.1092","-76.4973","1757","08","0","0","0","0","0","1","0","0","","0","0","0","17","1","1","01","0","40 06:33.063","","00","76 29:50.339","8","0","0","0","36413","0","0","0","N","0","0","0","2","36413","0","","1","01","N","N","0","","0","0","0","0","0","","1757","1","2","0","0","1","1","0","2","0","2","N","","","","","","","","","","","","03","  ","","",""
"2040","1","0","0","0","0","0","0","0","0","8","0","","36","04","2017","2017039837","2","40.1582","-76.3074","2038","08","0","0","0","0","0","1","0","0","2","0","0","0","20","6","1","00","2","40 09:29.494","2","00","76 18:26.599","8","0","0","0","36409","1","0","0","N","1","0","0","2","36409","0","","1","01","N","N","0","","0","0","0","0","0","Y","2037","1","2","0","0","0","1","0","3","0","1","N","","","","","","","","","","","","03","  ","","",""
"1404","3","0","0","0","0","0","0","0","0","1","0","","36","04","2017","2017039851","5","40.1706","-76.3083","1359","08","0","0","0","0","0","0","0","0","","0","0","0","13","1","0","00","0","40 10:14.292","","00","76 18:29.954","0","0","0","0","36235","0","0","0","","0","0","0","3","36506","0","","1","01","N","N","0","","0","0","0","0","0","","1359","0","3","0","0","0","0","0","1","0","3","N","","","","","","","","","","","","03","  ","","",""
"0605","0","0","0","0","0","0","0","0","0","0","1","","36","04","2017","2017039940","3","40.0749","-76.2856","0559","08","0","0","0","0","0","0","0","0","4","0","1","0","05","5","1","00","2","40 04:29.565","1","00","76 17:08.152","3","0","0","0","36101","0","0","0","Y","0","0","0","1","36101","0","","3","01","N","N","0","","1","0","0","0","0","Y","0555","1","1","0","0","0","0","0","3","0","1","N","","","","","","","","","","","","03","  ","","",""