"ARRIVAL_TM","AUTOMOBILE_COUNT","BELTED_DEATH_COUNT","BELTED_SUSP_SERIOUS_INJ_COUNT","BICYCLE_COUNT","BICYCLE_DEATH_COUNT","BICYCLE_SUSP_SERIOUS_INJ_COUNT","BUS_COUNT","CHLDPAS_DEATH_COUNT","CHLDPAS_SUSP_SERIOUS_INJ_COUNT","COLLISION_TYPE","COMM_VEH_COUNT","CONS_ZONE_SPD_LIM","COUNTY","CRASH_MONTH","CRASH_YEAR","CRN","DAY_OF_WEEK","DEC_LAT","DEC_LONG","DISPATCH_TM","DISTRICT","DRIVER_COUNT_16YR","DRIVER_COUNT_17YR","DRIVER_COUNT_18YR","DRIVER_COUNT_19YR","DRIVER_COUNT_20YR","DRIVER_COUNT_50_64YR","DRIVER_COUNT_65_74YR","DRIVER_COUNT_75PLUS","EST_HRS_CLOSED","FATAL_COUNT","HEAVY_TRUCK_COUNT","HORSE_BUGGY_COUNT","HOUR_OF_DAY","ILLUMINATION","INJURY_COUNT","INTERSECT_TYPE","LANE_CLOSED","LATITUDE","LN_CLOSE_DIR","LOCATION_TYPE","LONGITUDE","MAX_SEVERITY_LEVEL","MCYCLE_DEATH_COUNT","MCYCLE_SUSP_SERIOUS_INJ_COUNT","MOTORCYCLE_COUNT","MUNICIPALITY","NONMOTR_COUNT","NONMOTR_DEATH_COUNT","NONMOTR_SUSP_SERIOUS_INJ_COUNT","NTFY_HIWY_MAINT","PED_COUNT","PED_DEATH_COUNT","PED_SUSP_SERIOUS_INJ_COUNT","PERSON_COUNT","POLICE_AGCY","POSSIBLE_INJ_COUNT","RDWY_SURF_TYPE_CD","RELATION_TO_ROAD","ROAD_CONDITION","SCH_BUS_IND","SCH_ZONE_IND","SMALL_TRUCK_COUNT","SPEC_JURIS_CD","SUSP_MINOR_INJ_COUNT","SUSP_SERIOUS_INJ_COUNT","SUV_COUNT","TCD_FUNC_CD","TCD_TYPE","TFC_DETOUR_IND","TIME_OF_DAY","TOT_INJ_COUNT","TOTAL_UNITS","UNB_DEATH_COUNT","UNB_SUSP_SERIOUS_INJ_COUNT","UNBELTED_OCC_COUNT","UNK_INJ_DEG_COUNT","UNK_INJ_PER_COUNT","URBAN_RURAL","VAN_COUNT","VEHICLE_COUNT","WORK_ZONE_IND","WORK_ZONE_LOC","WORK_ZONE_TYPE","WORKERS_PRES","WZ_CLOSE_DETOUR","WZ_FLAGGER","WZ_LAW_OFFCR_IND","WZ_LN_CLOSURE","WZ_MOVING","WZ_OTHER","WZ_SHLDER_MDN","ROADWAY_CLEARED","WEATHER1","WEATHER2","WZ_WORKERS_INJ_KILLED","SECONDARY_CRASH","INTERSECTION_RELATED"
"1247","2","0","0","0","0","0","0","0","0","1","0","","36","04","2017","2017039998","3","40.0598","-76.2777","1239","08","0","0","0","0","0","1","0","0","","0","0","0","12","1","0","00","0","40 03:35.391","","00","76 16:39.801","0","0","0","0","36101","0","0","0","N","0","0","0","2","36101","0","","1","01","N","N","0","","0","0","0","0","0","","1238","0","2","0","0","0","0","0","3","0","2","N","","","","","","","","","","","","03","  ","","",""
"2311","0","0","0","0","0","0","0","0","0","7","0","","36","04","2017","2017040004","6","40.1141","-76.2418","2252","08","0","0","0","0","0","0","0","0","","0","0","0","22","2","0","00","0","40 06:50.830","","00","76 14:30.644","0","0","0","0","36101","0","0","0","N","0","0","0","2","36101","0","","5","01","N","N","0","","0","0","1","0","0","","2245","0","1","0","0","0","0","0","3","0","1","N","","","","","","","","","","","","03","  ","","",""
"1709","1","0","0","0","0","0","0","0","0","4","0","","36","04","2017","2017040011","2","40.1422","-76.2104","1703","08","0","0","0","0","0","0","1","0","2","0","0","0","16","1","3","01","2","40 08:39.890","6","00","76 12:36.302","4","0","0","0","36238","0","0","0","N","0","0","0","5","36238","3","","1","01","N","N","0","","0","0","0","3","3","Y","1658","3","2","0","0","1","0","0","3","1","2","N","","","","","","","","","","","","03","  ","","",""
"1635","2","0","0","0","0","0","0","0","0","4","0","","36","04","2017","2017040020","3","40.1044","-76.2553","1627","08","0","0","0","0","0","0","1","0","1","0","0","0","16","1","1","02","1","40 06:15.964","2","02","76 15:19.182","4","0","0","0","36101","0","0","0","Y","0","0","0","2","36101","1","","1","01","N","N","0","","0","0","0","3","3","N","1625","1","2","0","0","0","0","0","3","0","2","N","","","","","","","","","","","","03","  ","","",""
"0925","0","0","0","0","0","0","0","0","0","0","1","","36","04","2017","2017040021","3","40.0436","-76.4229","0923","08","0","0","0","0","0","0","0","0","4","0","1","0","09","1","0","02","2","40 02:36.845","7","00","76 25:22.598","0","0","0","0","36414","0","0","0","N","0","0","0","1","36239","0","","1","01","N","N","0","","0","0","0","3","2","Y","0923","0","1","0","0","0","0","0","3","0","1","N","","","","","","","","","","","","03","  ","","",""
"2215","2","0","0","0","0","0","0","0","0","4","0","","36","03","2017","2017040159","1","40.0319","-76.2398","2214","08","0","0","0","0","0","1","0","0","1","0","0","0","22","3","1","06","1","40 01:54.765","4","02","76 14:23.331","3","0","0","0","36215","0","0","0","N","0","0","0","3","36215","0","","1","09","N","N","0","","1","0","0","3","2","N","2208","1","2","0","0","0","0","0","1","0","2","N","","","","","","","","","","","","07","  ","","",""
"1850","2","0","0","0","0","0","0","0","0","1","0","","36","04","2017","2017040180","2","40.0331","-76.3048","1847","08","0","1","0","0","1","0","0","0","1","0","0","0","18","1","0","00","1","40 01:59.133","1","00","76 18:17.161","0","0","0","0","36301","0","0","0","N","0","0","0","4","36301","0","","1","01","N","N","0","","0","0","0","0","0","N","1847","0","2","0","0","0","0","0","3","0","2","N","","","","","","","","","","","","03","  ","","",""
"1804","1","0","0","0","0","0","0","0","0","0","0","","36","04","2017","2017040195","3","40.0099","-76.2988","1757","08","0","0","0","0","0","0","0","0","","0","0","0","17","1","0","02","0","40 00:37.159","","00","76 17:56.313","0","0","0","1","36240","0","0","0","N","0","0","0","2","36240","0","","1","01","N","N","0","","0","0","0","3","3","","1757","0","2","0","0","0","0","0","1","0","2","N","","","","","","","","","","","","03","  ","","",""
"0023","1","0","0","0","0","0","0","0","0","7","0","","36","04","2017","2017040200","4","40.0285","-76.2306","0020","08","0","0","0","0","0","0","0","0","3","0","0","0","00","3","0","00","2","40 01:42.500","1","00","76 13:50.000","0","0","0","0","36215","0","0","0","N","0","0","0","2","36215","0","","4","01","N","N","0","","0","0","0","0","0","N","0020","0","1","0","0","0","0","0","1","0","1","N","","","","","","","","","","","","03","  ","","",""
"1345","3","0","0","0","0","0","0","0","0","1","0","","36","04","2017","2017040245","1","40.0147","-76.1535","1337","08","0","0","0","0","0","1","0","0","1","0","0","0","13","1","0","00","1","40 00:52.939","3","00","76 09:12.639","0","0","0","0","36215","0","0","0","N","0","0","0","7","36215","0","","1","01","N","N","0","","0","0","0","0","0","Y","1334","0","3","0","0","0","0","0","1","0","3","N","","","","","","","","","","","","03","  ","","",""
"1617","0","0","0","0","0","0","0","0","0","7","0","","36","04","2017","2017040249","4","40.0712","-76.502","1602","08","0","0","0","0","0","1","0","0","2","0","0","0","15","1","1","00","2","40 04:16.490","5","00","76 30:07.040","4","0","0","0","36230","0","0","0","","0","0","0","1","36410","1","","4","01","N","N","1","","0","0","0","0","0","Y","1557","1","1","0","0","0","0","0","1","0","1","N","","","","","","","","","","","","03","  ","","",""
"1442","1","0","0","0","0","0","0","0","0","1","0","","36","04","2017","2017040250","2","40.2282","-76.4321","1442","08","0","0","0","0","0","1","1","0","","0","0","0","14","1","0","01","0","40 13:42.054","","00","76 25:55.643","0","0","0","0","36230","0","0","0","","0","0","0","2","36410","0","","1","01","N","N","0","","0","0","1","3","2","","1442","0","2","0","0","0","0","0","1","0","2","N","","","","","","","","","","","","03","  ","","",""
"0700","1","0","0","0","0","0","0","0","0","1","0","","36","04","2017","2017040305","4","40.1903","-76.1787","0657","08","0","0","0","0","0","1","0","0","1","0","0","0","06","1","1","02","1","40 11:30.969","1","00","76 10:35.043","3","0","0","0","36408","0","0","0","N","0","0","0","2","36408","0","","1","01","N","N","0","","1","0","1","3","2","N","0656","1","2","0","0","0","0","0","2","0","2","N","","","","","","","","","","","","03","  ","","",""
"1345","1","0","0","0","0","0","0","0","0","7","0","","36","04","2017","2017040341","1","40.1906","-76.1457","1338","08","0","0","0","0","0","0","0","0","","0","0","0","13","1","0","00","0","40 11:26.232","","00","76 08:44.467","0","0","0","0","36218","0","0","0","N","0","0","0","1","36408","0","","5","01","N","N","0","","0","0","0","0","0","","1338","0","1","0","0","1","0","0","1","0","1","N","","","","","","","","","","","","03","  ","","",""
"1719","2","0","0","0","0","0","0","0","0","1","0","","36","04","2017","2017040388","4","40.0714","-76.3255","1657","08","0","0","1","0","0","1","0","0","","0","0","0","16","1","0","00","0","40 04:16.936","","00","76 19:31.684","0","0","0","0","36301","0","0","0","N","0","0","0","2","36301","0","","1","01","N","N","0","","0","0","0","0","0","","1652","0","2","0","0","0","0","0","3","0","2","N","","","","","","","","","","","","03","  ","","",""
"1032","0","0","0","0","0","0","0","0","0","7","0","","36","04","2017","2017040395","4","40.1571","-76.6609","1018","08","0","0","0","0","0","0","0","0","4","0","0","0","10","1","0","00","2","40 09:25.690","6","00","76 39:39.349","0","0","0","0","36237","0","0","0","N","0","0","0","1","36505","0","","4","01","N","N","1","","0","0","0","0","0","Y","1015","0","1","0","0","0","0","0","1","0","1","N","","","","","","","","","","","","03","  ","","",""
"1640","2","0","0","0","0","0","0","0","0","1","0","","36","04","2017","2017040449","3","40.0742","-76.3207","1636","08","0","0","0","0","0","0","0","0","1","0","0","0","16","1","2","01","1","40 04:27.056","4","00","76 19:14.473","8","0","0","0","36101","0","0","0","N","0","0","0","4","36101","0","","1","01","N","N","0","","0","0","0","3","2","N","1625","2","2","0","0","0","2","0","3","0","2","N","","","","","","","","","","","","03","  ","","",""
"2236","0","0","0","0","0","0","0","0","0","7","0","","36","04","2017","2017040452","5","40.0098","-76.4518","2229","08","0","1","0","0","0","0","0","0","2","0","0","0","22","2","0","00","2","40 00:35.280","5","00","76 27:06.560","0","0","0","0","36223","0","0","0","","0","0","0","2","36223","0","","5","01","N","N","1","","0","0","0","0","0","Y","2225","0","1","0","0","0","0","0","1","0","1","N","","","","","","","","","","","","03","  ","","",""
"1656","2","0","0","0","0","0","0","0","0","1","0","","36","04","2017","2017040612","4","39.984","-76.2917","1647","08","0","0","1","0","0","1","0","0","2","0","0","0","16","1","1","00","2","39 59:02.529","6","00","76 17:30.211","4","0","0","0","36228","0","0","0","N","0","0","0","7","36503","1","","1","01","N","N","0","","0","0","1","3","2","Y","1647","1","3","0","0","0","0","0","1","0","3","N","","","","","","","","","","","","03","  ","","",""
"0222","1","0","0","0","0","0","0","0","0","7","0","","36","04","2017","2017040616","7","40.1384","-76.5308","0217","08","0","0","0","0","0","0","0","0","","0","0","0","02","2","0","02","0","40 08:18.395","","00","76 31:50.990","9","0","0","0","36225","0","0","0","N","0","0","0","1","36505","0","","5","01","N","N","0","","0","0","0","0","0","","0215","0","1","0","0","0","0","1","2","0","1","N","","","","","","","","","","","","03","  ","","",""
"2052","1","0","0","0","0","0","0","0","0","7","0","","36","04","2017","2017040632","4","40.193","-76.1654","2046","08","0","0","1","0","0","0","0","0","","0","0","0","20","2","0","00","0","40 11:34.820","","00","76 09:55.350","0","0","0","0","36218","0","0","0","N","0","0","0","4","36408","0","","2","01","N","N","0","","0","0","0","0","0","","2046","0","1","0","0","1","0","0","1","0","1","N","","","","","","","","","","","","03","  ","","",""
"0045","1","0","0","0","0","0","0","0","0","7","0","","36","04","2017","2017040648","2","40.1398","-76.4404","0035","08","0","1","0","0","0","0","0","0","1","0","0","0","00","2","1","00","1","40 08:23.130","1","00","76 26:25.530","3","0","0","0","36230","0","0","0","N","0","0","0","2","36410","0","","2","01","N","N","0","","1","0","0","0","0","N","0035","1","1","0","0","0","0","0","1","0","1","N","","","","","","","","","","","","03","  ","","",""
"2154","0","0","0","1","0","0","0","0","0","4","0","","36","04","2017","2017040654","4","40.0393","-76.3081","2150","08","0","0","0","0","0","1","0","0","1","0","0","0","21","3","1","01","2","40 02:21.482","2","00","76 18:29.100","4","0","0","0","36301","1","0","0","N","0","0","0","2","36301","1","","1","01","N","N","0","","0","0","1","3","2","Y","2149","1","2","0","0","1","0","0","3","0","1","N","","","","","","","","","","","","03","  ","","",""
"0855","2","0","0","0","0","0","0","0","0","4","0","","36","04","2017","2017040713","2","40.0499","-76.3079","0849","08","0","0","0","0","0","0","0","0","2","0","0","0","08","1","2","01","2","40 02:59.590","1","00","76 18:28.582","4","0","0","0","36301","0","0","0","","0","0","0","5","36301","2","","1","01","N","N","0","","0","0","0","3","2","Y","0845","2","2","0","0","0","0","0","3","0","2","N","","","","","","","","","","","","03","  ","","",""
"0853","1","0","0","0","0","0","0","0","0","1","0","","36","04","2017","2017040735","7","40.0963","-76.3459","0850","08","0","0","0","0","0","1","0","0","","0","0","0","08","1","1","00","0","40 05:46.720","","00","76 20:45.170","3","0","0","0","36406","0","0","0","N","0","0","0","1","36101","0","","1","01","N","N","1","","1","0","0","0","0","","0849","1","2","0","0","0","0","0","3","0","2","N","","","","","","","","","","","","03","  ","","",""
"0758","2","0","0","0","0","0","0","0","0","1","0","","36","04","2017","2017040743","5","40.0679","-76.3034","0754","08","0","0","0","0","0","0","0","0","2","0","0","0","07","1","0","00","1","40 04:04.313","1","00","76 18:12.341","0","0","0","0","36101","0","0","0","N","0","0","0","2","36101","0","","1","09","N","N","0","","0","0","0","0","0","N","0749","0","2","0","0","0","0","0","3","0","2","N","","","","","","","","","","","","03","  ","","",""
"0811","1","0","0","0","0","0","0","0","0","1","0","","36","04","2017","2017040755","5","40.0406","-76.4981","0809","08","0","0","0","0","0","1","0","0","1","0","0","0","08","1","1","00","1","40 02:26.000","4","07","76 29:53.320","4","0","0","0","36404","0","0","0","N","0","0","0","3","36404","1","","1","09","N","N","0","","0","0","1","0","0","N","0805","1","2","0","0","0","0","0","3","0","2","N","","","","","","","","","","","","07","  ","","",""
"0600","0","0","0","0","0","0","0","0","0","4","0","","36","04","2017","2017040768","4","40.2444","-76.1226","0554","08","0","0","0","0","0","1","0","0","2","0","0","0","05","2","0","02","1","40 14:39.801","7","00","76 07:21.433","0","0","0","0","36210","0","0","0","N","0","0","0","2","36210","0","","1","01","N","N","0","","0","0","2","0","0","N","0553","0","2","0","0","0","0","0","1","0","2","N","","","","","","","","","","","","03","  ","","",""
"1036","3","0","0","0","0","0","0","0","0","1","0","","36","04","2017","2017040780","5","40.0825","-76.2916","1032","08","0","0","0","0","0","0","1","1","","0","0","0","10","1","0","00","0","40 04:56.946","","00","76 17:29.922","0","0","0","0","36101","0","0","0","N","0","0","0","3","36101","0","","1","01","N","N","0","","0","0","0","0","0","","1030","0","3","0","0","0","0","0","3","0","3","N","","","","","","","","","","","","03","  ","","",""
"1717","2","0","0","0","0","0","0","0","0","1","0","","36","04","2017","2017040891","4","40.0366","-76.415","1707","08","0","1","0","0","0","1","0","0","2","0","0","0","17","1","2","00","2","40 02:11.660","5","00","76 24:53.930","3","0","0","0","36223","0","0","0","","0","0","0","3","36223","1","","1","01","N","N","0","","1","0","0","0","0","Y","1707","2","2","0","0","0","0","0","1","0","2","N","","","","","","","","","","","","03","  ","","",""
"1802","1","0","0","0","0","0","0","0","0","5","0","","36","04","2017","2017040932","5","40.1068","-76.2926","1757","08","0","0","0","0","0","0","0","0","1","0","0","0","17","1","0","00","1","40 06:24.512","2","00","76 17:33.466","0","0","0","0","36101","0","0","0","N","0","0","0","1","36101","0","","6","01","N","N","1","","0","0","0","0","0","N","1751","0","2","0","0","0","0","0","3","0","2","N","","","","","","","","","","","","03","  ","","",""
"1946","1","0","0","0","0","0","0","0","0","7","0","","36","04","2017","2017040972","1","40.0485","-76.2941","1939","08","0","0","0","0","0","0","1","0","2","0","0","0","19","1","0","01","1","40 02:54.464","2","00","76 17:38.681","0","0","0","0","36301","0","0","0","N","0","0","0","1","36301","0","","4","01","N","N","0","","0","0","0","3","2","Y","1935","0","1","0","0","0","0","0","3","0","1","N","","","","","","","","","","","","03","  ","","",""
"1237","1","0","0","0","0","0","0","0","0","4","0","","36","04","2017","2017041019","1","40.0315","-76.238","1233","08","0","0","0","0","0","0","1","0","1","0","0","0","12","1","0","02","1","40 01:54.967","3","07","76 14:23.102","0","0","0","0","36215","0","0","0","N","0","0","0","4","36215","0","","1","01","N","N","0","","0","0","1","3","2","N","1230","0","2","0","0","0","0","0","1","0","2","N","","","","","","","","","","","","03","  ","","",""
"1054","1","0","0","0","0","0","0","0","0","1","0","","36","04","2017","2017041057","6","40.0247","-76.3314","1044","08","0","0","0","0","0","0","0","0","","0","0","0","10","1","0","00","0","40 01:28.830","","07","76 19:52.870","0","0","0","0","36220","0","0","0","N","0","0","0","2","36101","0","","1","01","N","N","0","","0","0","1","0","0","","1041","0","2","0","0","0","0","0","3","0","2","N","","","","","","","","","","","","03","  ","","",""
"1014","0","0","0","0","0","0","0","0","1","7","0","","36","04","2017","2017041075","4","40.1398","-76.3886","1012","08","0","0","0","0","0","1","0","0","","0","0","0","10","1","2","00","0","40 08:23.260","","00","76 23:18.990","2","0","0","0","36227","0","0","0","","0","0","0","2","36506","0","","4","01","N","N","1","","0","2","0","0","0","","1012","2","1","0","0","0","0","0","1","0","1","N","","","","","","","","","","","","03","  ","","",""
"1210","2","0","0","0","0","0","0","0","0","5","0","","36","04","2017","2017041086","1","40.0524","-76.3064","1204","08","0","0","0","0","0","1","0","0","","0","0","0","11","1","1","01","0","40 03:08.487","","00","76 18:22.888","8","0","0","0","36301","0","0","0","N","0","0","0","2","36301","0","","1","01","N","N","0","","0","0","0","3","2","","1146","1","2","0","0","0","1","0","3","0","2","N","","","","","","","","","","","","03","  ","","",""
"0926","2","0","0","0","0","0","0","0","0","4","0","","36","04","2017","2017041108","3","40.0383","-76.3175","0924","08","0","0","0","0","0","1","0","0","2","0","0","0","09","1","1","01","1","40 02:17.955","2","00","76 19:02.866","3","0","0","0","36301","0","0","0","N","0","0","0","2","36301","0","","1","01","N","N","0","","1","0","0","3","2","N","0924","1","2","0","0","0","0","0","3","0","2","N","","","","","","","","","","","","03","  ","","",""
"1620","2","0","0","0","0","0","0","0","0","4","0","","36","04","2017","2017041255","6","40.045","-76.2837","1615","08","0","0","0","1","0","0","0","0","1","0","0","0","16","1","1","01","2","40 02:41.866","3","00","76 17:01.190","4","0","0","0","36301","0","0","0","N","0","0","0","3","36301","1","","1","01","N","N","0","","0","0","0","3","2","N","1614","1","2","0","0","0","0","0","3","0","2","N","","","","","","","","","","","","03","  ","","",""
"1450","2","0","0","0","0","0","0","0","0","1","0","","36","03","2017","2017041449","1","39.7676","-76.0677","1416","08","0","0","0","0","1","0","0","0","","0","0","0","14","1","0","02","0","39 46:03.280","","00","76 04:03.670","9","0","0","0","36222","0","0","0","","0","0","0","3","68J01","0","","1","01","N","N","0","","0","0","0","0","0","","1407","0","2","0","0","0","0","1","1","0","2","N","","","","","","","","","","","","03","  ","","",""
"1313","2","0","0","0","0","0","0","0","0","1","0","","36","04","2017","2017041453","7","39.9921","-76.0202","1251","08","0","1","0","0","0","1","0","0","1","0","0","0","12","1","0","00","1","39 59:31.422","4","00","76 01:12.882","0","0","0","0","36232","0","0","0","","0","0","0","4","68J01","0","","1","01","N","N","0","","0","0","1","0","0","N","1246","0","3","0","0","0","0","0","1","0","3","N","","","","","","","","","","","","03","  ","","",""
"0531","0","0","0","0","0","0","0","0","0","4","0","","36","04","2017","2017041457","4","39.9824","-76.1678","0515","08","0","0","0","0","0","0","0","0","","0","0","0","05","2","0","01","0","39 58:56.556","","00","76 10:03.903","9","0","0","0","36233","0","0","0","","0","0","0","2","68J01","0","","1","01","N","N","1","","0","0","0","3","2","","0515","0","2","0","0","0","0","1","1","0","2","N","","","","","","","","","","","","03","  ","","",""
"0434","0","0","0","0","0","0","0","0","0","7","1","","36","03","2017","2017041495","5","39.9973","-76.052","0419","08","0","0","0","0","0","0","0","0","2","0","1","0","04","3","0","00","1","39 59:50.208","4","00","76 03:07.243","0","0","0","0","36232","0","0","0","","0","0","0","1","68J01","0","","4","02","N","N","0","","0","0","0","0","0","N","0415","0","1","0","0","0","0","0","1","0","1","N","","","","","","","","","","","","10","  ","","",""
"1835","1","0","0","0","0","0","0","0","0","9","0","","36","03","2017","2017041498","7","40.0731","-75.9845","1806","08","0","0","0","0","0","0","0","0","2","0","0","0","18","1","0","00","1","40 04:23.030","3","00","75 59:04.270","0","0","0","0","36232","0","0","0","","0","0","0","1","68J01","0","","2","01","N","N","0","","0","0","0","0","0","N","1800","0","1","0","0","1","0","0","1","0","1","N","","","","","","","","","","","","03","  ","","",""
"0648","0","0","0","0","0","0","0","0","0","0","0","","36","03","2017","2017041500","1","40.0202","-76.0601","0637","08","0","0","0","0","0","0","0","0","","0","0","0","06","2","0","00","0","40 01:12.651","","00","76 03:36.268","0","0","0","0","36221","0","0","0","","0","0","0","1","68J01","0","","1","01","N","N","0","","0","0","1","0","0","","0635","0","1","0","0","0","0","0","1","0","1","N","","","","","","","","","","","","03","  ","","",""
"1719","0","0","0","0","0","0","0","0","0","1","0","","36","04","2017","2017041503","3","39.9852","-76.0192","1709","08","0","0","0","0","0","0","1","0","","0","0","0","17","1","1","02","0","39 59:06.576","","00","76 01:08.977","4","0","0","0","36232","0","0","0","","0","0","0","3","68J01","1","","1","01","N","N","1","","0","0","1","3","3","","1709","1","2","0","0","0","0","0","1","0","2","N","","","","","","","","","","","","03","  ","","",""
"1813","1","0","0","0","0","0","0","0","0","4","0","","36","04","2017","2017041506","3","40.0248","-76.1681","1813","08","0","0","0","0","0","0","0","0","","0","0","0","18","1","0","00","0","40 01:29.317","","07","76 10:05.218","0","0","0","0","36215","0","0","0","","0","0","0","2","68J01","0","","1","01","N","N","0","","0","0","0","0","0","","1813","0","2","0","0","0","0","0","1","1","2","N","","","","","","","","","","","","03","  ","","",""
"2111","0","0","0","0","0","0","0","0","0","7","0","","36","04","2017","2017041509","4","40.0072","-76.0388","2108","08","0","0","1","0","0","0","0","0","2","0","0","0","21","2","1","00","1","40 00:26.094","1","00","76 02:19.858","8","0","0","1","36232","0","0","0","","0","0","0","1","68J01","0","","4","01","N","N","0","","0","0","0","0","0","N","2104","1","1","0","0","0","1","0","1","0","1","N","","","","","","","","","","","","03","  ","","",""
"0821","1","0","0","0","0","0","0","0","0","7","0","","36","04","2017","2017041515","1","39.9836","-76.1511","0815","08","0","0","0","1","0","0","0","0","1","0","0","0","08","1","1","00","2","39 59:00.780","5","00","76 09:03.840","3","0","0","0","36226","0","0","0","","0","0","0","1","68J01","0","","5","01","N","N","0","","1","0","0","0","0","Y","0814","1","1","0","0","0","0","0","1","0","1","N","","","","","","","","","","","","03","  ","","",""
"2044","1","0","0","0","0","0","0","0","0","7","0","","36","04","2017","2017041519","3","39.729","-76.1435","2036","08","0","0","0","0","0","0","0","0","","0","0","0","20","2","0","00","0","39 43:44.280","","00","76 08:36.660","0","0","0","0","36219","0","0","0","","0","0","0","1","68J01","0","","4","01","N","N","0","","0","0","0","0","0","","2000","0","1","0","0","0","0","0","1","0","1","N","","","","","","","","","","","","03","  ","","",""
"1837","1","0","0","0","0","0","0","0","0","7","0","","36","04","2017","2017041537","6","","","1830","08","0","0","0","0","0","0","0","1","2","0","0","0","18","1","1","10","1","00 00:00.00","1","00","00 00:00.0","4","0","0","0","36101","0","0","0","N","0","0","0","1","36101","1","","2","09","N","N","0","","0","0","0","0","0","N","1826","1","1","0","0","0","0","0","3","0","1","N","","","","","","","","","","","","07","  ","","",""
"0300","1","0","0","0","0","0","0","0","0","1","1","","36","04","2017","2017041558","2","40.1642","-76.5826","0255","08","0","0","0","0","0","0","0","0","2","0","1","0","02","2","0","00","2","40 09:50.981","4","00","76 34:57.498","0","0","0","0","36225","0","0","0","N","0","0","0","2","36505","0","","1","01","N","N","0","","0","0","0","0","0","N","0255","0","2","0","0","0","0","0","2","0","2","N","","","","","","","","","","","","03","  ","","",""
"2211","0","0","0","0","0","0","0","0","0","7","0","","36","04","2017","2017041568","2","40.1823","-76.6111","2203","08","0","0","0","0","0","0","0","0","2","0","0","0","22","2","1","00","1","40 10:56.200","1","00","76 36:40.100","4","0","0","0","36225","0","0","0","N","0","0","0","1","36505","1","","4","01","N","N","0","","0","0","1","0","0","Y","2203","1","1","0","0","0","0","0","2","0","1","N","","","","","","","","","","","","03","  ","","",""
"1655","1","0","0","0","0","0","0","0","0","4","0","","36","04","2017","2017041676","6","40.1903","-76.1787","1651","08","0","0","0","0","0","0","0","0","2","0","0","0","16","1","1","02","2","40 11:30.968","2","07","76 10:34.993","8","0","0","0","36218","0","0","0","N","0","0","0","5","36408","0","","1","01","N","N","0","","0","0","1","3","2","Y","1650","1","2","0","0","0","1","0","1","0","2","N","","","","","","","","","","","","03","  ","","",""
"1609","2","0","0","0","0","0","0","0","0","4","0","","36","04","2017","2017041691","6","40.0497","-76.2991","1601","08","0","0","0","0","0","0","0","0","1","0","0","0","15","1","1","01","1","40 02:59.088","1","00","76 17:56.664","4","0","0","0","36301","0","0","0","N","0","0","0","4","36301","1","","1","01","N","N","0","","0","0","0","3","3","N","1559","1","2","0","0","0","0","2","3","0","2","N","","","","","","","","","","","","03","  ","","",""
"0848","0","0","0","0","0","0","0","0","0","7","0","","36","04","2017","2017041697","7","40.0386","-76.3277","0842","08","1","0","0","0","0","0","0","0","","0","0","0","08","1","0","00","0","40 02:18.866","","00","76 19:39.540","0","0","0","0","36220","0","0","0","N","0","0","0","2","36101","0","","2","09","N","N","0","","0","0","1","0","0","","0841","0","1","0","0","0","0","0","3","0","1","N","","","","","","","","","","","","07","  ","","",""
"1758","1","0","0","0","0","0","0","0","0","5","0","","36","04","2017","2017041709","3","40.0354","-76.3052","1758","08","0","0","0","0","0","1","0","0","3","0","0","0","17","1","1","00","1","40 02:07.395","1","00","76 18:18.686","2","0","1","1","36301","0","0","0","N","0","0","0","3","36301","0","","1","01","N","N","0","","0","1","1","0","0","Y","1756","1","3","0","0","0","0","0","3","0","3","N","","","","","","","","","","","","03","  ","","",""
"1703","3","0","0","0","0","0","0","0","0","1","0","","36","04","2017","2017041715","6","40.135","-76.3039","1653","08","0","0","0","0","1","0","0","0","2","0","0","0","16","1","1","00","1","40 08:05.913","1","00","76 18:13.948","8","0","0","0","36235","0","0","0","","0","0","0","6","36506","0","","1","01","N","N","0","","0","0","0","0","0","N","1653","1","3","0","0","0","1","0","1","0","3","N","","","","","","","","","","","","03","  ","","",""
"1410","1","0","0","0","0","0","0","0","0","1","0","","36","04","2017","2017041738","7","40.0679","-76.2973","1404","08","0","0","0","0","0","0","1","0","","0","0","0","14","1","0","00","0","40 04:04.450","","00","76 17:50.350","0","0","0","0","36101","0","0","0","N","0","0","0","4","36101","0","","1","09","N","N","0","","0","0","1","0","0","","1400","0","2","0","0","0","0","0","3","0","2","N","","","","","","","","","","","","07","  ","","",""
"0950","2","0","0","0","0","0","0","0","0","1","0","","36","04","2017","2017041775","2","40.0859","-76.2866","0929","08","0","0","0","0","0","1","0","0","","0","0","0","09","1","0","00","0","40 05:09.203","","00","76 17:11.604","0","0","0","0","36101","0","0","0","N","0","0","0","3","36101","0","","1","01","N","N","0","","0","0","0","0","0","","0927","0","2","0","0","0","0","0","3","0","2","N","","","","","","","","","","","","03","  ","","",""
"1631","1","0","0","0","0","0","0","0","0","4","0","","36","04","2017","2017041778","6","40.1533","-76.3688","1624","08","0","0","0","0","0","0","0","1","","0","0","0","16","1","1","02","0","40 09:11.989","","00","76 22:07.535","8","0","0","0","36227","0","0","0","","0","0","0","2","36506","0","","1","01","N","N","0","","0","0","0","3","3","","1624","1","2","0","0","0","1","0","1","1","2","N","","","","","","","","","","","","03","  ","","",""