"ARRIVAL_TM","AUTOMOBILE_COUNT","BELTED_DEATH_COUNT","BELTED_SUSP_SERIOUS_INJ_COUNT","BICYCLE_COUNT","BICYCLE_DEATH_COUNT","BICYCLE_SUSP_SERIOUS_INJ_COUNT","BUS_COUNT","CHLDPAS_DEATH_COUNT","CHLDPAS_SUSP_SERIOUS_INJ_COUNT","COLLISION_TYPE","COMM_VEH_COUNT","CONS_ZONE_SPD_LIM","COUNTY","CRASH_MONTH","CRASH_YEAR","CRN","DAY_OF_WEEK","DEC_LAT","DEC_LONG","DISPATCH_TM","DISTRICT","DRIVER_COUNT_16YR","DRIVER_COUNT_17YR","DRIVER_COUNT_18YR","DRIVER_COUNT_19YR","DRIVER_COUNT_20YR","DRIVER_COUNT_50_64YR","DRIVER_COUNT_65_74YR","DRIVER_COUNT_75PLUS","EST_HRS_CLOSED","FATAL_COUNT","HEAVY_TRUCK_COUNT","HORSE_BUGGY_COUNT","HOUR_OF_DAY","ILLUMINATION","INJURY_COUNT","INTERSECT_TYPE","LANE_CLOSED","LATITUDE","LN_CLOSE_DIR","LOCATION_TYPE","LONGITUDE","MAX_SEVERITY_LEVEL","MCYCLE_DEATH_COUNT","MCYCLE_SUSP_SERIOUS_INJ_COUNT","MOTORCYCLE_COUNT","MUNICIPALITY","NONMOTR_COUNT","NONMOTR_DEATH_COUNT","NONMOTR_SUSP_SERIOUS_INJ_COUNT","NTFY_HIWY_MAINT","PED_COUNT","PED_DEATH_COUNT","PED_SUSP_SERIOUS_INJ_COUNT","PERSON_COUNT","POLICE_AGCY","POSSIBLE_INJ_COUNT","RDWY_SURF_TYPE_CD","RELATION_TO_ROAD","ROAD_CONDITION","SCH_BUS_IND","SCH_ZONE_IND","SMALL_TRUCK_COUNT","SPEC_JURIS_CD","SUSP_MINOR_INJ_COUNT","SUSP_SERIOUS_INJ_COUNT","SUV_COUNT","TCD_FUNC_CD","TCD_TYPE","TFC_DETOUR_IND","TIME_OF_DAY","TOT_INJ_COUNT","TOTAL_UNITS","UNB_DEATH_COUNT","UNB_SUSP_SERIOUS_INJ_COUNT","UNBELTED_OCC_COUNT","UNK_INJ_DEG_COUNT","UNK_INJ_PER_COUNT","URBAN_RURAL","VAN_COUNT","VEHICLE_COUNT","WORK_ZONE_IND","WORK_ZONE_LOC","WORK_ZONE_TYPE","WORKERS_PRES","WZ_CLOSE_DETOUR","WZ_FLAGGER","WZ_LAW_OFFCR_IND","WZ_LN_CLOSURE","WZ_MOVING","WZ_OTHER","WZ_SHLDER_MDN","ROADWAY_CLEARED","WEATHER1","WEATHER2","WZ_WORKERS_INJ_KILLED","SECONDARY_CRASH","INTERSECTION_RELATED"
"1558","0","0","0","1","0","0","0","0","0","1","0","","36","04","2017","2017041793","7","40.0404","-76.2974","1546","08","0","0","0","0","1","0","0","0","","0","0","0","15","1","1","01","0","40 02:25.541","","00","76 17:50.674","3","0","0","0","36301","1","0","0","N","0","0","0","2","36301","0","","1","01","N","N","0","","1","0","1","3","2","","1544","1","2","0","0","0","0","0","3","0","1","N","","","","","","","","","","","","03","  ","","",""
"2136","1","0","0","0","0","0","0","0","0","7","0","","36","04","2017","2017041818","6","40.0776","-76.4072","2133","08","0","0","0","0","0","0","1","0","2","0","0","0","21","2","1","00","1","40 04:39.258","1","00","76 24:25.946","4","0","0","0","36214","0","0","0","","0","0","0","1","36214","1","","4","09","N","N","0","","0","0","0","0","0","Y","2131","1","1","0","0","0","0","0","3","0","1","N","","","","","","","","","","","","03","  ","","",""
"1041","2","0","0","0","0","0","0","0","0","4","0","","36","04","2017","2017041905","7","40.0434","-76.3157","1038","08","0","0","1","0","0","1","0","0","","0","0","0","10","1","0","01","0","40 02:36.355","","00","76 18:56.386","0","0","0","0","36301","0","0","0","N","0","0","0","2","36301","0","","1","09","N","N","0","","0","0","0","3","3","","1038","0","2","0","0","0","0","0","3","0","2","N","","","","","","","","","","","","07","  ","","",""
"0639","1","0","0","0","0","0","0","0","0","1","0","","36","04","2017","2017041916","6","40.0385","-76.2776","0625","08","0","0","0","0","0","0","0","0","2","0","0","0","06","5","0","00","2","40 02:18.537","3","00","76 16:39.196","0","0","0","0","36220","0","0","0","N","0","0","0","2","36101","0","","1","09","N","N","0","","0","0","0","0","0","N","0623","0","2","0","0","0","0","0","3","1","2","N","","","","","","","","","","","","07","  ","","",""
"1755","2","0","0","0","0","0","0","0","0","4","0","","36","04","2017","2017041921","2","40.1223","-76.497","1715","08","0","0","0","0","0","1","0","0","","0","0","0","17","1","0","00","0","40 07:20.407","","00","76 29:49.121","0","0","0","0","36225","0","0","0","N","0","0","0","2","36505","0","","1","01","N","N","0","","0","0","0","0","0","","1710","0","2","0","0","0","0","0","2","0","2","N","","","","","","","","","","","","03","  ","","",""
"0734","1","0","0","0","0","0","0","0","0","7","0","","36","04","2017","2017041925","4","39.998","-76.2901","0730","08","0","0","0","0","0","0","0","0","","0","0","0","07","1","0","00","0","39 59:52.847","","00","76 17:24.469","0","0","0","0","36240","0","0","0","N","0","0","0","3","36240","0","","5","01","N","N","0","","0","0","0","0","0","","0726","0","1","0","0","0","0","0","1","0","1","N","","","","","","","","","","","","03","  ","","",""
"1358","2","0","0","0","0","0","0","0","0","5","0","","36","04","2017","2017041929","6","40.0811","-76.2769","1354","08","0","1","0","0","0","0","0","0","2","0","0","0","13","1","4","00","1","40 04:52.126","1","00","76 16:36.716","4","0","0","0","36101","0","0","0","N","0","0","0","5","36101","4","","1","01","N","N","0","","0","0","0","0","0","N","1351","4","2","0","0","0","0","0","3","0","2","N","","","","","","","","","","","","03","  ","","",""
"1245","1","0","0","0","0","0","0","0","0","1","0","","36","04","2017","2017041976","1","40.0307","-76.2367","1236","08","0","0","0","0","0","0","0","0","","0","0","0","12","1","1","00","0","40 01:50.553","","00","76 14:12.224","4","0","0","0","36215","0","0","0","N","0","0","0","3","36215","1","","1","01","N","N","1","","0","0","0","0","0","","1236","1","2","0","0","0","0","0","1","0","2","N","","","","","","","","","","","","03","  ","","",""
"1947","1","0","0","0","0","0","0","0","0","4","0","","36","04","2017","2017042002","5","40.2225","-76.0968","1945","08","0","0","0","0","0","1","0","0","1","0","0","0","19","4","0","01","1","40 13:20.882","5","00","76 05:48.548","0","0","0","0","36210","0","0","0","N","0","0","0","3","36210","0","","1","01","N","N","0","","0","0","0","3","2","N","1944","0","2","0","0","0","0","0","1","1","2","N","","","","","","","","","","","","03","  ","","",""
"1813","1","0","0","0","0","0","0","0","0","4","0","","36","04","2017","2017042013","1","40.1344","-76.1135","1810","08","0","0","0","0","0","0","0","0","1","0","0","1","18","1","0","00","2","40 08:03.798","5","00","76 06:48.738","0","0","0","0","36209","1","0","0","N","0","0","0","2","36415","0","","1","01","N","N","0","","0","0","0","0","0","Y","1810","0","2","0","0","0","0","0","1","0","1","N","","","","","","","","","","","","03","  ","","",""
"0435","1","0","0","0","0","0","0","0","0","7","0","","36","04","2017","2017042018","1","40.0675","-76.4585","0421","08","0","0","0","0","0","0","0","0","","0","0","0","04","2","1","00","0","40 04:02.941","","00","76 27:30.713","8","0","0","0","36239","0","0","0","N","0","0","0","1","36239","0","","2","01","N","N","0","","0","0","0","0","0","","0421","1","1","0","0","0","1","0","3","0","1","N","","","","","","","","","","","","03","  ","","",""
"1842","0","0","0","0","0","0","0","0","0","7","0","","36","04","2017","2017042029","1","40.0527","-76.3257","1840","08","0","0","0","1","0","0","0","0","","0","0","0","18","1","1","00","0","40 03:09.790","","00","76 19:32.500","3","0","0","0","36101","0","0","0","N","0","0","0","1","36101","0","","5","01","N","N","1","","1","0","0","0","0","","1822","1","1","0","0","1","0","0","3","0","1","N","","","","","","","","","","","","03","  ","","",""
"2243","1","0","0","0","0","0","0","0","0","4","0","","36","04","2017","2017042043","7","40.1555","-76.4105","2241","08","0","0","0","0","0","0","0","0","1","0","0","0","22","3","1","02","2","40 09:19.625","6","00","76 24:37.909","4","0","0","0","36230","0","0","0","N","0","0","0","2","36410","1","","1","01","N","N","0","","0","0","1","3","3","Y","2240","1","2","0","0","0","0","0","1","0","2","N","","","","","","","","","","","","03","  ","","",""
"1951","2","0","0","0","0","0","0","0","0","4","0","","36","04","2017","2017042062","7","40.0232","-76.197","1941","08","0","0","0","0","0","0","1","0","","0","0","0","19","4","0","01","0","40 01:24.014","","00","76 11:48.838","0","0","0","0","36215","0","0","0","N","0","0","0","4","36215","0","","1","09","N","N","0","","0","0","0","3","2","","1939","0","2","0","0","0","0","0","1","0","2","N","","","","","","","","","","","","03","  ","","",""
"1833","1","0","0","0","0","0","0","0","0","0","0","","36","04","2017","2017042077","6","40.106","-76.2513","1824","08","0","0","0","0","1","0","0","0","","0","0","0","18","1","1","00","0","40 06:21.741","","00","76 15:04.837","2","0","0","0","36101","0","0","0","Y","0","0","0","1","36101","0","","1","09","N","N","0","","0","1","0","0","0","","1823","1","1","0","1","1","0","0","3","0","1","N","","","","","","","","","","","","07","  ","","",""
"1850","1","0","0","0","0","0","0","0","0","4","0","","36","04","2017","2017042084","4","39.9922","-76.2859","1848","08","0","0","0","0","0","0","0","1","2","0","0","0","18","1","2","02","1","39 59:32.071","2","07","76 17:09.342","8","0","0","0","36240","0","0","0","N","0","0","0","2","36240","0","","1","01","N","N","0","","0","0","1","3","2","Y","1844","2","2","0","0","0","2","0","1","0","2","N","","","","","","","","","","","","03","  ","","",""
"2051","0","0","0","0","0","0","0","0","0","5","0","","36","04","2017","2017042120","6","40.2283","-76.362","2039","08","0","0","0","0","0","1","0","0","","0","1","0","20","2","1","00","0","40 13:42.132","","00","76 21:41.677","8","0","0","0","36227","0","0","0","","0","0","0","3","68T06","0","","1","01","N","N","0","","0","0","0","0","0","","2035","1","2","0","0","0","1","0","1","1","2","N","","","","","","","","","","","","03","  ","","",""
"0745","0","0","0","0","0","0","0","0","0","1","0","","36","04","2017","2017042151","2","40.0812","-76.2773","0721","08","0","0","0","0","0","0","0","0","","0","0","0","07","1","1","00","0","40 04:52.202","","00","76 16:38.333","4","0","0","0","36101","0","0","0","N","0","0","0","2","36101","1","","1","01","N","N","0","","0","0","2","0","0","","0721","1","2","0","0","0","0","0","3","0","2","N","","","","","","","","","","","","03","  ","","",""
"1822","0","0","0","0","0","0","0","0","0","4","0","","36","03","2017","2017042190","3","40.0884","-76.1827","1817","08","0","0","0","0","0","0","0","0","1","0","0","1","18","4","1","01","1","40 05:18.403","3","00","76 10:57.618","8","0","0","0","36234","0","0","0","N","0","0","0","2","36215","0","","1","09","N","N","1","","0","0","0","3","3","N","1815","1","2","0","0","0","1","0","1","0","1","N","","","","","","","","","","","","07","  ","","",""
"1624","2","0","0","0","0","0","0","0","0","4","0","","36","04","2017","2017042205","7","40.1758","-76.3088","1619","08","0","0","0","0","0","1","0","0","","0","0","0","16","1","1","02","0","40 10:32.768","","00","76 18:31.673","8","0","0","0","36235","0","0","0","","0","0","0","3","36506","0","","1","09","N","N","0","","0","0","0","0","0","","1616","1","2","0","0","0","1","0","1","0","2","N","","","","","","","","","","","","07","  ","","",""
"2312","0","0","0","0","0","0","0","0","0","7","0","","36","04","2017","2017042206","1","40.1844","-76.3873","2309","08","0","0","0","0","0","1","0","0","","0","0","0","23","2","0","00","0","40 11:03.670","","00","76 23:14.330","0","0","0","0","36227","0","0","0","","0","0","0","1","36506","0","","2","01","N","N","1","","0","0","0","0","0","","2309","0","1","0","0","1","0","0","1","0","1","N","","","","","","","","","","","","03","  ","","",""
"1537","1","0","1","0","0","0","0","0","0","6","0","","36","04","2017","2017042228","5","40.0512","-76.3062","1535","08","0","0","0","0","0","0","0","0","2","0","0","0","15","1","1","01","1","40 03:04.412","2","00","76 18:22.145","2","0","0","0","36301","0","0","0","N","0","0","0","2","36301","0","","1","09","N","N","0","","0","1","1","3","3","Y","1535","1","2","0","0","0","0","0","3","0","2","N","","","","","","","","","","","","07","  ","","",""
"1258","1","0","0","0","0","0","0","0","0","7","0","","36","04","2017","2017042237","2","40.1707","-76.6044","1258","08","0","0","0","0","0","0","1","0","2","0","0","0","12","1","1","00","1","40 10:14.689","1","00","76 36:15.854","8","0","0","0","36225","0","0","0","N","0","0","0","1","36505","0","","5","01","N","N","0","","0","0","0","0","0","N","1258","1","1","0","0","0","1","0","2","0","1","N","","","","","","","","","","","","03","  ","","",""
"1106","1","0","0","0","0","0","0","0","0","7","0","","36","04","2017","2017042238","2","40.0538","-76.3648","1102","08","0","0","0","0","0","0","0","0","","0","0","0","10","1","1","00","0","40 03:13.672","","00","76 21:53.124","3","0","0","0","36214","0","0","0","N","0","0","0","1","36214","0","","5","01","N","N","0","","1","0","0","0","0","","1055","1","1","0","0","0","0","0","3","0","1","N","","","","","","","","","","","","03","  ","","",""
"0905","1","0","0","0","0","0","0","0","0","7","0","","36","04","2017","2017042247","2","39.9614","-76.2657","0901","08","0","0","0","0","0","1","0","0","","0","0","0","09","1","0","00","0","39 57:41.120","","00","76 15:56.390","0","0","0","0","36228","0","0","0","N","0","0","0","1","36503","0","","5","01","N","N","0","","0","0","0","0","0","","0900","0","1","0","0","0","0","0","1","0","1","N","","","","","","","","","","","","03","  ","","",""
"1558","1","0","0","0","0","0","0","0","0","5","0","","36","04","2017","2017042259","2","40.0727","-76.3295","1548","08","0","0","0","0","0","1","1","0","2","0","0","0","15","1","0","00","1","40 04:21.865","4","00","76 19:46.080","0","0","0","0","36101","0","0","0","N","0","0","0","2","36101","0","","1","01","N","N","0","","0","0","1","0","0","N","1548","0","2","0","0","0","0","0","3","0","2","N","","","","","","","","","","","","03","  ","","",""
"1648","0","0","0","0","0","0","0","0","0","7","0","","36","03","2017","2017042314","6","39.8405","-76.0275","1623","08","0","0","0","0","0","0","0","0","","0","0","0","16","1","0","00","0","39 50:25.800","","00","76 01:38.910","0","0","0","0","36205","0","0","0","","0","0","0","1","68J01","0","","4","01","N","N","0","","0","0","1","0","0","","1623","0","1","0","0","0","0","0","1","0","1","N","","","","","","","","","","","","03","  ","","",""
"1910","1","0","0","0","0","0","0","0","0","7","0","","36","03","2017","2017042325","7","40.1315","-75.9016","1839","08","0","0","0","0","0","0","0","0","","0","0","0","18","4","0","02","0","40 07:53.578","","00","75 54:05.826","0","0","0","0","36203","0","0","0","","0","0","0","1","68J01","0","","4","09","N","N","0","","0","0","0","0","0","","1839","0","1","0","0","0","0","0","1","0","1","N","","","","","","","","","","","","03","  ","","",""
"1656","0","0","0","0","0","0","0","0","0","0","1","","36","03","2017","2017042338","3","39.9947","-76.0274","1643","08","0","0","0","0","0","1","0","0","5","0","1","0","16","1","0","00","1","39 59:41.093","4","00","76 01:38.805","0","0","0","0","36232","0","0","0","","0","0","0","1","68J01","0","","1","09","N","N","0","","0","0","0","0","0","N","1633","0","1","0","0","0","0","0","1","0","1","N","","","","","","","","","","","","07","  ","","",""
"1910","1","0","0","0","0","0","0","0","0","4","0","","36","03","2017","2017042344","5","39.8414","-76.0613","1826","08","0","0","0","0","0","0","0","0","","0","0","0","18","1","0","01","0","39 50:29.050","","00","76 03:40.665","0","0","0","0","36205","0","0","0","","0","0","0","3","68J01","0","","1","01","N","N","1","","0","0","0","3","3","","1822","0","2","0","0","0","0","0","1","0","2","N","","","","","","","","","","","","03","  ","","",""
"1824","1","0","0","0","0","0","0","0","0","7","0","","36","04","2017","2017042350","7","40.1376","-75.8887","1804","08","0","0","0","0","0","0","0","0","","0","0","0","18","1","0","00","0","40 08:15.370","","00","75 53:19.250","0","0","0","0","36203","0","0","0","","0","0","0","1","68J01","0","","5","01","N","N","0","","0","0","0","0","0","","1803","0","1","0","0","0","0","0","1","0","1","N","","","","","","","","","","","","03","  ","","",""
"0519","0","0","0","0","0","0","0","0","0","9","0","","36","04","2017","2017042358","1","39.9386","-76.2556","0508","08","0","0","0","0","0","1","0","0","","0","0","0","05","2","0","00","0","39 56:18.880","","00","76 15:20.221","0","0","0","0","36229","0","0","0","","0","0","0","1","68J01","0","","1","01","N","N","0","","0","0","1","0","0","","0504","0","1","0","0","0","0","0","1","0","1","N","","","","","","","","","","","","03","  ","","",""
"1835","2","0","0","0","0","0","0","0","0","4","0","","36","04","2017","2017042371","4","39.9899","-76.0009","1835","08","0","0","0","0","1","1","0","0","2","0","0","0","18","1","3","02","2","39 59:23.638","3","00","76 00:03.067","3","0","0","0","36232","0","0","0","","0","0","0","4","68J01","1","","1","01","N","N","0","","2","0","0","3","3","Y","1835","3","2","0","0","0","0","0","1","0","2","N","","","","","","","","","","","","03","  ","","",""
"2056","0","0","0","0","0","0","0","0","0","7","0","","36","04","2017","2017042372","4","39.8763","-76.2872","2046","08","0","0","0","0","0","0","0","0","","0","0","0","20","2","1","00","0","39 52:34.630","","00","76 17:14.090","8","0","0","1","36224","0","0","0","","0","0","0","1","68J01","0","","4","01","N","N","0","","0","0","0","0","0","","2045","1","1","0","0","0","1","0","1","0","1","N","","","","","","","","","","","","03","  ","","",""
"1159","1","0","0","0","0","0","0","0","0","7","0","","36","04","2017","2017042384","1","40.04","-76.1218","1152","08","0","0","0","0","0","0","0","0","1","0","0","0","11","1","0","00","1","40 02:23.839","6","00","76 07:18.560","0","0","0","0","36221","0","0","0","","0","0","0","1","68J01","0","","5","01","N","N","0","","0","0","0","0","0","N","1149","0","1","0","0","0","0","0","1","0","1","N","","","","","","","","","","","","03","  ","","",""
"0532","0","0","0","0","0","0","0","0","0","7","0","","36","04","2017","2017042410","6","40.0431","-76.0018","0509","08","0","0","0","0","0","0","0","0","2","0","0","0","05","2","1","00","1","40 02:35.190","1","00","76 00:06.520","3","0","0","0","36232","0","0","0","","0","0","0","1","68J01","0","","2","09","N","N","0","","1","0","1","0","0","N","0509","1","1","0","0","0","0","0","1","0","1","N","","","","","","","","","","","","07","05","","",""
"2152","4","0","0","0","0","0","0","0","0","1","0","45","36","04","2017","2017042417","6","40.0063","-76.1864","2145","08","0","0","1","0","0","1","0","0","2","0","0","0","21","6","6","00","2","40 00:22.685","1","00","76 11:11.154","3","0","0","0","36233","0","0","0","","0","0","0","7","68J01","0","","1","09","N","N","0","","6","0","0","3","7","N","2130","6","4","0","0","0","0","0","1","0","4","Y","2","2","Y","N","Y","N","Y","N","N","N","","99","  ","","",""
"1345","1","0","0","0","0","0","0","0","0","0","0","","36","04","2017","2017042432","3","39.986","-76.1731","1341","08","0","0","0","0","0","1","0","0","1","0","0","0","13","1","1","00","1","39 59:09.551","2","00","76 10:23.190","8","0","0","0","36417","0","0","0","","0","0","0","2","36417","0","","5","01","N","N","0","","0","0","0","0","0","N","1338","1","1","0","0","0","1","0","1","0","1","N","","","","","","","","","","","","03","  ","","",""
"1742","1","0","0","0","0","0","0","0","0","1","0","","36","04","2017","2017042495","5","40.1179","-76.3057","1738","08","0","0","0","1","0","0","0","0","","0","0","0","17","1","1","00","0","40 07:04.580","","00","76 18:20.605","3","0","0","0","36101","0","0","0","N","0","0","0","4","36101","0","","1","01","N","N","0","","1","0","1","0","0","","1735","1","2","0","0","0","0","0","3","0","2","N","","","","","","","","","","","","03","  ","","",""
"1735","1","0","0","0","0","0","0","0","0","4","0","","36","04","2017","2017042497","2","40.0941","-76.3119","1731","08","0","0","0","0","1","1","0","0","","0","0","0","16","1","0","01","0","40 05:38.605","","00","76 18:42.660","0","0","0","0","36101","0","0","0","N","0","0","0","2","36101","0","","1","01","N","N","0","","0","0","1","0","0","","1652","0","2","0","0","0","0","0","3","0","2","N","","","","","","","","","","","","07","  ","","",""
"0150","0","0","0","0","0","0","0","0","0","7","0","","36","03","2017","2017042501","1","40.1442","-76.1147","0145","08","0","0","0","0","0","0","0","0","","0","0","0","01","2","0","00","0","40 08:39.110","","00","76 06:53.000","9","0","0","0","36209","0","0","0","Y","0","0","0","1","36415","0","","2","01","N","N","0","","0","0","0","0","0","","0144","0","1","0","0","0","0","1","1","1","1","N","","","","","","","","","","","","03","  ","","",""
"0834","1","0","0","0","0","0","0","0","0","1","0","","36","04","2017","2017042506","2","40.123","-76.3424","0834","08","0","0","0","0","0","1","0","0","","0","0","0","08","1","0","00","0","40 07:22.957","","00","76 20:32.461","0","0","0","0","36101","0","0","0","N","0","0","0","2","36101","0","","1","01","N","N","0","","0","0","1","0","0","","0834","0","2","0","0","0","0","0","3","0","2","N","","","","","","","","","","","","03","  ","","",""
"1147","0","0","0","0","0","0","0","0","0","0","2","","36","04","2017","2017042669","3","40.066","-76.29","1143","08","0","0","0","0","0","0","0","0","4","0","2","0","11","1","2","00","2","40 03:57.462","1","02","76 17:23.983","3","0","0","0","36101","0","0","0","Y","0","0","0","3","36101","0","","1","09","N","N","0","","2","0","1","0","0","Y","1142","2","3","0","0","0","0","0","3","0","3","N","","","","","","","","","","","","03","  ","","",""
"0635","0","0","0","0","0","0","0","0","0","4","0","","36","04","2017","2017042676","1","39.9858","-76.2836","0630","08","0","0","0","0","0","1","1","0","","0","0","0","06","1","0","01","0","39 59:08.888","","00","76 17:01.092","0","0","0","0","36240","0","0","0","N","0","0","0","2","36240","0","","1","01","N","N","1","","0","0","0","3","2","","0630","0","2","0","0","0","0","0","1","1","2","N","","","","","","","","","","","","03","  ","","",""
"1100","2","0","0","0","0","0","0","0","0","1","0","","36","04","2017","2017042684","3","40.0724","-76.268","1052","08","0","0","1","0","0","0","0","0","2","0","0","0","10","1","0","00","1","40 04:20.783","2","00","76 16:04.805","0","0","0","0","36101","0","0","0","N","0","0","0","4","36101","0","","1","09","N","N","0","","0","0","0","0","0","N","1052","0","2","0","0","0","0","0","3","0","2","N","","","","","","","","","","","","07","  ","","",""
"1921","3","0","0","0","0","0","0","0","0","5","0","","36","04","2017","2017042710","2","40.0311","-76.3132","1917","08","0","0","0","0","0","0","0","0","3","0","0","0","18","1","0","00","2","40 01:51.953","4","00","76 18:47.378","0","0","0","0","36301","0","0","0","N","0","0","0","1","36301","0","","1","01","N","N","0","","0","0","0","0","0","Y","1850","0","3","0","0","0","0","0","3","0","3","N","","","","","","","","","","","","03","  ","","",""
"1153","1","0","0","0","0","0","0","0","0","7","0","","36","04","2017","2017042849","2","40.1059","-75.9492","1118","08","0","0","0","0","0","1","0","0","2","0","0","0","11","1","1","00","1","40 06:21.190","3","00","75 56:57.034","8","0","0","0","36232","0","0","0","","0","0","0","1","68J01","0","","2","01","N","N","0","","0","0","0","0","0","N","1116","1","1","0","0","0","1","0","1","0","1","N","","","","","","","","","","","","03","  ","","",""
"1740","1","0","0","0","0","0","0","0","0","7","0","","36","04","2017","2017042868","6","39.9849","-76.051","1740","08","0","0","0","0","0","0","0","0","3","0","0","0","17","1","1","00","2","39 59:05.790","6","00","76 03:03.515","3","0","0","0","36232","0","0","0","","0","0","0","1","68J01","0","","2","01","N","N","0","","1","0","0","0","0","Y","1738","1","1","0","0","0","0","0","1","0","1","N","","","","","","","","","","","","03","  ","","",""
"1539","0","0","0","0","0","0","0","0","0","4","1","","36","04","2017","2017042923","5","40.0569","-76.3112","1518","08","0","0","0","0","0","1","0","0","1","0","1","0","15","1","1","01","1","40 03:24.706","2","00","76 18:40.172","4","0","0","0","36101","0","0","0","N","0","0","0","2","36101","1","","1","01","N","N","1","","0","0","0","3","2","N","1514","1","2","0","0","0","0","0","3","0","2","N","","","","","","","","","","","","03","  ","","",""
"1720","1","0","0","0","0","0","0","0","0","7","0","","36","04","2017","2017042925","3","40.2199","-76.1021","1718","08","0","0","0","0","0","0","0","1","","0","0","0","17","1","0","00","0","40 13:11.507","","00","76 06:07.620","0","0","0","0","36210","0","0","0","N","0","0","0","2","36210","0","","5","09","N","N","0","","0","0","0","0","0","","1715","0","1","0","0","0","0","0","1","0","1","N","","","","","","","","","","","","07","  ","","",""
"2131","1","0","0","0","0","0","0","0","0","7","0","","36","04","2017","2017042939","3","40.2166","-76.0789","2129","08","0","0","0","0","0","0","0","0","","0","0","0","21","2","0","00","0","40 12:59.593","","00","76 04:43.962","0","0","0","0","36210","0","0","0","N","0","0","0","1","36210","0","","5","09","N","N","0","","0","0","0","0","0","","2126","0","1","0","0","0","0","0","1","0","1","N","","","","","","","","","","","","07","  ","","",""
"1537","2","0","0","0","0","0","0","0","0","4","0","","36","04","2017","2017043005","5","40.0251","-76.3088","1533","08","0","0","0","1","0","0","0","0","","0","0","0","14","1","0","02","0","40 01:30.428","","00","76 18:31.741","0","0","0","0","36301","0","0","0","","0","0","0","2","36301","0","","1","09","N","N","0","","0","0","0","3","3","","1454","0","2","0","0","0","0","0","3","0","2","N","","","","","","","","","","","","07","  ","","",""
"1750","1","0","0","0","0","0","0","0","0","7","0","","36","04","2017","2017043083","3","40.0248","-76.3305","1748","08","0","0","0","0","0","0","0","0","2","0","0","0","17","1","0","00","2","40 01:29.333","6","00","76 19:49.722","0","0","0","0","36301","0","0","0","N","0","0","0","1","36101","0","","5","09","N","N","0","","0","0","0","0","0","Y","1730","0","1","0","0","0","0","0","3","0","1","N","","","","","","","","","","","","07","  ","","",""
"0011","0","0","0","0","0","0","0","0","0","7","0","45","36","03","2017","2017043203","3","40.0047","-76.1042","0002","08","0","0","0","0","0","0","0","0","1","0","0","0","00","6","1","00","1","40 00:16.837","6","00","76 06:15.214","3","0","0","0","36226","0","0","0","","0","0","0","1","68J01","0","","2","01","N","N","0","","1","0","1","0","0","N","0001","1","1","0","0","0","0","0","1","0","1","Y","2","2","N","N","Y","N","N","N","N","N","","03","  ","","",""
"0118","0","0","0","0","0","0","0","0","0","7","0","","36","03","2017","2017043206","7","39.9659","-76.1825","0053","08","0","0","0","0","0","0","0","0","2","0","0","0","00","2","1","00","1","39 57:57.373","3","00","76 10:57.153","3","0","0","0","36233","0","0","0","","0","0","0","1","68J01","0","","4","01","N","N","1","","1","0","0","0","0","N","0053","1","1","0","0","0","0","0","1","0","1","N","","","","","","","","","","","","03","  ","","",""
"0249","1","0","0","0","0","0","0","0","0","7","0","","36","04","2017","2017043221","1","40.1245","-75.9116","0223","08","0","0","0","0","0","0","0","0","2","0","0","0","02","2","1","00","1","40 07:28.165","2","00","75 54:41.616","3","0","0","0","36203","0","0","0","","0","0","0","1","68J01","0","","5","01","N","N","0","","1","0","0","0","0","N","0222","1","1","0","0","0","0","0","1","0","1","N","","","","","","","","","","","","03","  ","","",""
"1958","1","0","0","0","0","0","0","0","0","7","0","","36","04","2017","2017043300","4","40.0741","-76.0802","1950","08","0","0","0","0","0","0","1","0","2","0","0","0","19","1","1","00","2","40 04:26.930","6","00","76 04:48.860","4","0","0","0","36209","0","0","0","N","0","0","0","1","36415","1","","5","01","N","N","0","","0","0","0","0","0","Y","1950","1","1","0","0","0","0","0","1","0","1","N","","","","","","","","","","","","03","  ","","",""
"2134","1","0","0","0","0","0","0","0","0","1","0","","36","04","2017","2017043303","4","40.0724","-76.3346","2130","08","0","0","0","0","0","0","0","0","","0","0","0","21","3","2","02","0","40 04:19.119","","00","76 20:02.947","3","0","0","0","36101","0","0","0","N","0","0","0","4","36101","1","","1","01","N","N","0","","1","0","0","3","4","","2126","2","2","0","0","0","0","0","3","1","2","N","","","","","","","","","","","","03","  ","","",""
"1620","1","0","0","0","0","0","0","0","0","1","0","","36","04","2017","2017043319","4","40.0474","-76.3629","1612","08","0","0","0","0","0","0","0","1","","0","0","0","16","1","1","00","0","40 02:50.752","","00","76 21:46.377","4","0","0","0","36214","0","0","0","N","0","0","0","3","36214","1","","1","01","N","N","1","","0","0","0","0","0","","1612","1","2","0","0","0","0","0","3","0","2","N","","","","","","","","","","","","03","  ","","",""
"0610","2","0","0","0","0","0","0","0","0","1","1","","36","04","2017","2017043387","5","40.068","-76.2914","0605","08","0","1","0","0","0","0","0","0","","0","1","0","06","5","0","00","0","40 04:04.895","","00","76 17:29.154","0","0","0","0","36101","0","0","0","N","0","0","0","6","36101","0","","1","01","N","N","2","","0","0","0","0","0","","0600","0","5","0","0","0","0","0","3","0","5","N","","","","","","","","","","","","03","  ","","",""