"ARRIVAL_TM","AUTOMOBILE_COUNT","BELTED_DEATH_COUNT","BELTED_SUSP_SERIOUS_INJ_COUNT","BICYCLE_COUNT","BICYCLE_DEATH_COUNT","BICYCLE_SUSP_SERIOUS_INJ_COUNT","BUS_COUNT","CHLDPAS_DEATH_COUNT","CHLDPAS_SUSP_SERIOUS_INJ_COUNT","COLLISION_TYPE","COMM_VEH_COUNT","CONS_ZONE_SPD_LIM","COUNTY","CRASH_MONTH","CRASH_YEAR","CRN","DAY_OF_WEEK","DEC_LAT","DEC_LONG","DISPATCH_TM","DISTRICT","DRIVER_COUNT_16YR","DRIVER_COUNT_17YR","DRIVER_COUNT_18YR","DRIVER_COUNT_19YR","DRIVER_COUNT_20YR","DRIVER_COUNT_50_64YR","DRIVER_COUNT_65_74YR","DRIVER_COUNT_75PLUS","EST_HRS_CLOSED","FATAL_COUNT","HEAVY_TRUCK_COUNT","HORSE_BUGGY_COUNT","HOUR_OF_DAY","ILLUMINATION","INJURY_COUNT","INTERSECT_TYPE","LANE_CLOSED","LATITUDE","LN_CLOSE_DIR","LOCATION_TYPE","LONGITUDE","MAX_SEVERITY_LEVEL","MCYCLE_DEATH_COUNT","MCYCLE_SUSP_SERIOUS_INJ_COUNT","MOTORCYCLE_COUNT","MUNICIPALITY","NONMOTR_COUNT","NONMOTR_DEATH_COUNT","NONMOTR_SUSP_SERIOUS_INJ_COUNT","NTFY_HIWY_MAINT","PED_COUNT","PED_DEATH_COUNT","PED_SUSP_SERIOUS_INJ_COUNT","PERSON_COUNT","POLICE_AGCY","POSSIBLE_INJ_COUNT","RDWY_SURF_TYPE_CD","RELATION_TO_ROAD","ROAD_CONDITION","SCH_BUS_IND","SCH_ZONE_IND","SMALL_TRUCK_COUNT","SPEC_JURIS_CD","SUSP_MINOR_INJ_COUNT","SUSP_SERIOUS_INJ_COUNT","SUV_COUNT","TCD_FUNC_CD","TCD_TYPE","TFC_DETOUR_IND","TIME_OF_DAY","TOT_INJ_COUNT","TOTAL_UNITS","UNB_DEATH_COUNT","UNB_SUSP_SERIOUS_INJ_COUNT","UNBELTED_OCC_COUNT","UNK_INJ_DEG_COUNT","UNK_INJ_PER_COUNT","URBAN_RURAL","VAN_COUNT","VEHICLE_COUNT","WORK_ZONE_IND","WORK_ZONE_LOC","WORK_ZONE_TYPE","WORKERS_PRES","WZ_CLOSE_DETOUR","WZ_FLAGGER","WZ_LAW_OFFCR_IND","WZ_LN_CLOSURE","WZ_MOVING","WZ_OTHER","WZ_SHLDER_MDN","ROADWAY_CLEARED","WEATHER1","WEATHER2","WZ_WORKERS_INJ_KILLED","SECONDARY_CRASH","INTERSECTION_RELATED"
"0650","1","0","0","0","0","0","0","0","0","7","0","","36","04","2017","2017043409","2","40.1556","-76.2056","0646","08","0","0","0","0","0","1","0","0","2","0","0","0","06","1","0","00","1","40 09:20.275","2","00","76 12:20.015","0","0","0","0","36402","0","0","0","Y","0","0","0","1","36402","0","","5","01","N","N","0","","0","0","0","0","0","Y","0645","0","1","0","0","0","0","0","2","0","1","N","","","","","","","","","","","","03","  ","","",""
"1109","1","0","0","0","0","0","0","0","0","1","0","","36","04","2017","2017043443","5","40.0788","-76.3466","1045","08","0","0","0","0","0","1","0","0","","0","0","0","10","1","0","00","0","40 04:43.745","","02","76 20:47.619","0","0","0","0","36101","0","0","0","N","0","0","0","3","36101","0","","1","01","N","N","0","","0","0","1","3","3","","1042","0","2","0","0","0","0","0","3","0","2","N","","","","","","","","","","","","03","  ","","",""
"0827","1","0","0","0","0","0","0","0","0","1","0","","36","04","2017","2017043456","5","40.0558","-76.4064","0824","08","0","0","0","0","0","0","0","0","2","0","0","0","08","1","3","02","2","40 03:20.964","2","00","76 24:22.884","4","0","0","0","36239","0","0","0","N","0","0","0","4","36239","3","","1","01","N","Y","0","","0","0","1","0","0","N","0819","3","2","0","0","0","0","0","3","0","2","N","","","","","","","","","","","","03","  ","","",""
"0323","1","0","0","0","0","0","0","0","0","7","0","","36","04","2017","2017043494","1","39.9294","-76.2528","0323","08","0","0","1","0","0","0","0","0","3","0","0","0","02","2","1","01","1","39 55:45.777","1","00","76 15:09.973","3","0","0","0","36229","0","0","0","","0","0","0","1","68J01","0","","4","01","N","N","0","","1","0","0","0","0","N","0248","1","1","0","0","0","0","0","1","0","1","N","","","","","","","","","","","","03","  ","","",""
"1024","0","0","0","0","0","0","0","0","0","4","0","","36","04","2017","2017043496","5","40.0388","-76.1442","1004","08","0","0","0","0","1","0","0","1","2","0","0","0","10","1","0","02","2","40 02:19.525","6","00","76 08:39.068","0","0","0","0","36221","0","0","0","","0","0","0","2","68J01","0","","1","09","N","N","1","","0","0","0","3","3","Y","1004","0","2","0","0","0","0","0","1","1","2","N","","","","","","","","","","","","07","  ","","",""
"1356","0","0","0","0","0","0","0","0","0","1","0","","36","04","2017","2017043505","6","39.9921","-76.0202","1320","08","0","0","0","0","0","0","0","0","","0","0","0","13","1","0","00","0","39 59:31.422","","00","76 01:12.882","0","0","0","0","36232","0","0","0","","0","0","0","7","68J01","0","","1","01","N","N","0","","0","0","2","0","0","","1315","0","2","0","0","0","0","0","1","0","2","N","","","","","","","","","","","","03","  ","","",""
"1213","1","0","0","0","0","0","0","0","0","1","1","","36","04","2017","2017043510","4","39.9941","-76.0298","1210","08","0","0","0","0","0","1","0","0","","0","1","0","12","1","1","00","0","39 59:38.829","","00","76 01:47.116","3","0","0","0","36232","0","0","0","","0","0","0","2","68J01","0","","1","01","N","N","0","","1","0","0","0","0","","1208","1","2","0","0","0","0","0","1","0","2","N","","","","","","","","","","","","03","  ","","",""
"2039","1","0","0","0","0","0","0","0","0","7","0","","36","04","2017","2017043519","2","40.1717","-75.9412","2026","08","0","0","0","0","0","0","0","0","2","0","0","0","20","3","0","00","1","40 10:17.960","5","00","75 56:28.400","0","0","0","0","36203","0","0","0","","0","0","0","1","68J01","0","","4","01","N","N","0","","0","0","0","0","0","N","2024","0","1","0","0","0","0","0","1","0","1","N","","","","","","","","","","","","03","  ","","",""
"0408","0","0","0","0","0","0","0","0","0","9","0","","36","04","2017","2017043538","7","39.9067","-76.1841","0356","08","0","0","0","0","0","1","0","0","","0","0","0","03","2","0","00","0","39 54:24.267","","00","76 11:02.753","0","0","0","0","36229","0","0","0","","0","0","0","1","68J01","0","","1","01","N","N","0","","0","0","1","0","0","","0354","0","1","0","0","0","0","0","1","0","1","N","","","","","","","","","","","","03","  ","","",""
"1127","2","0","0","0","0","0","0","0","0","4","0","","36","04","2017","2017043561","7","40.2266","-76.0651","1118","08","0","0","0","0","0","1","0","0","","0","0","0","11","1","2","02","0","40 13:35.934","","07","76 03:54.242","3","0","0","0","36202","0","0","0","","0","0","0","5","68J01","0","","1","09","N","N","0","","2","0","0","0","0","","1118","2","2","0","0","0","0","0","1","0","2","N","","","","","","","","","","","","03","  ","","",""
"1743","1","0","0","0","0","0","0","0","0","4","0","","36","04","2017","2017043565","7","39.7767","-76.1787","1733","08","0","0","0","1","0","0","0","0","1","0","0","0","17","1","0","00","1","39 46:36.215","2","07","76 10:43.391","0","0","0","0","36219","0","0","0","","0","0","0","2","68J01","0","","1","09","N","N","1","","0","0","0","0","0","N","1728","0","2","0","0","0","0","0","1","0","2","N","","","","","","","","","","","","03","  ","","",""
"0538","2","0","0","0","0","0","0","0","0","4","0","","36","04","2017","2017043584","3","40.0558","-76.5262","0534","08","0","0","0","0","0","2","0","0","1","0","0","0","05","5","1","02","2","40 03:20.994","5","00","76 31:34.226","8","0","0","0","36211","0","0","0","N","0","0","0","2","36504","0","","1","01","N","N","0","","0","0","0","3","3","N","0530","1","2","0","0","0","1","0","1","0","2","N","","","","","","","","","","","","03","  ","","",""
"2120","2","0","0","0","0","0","0","0","0","7","0","","36","04","2017","2017043613","5","39.9957","-76.3629","2116","08","0","0","0","0","0","0","0","0","2","0","0","0","21","3","1","01","2","39 59:44.393","5","00","76 21:46.512","8","0","0","0","36412","0","0","0","N","0","0","0","2","36412","0","","5","01","N","N","0","","0","0","0","3","3","Y","2115","1","2","0","0","1","1","0","3","0","2","N","","","","","","","","","","","","03","  ","","",""
"1251","2","0","0","0","0","0","0","0","0","4","0","","36","04","2017","2017043683","3","40.0685","-76.3074","1238","08","0","0","0","0","0","0","0","0","2","0","0","0","12","1","0","01","1","40 04:06.527","3","00","76 18:26.750","0","0","0","0","36101","0","0","0","N","0","0","0","2","36101","0","","1","09","N","N","0","","0","0","0","3","2","N","1235","0","2","0","0","0","0","0","3","0","2","N","","","","","","","","","","","","07","  ","","",""
"1849","2","0","0","0","0","0","0","0","0","4","0","","36","04","2017","2017043692","3","40.0082","-76.3446","1841","08","0","0","0","0","0","0","0","0","","0","0","0","18","1","0","02","0","40 00:29.490","","00","76 20:40.584","0","0","0","0","36220","0","0","0","N","0","0","0","2","36101","0","","1","09","N","N","0","","0","0","0","3","3","","1841","0","2","0","0","0","0","0","3","0","2","N","","","","","","","","","","","","07","  ","","",""
"1630","1","0","0","0","0","0","0","0","0","5","0","","36","04","2017","2017043701","3","40.0605","-76.2776","1624","08","0","0","0","1","0","1","0","0","","0","0","0","16","1","1","00","0","40 03:37.920","","00","76 16:39.302","4","0","0","0","36101","0","0","0","N","0","0","0","2","36101","1","","1","09","N","N","0","","0","0","1","0","0","","1624","1","2","0","0","0","0","0","3","0","2","N","","","","","","","","","","","","07","  ","","",""
"0758","1","0","0","0","0","0","0","0","0","1","0","","36","04","2017","2017043703","6","40.0782","-76.2821","0752","08","0","0","0","0","1","0","0","0","2","0","0","0","07","1","0","00","2","40 04:41.355","2","00","76 16:55.656","0","0","0","0","36101","0","0","0","N","0","0","0","2","36101","0","","1","01","N","N","1","","0","0","0","0","0","N","0752","0","2","0","0","0","0","0","3","0","2","N","","","","","","","","","","","","03","  ","","",""
"1226","1","0","0","0","0","0","0","0","0","4","0","","36","04","2017","2017043746","6","40.0397","-76.3643","1218","08","0","0","0","0","0","0","0","0","2","0","0","0","12","1","3","01","2","40 02:22.764","7","00","76 21:51.574","3","0","0","0","36214","0","0","0","N","0","0","0","3","36214","0","","1","01","N","N","0","","3","0","1","3","2","Y","1217","3","2","0","0","0","0","0","3","0","2","N","","","","","","","","","","","","03","  ","","",""
"1410","2","0","0","0","0","0","0","0","0","4","0","","36","04","2017","2017043753","6","40.0831","-76.2692","1350","08","0","0","0","0","0","0","0","1","","0","0","0","13","1","0","01","0","40 04:59.138","","00","76 16:08.979","0","0","0","0","36101","0","0","0","N","0","0","0","2","36101","0","","1","01","N","N","0","","0","0","0","3","3","","1350","0","2","0","0","0","0","0","3","0","2","N","","","","","","","","","","","","03","  ","","",""
"1502","2","0","0","0","0","0","0","0","0","4","0","","36","04","2017","2017043767","3","40.1369","-76.5842","1459","08","1","0","0","0","0","0","0","0","","0","0","0","14","1","0","02","0","40 08:12.825","","00","76 35:03.095","0","0","0","0","36225","0","0","0","N","0","0","0","3","36505","0","","1","09","N","N","0","","0","0","0","3","3","","1455","0","2","0","0","0","0","0","2","0","2","N","","","","","","","","","","","","07","  ","","",""
"2033","1","0","0","0","0","0","0","0","0","1","0","90","36","04","2017","2017043977","2","40.1438","-76.5979","2030","08","0","0","0","0","0","0","0","0","","0","0","0","20","3","4","00","0","40 08:37.758","","00","76 35:52.329","3","0","0","0","36407","0","0","0","N","0","0","0","5","36407","0","","1","01","N","N","0","","4","0","1","0","0","","2030","4","2","0","0","0","0","0","2","0","2","Y","4","1","Y","","","N","","","","Y","","03","  ","","",""
"0902","2","0","0","0","0","0","0","0","0","1","0","","36","04","2017","2017044069","6","40.1596","-76.6091","0901","08","0","0","0","1","0","0","0","0","2","0","0","0","09","1","1","00","1","40 09:34.600","3","00","76 36:32.830","4","0","0","0","36407","0","0","0","N","0","0","0","1","36407","1","","2","01","N","N","1","","0","0","0","0","0","N","0901","1","3","0","0","0","0","0","2","0","3","N","","","","","","","","","","","","03","  ","","",""
"1808","0","0","0","0","0","0","0","0","0","4","0","","36","04","2017","2017044071","5","40.0289","-76.2348","1803","08","0","0","0","0","0","1","0","0","","0","0","0","18","1","1","00","0","40 01:44.020","","07","76 14:05.240","4","0","0","0","36215","0","0","0","N","0","0","0","3","36215","1","","1","01","N","N","1","","0","0","1","3","3","","1802","1","2","0","0","0","0","0","1","0","2","N","","","","","","","","","","","","03","  ","","",""
"0752","1","0","0","0","0","0","0","0","0","1","0","","36","04","2017","2017044073","7","40.067","-76.3534","0746","08","0","0","0","0","0","0","1","0","1","0","0","0","07","1","0","00","1","40 04:01.297","3","07","76 21:12.399","0","0","0","0","36214","0","0","0","N","0","0","0","2","36214","0","","1","09","N","N","0","","0","0","1","3","2","N","0742","0","2","0","0","0","0","0","3","0","2","N","","","","","","","","","","","","03","  ","","",""
"1405","1","0","0","0","0","0","0","0","0","1","0","","36","04","2017","2017044134","7","40.0528","-76.3967","1400","08","0","0","0","0","0","2","1","0","","0","0","0","13","1","1","02","0","40 03:10.172","","00","76 23:48.153","4","0","0","0","36214","0","0","0","","0","0","0","5","36214","1","","1","01","","","0","","0","0","2","3","2","","1358","1","3","0","0","0","0","0","3","0","3","N","","","","","","","","","","","","03","  ","","",""
"1200","0","0","0","0","0","0","0","0","0","7","0","","36","04","2017","2017044153","6","40.1644","-76.5768","1153","08","0","1","0","0","0","0","0","0","","0","0","0","11","1","0","00","0","40 09:51.770","","00","76 34:36.350","0","0","0","0","36225","0","0","0","N","0","0","0","1","36505","0","","4","01","N","N","1","","0","0","0","0","0","","1150","0","1","0","0","0","0","0","2","0","1","N","","","","","","","","","","","","03","  ","","",""
"1042","1","0","0","0","0","0","0","0","0","4","0","","36","04","2017","2017044160","6","40.1568","-76.3815","1036","08","0","0","0","0","0","1","0","0","1","0","0","0","10","1","0","01","1","40 09:24.453","4","00","76 22:53.323","0","0","0","0","36227","0","0","0","","0","0","0","2","36506","0","","1","01","N","N","1","","0","0","0","3","3","N","1036","0","2","0","0","0","0","0","1","0","2","N","","","","","","","","","","","","03","  ","","",""
"0938","2","0","0","0","0","0","0","0","0","1","0","","36","04","2017","2017044279","6","40.0048","-76.2949","0933","08","0","0","0","0","0","1","0","0","2","0","0","0","09","1","0","00","1","40 00:17.216","1","00","76 17:41.803","0","0","0","0","36240","0","0","0","N","0","0","0","4","36240","0","","1","01","N","N","0","","0","0","2","0","0","N","0931","0","4","0","0","0","0","0","1","0","4","N","","","","","","","","","","","","03","  ","","",""
"1927","1","0","0","0","0","0","0","0","0","1","0","","36","04","2017","2017044288","5","40.1739","-76.1721","1925","08","0","0","0","0","0","0","0","0","","0","0","0","19","1","0","00","0","40 10:25.939","","00","76 10:19.464","0","0","0","0","36408","0","0","0","N","0","0","0","1","36408","0","","6","09","N","N","0","","0","0","1","0","0","","1923","0","2","0","0","1","0","0","2","0","2","N","","","","","","","","","","","","03","  ","","",""
"1407","1","0","0","0","0","0","0","0","0","1","1","","36","04","2017","2017044296","2","40.1629","-76.1514","1403","08","0","0","0","0","0","1","1","0","2","0","1","0","14","1","1","00","1","40 09:46.273","1","03","76 09:04.972","8","0","0","0","36218","0","0","0","Y","0","0","0","2","36408","0","","1","01","N","N","0","","0","0","0","0","0","N","1400","1","2","0","0","0","1","0","1","0","2","N","","","","","","","","","","","","03","  ","","",""
"0609","0","0","0","0","0","0","0","0","0","7","0","","36","04","2017","2017044297","6","40.0325","-76.4656","0608","08","0","0","0","0","0","0","0","0","","0","0","0","06","1","0","00","0","40 01:57.161","","00","76 27:56.064","0","0","0","0","36239","0","0","0","N","0","0","0","1","36239","0","","2","01","N","N","1","","0","0","1","0","0","","0608","0","2","0","0","0","0","0","3","0","2","N","","","","","","","","","","","","03","  ","","",""
"1622","2","0","0","0","0","0","0","0","0","1","0","","36","04","2017","2017044301","7","40.0476","-76.3565","1618","08","0","0","0","0","0","1","1","0","1","0","0","0","16","1","2","02","1","40 02:51.205","1","00","76 21:23.489","8","0","0","0","36214","0","0","0","N","0","0","0","5","36214","0","","1","01","N","N","0","","0","0","1","3","2","N","1617","2","3","0","0","0","2","0","3","0","3","N","","","","","","","","","","","","03","  ","","",""
"1532","1","0","0","0","0","0","0","0","0","4","0","","36","04","2017","2017044308","7","40.0317","-76.4771","1532","08","0","0","0","0","0","1","0","1","1","0","0","0","15","1","0","00","1","40 01:54.236","4","07","76 28:37.426","0","0","0","0","36239","0","0","0","N","0","0","0","2","36239","0","","1","01","N","N","0","","0","0","1","3","2","N","1532","0","2","0","0","0","0","0","3","0","2","N","","","","","","","","","","","","03","  ","","",""
"1538","3","0","0","0","0","0","0","0","0","1","0","","36","04","2017","2017044320","6","40.0699","-76.3145","1523","08","0","0","0","0","0","0","0","0","3","0","0","0","15","1","1","00","1","40 04:11.648","3","00","76 18:52.096","3","0","0","0","36101","0","0","0","N","0","0","0","3","36101","0","","1","01","N","N","0","","1","0","0","0","0","N","1521","1","3","0","0","0","0","0","3","0","3","N","","","","","","","","","","","","03","  ","","",""
"1429","1","0","0","0","0","0","0","0","0","1","0","","36","04","2017","2017044325","7","40.1932","-76.5669","1420","08","0","0","0","0","0","0","0","0","","0","0","0","14","1","1","01","0","40 11:35.490","","00","76 34:00.848","8","0","0","1","36225","0","0","0","N","0","0","0","2","36505","0","","1","01","N","N","0","","0","0","0","0","0","","1415","1","2","0","0","0","1","0","2","0","2","N","","","","","","","","","","","","03","  ","","",""
"0614","0","0","0","0","0","0","0","0","0","1","1","","36","04","2017","2017044330","7","40.0685","-76.3074","0614","08","0","0","0","0","0","0","0","0","","0","1","0","06","1","0","01","0","40 04:06.527","","00","76 18:26.750","0","0","0","0","36101","0","0","0","N","0","0","0","2","36101","0","","1","09","N","N","0","","0","0","1","3","2","","0614","0","2","0","0","0","0","0","3","0","2","N","","","","","","","","","","","","03","  ","","",""
"2140","1","0","0","0","0","0","0","0","0","4","0","","36","04","2017","2017044335","7","40.1293","-76.2191","2136","08","0","0","1","0","0","0","0","0","2","0","0","0","21","2","1","01","1","40 07:51.556","7","00","76 13:01.609","8","0","0","0","36238","0","0","0","N","0","0","0","4","36238","0","","1","01","N","N","0","","0","0","1","3","2","Y","2135","1","2","0","0","0","1","0","3","0","2","N","","","","","","","","","","","","03","  ","","",""
"1746","1","0","0","0","0","0","0","0","0","4","0","","36","04","2017","2017044343","4","40.1359","-76.2116","1739","08","0","0","0","0","0","0","0","0","","0","0","0","17","4","0","02","0","40 08:16.042","","00","76 12:40.498","0","0","0","0","36238","0","0","0","N","0","0","0","2","36238","0","","1","01","N","N","0","","0","0","1","3","3","","1737","0","2","0","0","0","0","0","3","0","2","N","","","","","","","","","","","","03","  ","","",""
"2338","1","0","0","0","0","0","0","0","0","1","0","","36","04","2017","2017044415","6","40.2324","-76.1383","2338","08","0","1","0","0","0","0","0","0","","0","0","0","23","3","0","01","0","40 13:56.657","","00","76 08:17.986","0","0","0","0","36405","0","0","0","N","0","0","0","1","36210","0","","2","01","N","N","0","","0","0","1","0","0","","2338","0","2","0","0","0","0","0","1","0","2","N","","","","","","","","","","","","03","  ","","",""
"0239","2","0","0","0","0","0","0","0","0","1","0","","36","04","2017","2017044418","7","40.2145","-76.0954","0236","08","0","0","0","0","0","0","0","0","","0","0","0","02","3","0","00","0","40 12:52.361","","00","76 05:43.454","0","0","0","0","36210","0","0","0","N","0","0","0","2","36210","0","","1","09","N","N","0","","0","0","0","0","0","","0234","0","2","0","0","0","0","0","1","0","2","N","","","","","","","","","","","","07","  ","","",""
"2120","1","0","0","0","0","0","0","0","0","0","0","","36","04","2017","2017044419","7","40.1653","-76.0638","2115","08","0","0","1","0","0","0","0","0","2","0","0","0","21","2","2","00","2","40 09:55.160","6","00","76 03:49.850","3","0","0","0","36213","0","0","0","N","0","0","0","2","36213","0","","5","01","N","N","0","","2","0","0","0","0","Y","2113","2","1","0","0","0","0","0","1","0","1","N","","","","","","","","","","","","03","  ","","",""
"1905","2","0","0","0","0","0","0","0","0","4","0","","36","04","2017","2017044422","7","40.2609","-76.1142","1903","08","0","0","1","0","0","0","0","0","2","0","0","0","19","1","0","01","1","40 15:39.287","7","00","76 06:50.953","0","0","0","0","36210","0","0","0","N","0","0","0","2","36210","0","","1","01","N","N","0","","0","0","0","0","0","N","1902","0","2","0","0","0","0","0","1","0","2","N","","","","","","","","","","","","03","  ","","",""
"2306","1","0","0","0","0","0","0","0","0","4","0","","36","04","2017","2017044427","6","40.0936","-76.3558","2304","08","0","0","0","0","1","0","0","0","2","0","0","0","23","2","1","02","2","40 05:37.051","5","00","76 21:20.790","3","0","0","0","36214","0","0","0","N","0","0","0","7","36214","0","","1","01","N","N","1","","1","0","0","3","3","Y","2300","1","2","0","0","0","0","0","3","0","2","N","","","","","","","","","","","","03","  ","","",""
"0128","1","0","0","0","0","0","0","0","0","7","0","","36","04","2017","2017044440","1","40.1516","-76.09","0128","08","0","0","0","0","0","0","0","0","","0","0","0","01","2","0","02","0","40 09:05.716","","00","76 05:24.118","0","0","0","0","36209","0","0","0","N","0","0","0","2","36415","0","","5","01","N","N","0","","0","0","0","0","0","","0127","0","1","0","0","0","0","0","1","0","1","N","","","","","","","","","","","","03","  ","","",""
"1752","2","0","0","0","0","0","0","0","0","1","0","","36","04","2017","2017044450","3","40.0676","-76.3307","1743","08","0","0","0","0","1","0","0","0","","0","0","0","17","1","1","00","0","40 04:03.480","","02","76 19:50.691","4","0","0","0","36101","0","0","0","N","0","0","0","6","36101","1","","1","09","N","N","0","","0","0","0","0","0","","1740","1","2","0","0","0","0","0","3","0","2","N","","","","","","","","","","","","03","  ","","",""
"1606","1","0","0","0","0","0","0","0","0","1","0","","36","04","2017","2017044454","6","40.0563","-76.3678","1554","08","0","0","0","0","0","0","0","0","2","0","0","0","15","1","5","00","1","40 03:22.841","3","00","76 22:04.033","3","0","0","0","36214","0","0","0","N","0","0","0","5","36214","0","","1","01","N","N","0","","5","0","1","0","0","N","1554","5","2","0","0","1","0","0","3","0","2","N","","","","","","","","","","","","03","  ","","",""
"2027","0","0","0","0","0","0","0","0","0","2","0","","36","04","2017","2017044458","1","40.0658","-76.3817","2020","08","0","0","1","1","0","0","0","0","2","0","0","0","20","3","1","02","1","40 03:57.056","4","00","76 22:54.249","3","0","0","0","36214","0","0","0","N","0","0","0","3","36214","0","","1","01","N","N","0","","1","0","2","0","0","Y","2018","1","2","0","0","0","0","0","3","0","2","N","","","","","","","","","","","","03","  ","","",""
"2226","1","0","0","0","0","0","0","0","0","8","0","","36","04","2017","2017044459","7","40.0418","-76.2999","2225","08","0","0","0","0","0","0","0","0","1","0","0","0","22","3","1","01","1","40 02:30.480","3","00","76 17:59.567","4","0","0","0","36301","1","0","0","N","1","0","0","1","36301","1","","1","01","N","N","0","","0","0","0","0","0","N","2223","1","2","0","0","0","0","0","3","0","1","N","","","","","","","","","","","","03","  ","","",""
"1558","0","0","0","0","0","0","0","0","0","1","0","","36","04","2017","2017044524","4","40.0274","-76.3057","1541","08","0","0","0","0","0","0","0","0","","0","0","0","15","1","2","00","0","40 01:38.701","","00","76 18:20.648","3","0","0","0","36301","0","0","0","N","0","0","0","2","36301","0","","1","01","N","N","0","","1","0","2","0","0","","1540","2","2","0","0","0","1","0","3","0","2","N","","","","","","","","","","","","03","  ","","",""
"1921","2","0","0","0","0","0","0","0","0","4","0","","36","04","2017","2017044534","5","40.0796","-76.3389","1916","08","0","0","0","0","0","0","0","0","","0","0","0","19","1","1","00","0","40 04:48.093","","07","76 20:20.876","3","0","0","0","36101","0","0","0","N","0","0","0","3","36101","0","","1","01","N","N","0","","1","0","0","3","3","","1912","1","2","0","0","0","0","0","3","0","2","N","","","","","","","","","","","","03","  ","","",""
"0402","2","0","0","0","0","0","0","0","0","1","2","","36","04","2017","2017044549","6","40.0813","-76.2767","0356","08","0","0","0","0","0","0","0","0","2","0","2","0","03","2","1","00","2","40 04:52.581","1","00","76 16:35.986","3","0","0","0","36101","0","0","0","N","0","0","0","4","36101","0","","1","01","N","N","0","","1","0","0","0","0","N","0353","1","4","0","0","0","0","0","3","0","4","N","","","","","","","","","","","","03","  ","","",""
"0746","2","0","0","0","0","0","0","0","0","1","0","","36","05","2017","2017044556","2","40.155","-76.6003","0744","08","1","0","1","0","0","0","0","0","","0","0","0","07","1","0","01","0","40 09:17.841","","00","76 36:00.982","0","0","0","0","36407","0","0","0","N","0","0","0","2","36407","0","","1","01","N","N","0","","0","0","0","3","3","","0742","0","2","0","0","0","0","0","2","0","2","N","","","","","","","","","","","","03","  ","","",""
"1128","1","0","0","0","0","0","0","0","0","4","1","","36","04","2017","2017044565","7","40.0609","-76.3211","1113","08","0","0","0","0","0","2","0","0","2","0","1","0","11","1","2","00","2","40 03:39.296","6","07","76 19:15.854","8","0","0","0","36301","0","0","0","N","0","0","0","3","36301","0","","1","01","N","N","0","","0","0","0","0","0","Y","1112","2","2","0","0","0","2","0","3","0","2","N","","","","","","","","","","","","03","  ","","",""
"1052","1","0","0","0","0","0","0","0","0","1","0","","36","05","2017","2017044572","2","40.0508","-76.4575","1048","08","0","0","0","0","0","1","0","0","1","0","0","0","10","1","1","02","1","40 03:02.962","5","00","76 27:26.839","8","0","0","0","36239","0","0","0","N","0","0","0","3","36239","0","","1","01","N","N","1","","0","0","0","0","0","N","1045","1","2","0","0","0","1","0","3","0","2","N","","","","","","","","","","","","03","  ","","",""
"0916","0","0","0","0","0","0","0","0","0","5","0","","36","04","2017","2017044589","1","40.267","-76.2386","0902","08","0","0","0","0","0","0","0","1","","0","0","0","09","1","0","00","0","40 16:01.048","","00","76 14:19.071","0","0","0","0","36204","1","0","0","","0","0","0","2","36506","0","","2","01","N","N","0","","0","0","1","0","0","","0902","0","2","0","0","0","0","0","1","1","2","N","","","","","","","","","","","","03","  ","","",""
"1704","0","0","0","0","0","0","0","0","0","7","0","","36","04","2017","2017044728","2","40.0104","-76.299","1654","08","0","0","0","0","0","1","0","0","6","0","0","0","16","1","1","00","2","40 00:37.427","5","00","76 17:56.425","8","0","0","0","36240","0","0","0","N","0","0","0","1","36240","0","","5","01","N","N","1","","0","0","0","0","0","Y","1650","1","1","0","0","0","1","0","1","0","1","N","","","","","","","","","","","","03","  ","","",""
"0128","1","0","0","0","0","0","0","0","0","7","0","","36","04","2017","2017044794","6","40.0689","-76.2882","0124","08","0","0","0","0","0","0","0","0","","0","0","0","01","3","0","00","0","40 04:07.955","","02","76 17:17.341","0","0","0","0","36101","0","0","0","N","0","0","0","1","36101","0","","5","01","N","N","0","","0","0","0","0","0","","0121","0","1","0","0","0","0","0","3","0","1","N","","","","","","","","","","","","03","  ","","",""
"0352","0","0","0","0","0","0","0","0","0","0","0","","36","05","2017","2017044795","3","39.9785","-76.2353","0348","08","0","0","0","0","0","1","0","0","2","0","0","0","03","2","1","02","2","39 58:42.663","5","00","76 14:07.248","8","0","0","0","36240","0","0","0","N","0","0","0","1","36240","0","","2","01","N","N","0","","0","0","1","0","0","Y","0346","1","1","0","0","1","1","0","1","0","1","N","","","","","","","","","","","","03","  ","","",""
"0555","1","0","0","0","0","0","0","0","0","7","0","","36","04","2017","2017044838","7","40.2096","-76.0266","0446","08","0","0","0","0","1","0","0","0","","0","0","0","04","2","0","00","0","40 12:34.728","","00","76 01:37.966","0","0","0","0","36202","0","0","0","","0","0","0","1","68T06","0","","3","09","N","N","0","","0","0","0","0","0","","0445","0","1","0","0","0","0","0","1","0","1","N","","","","","","","","","","","","07","  ","","",""
"0003","1","0","0","0","0","0","0","0","0","7","0","","36","04","2017","2017044843","7","40.2395","-76.1335","0001","08","0","0","0","0","0","0","0","0","","0","0","0","21","2","0","00","0","40 14:22.702","","00","76 08:01.637","0","0","0","0","36405","0","0","0","","0","0","0","1","68T06","0","","2","01","N","N","0","","0","0","0","0","0","","2145","0","1","0","0","0","0","0","1","0","1","N","","","","","","","","","","","","03","  ","","",""