"ARRIVAL_TM","AUTOMOBILE_COUNT","BELTED_DEATH_COUNT","BELTED_SUSP_SERIOUS_INJ_COUNT","BICYCLE_COUNT","BICYCLE_DEATH_COUNT","BICYCLE_SUSP_SERIOUS_INJ_COUNT","BUS_COUNT","CHLDPAS_DEATH_COUNT","CHLDPAS_SUSP_SERIOUS_INJ_COUNT","COLLISION_TYPE","COMM_VEH_COUNT","CONS_ZONE_SPD_LIM","COUNTY","CRASH_MONTH","CRASH_YEAR","CRN","DAY_OF_WEEK","DEC_LAT","DEC_LONG","DISPATCH_TM","DISTRICT","DRIVER_COUNT_16YR","DRIVER_COUNT_17YR","DRIVER_COUNT_18YR","DRIVER_COUNT_19YR","DRIVER_COUNT_20YR","DRIVER_COUNT_50_64YR","DRIVER_COUNT_65_74YR","DRIVER_COUNT_75PLUS","EST_HRS_CLOSED","FATAL_COUNT","HEAVY_TRUCK_COUNT","HORSE_BUGGY_COUNT","HOUR_OF_DAY","ILLUMINATION","INJURY_COUNT","INTERSECT_TYPE","LANE_CLOSED","LATITUDE","LN_CLOSE_DIR","LOCATION_TYPE","LONGITUDE","MAX_SEVERITY_LEVEL","MCYCLE_DEATH_COUNT","MCYCLE_SUSP_SERIOUS_INJ_COUNT","MOTORCYCLE_COUNT","MUNICIPALITY","NONMOTR_COUNT","NONMOTR_DEATH_COUNT","NONMOTR_SUSP_SERIOUS_INJ_COUNT","NTFY_HIWY_MAINT","PED_COUNT","PED_DEATH_COUNT","PED_SUSP_SERIOUS_INJ_COUNT","PERSON_COUNT","POLICE_AGCY","POSSIBLE_INJ_COUNT","RDWY_SURF_TYPE_CD","RELATION_TO_ROAD","ROAD_CONDITION","SCH_BUS_IND","SCH_ZONE_IND","SMALL_TRUCK_COUNT","SPEC_JURIS_CD","SUSP_MINOR_INJ_COUNT","SUSP_SERIOUS_INJ_COUNT","SUV_COUNT","TCD_FUNC_CD","TCD_TYPE","TFC_DETOUR_IND","TIME_OF_DAY","TOT_INJ_COUNT","TOTAL_UNITS","UNB_DEATH_COUNT","UNB_SUSP_SERIOUS_INJ_COUNT","UNBELTED_OCC_COUNT","UNK_INJ_DEG_COUNT","UNK_INJ_PER_COUNT","URBAN_RURAL","VAN_COUNT","VEHICLE_COUNT","WORK_ZONE_IND","WORK_ZONE_LOC","WORK_ZONE_TYPE","WORKERS_PRES","WZ_CLOSE_DETOUR","WZ_FLAGGER","WZ_LAW_OFFCR_IND","WZ_LN_CLOSURE","WZ_MOVING","WZ_OTHER","WZ_SHLDER_MDN","ROADWAY_CLEARED","WEATHER1","WEATHER2","WZ_WORKERS_INJ_KILLED","SECONDARY_CRASH","INTERSECTION_RELATED"
"1134","0","0","0","0","0","0","0","0","0","7","0","","36","05","2017","2017044852","2","40.2554","-76.15","1132","08","0","0","0","0","0","1","0","0","3","0","0","0","11","1","1","00","2","40 15:19.368","5","00","76 08:59.899","8","0","0","0","36236","0","0","0","N","0","0","0","1","36408","0","","5","01","N","N","1","","0","0","0","0","0","Y","1127","1","1","0","0","0","1","0","1","0","1","N","","","","","","","","","","","","03","  ","","",""
"0659","2","0","0","0","0","0","0","0","0","4","0","","36","05","2017","2017044871","3","40.0463","-76.3029","0639","08","0","0","0","0","0","0","1","0","","0","0","0","06","1","1","01","0","40 02:46.632","","00","76 18:10.345","4","0","0","0","36301","0","0","0","N","0","0","0","2","36301","1","","1","01","N","N","0","","0","0","0","3","2","","0637","1","2","0","0","0","0","0","3","0","2","N","","","","","","","","","","","","03","  ","","",""
"0745","1","0","0","0","0","0","0","0","0","6","0","","36","05","2017","2017044897","3","40.0576","-76.3544","0737","08","0","0","0","0","0","2","0","0","1","0","0","0","07","1","1","00","1","40 03:27.234","2","00","76 21:15.671","4","0","0","0","36214","0","0","0","N","0","0","0","2","36214","1","","1","01","N","N","0","","0","0","1","0","0","N","0733","1","2","0","0","0","0","0","3","0","2","N","","","","","","","","","","","","03","  ","","",""
"2057","1","0","0","0","0","0","0","0","0","9","0","","36","04","2017","2017044908","4","40.0877","-76.1871","2052","08","0","0","0","0","0","0","1","0","","0","0","0","20","3","2","00","0","40 05:15.633","","00","76 11:13.543","3","0","0","0","36234","0","0","0","N","0","0","0","2","36215","0","","5","01","N","N","0","","2","0","0","0","0","","2052","2","1","0","0","0","0","0","1","0","1","N","","","","","","","","","","","","03","  ","","",""
"1556","0","0","0","0","0","0","0","0","0","0","0","","36","04","2017","2017044930","1","40.0927","-76.1523","1549","08","0","0","0","0","0","0","0","0","","0","0","0","15","1","1","02","0","40 05:33.712","","00","76 09:08.452","3","0","0","1","36238","0","0","0","N","0","0","0","2","36238","0","","2","01","N","N","0","","1","0","0","3","3","","1549","1","2","0","0","0","0","0","3","0","1","N","","","","","","","","","","","","03","  ","","",""
"1645","3","0","0","0","0","0","0","0","0","1","0","","36","04","2017","2017044946","4","40.172","-76.376","1636","08","0","0","0","0","0","0","0","1","1","0","0","0","16","1","0","00","1","40 10:19.080","2","00","76 22:33.560","0","0","0","0","36227","0","0","0","","0","0","0","3","36506","0","","1","01","N","N","0","","0","0","0","0","0","Y","1636","0","3","0","0","1","0","0","1","0","3","N","","","","","","","","","","","","03","  ","","",""
"1137","1","0","0","0","0","0","0","0","0","1","0","","36","05","2017","2017044955","3","40.1129","-76.3778","1137","08","0","0","0","0","0","1","0","1","","0","0","0","11","1","1","02","0","40 06:46.375","","00","76 22:40.172","4","0","0","0","36214","0","0","0","N","0","0","0","2","36214","1","","1","01","N","N","0","","0","0","1","3","3","","1136","1","2","0","0","0","0","0","3","0","2","N","","","","","","","","","","","","03","  ","","",""
"0716","0","0","0","1","0","0","0","0","0","4","0","","36","05","2017","2017044983","3","40.1768","-76.1862","0713","08","0","0","0","0","0","0","0","0","","0","0","0","07","1","1","02","0","40 10:36.600","","00","76 11:10.300","8","0","0","0","36408","1","0","0","N","0","0","0","2","36408","0","","1","01","N","N","0","","0","0","0","0","0","","0713","1","2","0","0","0","1","1","2","0","1","N","","","","","","","","","","","","03","  ","","",""
"1538","1","0","0","0","0","0","0","0","0","7","0","","36","05","2017","2017044997","3","40.0835","-76.2123","1538","08","0","0","0","0","0","0","0","0","2","0","0","0","15","1","1","00","1","40 05:00.580","2","00","76 12:44.160","3","0","0","0","36234","0","0","0","N","0","0","0","1","36215","0","","5","01","N","N","0","","1","0","0","0","0","N","1537","1","2","0","0","1","0","0","1","0","1","N","","","","","","","","","","","","03","  ","","",""
"1635","1","0","0","0","0","0","0","0","0","1","0","","36","05","2017","2017044998","3","40.0679","-76.2994","1621","08","0","0","0","0","0","1","1","0","2","0","0","0","16","1","1","00","1","40 04:04.551","3","00","76 17:57.823","3","0","0","0","36101","0","0","0","N","0","0","0","2","36101","0","","1","01","N","N","0","","1","0","1","0","0","Y","1619","1","2","0","0","0","0","0","3","0","2","N","","","","","","","","","","","","03","  ","","",""
"2045","1","0","0","0","0","0","0","0","0","1","0","","36","05","2017","2017045044","2","40.0534","-76.519","2038","08","0","0","0","1","0","0","0","0","","0","0","0","20","2","0","00","0","40 03:12.111","","00","76 31:08.220","0","0","0","0","36239","0","0","0","N","0","0","0","5","36239","0","","1","09","N","N","0","","0","0","1","0","0","","2038","0","2","0","0","0","0","0","3","0","2","N","","","","","","","","","","","","07","  ","","",""
"0749","2","0","0","0","0","0","0","0","0","4","0","","36","04","2017","2017045160","4","40.0279","-76.3049","0741","08","0","0","0","1","0","0","0","0","","0","0","0","07","1","0","01","0","40 01:40.378","","00","76 18:17.550","0","0","0","0","36301","0","0","0","N","0","0","0","2","36301","0","","1","01","N","N","0","","0","0","0","3","3","","0739","0","2","0","0","0","0","0","3","0","2","N","","","","","","","","","","","","03","  ","","",""
"0103","1","0","0","0","0","0","0","0","0","8","0","","36","04","2017","2017045161","7","40.0388","-76.3129","0101","08","0","0","0","0","0","0","0","0","","0","0","0","01","3","1","01","0","40 02:19.654","","00","76 18:46.345","2","0","0","0","36301","1","0","1","N","1","0","1","2","36301","0","","1","01","N","N","0","","0","1","0","3","2","","0100","1","2","0","0","0","0","0","3","0","1","N","","","","","","","","","","","","03","  ","","",""
"0019","1","0","0","0","0","0","0","0","0","7","0","","36","05","2017","2017045162","3","40.043","-76.4947","0014","08","0","0","0","0","0","0","0","0","2","0","0","0","00","2","0","00","1","40 02:34.809","3","00","76 29:40.817","9","0","0","0","36404","0","0","0","Y","0","0","0","1","36404","0","","4","01","N","N","0","","0","0","0","0","0","N","0014","0","1","0","0","0","0","1","3","0","1","N","","","","","","","","","","","","03","  ","","",""
"1645","1","0","0","0","0","0","0","0","0","0","0","","36","04","2017","2017045182","6","40.1918","-76.1611","1640","08","0","1","0","0","0","0","0","0","1","0","0","0","16","1","1","02","2","40 11:30.541","4","00","76 09:39.855","2","0","0","0","36218","0","0","0","N","0","0","0","2","36408","0","","1","01","N","N","0","","0","1","0","0","0","N","1630","1","1","0","1","1","0","0","1","0","1","N","","","","","","","","","","","","03","  ","","",""
"1429","1","0","0","0","0","0","0","0","0","1","0","","36","04","2017","2017045185","4","40.0788","-76.3465","1424","08","0","0","0","0","0","0","0","1","","0","0","0","14","1","1","00","0","40 04:43.596","","02","76 20:47.461","3","0","0","0","36101","0","0","0","N","0","0","0","2","36101","0","","1","01","N","N","0","","1","0","1","3","3","","1421","1","2","0","0","0","0","0","3","0","2","N","","","","","","","","","","","","03","  ","","",""
"2037","0","0","0","0","0","0","0","0","0","7","0","","36","05","2017","2017045200","3","40.2199","-76.2411","2029","08","0","0","0","0","0","0","0","1","2","0","0","0","20","2","1","00","2","40 13:11.520","5","07","76 14:28.000","8","0","0","0","36204","0","0","0","","0","0","0","2","36506","0","","5","01","N","N","0","","0","0","1","0","0","Y","2029","1","1","0","0","0","1","0","1","0","1","N","","","","","","","","","","","","03","  ","","",""
"1954","0","0","0","0","0","0","0","0","0","7","0","","36","04","2017","2017045230","5","40.2638","-76.2785","1946","08","0","0","0","0","1","0","0","0","","0","0","0","19","4","1","00","0","40 15:49.850","","00","76 16:42.420","3","0","0","0","36204","0","0","0","N","0","0","0","1","68J01","0","","4","2","N","N","1","","1","0","0","0","0","","1946","1","1","0","0","1","0","0","1","0","1","N","","","","","","","","","","","","03","  ","","",""
"0823","1","0","0","0","0","0","0","0","0","1","0","","36","04","2017","2017045233","6","40.1371","-75.9515","0750","08","0","0","0","0","0","0","1","0","","0","0","0","07","1","0","00","9","40 08:13.573","","00","75 57:05.242","0","0","0","0","36203","0","0","0","","0","0","0","2","68J01","0","","1","01","N","N","0","","0","0","1","0","0","","0747","0","2","0","0","0","0","0","1","0","2","N","","","","","","","","","","","","03","  ","","",""
"1628","2","0","0","0","0","0","0","0","0","4","0","","36","03","2017","2017045248","4","40.0592","-76.069","1623","08","0","0","0","0","0","0","0","0","","0","0","0","16","1","0","02","0","40 03:33.201","","00","76 04:08.417","0","0","0","0","36209","0","0","0","N","0","0","0","2","36415","0","","1","01","N","N","0","","0","0","0","0","0","","1620","0","2","0","0","0","0","0","1","0","2","N","","","","","","","","","","","","03","  ","","",""
"1310","2","0","0","0","0","0","0","0","0","1","0","","36","04","2017","2017045291","1","40.1566","-76.2051","1310","08","0","0","0","0","0","0","1","1","2","0","0","0","13","1","3","00","2","40 09:23.819","5","00","76 12:18.442","3","0","0","0","36402","0","0","0","N","0","0","0","4","36402","1","","1","01","N","N","0","","2","0","1","0","0","Y","1309","3","3","0","0","0","0","0","2","0","3","N","","","","","","","","","","","","03","  ","","",""
"1322","1","0","0","0","0","0","0","0","0","4","0","","36","04","2017","2017045324","1","40.1","-76.3541","1318","08","0","0","0","0","0","0","0","1","1","0","0","0","13","1","0","01","1","40 06:00.025","2","00","76 21:14.898","0","0","0","0","36406","0","0","0","N","0","0","0","3","36101","0","","1","01","N","N","0","","0","0","0","3","2","N","1316","0","2","0","0","0","0","0","3","1","2","N","","","","","","","","","","","","03","  ","","",""
"0937","2","0","0","0","0","0","0","0","0","4","0","","36","05","2017","2017045344","4","40.1485","-76.5995","0934","08","0","0","0","0","0","1","0","1","3","0","0","0","09","1","1","01","2","40 08:54.441","7","00","76 35:58.037","8","0","0","0","36407","0","0","0","N","0","0","0","2","36407","0","","1","01","N","N","0","","0","0","0","3","3","Y","0933","1","2","0","0","0","1","0","2","0","2","N","","","","","","","","","","","","03","  ","","",""
"1053","2","0","0","0","0","0","0","0","0","4","0","","36","05","2017","2017045351","4","40.1075","-76.2518","1049","08","0","0","0","0","0","0","1","1","1","0","0","0","10","1","3","01","2","40 06:33.901","7","00","76 15:00.053","3","0","0","0","36101","0","0","0","N","0","0","0","3","36101","1","","1","01","N","N","0","","2","0","0","3","3","N","1049","3","3","0","0","0","0","0","3","0","2","N","","","","","","","","","","","","03","  ","","",""
"2234","1","0","0","0","0","0","0","0","0","5","0","","36","04","2017","2017045372","6","40.2406","-76.0618","2227","08","0","0","0","0","0","1","0","0","","0","0","0","22","3","0","00","0","40 14:26.151","","00","76 03:42.353","0","0","0","0","36401","0","0","0","N","0","0","0","2","36408","0","","1","01","N","N","1","","0","0","0","0","0","","2226","0","2","0","0","0","0","0","1","0","2","N","","","","","","","","","","","","03","  ","","",""
"1642","1","0","0","0","0","0","0","0","0","7","0","","36","04","2017","2017045382","1","40.1649","-76.0637","1636","08","0","0","0","1","0","0","0","0","","0","0","0","16","1","0","00","0","40 09:53.590","","00","76 03:49.360","0","0","0","0","36213","0","0","0","N","0","0","0","1","36213","0","","5","01","N","N","0","","0","0","0","0","0","","1635","0","1","0","0","0","0","0","1","0","1","N","","","","","","","","","","","","03","  ","","",""
"0947","1","0","0","0","0","0","0","0","0","4","0","","36","04","2017","2017045505","5","40.0377","-76.3085","0945","08","0","0","0","0","0","0","1","0","","0","0","0","09","1","1","01","0","40 02:15.572","","00","76 18:30.512","8","0","0","0","36301","0","0","0","N","0","0","0","3","36301","0","","1","01","N","N","1","","0","0","0","3","2","","0944","1","2","0","0","0","1","0","3","0","2","N","","","","","","","","","","","","03","  ","","",""
"1351","1","0","0","0","0","0","0","0","0","4","0","","36","03","2017","2017045537","3","40.0303","-76.4996","1347","08","0","0","0","0","0","0","0","0","1","0","0","0","13","1","1","00","1","40 01:49.100","4","00","76 29:58.610","4","0","0","0","36404","0","0","0","N","0","0","0","2","36404","1","","1","01","N","N","0","","0","0","0","0","0","N","1342","1","2","0","0","0","0","0","3","1","2","N","","","","","","","","","","","","03","  ","","",""
"2229","3","0","0","0","0","0","0","0","0","4","0","","36","04","2017","2017045545","5","40.0368","-76.3131","2229","08","0","0","0","0","0","0","0","0","2","0","0","0","22","3","0","00","2","40 02:12.426","6","00","76 18:47.175","0","0","0","0","36301","0","0","0","","0","0","0","2","36301","0","","2","01","","","0","","0","0","0","3","2","Y","2225","0","3","0","0","0","0","0","3","0","3","N","","","","","","","","","","","","03","  ","","",""
"0750","1","0","0","0","0","0","0","0","0","4","0","","36","04","2017","2017045548","5","40.1657","-76.3972","0747","08","0","0","0","0","0","0","0","0","","0","0","0","99","1","0","01","0","40 09:56.653","","00","76 23:50.032","0","0","0","0","36410","0","0","0","N","0","0","0","2","36410","0","","1","01","N","N","0","","0","0","1","3","2","","9999","0","2","0","0","0","0","0","2","0","2","N","","","","","","","","","","","","03","  ","","",""
"1926","1","0","0","0","0","0","0","0","0","1","0","","36","05","2017","2017045695","4","40.1678","-76.2956","1921","08","0","0","0","1","0","0","0","0","1","0","0","0","19","1","0","01","1","40 10:03.939","4","00","76 17:44.145","0","0","0","0","36235","0","0","0","","0","0","0","3","36506","0","","1","01","N","N","0","","0","0","1","3","2","N","1919","0","2","0","0","0","0","0","1","0","2","N","","","","","","","","","","","","03","  ","","",""
"1300","2","0","0","0","0","0","0","0","0","4","0","","36","05","2017","2017045716","5","40.2291","-76.069","1250","08","0","0","0","0","0","1","0","0","2","0","0","0","12","1","0","02","1","40 13:44.725","4","00","76 04:08.567","0","0","0","0","36210","0","0","0","N","0","0","0","2","36210","0","","1","01","N","N","0","","0","0","0","3","3","N","1248","0","2","0","0","0","0","0","1","0","2","N","","","","","","","","","","","","03","  ","","",""
"1537","2","0","0","0","0","0","0","0","0","1","0","","36","05","2017","2017045742","4","40.0624","-76.5513","1529","08","0","0","0","0","0","0","0","0","2","0","0","0","15","1","0","00","1","40 03:44.598","3","00","76 33:04.840","0","0","0","0","36211","0","0","0","N","0","0","0","2","36504","0","","1","01","N","N","0","","0","0","0","0","0","N","1528","0","2","0","0","0","0","0","1","0","2","N","","","","","","","","","","","","03","  ","","",""
"2159","1","0","0","0","0","0","0","0","0","7","0","","36","04","2017","2017045761","7","40.0754","-76.1535","2156","08","1","0","0","0","0","0","0","0","","0","0","0","21","2","0","00","0","40 04:31.570","","00","76 09:12.740","0","0","0","0","36234","0","0","0","N","0","0","0","2","36215","0","","2","01","N","N","0","","0","0","0","0","0","","2154","0","1","0","0","0","0","0","1","0","1","N","","","","","","","","","","","","03","  ","","",""
"1844","0","0","0","0","0","0","0","0","0","7","0","","36","03","2017","2017045803","3","39.8957","-76.2515","1816","08","0","0","0","0","0","0","0","0","1","0","0","0","18","1","1","00","1","39 53:44.540","5","00","76 15:05.320","3","0","0","0","36229","0","0","0","","0","0","0","1","68J01","0","","4","09","N","N","0","","1","0","1","0","0","N","1801","1","1","0","0","1","0","0","1","0","1","N","","","","","","","","","","","","05","  ","","",""
"0005","1","0","0","0","0","0","0","0","0","7","0","","36","03","2017","2017045804","4","39.7284","-76.1981","2344","08","0","0","0","0","0","0","0","0","1","0","0","0","23","2","0","00","1","39 43:42.150","3","03","76 11:53.120","0","0","0","0","36219","0","0","0","","0","0","0","1","68J01","0","","4","01","N","N","0","","0","0","0","0","0","N","2338","0","1","0","0","0","0","0","1","0","1","N","","","","","","","","","","","","03","  ","","",""
"0042","0","0","0","0","0","0","0","0","0","7","0","","36","03","2017","2017045805","6","40.1851","-76.0581","0019","08","0","0","0","1","0","0","0","0","1","0","0","0","00","3","0","00","1","40 11:06.217","1","00","76 03:29.086","0","0","0","0","36202","0","0","0","","0","0","0","1","68J01","0","","4","09","N","N","1","","0","0","0","0","0","N","0017","0","1","0","0","0","0","0","1","0","1","N","","","","","","","","","","","","07","  ","","",""
"1717","1","0","0","0","0","0","0","0","0","4","0","","36","05","2017","2017045874","5","40.2264","-76.1804","1711","08","0","1","0","0","0","0","1","0","2","0","0","0","17","1","2","01","2","40 13:34.893","7","00","76 10:49.273","3","0","0","0","36236","0","0","0","N","0","0","0","2","36408","0","","1","01","N","N","1","","2","0","0","3","3","Y","1705","2","2","0","0","0","0","0","1","0","2","N","","","","","","","","","","","","03","  ","","",""
"1804","3","0","0","0","0","0","0","0","0","1","0","","36","05","2017","2017045877","4","40.0386","-76.3571","1748","08","0","0","0","0","0","1","2","0","","0","0","0","17","1","0","00","0","40 02:19.049","","00","76 21:25.446","0","0","0","0","36214","0","0","0","N","0","0","0","6","36214","0","","1","01","N","N","0","","0","0","1","0","0","","1745","0","4","0","0","0","0","0","3","0","4","N","","","","","","","","","","","","03","  ","","",""
"2325","2","0","0","0","0","0","0","0","0","4","0","","36","05","2017","2017045889","5","40.1073","-76.0891","2325","08","0","0","0","0","1","0","0","0","","0","0","0","23","2","0","02","0","40 06:26.194","","00","76 05:20.821","0","0","0","0","36209","0","0","0","N","0","0","0","4","36415","0","","1","09","N","N","0","","0","0","0","0","0","","2325","0","3","0","0","0","0","0","1","1","3","N","","","","","","","","","","","","07","  ","","",""
"2142","2","0","0","0","0","0","0","0","0","4","0","","36","04","2017","2017045892","4","40.0836","-76.4861","2139","08","0","0","0","0","0","0","0","0","1","0","0","0","21","2","1","01","1","40 05:01.019","4","00","76 29:10.138","8","0","0","0","36230","0","0","0","N","0","0","0","2","36410","0","","1","01","N","N","0","","0","0","0","3","3","N","2138","1","2","0","0","0","1","0","1","0","2","N","","","","","","","","","","","","03","  ","","",""
"2005","0","0","0","0","0","0","0","0","0","4","0","","36","05","2017","2017045893","5","40.0796","-76.2521","1958","08","0","0","0","0","0","0","0","0","2","0","0","0","19","4","4","05","1","40 04:46.730","4","00","76 15:07.384","4","0","0","0","36215","0","0","0","N","0","0","0","6","36215","4","","1","01","N","N","0","","0","0","1","0","0","N","1957","4","2","0","0","0","0","0","1","1","2","N","","","","","","","","","","","","03","  ","","",""
"1348","0","0","0","0","0","0","0","0","0","4","0","","36","05","2017","2017045984","2","40.047","-76.3121","1328","08","0","0","0","0","0","0","2","0","2","0","0","0","13","1","0","02","1","40 02:49.253","3","00","76 18:43.447","0","0","0","0","36301","0","0","0","N","0","0","0","3","36301","0","","1","01","N","N","1","","0","0","1","3","2","N","1328","0","2","0","0","0","0","0","3","0","2","N","","","","","","","","","","","","03","  ","","",""
"1530","1","0","0","0","0","0","0","0","0","1","0","","36","05","2017","2017046019","4","40.1668","-76.3081","1528","08","0","0","0","1","0","0","0","0","","0","0","0","15","1","0","00","0","40 10:00.432","","00","76 18:29.218","0","0","0","0","36235","0","0","0","","0","0","0","2","36506","0","","1","01","N","N","1","","0","0","0","0","0","","1528","0","2","0","0","0","0","0","1","0","2","N","","","","","","","","","","","","03","  ","","",""
"0850","2","0","0","0","0","0","0","0","0","1","0","","36","05","2017","2017046025","6","40.1615","-76.5841","0848","08","0","0","0","0","0","0","0","0","","0","0","0","08","1","2","02","0","40 09:41.515","","00","76 35:02.582","8","0","0","0","36407","0","0","0","N","0","0","0","4","36407","0","","1","09","N","N","0","","0","0","0","3","7","","0845","2","2","0","0","0","2","0","2","0","2","N","","","","","","","","","","","","07","  ","","",""
"1853","1","0","0","0","0","0","0","0","0","1","0","","36","05","2017","2017046136","6","40.0583","-76.3598","1849","08","0","1","0","0","0","0","0","0","1","0","0","0","18","1","1","00","2","40 03:29.915","5","00","76 21:35.288","3","0","0","0","36214","0","0","0","N","0","0","0","4","36214","0","","1","01","N","N","0","","1","0","1","0","0","N","1845","1","2","0","0","0","0","0","3","0","2","N","","","","","","","","","","","","03","  ","","",""
"0559","2","0","0","0","0","0","0","0","0","4","0","","36","05","2017","2017046189","3","40.0296","-76.3062","0557","08","0","0","0","0","0","0","0","0","2","0","0","0","05","5","1","01","1","40 01:46.416","3","00","76 18:22.157","4","0","0","0","36301","0","0","0","N","0","0","0","3","36301","1","","1","01","N","N","0","","0","0","0","3","2","N","0556","1","2","0","0","0","0","0","3","0","2","N","","","","","","","","","","","","03","  ","","",""
"1904","1","0","0","0","0","0","0","0","0","8","0","","36","04","2017","2017046191","6","40.035","-76.2941","1902","08","0","0","0","0","0","0","0","0","","0","0","0","19","1","1","01","0","40 02:06.010","","00","76 17:38.882","4","0","0","0","36301","1","0","0","N","1","0","0","2","36301","1","","1","01","N","N","0","","0","0","0","3","3","","1900","1","2","0","0","0","0","0","3","0","1","N","","","","","","","","","","","","03","  ","","",""
"1204","0","0","0","0","0","0","0","0","0","1","0","","36","05","2017","2017046254","6","40.06","-76.2778","1153","08","0","0","0","0","0","0","0","0","","0","0","0","11","1","0","01","0","40 03:35.855","","02","76 16:40.026","0","0","0","0","36101","0","0","0","N","0","0","0","2","36101","0","","1","09","N","N","0","","0","0","2","3","4","","1152","0","2","0","0","0","0","0","3","0","2","N","","","","","","","","","","","","03","  ","","",""
"1410","2","0","0","0","0","0","0","0","0","1","0","","36","05","2017","2017046262","2","39.9701","-76.2754","1412","08","0","0","0","0","0","0","0","0","2","0","0","0","14","1","1","02","1","39 58:12.363","3","00","76 16:31.508","4","0","0","0","36228","0","0","0","N","0","0","0","3","36503","1","","1","01","N","N","1","","0","0","0","0","0","N","1410","1","3","0","0","1","0","0","1","0","3","N","","","","","","","","","","","","03","  ","","",""
"1437","1","0","0","0","0","0","0","0","0","1","0","","36","05","2017","2017046263","6","40.0579","-76.3058","1437","08","0","0","0","0","0","1","0","0","2","0","0","0","14","1","0","00","2","40 03:28.528","1","00","76 18:20.848","0","0","0","0","36101","0","0","0","N","0","0","0","6","36101","0","","1","09","N","N","0","","0","0","0","0","0","N","1400","0","3","0","0","0","0","0","3","2","3","N","","","","","","","","","","","","03","  ","","",""
"1105","0","0","0","0","0","0","0","0","0","7","0","","36","05","2017","2017046288","7","40.1034","-76.0869","1100","08","0","0","0","0","0","0","0","0","","0","0","0","10","1","0","00","0","40 06:12.205","","00","76 05:12.705","0","0","0","0","36415","0","0","0","Y","0","0","0","1","36415","0","","5","01","N","N","0","","0","0","1","3","2","","1055","0","1","0","0","0","0","0","1","0","1","N","","","","","","","","","","","","03","  ","","",""
"1701","2","0","0","0","0","0","0","0","0","4","0","","36","05","2017","2017046338","7","40.0456","-76.2924","1656","08","0","0","0","0","1","0","0","0","1","0","0","0","16","1","0","01","1","40 02:44.163","3","00","76 17:32.546","0","0","0","0","36301","0","0","0","N","0","0","0","2","36301","0","","1","09","N","N","0","","0","0","0","0","0","N","1653","0","2","0","0","0","0","0","3","0","2","N","","","","","","","","","","","","07","  ","","",""
"1824","0","0","0","0","0","0","0","0","0","7","0","","36","05","2017","2017046426","7","40.2367","-76.1273","1822","08","0","0","0","0","0","0","0","0","2","0","0","0","18","1","0","00","1","40 14:12.001","1","00","76 07:38.145","0","0","0","0","36405","0","0","0","Y","0","0","0","1","36210","0","","4","09","N","N","0","","0","0","1","0","0","N","1820","0","1","0","0","0","0","0","1","0","1","N","","","","","","","","","","","","07","  ","","",""
"1633","1","0","0","0","0","0","0","0","0","1","0","","36","05","2017","2017046439","6","40.0658","-76.3342","1624","08","0","0","0","0","0","0","0","0","2","0","0","0","16","1","1","00","1","40 03:56.929","3","00","76 20:03.296","4","0","0","0","36101","0","0","0","N","0","0","0","2","36101","1","","1","01","N","N","0","","0","0","1","0","0","N","1623","1","2","0","0","0","0","0","3","0","2","N","","","","","","","","","","","","03","  ","","",""
"2318","1","0","0","0","0","0","0","0","0","4","0","","36","05","2017","2017046441","6","40.0685","-76.3074","2316","08","0","0","0","0","0","0","0","0","2","0","0","0","23","3","1","01","1","40 04:06.527","1","00","76 18:26.750","3","0","0","0","36101","0","0","0","N","0","0","0","3","36101","0","","1","09","N","N","0","","1","0","1","3","2","N","2315","1","2","0","0","0","0","0","3","0","2","N","","","","","","","","","","","","07","  ","","",""
"1736","0","0","0","0","0","0","0","0","0","1","0","","36","05","2017","2017046448","7","40.064","-76.3407","1727","08","0","0","0","0","0","1","0","0","2","0","0","0","17","1","0","00","1","40 03:50.535","4","00","76 20:26.653","0","0","0","0","36101","0","0","0","N","0","0","0","4","36101","0","","1","09","N","N","0","","0","0","2","0","0","N","1724","0","2","0","0","0","0","0","3","0","2","N","","","","","","","","","","","","07","  ","","",""
"0805","1","0","0","0","0","0","0","0","0","1","1","","36","05","2017","2017046532","3","40.0625","-76.3229","0751","08","0","0","0","0","0","1","0","0","2","0","1","0","07","1","0","00","1","40 03:44.923","2","00","76 19:22.589","0","0","0","0","36101","0","0","0","N","0","0","0","3","36101","0","","1","01","N","N","0","","0","0","0","0","0","N","0748","0","3","0","0","0","0","0","3","1","3","N","","","","","","","","","","","","03","  ","","",""
"1037","2","0","0","0","0","0","0","0","0","1","0","","36","05","2017","2017046533","7","40.1073","-76.0891","1030","08","1","0","0","0","0","1","0","0","2","0","0","0","10","1","0","02","1","40 06:26.322","2","00","76 05:20.886","9","0","0","0","36415","0","0","0","N","0","0","0","2","36415","0","","1","01","N","N","0","","0","0","0","0","0","Y","1030","0","2","0","0","0","0","1","1","0","2","N","","","","","","","","","","","","03","  ","","",""
"1333","0","0","0","0","0","0","0","0","0","1","0","","36","05","2017","2017046535","6","40.0514","-76.3208","1328","08","0","0","0","0","0","1","0","0","2","0","0","0","13","1","1","00","1","40 03:05.055","3","00","76 19:14.718","4","0","0","0","36101","0","0","0","N","0","0","0","2","36101","1","","1","09","N","N","0","","0","0","1","0","0","N","1322","1","2","0","0","0","0","0","3","1","2","N","","","","","","","","","","","","07","  ","","",""