"ARRIVAL_TM","AUTOMOBILE_COUNT","BELTED_DEATH_COUNT","BELTED_SUSP_SERIOUS_INJ_COUNT","BICYCLE_COUNT","BICYCLE_DEATH_COUNT","BICYCLE_SUSP_SERIOUS_INJ_COUNT","BUS_COUNT","CHLDPAS_DEATH_COUNT","CHLDPAS_SUSP_SERIOUS_INJ_COUNT","COLLISION_TYPE","COMM_VEH_COUNT","CONS_ZONE_SPD_LIM","COUNTY","CRASH_MONTH","CRASH_YEAR","CRN","DAY_OF_WEEK","DEC_LAT","DEC_LONG","DISPATCH_TM","DISTRICT","DRIVER_COUNT_16YR","DRIVER_COUNT_17YR","DRIVER_COUNT_18YR","DRIVER_COUNT_19YR","DRIVER_COUNT_20YR","DRIVER_COUNT_50_64YR","DRIVER_COUNT_65_74YR","DRIVER_COUNT_75PLUS","EST_HRS_CLOSED","FATAL_COUNT","HEAVY_TRUCK_COUNT","HORSE_BUGGY_COUNT","HOUR_OF_DAY","ILLUMINATION","INJURY_COUNT","INTERSECT_TYPE","LANE_CLOSED","LATITUDE","LN_CLOSE_DIR","LOCATION_TYPE","LONGITUDE","MAX_SEVERITY_LEVEL","MCYCLE_DEATH_COUNT","MCYCLE_SUSP_SERIOUS_INJ_COUNT","MOTORCYCLE_COUNT","MUNICIPALITY","NONMOTR_COUNT","NONMOTR_DEATH_COUNT","NONMOTR_SUSP_SERIOUS_INJ_COUNT","NTFY_HIWY_MAINT","PED_COUNT","PED_DEATH_COUNT","PED_SUSP_SERIOUS_INJ_COUNT","PERSON_COUNT","POLICE_AGCY","POSSIBLE_INJ_COUNT","RDWY_SURF_TYPE_CD","RELATION_TO_ROAD","ROAD_CONDITION","SCH_BUS_IND","SCH_ZONE_IND","SMALL_TRUCK_COUNT","SPEC_JURIS_CD","SUSP_MINOR_INJ_COUNT","SUSP_SERIOUS_INJ_COUNT","SUV_COUNT","TCD_FUNC_CD","TCD_TYPE","TFC_DETOUR_IND","TIME_OF_DAY","TOT_INJ_COUNT","TOTAL_UNITS","UNB_DEATH_COUNT","UNB_SUSP_SERIOUS_INJ_COUNT","UNBELTED_OCC_COUNT","UNK_INJ_DEG_COUNT","UNK_INJ_PER_COUNT","URBAN_RURAL","VAN_COUNT","VEHICLE_COUNT","WORK_ZONE_IND","WORK_ZONE_LOC","WORK_ZONE_TYPE","WORKERS_PRES","WZ_CLOSE_DETOUR","WZ_FLAGGER","WZ_LAW_OFFCR_IND","WZ_LN_CLOSURE","WZ_MOVING","WZ_OTHER","WZ_SHLDER_MDN","ROADWAY_CLEARED","WEATHER1","WEATHER2","WZ_WORKERS_INJ_KILLED","SECONDARY_CRASH","INTERSECTION_RELATED"
"1615","1","0","0","0","0","0","0","0","0","1","0","","36","05","2017","2017046539","6","40.0628","-76.3408","1601","08","0","0","0","0","1","0","0","0","2","0","0","0","15","1","0","00","1","40 03:45.962","3","02","76 20:26.999","0","0","0","0","36101","0","0","0","N","0","0","0","5","36101","0","","1","01","N","N","0","","0","0","0","0","0","N","1555","0","2","0","0","0","0","0","3","1","2","N","","","","","","","","","","","","03","  ","","",""
"1730","1","0","0","0","0","0","0","0","0","1","0","","36","05","2017","2017046546","7","40.0713","-76.3355","1717","08","0","1","0","0","0","0","0","0","2","0","0","0","17","1","0","00","1","40 04:16.560","3","00","76 20:07.900","0","0","0","0","36101","0","0","0","N","0","0","0","2","36101","0","","1","09","N","N","1","","0","0","0","0","0","N","1714","0","2","0","0","0","0","0","3","0","2","N","","","","","","","","","","","","07","  ","","",""
"0058","0","0","0","0","0","0","0","0","0","4","0","","36","05","2017","2017046642","1","40.0619","-76.4988","0054","08","0","0","0","0","0","0","0","0","2","0","0","0","00","2","1","01","2","40 03:42.752","7","00","76 29:55.590","4","0","0","0","36239","0","0","0","N","0","0","0","6","36239","1","","1","01","N","N","1","","0","0","1","3","3","Y","0052","1","2","0","0","3","0","0","3","0","2","N","","","","","","","","","","","","03","  ","","",""
"2005","2","0","0","0","0","0","0","0","0","5","0","","36","05","2017","2017046666","7","40.1693","-76.1999","1959","08","0","0","0","0","0","0","0","0","","0","0","0","19","4","0","02","0","40 10:09.443","","07","76 11:59.582","0","0","0","0","36218","0","0","0","N","0","0","0","2","36408","0","","1","09","N","N","0","","0","0","0","0","0","","1950","0","2","0","0","0","0","0","1","0","2","N","","","","","","","","","","","","07","  ","","",""
"2348","0","0","0","0","0","0","0","0","0","9","0","","36","05","2017","2017046699","1","40.0527","-76.3777","2347","08","0","0","0","0","0","0","0","0","","0","0","0","23","2","0","00","0","40 03:09.549","","01","76 22:39.733","0","0","0","0","36214","0","0","0","N","0","0","0","1","36214","0","","1","01","N","N","0","","0","0","0","0","0","","2330","0","1","0","0","0","0","0","3","1","1","N","","","","","","","","","","","","03","  ","","",""
"0731","1","0","0","0","0","0","0","0","0","1","0","","36","05","2017","2017046789","2","40.0904","-76.2641","0715","08","0","0","0","0","1","1","0","0","","0","0","0","07","1","0","00","0","40 05:25.618","","00","76 15:50.736","0","0","0","0","36101","0","0","0","N","0","0","0","2","36101","0","","1","01","N","N","0","","0","0","1","0","0","","0714","0","2","0","0","0","0","0","3","0","2","N","","","","","","","","","","","","03","  ","","",""
"1144","1","0","0","0","0","0","0","0","0","1","0","","36","05","2017","2017046830","7","40.2178","-76.2532","1138","08","0","0","0","1","0","1","0","0","","0","0","0","11","1","0","00","0","40 13:04.156","","00","76 15:11.457","0","0","0","0","36204","0","0","0","","0","0","0","2","36506","0","","1","09","N","N","0","","0","0","0","0","0","","1138","0","2","0","0","1","0","0","1","1","2","N","","","","","","","","","","","","07","  ","","",""
"0014","0","0","0","0","0","0","0","0","0","7","0","","36","05","2017","2017047036","7","40.199","-76.1746","0012","08","0","0","0","0","0","0","0","0","","0","0","0","00","2","1","00","0","40 11:56.450","","00","76 10:28.650","4","0","0","0","36218","0","0","0","N","0","0","0","1","36408","1","","5","09","N","N","0","","0","0","1","0","0","","0005","1","1","0","0","0","0","0","1","0","1","N","","","","","","","","","","","","07","  ","","",""
"1715","1","0","0","0","0","0","0","0","0","4","0","","36","05","2017","2017047040","2","40.0394","-76.3626","1705","08","0","0","0","0","0","0","0","0","","0","0","0","17","1","1","00","0","40 02:21.872","","07","76 21:45.477","4","0","0","0","36214","0","0","0","N","0","0","0","3","36214","1","","1","01","N","N","0","","0","0","1","0","0","","1702","1","2","0","0","0","0","0","3","0","2","N","","","","","","","","","","","","03","  ","","",""
"0707","1","0","0","0","0","0","0","0","0","4","0","","36","05","2017","2017047050","7","40.0698","-76.3168","0707","08","0","0","0","0","0","0","0","0","2","0","0","0","07","1","1","01","1","40 04:11.336","1","00","76 19:00.464","4","0","0","0","36101","0","0","0","N","0","0","0","3","36101","1","","1","01","N","N","1","","0","0","0","3","2","N","0707","1","2","0","0","0","0","0","3","0","2","N","","","","","","","","","","","","03","  ","","",""
"1838","1","0","0","0","0","0","0","0","0","5","0","","36","05","2017","2017047056","2","40.1093","-76.5278","1820","08","0","0","0","0","0","0","0","0","","0","0","0","18","4","0","00","0","40 06:33.620","","00","76 31:40.080","0","0","0","0","36413","0","0","0","N","0","0","0","2","36413","0","","2","01","N","N","1","","0","0","0","0","0","","1820","0","2","0","0","0","0","0","2","0","2","N","","","","","","","","","","","","03","  ","","",""
"1912","1","0","0","0","0","0","0","0","0","1","0","","36","05","2017","2017047077","2","40.1586","-76.3896","1908","08","0","0","0","0","0","0","1","0","2","0","0","0","19","1","0","01","1","40 09:31.012","2","00","76 23:22.387","0","0","0","0","36410","0","0","0","N","0","0","0","2","36410","0","","1","01","N","N","1","","0","0","0","3","2","N","1908","0","2","0","0","0","0","0","2","0","2","N","","","","","","","","","","","","03","  ","","",""
"1913","2","0","0","0","0","0","0","0","0","4","0","","36","05","2017","2017047079","7","40.1906","-76.1879","1912","08","0","1","0","0","0","1","0","0","2","0","0","0","19","1","1","01","2","40 11:26.221","7","00","76 11:16.335","3","0","0","0","36408","0","0","0","N","0","0","0","4","36408","0","","1","01","N","N","0","","1","0","0","3","3","Y","1908","1","2","0","0","0","0","0","2","0","2","N","","","","","","","","","","","","03","  ","","",""
"0302","3","0","0","0","0","0","0","0","0","1","0","","36","04","2017","2017047099","1","40.0331","-76.3063","0302","08","0","0","0","0","0","0","0","0","","0","0","0","03","3","0","00","0","40 01:58.990","","00","76 18:22.630","0","0","0","0","36301","0","0","0","N","0","0","0","1","36301","0","","6","01","N","N","0","","0","0","0","0","0","","0302","0","3","0","0","0","0","0","3","0","3","N","","","","","","","","","","","","03","  ","","",""
"2038","0","0","0","0","0","0","0","0","0","8","0","","36","04","2017","2017047112","5","40.0379","-76.319","2035","08","0","0","0","0","0","0","0","0","","0","0","0","20","3","2","00","0","40 02:16.384","","00","76 19:08.528","3","0","0","0","36301","2","0","0","N","2","0","0","3","36301","0","","1","01","N","N","1","","2","0","0","0","0","","2035","2","3","0","0","0","0","1","3","0","1","N","","","","","","","","","","","","03","  ","","",""
"2302","2","0","0","0","0","0","0","0","0","4","0","","36","05","2017","2017047132","2","40.1628","-76.2762","2300","08","0","0","0","0","0","1","0","0","1","0","0","0","23","3","0","01","1","40 09:46.015","7","00","76 16:34.301","0","0","0","0","36235","0","0","0","","0","0","0","2","36506","0","","1","01","N","N","0","","0","0","0","3","2","N","2300","0","2","0","0","0","0","0","1","0","2","N","","","","","","","","","","","","03","  ","","",""
"1545","0","0","0","0","0","0","0","0","0","7","0","","36","04","2017","2017047142","6","40.1748","-75.9641","1533","08","0","0","0","0","0","0","0","0","","0","0","0","15","1","4","00","0","40 10:28.847","","00","75 57:48.024","8","0","0","0","36203","0","0","0","","0","0","0","4","68T06","0","","4","01","N","N","0","","0","0","1","0","0","","1532","4","1","0","0","0","4","0","1","0","1","N","","","","","","","","","","","","03","  ","","",""
"2259","1","0","0","0","0","0","0","0","0","9","0","","36","05","2017","2017047176","3","40.2415","-76.2479","2222","08","0","0","0","0","0","1","0","0","","0","0","0","22","2","0","00","0","40 14:29.624","","00","76 14:50.418","0","0","0","0","36204","0","0","0","","0","0","0","1","68T06","0","","1","01","N","N","0","","0","0","0","0","0","","2221","0","1","0","0","0","0","0","1","0","1","N","","","","","","","","","","","","03","  ","","",""
"1715","2","0","0","0","0","0","0","0","0","4","0","","36","05","2017","2017047190","2","40.0377","-76.2948","1708","08","0","0","0","0","0","1","0","0","","0","0","0","17","1","0","01","0","40 02:15.878","","00","76 17:41.132","0","0","0","0","36301","0","0","0","N","0","0","0","2","36301","0","","1","01","N","N","0","","0","0","0","3","3","","1706","0","2","0","0","0","0","0","3","0","2","N","","","","","","","","","","","","03","  ","","",""
"0249","0","0","0","0","0","0","0","0","0","7","0","","36","05","2017","2017047192","3","40.0415","-76.4097","0244","08","0","0","0","0","0","0","0","0","4","1","0","0","02","2","0","00","2","40 02:29.350","5","00","76 24:34.740","1","0","0","0","36239","0","0","0","N","0","0","0","1","36239","0","2","4","01","N","N","0","0","0","0","1","0","0","Y","0200","0","1","1","0","1","0","0","3","0","1","N","","","","","","","","","","","","03","  ","","",""
"1140","1","0","0","0","0","0","0","0","0","1","0","","36","05","2017","2017047196","5","40.0612","-76.3215","1137","08","0","0","0","0","0","0","0","0","2","0","0","0","11","1","0","00","1","40 03:40.473","3","00","76 19:17.246","0","0","0","0","36301","0","0","0","N","0","0","0","2","36301","0","","1","09","N","N","0","","0","0","1","0","0","N","1137","0","2","0","0","0","0","0","3","0","2","N","","","","","","","","","","","","03","  ","","",""
"0726","0","0","0","0","0","0","0","0","0","1","1","","36","05","2017","2017047206","3","40.1673","-76.1651","0721","08","0","0","0","0","0","2","0","0","2","0","1","0","07","1","1","00","1","40 10:02.202","6","07","76 09:54.408","8","0","0","0","36218","0","0","0","N","0","0","0","3","36408","0","","1","01","N","N","2","","0","0","0","0","0","N","0721","1","3","0","0","0","1","0","1","0","3","N","","","","","","","","","","","","03","  ","","",""
"1044","0","0","0","0","0","0","0","0","0","1","0","","36","05","2017","2017047217","5","","","1044","08","0","0","0","0","0","1","0","0","1","0","0","0","10","1","2","00","1","","3","00","","4","0","0","0","36404","0","0","0","N","0","0","0","3","36404","2","","1","01","N","N","0","","0","0","0","0","0","N","1044","2","2","0","0","0","0","1","3","1","2","N","","","","","","","","","","","","03","  ","","",""
"0757","1","0","0","0","0","0","0","0","0","8","0","","36","05","2017","2017047226","3","40.0434","-76.2865","0751","08","0","0","0","0","0","0","0","0","1","0","0","0","07","1","1","00","1","40 02:36.193","3","00","76 17:11.294","2","0","0","0","36101","1","0","1","N","1","0","1","2","36101","0","","1","01","N","N","0","","0","1","0","0","0","N","0717","1","2","0","0","0","0","0","3","0","1","N","","","","","","","","","","","","03","  ","","",""
"0450","0","0","0","0","0","0","0","0","0","7","0","","36","04","2017","2017047295","6","40.1117","-76.4095","0440","08","0","0","0","0","0","0","0","0","2","0","0","0","04","2","0","00","2","40 06:42.010","3","00","76 24:34.260","0","0","0","0","36214","0","0","0","","0","0","0","1","36214","0","","4","09","N","N","0","","0","0","1","0","0","N","0437","0","1","0","0","0","0","0","3","0","1","N","","","","","","","","","","","","07","  ","","",""
"1747","2","0","0","0","0","0","0","0","0","1","0","","36","04","2017","2017047296","4","40.0752","-76.4081","1737","08","0","0","0","0","0","1","0","0","2","0","0","0","17","1","1","01","1","40 04:30.802","4","00","76 24:29.116","4","0","0","0","36214","0","0","0","","0","0","0","2","36214","1","","1","01","N","N","0","","0","0","0","3","3","N","1734","1","2","0","0","0","0","0","3","0","2","N","","","","","","","","","","","","03","  ","","",""
"2356","1","0","0","0","0","0","0","0","0","7","0","","36","04","2017","2017047297","4","40.0602","-76.3614","2353","08","0","0","1","0","0","0","0","0","2","0","0","0","23","3","1","00","1","40 03:36.891","3","00","76 21:41.012","4","0","0","0","36214","0","0","0","","0","0","0","1","36214","1","","3","01","N","N","0","","0","0","0","0","0","N","2350","1","1","0","0","0","0","0","3","0","1","N","","","","","","","","","","","","03","  ","","",""
"1530","1","0","0","0","0","0","0","0","0","4","0","","36","05","2017","2017047298","2","40.0613","-76.3539","1528","08","0","0","0","0","0","0","0","0","2","0","0","0","15","1","2","00","2","40 03:40.662","5","03","76 21:14.147","4","0","0","0","36214","0","0","0","","0","0","0","2","36214","2","","1","01","N","N","0","","0","0","1","0","0","Y","1527","2","2","0","0","0","0","0","3","0","2","N","","","","","","","","","","","","03","  ","","",""
"1029","2","0","0","0","0","0","0","0","0","2","0","","36","05","2017","2017047299","6","40.0559","-76.3594","1021","08","0","0","0","0","0","0","0","0","1","0","0","0","10","1","1","02","2","40 03:21.349","1","00","76 21:33.740","4","0","0","0","36214","0","0","0","","0","0","0","2","36214","1","","1","09","N","N","0","","0","0","0","0","0","N","1020","1","2","0","0","0","0","0","3","0","2","N","","","","","","","","","","","","07","  ","","",""
"1159","5","0","0","0","0","0","0","0","0","4","0","","36","05","2017","2017047300","6","40.0442","-76.3587","1155","08","0","0","0","0","0","1","0","1","","0","0","0","11","1","0","00","0","40 02:38.940","","00","76 21:31.360","0","0","0","0","36214","0","0","0","","0","0","0","3","36214","0","","1","09","N","N","0","","0","0","0","0","0","","1153","0","5","0","0","0","0","0","3","0","5","N","","","","","","","","","","","","03","  ","","",""
"1403","0","0","0","0","0","0","0","0","0","1","0","","36","05","2017","2017047302","6","40.044","-76.3913","1400","08","0","0","0","0","0","1","1","0","","0","0","0","13","1","1","00","0","40 02:38.260","","00","76 23:28.710","4","0","0","0","36214","0","0","0","","0","0","0","2","36214","1","","1","09","N","N","0","","0","0","2","3","2","","1357","1","2","0","0","0","0","0","3","0","2","N","","","","","","","","","","","","03","  ","","",""
"1001","0","0","0","0","0","0","0","0","0","0","1","","36","03","2017","2017047303","2","40.0224","-76.1929","0958","08","0","0","0","0","0","1","0","0","","0","1","0","09","1","0","01","0","40 01:20.631","","00","76 11:34.338","0","0","0","0","36215","0","0","0","","0","0","0","1","36215","0","","1","01","N","N","0","","0","0","0","3","2","","0956","0","1","0","0","0","0","0","1","0","1","N","","","","","","","","","","","","03","  ","","",""
"1602","2","0","0","0","0","0","0","0","0","4","0","","36","04","2017","2017047304","4","40.0199","-76.2381","1558","08","0","0","0","0","0","0","0","0","1","0","0","0","15","1","1","01","1","40 01:11.798","6","00","76 14:17.283","4","0","0","0","36215","0","0","0","","0","0","0","2","36215","1","","1","01","N","N","0","","0","0","0","3","2","N","1558","1","2","0","0","0","0","0","1","0","2","N","","","","","","","","","","","","03","  ","","",""
"2246","2","0","0","0","0","0","0","0","0","7","0","","36","04","2017","2017047305","7","40.038","-76.3443","2240","08","0","0","0","0","0","0","0","0","","0","0","0","22","3","0","00","0","40 02:16.797","","07","76 20:39.565","0","0","0","0","36223","0","0","0","","0","0","0","2","36223","0","","2","01","N","N","0","","0","0","0","0","0","","2235","0","2","0","0","0","0","0","1","0","2","N","","","","","","","","","","","","03","  ","","",""
"0421","1","0","0","0","0","0","0","0","0","7","0","","36","04","2017","2017047306","2","40.0247","-76.3974","0416","08","0","0","0","0","0","0","0","0","","0","0","0","04","2","1","03","0","40 01:29.003","","00","76 23:50.785","8","0","0","0","36223","0","0","0","","0","0","0","1","36223","0","","5","01","N","N","0","","0","0","0","3","3","","0411","1","1","0","0","0","1","0","1","0","1","N","","","","","","","","","","","","03","  ","","",""
"2050","0","0","0","0","0","0","0","0","0","7","0","","36","04","2017","2017047307","3","39.9904","-76.4676","2046","08","0","0","0","0","0","0","0","0","","0","0","0","20","2","1","01","0","39 59:25.440","","00","76 28:03.282","4","0","0","0","36223","0","0","0","","0","0","0","1","36223","1","","5","09","N","N","0","","0","0","0","0","0","","2046","1","1","0","0","0","0","0","1","1","1","N","","","","","","","","","","","","07","  ","","",""
"0022","1","0","0","0","0","0","0","0","0","2","0","","36","04","2017","2017047308","4","40.028","-76.3612","0019","08","0","0","0","1","0","0","0","0","","0","0","0","00","6","0","01","0","40 01:40.803","","00","76 21:40.412","0","0","0","0","36223","0","0","0","","0","0","0","3","36223","0","","1","09","N","N","0","","0","0","1","0","0","","0018","0","2","0","0","0","0","0","1","0","2","N","","","","","","","","","","","","07","  ","","",""
"0211","1","0","0","0","0","0","0","0","0","7","0","","36","04","2017","2017047309","5","40.0176","-76.3953","0206","08","0","0","0","0","0","0","0","0","","0","0","0","02","6","1","00","0","40 01:03.410","","00","76 23:43.112","4","0","0","0","36223","0","0","0","","0","0","0","1","36223","1","","4","01","N","N","0","","0","0","0","0","0","","0204","1","1","0","0","0","0","0","1","0","1","N","","","","","","","","","","","","05","  ","","",""
"1929","1","0","0","0","0","0","0","0","0","9","0","","36","04","2017","2017047310","7","39.9865","-76.3501","1922","08","0","0","0","0","0","1","0","0","","0","0","0","19","1","1","00","0","39 59:11.410","","00","76 21:00.310","4","0","0","0","36223","0","0","0","","0","0","0","2","36223","1","","1","01","N","N","0","","0","0","0","0","0","","1918","1","1","0","0","0","0","0","1","0","1","N","","","","","","","","","","","","03","  ","","",""
"0927","2","0","0","0","0","0","0","0","0","4","0","","36","05","2017","2017047311","3","40.0224","-76.3616","0911","08","0","0","0","0","0","1","1","0","2","0","0","0","09","1","0","01","1","40 01:20.679","4","00","76 21:41.606","0","0","0","0","36223","0","0","0","","0","0","0","2","36223","0","","1","01","N","N","0","","0","0","0","3","2","Y","0909","0","2","0","0","0","0","0","1","0","2","N","","","","","","","","","","","","03","  ","","",""
"0927","0","0","0","0","0","0","0","0","0","4","0","","36","04","2017","2017047312","5","40.0224","-76.3616","0923","08","0","0","0","0","0","0","1","0","","0","0","0","09","1","1","01","0","40 01:20.679","","00","76 21:41.606","3","0","0","0","36223","0","0","0","","0","0","0","2","36223","0","","1","01","N","N","1","","1","0","1","3","2","","0917","1","2","0","0","0","0","0","1","0","2","N","","","","","","","","","","","","03","  ","","",""
"1641","1","0","0","0","0","0","0","0","0","4","0","","36","04","2017","2017047313","2","40.0285","-76.3059","1637","08","1","0","0","0","0","0","0","0","","0","0","0","16","1","2","00","0","40 01:42.500","","00","76 18:21.391","3","0","0","0","36301","0","0","0","","0","0","0","2","36301","0","","1","01","N","N","0","","2","0","2","0","0","","1636","2","3","0","0","0","0","0","3","0","3","N","","","","","","","","","","","","03","  ","","",""
"1709","2","0","0","0","0","0","0","0","0","1","0","","36","05","2017","2017047314","4","40.0407","-76.3106","1706","08","0","0","0","0","0","0","0","0","","0","0","0","16","1","1","00","0","40 02:26.400","","00","76 18:38.330","4","0","0","0","36301","0","0","0","","0","0","0","2","36301","1","","1","01","N","N","0","","0","0","0","0","0","","1655","1","2","0","0","0","0","0","3","0","2","N","","","","","","","","","","","","03","  ","","",""
"0724","1","0","0","0","0","0","0","0","0","7","0","","36","04","2017","2017047315","3","40.1306","-76.489","0712","08","0","0","0","0","0","0","0","0","","0","0","0","07","1","0","00","0","40 07:50.064","","00","76 29:20.566","0","0","0","0","36230","0","0","0","","0","0","0","1","36410","0","","5","01","N","N","0","","0","0","0","0","0","","0710","0","1","0","0","0","0","0","1","0","1","N","","","","","","","","","","","","03","  ","","",""
"1436","2","0","0","0","0","0","0","0","0","1","0","","36","04","2017","2017047316","3","40.2","-76.421","1431","08","0","0","0","0","0","0","1","0","2","0","0","0","14","1","0","01","2","40 11:59.848","2","00","76 25:15.755","0","0","0","0","36230","0","0","0","","0","0","0","4","36410","0","","1","01","N","N","0","","0","0","0","0","0","N","1429","0","2","0","0","0","0","0","1","0","2","N","","","","","","","","","","","","03","  ","","",""
"1435","1","0","0","0","0","0","0","0","0","4","0","","36","04","2017","2017047317","1","40.2164","-76.4328","1430","08","0","0","0","0","0","0","1","0","2","0","0","0","14","1","0","02","2","40 12:59.206","6","00","76 25:58.223","0","0","0","0","36230","0","0","0","","0","0","0","7","36410","0","","1","01","N","N","1","","0","0","0","3","3","N","1424","0","2","0","0","0","0","0","1","0","2","N","","","","","","","","","","","","03","  ","","",""
"1306","1","0","0","0","0","0","0","0","0","4","0","","36","04","2017","2017047318","4","40.1161","-76.4503","1259","08","0","0","0","0","0","0","0","1","2","0","0","0","12","1","0","01","1","40 06:58.136","6","02","76 27:01.072","9","0","0","0","36230","0","0","0","","0","0","0","3","36410","0","","1","01","N","N","0","","0","0","0","3","3","N","1256","0","2","0","0","0","0","1","1","1","2","N","","","","","","","","","","","","03","  ","","",""
"1618","1","0","0","0","0","0","0","0","0","4","0","","36","05","2017","2017047319","2","40.1568","-76.3815","1612","08","0","0","0","0","0","0","0","0","1","0","0","0","16","1","1","01","2","40 09:24.453","7","00","76 22:53.323","8","0","0","0","36227","0","0","0","","0","0","0","2","36506","0","","1","01","N","N","0","","0","0","1","3","3","Y","1612","1","2","0","0","1","1","0","1","0","2","N","","","","","","","","","","","","03","  ","","",""
"2038","2","0","0","0","0","0","0","0","0","2","0","","36","05","2017","2017047592","4","40.0224","-76.3616","2034","08","0","0","0","0","0","1","0","0","2","0","0","0","20","3","0","01","1","40 01:20.679","2","00","76 21:41.606","0","0","0","0","36223","0","0","0","","0","0","0","3","36223","0","","1","01","N","N","0","","0","0","0","3","2","Y","2034","0","2","0","0","0","0","0","1","0","2","N","","","","","","","","","","","","03","  ","","",""
"0444","1","0","0","0","0","0","0","0","0","4","0","","36","05","2017","2017047725","3","40.2218","-76.0957","0442","08","0","0","0","0","0","1","0","0","2","0","0","0","04","3","1","02","1","40 13:18.998","3","00","76 05:44.420","4","0","0","0","36210","0","0","0","N","0","0","0","2","36210","1","","1","01","N","N","1","","0","0","0","0","0","N","0440","1","2","0","0","0","0","0","1","0","2","N","","","","","","","","","","","","03","  ","","",""
"1750","2","0","0","0","0","0","0","0","0","4","0","","36","05","2017","2017047732","3","40.108","-76.5243","1747","08","0","0","0","0","0","0","0","0","1","0","0","0","17","1","0","01","1","40 06:28.705","2","00","76 31:27.513","0","0","0","0","36413","0","0","0","N","0","0","0","3","36413","0","","1","01","N","N","0","","0","0","0","3","2","N","1747","0","2","0","0","0","0","0","2","0","2","N","","","","","","","","","","","","03","  ","","",""
"2019","1","0","0","0","0","0","0","0","0","4","0","","36","05","2017","2017047742","2","40.0424","-76.2938","2016","08","0","0","0","0","0","1","0","0","2","0","0","0","20","4","4","01","2","40 02:32.780","7","00","76 17:37.618","8","0","0","0","36301","0","0","0","N","0","0","0","4","36301","0","","1","01","N","N","0","","0","0","0","3","3","Y","2015","4","2","0","0","3","4","0","3","1","2","N","","","","","","","","","","","","03","  ","","",""
"2217","2","0","0","0","0","0","0","0","0","5","0","","36","05","2017","2017047744","5","40.0679","-76.3036","2208","08","0","0","0","0","0","0","1","0","","0","0","0","22","3","1","00","0","40 04:04.563","","00","76 18:12.823","3","0","0","0","36101","0","0","0","N","0","0","0","2","36101","0","","1","09","N","N","0","","1","0","0","0","0","","2206","1","2","0","0","0","0","0","3","0","2","N","","","","","","","","","","","","07","  ","","",""
"1347","0","0","0","0","0","0","0","0","0","7","0","","36","04","2017","2017047755","2","40.107","-76.5366","1335","08","0","0","0","0","0","1","0","1","1","0","0","0","13","1","1","00","2","40 06:25.179","6","00","76 32:11.871","3","0","0","1","36211","0","0","0","N","0","0","0","2","36504","0","","5","01","N","N","0","","1","0","0","0","0","N","1330","1","2","0","0","0","0","0","1","1","2","N","","","","","","","","","","","","03","  ","","",""
"1900","1","0","0","0","0","0","0","0","0","8","0","","36","05","2017","2017047803","4","40.0397","-76.3643","1855","08","0","0","0","0","0","1","0","0","","0","0","0","18","1","1","01","0","40 02:22.764","","00","76 21:51.574","4","0","0","0","36223","1","0","0","","1","0","0","2","36223","1","","1","01","N","N","0","","0","0","0","1","7","","1850","1","2","0","0","0","0","0","1","0","1","N","","","","","","","","","","","","03","  ","","",""
"0836","1","0","0","0","0","0","0","0","0","1","0","","36","05","2017","2017047818","6","40.058","-76.3059","0834","08","0","0","0","0","0","0","0","0","2","0","0","0","08","1","1","00","2","40 03:28.762","2","00","76 18:21.309","4","0","0","0","36101","0","0","0","N","0","0","0","3","36101","1","","1","09","N","N","0","","0","0","1","0","0","N","0819","1","2","0","0","0","0","0","3","0","2","N","","","","","","","","","","","","07","  ","","",""
"1544","2","0","0","0","0","0","0","0","0","4","0","","36","05","2017","2017047822","7","40.0758","-76.1091","1527","08","0","0","0","0","0","0","1","0","2","0","0","0","15","1","1","01","1","40 04:33.008","7","00","76 06:32.870","4","0","0","0","36234","0","0","0","N","0","0","0","3","36215","1","","1","01","N","N","0","","0","0","0","3","3","N","1527","1","2","0","0","0","0","0","1","0","2","N","","","","","","","","","","","","03","  ","","",""
"1715","1","0","0","0","0","0","0","0","0","1","0","","36","05","2017","2017047825","7","40.0178","-76.3519","1712","08","0","0","0","0","0","0","0","0","1","0","0","0","17","1","0","00","1","40 01:04.018","3","00","76 21:06.767","0","0","0","0","36220","0","0","0","N","0","0","0","10","36101","0","","1","09","N","N","0","","0","0","0","0","0","N","1703","0","2","0","0","0","0","0","3","1","2","N","","","","","","","","","","","","07","  ","","",""
"1728","0","0","0","0","0","0","0","0","0","4","0","","36","04","2017","2017047826","3","40.0859","-76.205","1715","08","1","0","0","0","0","1","0","0","1","0","0","0","17","1","0","02","1","40 05:09.321","6","00","76 12:18.051","0","0","0","0","36234","0","0","0","N","0","0","0","3","36215","0","","1","01","N","N","0","","0","0","2","0","0","N","1712","0","3","0","0","0","0","0","1","1","3","N","","","","","","","","","","","","03","  ","","",""
"0935","2","0","0","0","0","0","0","0","0","1","0","","36","05","2017","2017047828","7","40.0768","-76.2962","0927","08","0","0","0","0","0","0","0","1","","0","0","0","09","1","0","00","0","40 04:36.614","","07","76 17:46.431","0","0","0","0","36101","0","0","0","N","0","0","0","2","36101","0","","1","01","N","N","0","","0","0","0","0","0","","0921","0","2","0","0","0","0","0","3","0","2","N","","","","","","","","","","","","03","  ","","",""