"ARRIVAL_TM","AUTOMOBILE_COUNT","BELTED_DEATH_COUNT","BELTED_SUSP_SERIOUS_INJ_COUNT","BICYCLE_COUNT","BICYCLE_DEATH_COUNT","BICYCLE_SUSP_SERIOUS_INJ_COUNT","BUS_COUNT","CHLDPAS_DEATH_COUNT","CHLDPAS_SUSP_SERIOUS_INJ_COUNT","COLLISION_TYPE","COMM_VEH_COUNT","CONS_ZONE_SPD_LIM","COUNTY","CRASH_MONTH","CRASH_YEAR","CRN","DAY_OF_WEEK","DEC_LAT","DEC_LONG","DISPATCH_TM","DISTRICT","DRIVER_COUNT_16YR","DRIVER_COUNT_17YR","DRIVER_COUNT_18YR","DRIVER_COUNT_19YR","DRIVER_COUNT_20YR","DRIVER_COUNT_50_64YR","DRIVER_COUNT_65_74YR","DRIVER_COUNT_75PLUS","EST_HRS_CLOSED","FATAL_COUNT","HEAVY_TRUCK_COUNT","HORSE_BUGGY_COUNT","HOUR_OF_DAY","ILLUMINATION","INJURY_COUNT","INTERSECT_TYPE","LANE_CLOSED","LATITUDE","LN_CLOSE_DIR","LOCATION_TYPE","LONGITUDE","MAX_SEVERITY_LEVEL","MCYCLE_DEATH_COUNT","MCYCLE_SUSP_SERIOUS_INJ_COUNT","MOTORCYCLE_COUNT","MUNICIPALITY","NONMOTR_COUNT","NONMOTR_DEATH_COUNT","NONMOTR_SUSP_SERIOUS_INJ_COUNT","NTFY_HIWY_MAINT","PED_COUNT","PED_DEATH_COUNT","PED_SUSP_SERIOUS_INJ_COUNT","PERSON_COUNT","POLICE_AGCY","POSSIBLE_INJ_COUNT","RDWY_SURF_TYPE_CD","RELATION_TO_ROAD","ROAD_CONDITION","SCH_BUS_IND","SCH_ZONE_IND","SMALL_TRUCK_COUNT","SPEC_JURIS_CD","SUSP_MINOR_INJ_COUNT","SUSP_SERIOUS_INJ_COUNT","SUV_COUNT","TCD_FUNC_CD","TCD_TYPE","TFC_DETOUR_IND","TIME_OF_DAY","TOT_INJ_COUNT","TOTAL_UNITS","UNB_DEATH_COUNT","UNB_SUSP_SERIOUS_INJ_COUNT","UNBELTED_OCC_COUNT","UNK_INJ_DEG_COUNT","UNK_INJ_PER_COUNT","URBAN_RURAL","VAN_COUNT","VEHICLE_COUNT","WORK_ZONE_IND","WORK_ZONE_LOC","WORK_ZONE_TYPE","WORKERS_PRES","WZ_CLOSE_DETOUR","WZ_FLAGGER","WZ_LAW_OFFCR_IND","WZ_LN_CLOSURE","WZ_MOVING","WZ_OTHER","WZ_SHLDER_MDN","ROADWAY_CLEARED","WEATHER1","WEATHER2","WZ_WORKERS_INJ_KILLED","SECONDARY_CRASH","INTERSECTION_RELATED"
"0815","1","0","0","0","0","0","0","0","0","4","0","","36","05","2017","2017047834","4","40.0422","-76.2957","0812","08","0","0","0","0","0","0","0","0","1","0","0","0","08","1","0","01","1","40 02:32.089","2","00","76 17:44.343","0","0","0","0","36301","0","0","0","N","0","0","0","3","36301","0","","1","01","N","N","0","","0","0","0","3","3","N","0810","0","2","0","0","0","0","0","3","1","2","N","","","","","","","","","","","","03","  ","","",""
"1113","1","0","0","0","0","0","0","0","0","7","0","","36","04","2017","2017047837","6","40.0913","-76.2351","1104","08","0","0","0","0","0","0","0","0","1","0","0","0","11","1","1","00","1","40 05:28.780","2","00","76 14:06.390","4","0","0","0","36234","0","0","0","N","0","0","0","1","36215","1","","5","01","N","N","0","","0","0","0","0","0","N","1100","1","1","0","0","0","0","0","1","0","1","N","","","","","","","","","","","","03","  ","","",""
"1359","1","0","0","0","0","0","0","0","0","4","0","","36","05","2017","2017047852","7","40.0363","-76.4554","1356","08","0","0","0","0","0","2","0","0","2","0","0","0","13","1","1","01","2","40 02:10.903","5","00","76 27:18.690","4","0","0","0","36239","0","0","0","N","0","0","0","2","36239","1","","1","09","N","N","0","","0","0","1","3","2","Y","1352","1","2","0","0","0","0","0","3","0","2","N","","","","","","","","","","","","07","  ","","",""
"1755","3","0","0","0","0","0","0","0","0","7","0","","36","05","2017","2017047865","7","40.0448","-76.2859","1746","08","0","0","0","0","0","0","0","0","3","0","0","0","17","1","1","00","2","40 02:41.440","4","00","76 17:09.194","2","0","0","0","36301","0","0","0","Y","0","0","0","1","36301","0","","2","09","N","N","0","","0","1","0","0","0","Y","1745","1","3","0","0","0","0","0","3","0","3","N","","","","","","","","","","","","07","  ","","",""
"1330","1","0","0","0","0","0","0","0","0","7","0","","36","05","2017","2017047867","7","40.0681","-76.2925","1321","08","0","0","0","0","0","0","0","0","2","0","0","0","13","1","0","00","1","40 04:05.101","2","00","76 17:33.155","0","0","0","0","36101","0","0","0","N","0","0","0","1","36101","0","","3","09","N","N","0","","0","0","0","0","0","N","1319","0","1","0","0","0","0","0","3","0","1","N","","","","","","","","","","","","07","  ","","",""
"1731","0","0","0","0","0","0","0","0","0","4","0","","36","05","2017","2017047983","4","40.1233","-76.3753","1725","08","0","0","1","0","0","0","0","0","2","0","0","0","17","1","1","01","1","40 07:23.702","7","00","76 22:31.147","8","0","0","1","36214","0","0","0","N","0","0","0","2","36214","0","","1","01","N","N","1","","0","0","0","3","3","Y","1720","1","2","0","0","0","1","0","3","0","2","N","","","","","","","","","","","","03","  ","","",""
"0922","1","0","0","0","0","0","0","0","0","4","0","","36","05","2017","2017048167","1","40.0377","-76.3078","0918","08","0","0","0","0","0","0","0","1","2","0","0","0","09","1","0","01","1","40 02:15.851","7","00","76 18:28.000","0","0","0","0","36301","0","0","0","N","0","0","0","3","36301","0","","1","01","N","N","0","","0","0","2","3","2","Y","0918","0","3","0","0","0","0","0","3","0","3","N","","","","","","","","","","","","03","  ","","",""
"0834","1","0","0","0","0","0","0","0","0","8","0","","36","05","2017","2017048193","5","40.0486","-76.3097","0821","08","0","0","0","0","0","0","0","0","","0","0","0","08","1","1","02","0","40 02:55.161","","00","76 18:34.880","4","0","0","0","36301","1","0","0","N","1","0","0","4","36301","1","","1","01","N","N","0","","0","0","0","3","3","","0821","1","2","0","0","0","0","0","3","0","1","N","","","","","","","","","","","","03","  ","","",""
"1536","1","0","0","0","0","0","0","0","0","1","0","","36","05","2017","2017048198","3","40.0772","-76.3377","1523","08","0","0","0","0","0","1","0","0","","0","0","0","15","1","1","07","0","40 04:39.157","","02","76 20:16.139","4","0","0","0","36101","0","0","0","N","0","0","0","2","36101","1","","1","01","N","N","0","","0","0","1","3","4","","1520","1","2","0","0","0","0","0","3","0","2","N","","","","","","","","","","","","03","  ","","",""
"1627","3","0","0","0","0","0","0","0","0","1","0","","36","05","2017","2017048204","3","40.0686","-76.3164","1625","08","0","0","0","1","0","0","0","0","2","0","0","0","16","1","0","00","1","40 04:07.101","2","00","76 18:58.883","0","0","0","0","36101","0","0","0","N","0","0","0","4","36101","0","","1","01","N","N","0","","0","0","1","0","0","N","1620","0","4","0","0","0","0","0","3","0","4","N","","","","","","","","","","","","03","  ","","",""
"1258","2","0","0","0","0","0","0","0","0","4","0","","36","05","2017","2017048208","4","40.0657","-76.3268","1248","08","0","1","0","0","0","1","0","0","2","0","0","0","12","1","2","01","1","40 03:54.035","1","00","76 19:33.509","4","0","0","0","36301","0","0","0","N","0","0","0","2","36301","2","","1","01","N","N","0","","0","0","0","3","2","Y","1248","2","2","0","0","0","0","0","3","0","2","N","","","","","","","","","","","","03","  ","","",""
"1320","2","0","0","0","0","0","0","0","0","4","0","","36","05","2017","2017048221","7","40.1282","-76.6115","1319","08","0","0","0","0","0","1","1","0","1","0","0","0","13","1","2","01","2","40 07:41.663","7","00","76 36:41.536","8","0","0","0","36237","0","0","0","N","0","0","0","2","36505","0","","1","09","N","N","0","","0","0","0","3","3","Y","1315","2","2","0","0","0","2","0","1","0","2","N","","","","","","","","","","","","07","  ","","",""
"1358","2","0","0","0","0","0","0","0","0","4","0","","36","05","2017","2017048259","5","40.1128","-76.3965","1355","08","0","0","0","1","0","1","0","0","1","0","0","0","13","1","2","01","1","40 06:45.982","1","00","76 23:47.576","3","0","0","0","36214","0","0","0","N","0","0","0","2","36214","1","","1","09","N","N","0","","1","0","0","3","3","N","1350","2","2","0","0","0","0","0","3","0","2","N","","","","","","","","","","","","07","  ","","",""
"1339","2","0","0","0","0","0","0","0","0","4","0","","36","05","2017","2017048266","5","40.0379","-76.5042","1333","08","0","0","0","0","0","1","0","0","","0","0","0","13","1","0","01","0","40 02:16.558","","00","76 30:14.950","0","0","0","0","36404","0","0","0","N","0","0","0","2","36404","0","","1","09","N","N","0","","0","0","0","3","3","","1333","0","2","0","0","0","0","0","3","0","2","N","","","","","","","","","","","","07","  ","","",""
"1422","1","0","0","0","0","0","0","0","0","7","0","","36","05","2017","2017048273","5","40.1358","-76.0941","1415","08","0","0","0","0","0","0","1","0","2","0","0","0","14","1","1","00","2","40 08:08.736","6","00","76 05:38.921","4","0","0","0","36209","0","0","0","Y","0","0","0","2","36415","1","","2","09","N","N","0","","0","0","0","0","0","N","1413","1","1","0","0","0","0","0","1","0","1","N","","","","","","","","","","","","07","  ","","",""
"1730","2","0","0","0","0","0","0","0","0","4","0","","36","05","2017","2017048300","5","40.045","-76.2837","1729","08","0","0","0","0","0","0","0","0","","0","0","0","17","1","0","01","0","40 02:42.261","","00","76 17:01.349","0","0","0","0","36301","0","0","0","N","0","0","0","2","36301","0","","1","01","N","N","0","","0","0","0","3","2","","1723","0","2","0","0","0","0","0","3","0","2","N","","","","","","","","","","","","03","  ","","",""
"1804","1","0","0","0","0","0","0","0","0","4","0","","36","05","2017","2017048350","5","40.0393","-76.3619","1754","08","0","0","0","0","0","1","0","0","","0","0","0","17","1","0","00","0","40 02:21.466","","00","76 21:42.700","0","0","0","0","36214","0","0","0","N","0","0","0","2","36214","0","","1","01","N","N","0","","0","0","1","0","0","","1745","0","2","0","0","0","0","0","3","0","2","N","","","","","","","","","","","","03","  ","","",""
"1402","1","0","0","0","0","0","0","0","0","7","0","","36","05","2017","2017048355","7","40.1054","-76.4305","1355","08","0","0","0","0","0","0","0","0","","0","0","0","13","1","0","06","0","40 06:19.178","","02","76 25:50.633","0","0","0","0","36214","0","0","0","","0","0","0","1","36214","0","","4","09","N","N","0","","0","0","0","3","4","","1354","0","1","0","0","0","0","0","3","0","1","N","","","","","","","","","","","","07","  ","","",""
"1103","0","0","0","0","0","0","0","0","0","1","0","","36","05","2017","2017048356","4","40.0691","-76.3569","1101","08","0","0","0","0","0","1","0","0","","0","0","0","10","1","1","01","0","40 04:08.816","","00","76 21:24.786","4","0","0","0","36214","0","0","0","","0","0","0","2","36214","1","","1","01","N","N","1","","0","0","1","3","2","","1059","1","2","0","0","0","0","0","3","0","2","N","","","","","","","","","","","","03","  ","","",""
"1631","1","0","0","0","0","0","0","0","0","4","0","","36","05","2017","2017048371","5","40.1525","-76.6035","1624","08","0","0","1","1","0","0","0","0","1","0","0","0","16","1","0","00","2","40 09:08.877","4","07","76 36:12.622","0","0","0","0","36407","0","0","0","N","0","0","0","2","36407","0","","1","09","N","N","1","","0","0","0","0","0","Y","1621","0","2","0","0","0","0","0","2","0","2","N","","","","","","","","","","","","03","  ","","",""
"0459","1","0","0","0","0","0","0","0","0","7","0","","36","05","2017","2017048372","2","40.0183","-76.172","0449","08","0","0","0","0","0","0","0","0","","0","0","0","04","2","0","00","0","40 01:06.027","","00","76 10:19.074","0","0","0","0","36215","0","0","0","N","0","0","0","2","36215","0","","5","01","N","N","0","","0","0","0","0","0","","0445","0","1","0","0","0","0","0","1","0","1","N","","","","","","","","","","","","03","  ","","",""
"1845","1","0","0","0","0","0","0","0","0","4","0","","36","05","2017","2017048379","5","40.1334","-76.2134","1845","08","0","0","0","1","0","0","0","0","","0","0","0","18","1","0","02","0","40 08:00.256","","00","76 12:48.234","0","0","0","0","36238","0","0","0","N","0","0","0","3","36238","0","","1","09","N","N","1","","0","0","0","3","3","","1845","0","2","0","0","0","0","0","3","0","2","N","","","","","","","","","","","","07","  ","","",""
"1813","0","0","0","0","0","0","0","0","0","1","0","","36","05","2017","2017048391","5","40.0847","-76.3283","1803","08","0","0","0","0","0","1","0","0","1","0","0","0","18","1","0","00","1","40 05:05.062","1","00","76 19:41.728","0","0","0","0","36101","0","0","0","N","0","0","0","2","36101","0","","1","01","N","N","0","","0","0","2","0","0","N","1800","0","2","0","0","0","0","0","3","0","2","N","","","","","","","","","","","","07","  ","","",""
"0100","1","0","0","0","0","0","0","0","0","7","0","","36","05","2017","2017048423","6","40.2","-76.1443","0056","08","0","0","0","0","0","0","0","0","","0","0","0","00","2","0","00","0","40 12:00.150","","00","76 08:39.620","0","0","0","0","36210","0","0","0","N","0","0","0","1","36210","0","","5","01","N","N","0","","0","0","0","0","0","","0044","0","1","0","0","0","0","0","1","0","1","N","","","","","","","","","","","","03","  ","","",""
"0016","0","0","0","0","0","0","0","0","0","1","0","","36","05","2017","2017048431","6","40.0822","-76.2706","0002","08","0","0","0","0","0","0","0","0","","0","0","0","23","2","0","00","0","40 04:56.036","","00","76 16:14.189","0","0","0","0","36101","0","0","0","N","0","0","0","2","36101","0","","4","01","N","N","1","","0","0","1","0","0","","2357","0","2","0","0","0","0","0","3","0","2","N","","","","","","","","","","","","03","  ","","",""
"0122","2","0","0","0","0","0","0","0","0","4","0","","36","05","2017","2017048434","4","40.0401","-76.3082","0119","08","0","0","0","0","0","0","0","0","1","0","0","0","01","3","0","00","2","40 02:24.283","2","00","76 18:29.503","0","0","0","0","36301","0","0","0","","0","0","0","1","36301","0","","2","01","N","N","0","","0","0","0","0","0","N","0117","0","2","0","0","0","0","0","3","0","2","N","","","","","","","","","","","","03","  ","","",""
"1618","1","0","0","0","0","0","0","0","0","1","0","","36","05","2017","2017048581","2","40.0333","-76.4979","1618","08","0","0","0","0","0","0","0","0","","0","0","0","16","1","0","01","0","40 01:59.922","","00","76 29:52.262","0","0","0","0","36404","0","0","0","N","0","0","0","2","36404","0","","1","01","N","N","0","","0","0","1","0","0","","1618","0","2","0","0","0","0","0","3","0","2","N","","","","","","","","","","","","03","  ","","",""
"1225","2","0","0","0","0","0","0","0","0","1","0","","36","05","2017","2017048593","6","40.0859","-76.2052","1219","08","0","0","0","0","0","1","0","0","1","0","0","0","12","1","0","00","1","40 05:09.254","3","00","76 12:18.851","0","0","0","0","36234","0","0","0","N","0","0","0","4","36215","0","","1","01","N","N","0","","0","0","0","3","3","N","1216","0","2","0","0","0","0","0","1","0","2","N","","","","","","","","","","","","03","  ","","",""
"0750","2","0","0","0","0","0","0","0","0","4","0","","36","04","2017","2017048598","7","40.0591","-76.4629","0743","08","0","0","1","0","0","0","0","0","2","0","0","0","07","1","1","03","2","40 03:32.814","5","00","76 27:46.398","8","0","0","0","36239","0","0","0","N","0","0","0","4","36239","0","","1","09","N","N","0","","0","0","0","0","0","Y","0743","1","2","0","0","0","1","0","3","0","2","N","","","","","","","","","","","","07","  ","","",""
"1511","1","0","0","0","0","0","0","0","0","1","0","","36","05","2017","2017048603","6","40.0596","-76.2771","1511","08","0","1","0","0","0","0","0","0","","0","0","0","15","1","0","06","0","40 03:34.648","","02","76 16:37.604","0","0","0","0","36101","0","0","0","N","0","0","0","2","36101","0","","1","01","N","N","0","","0","0","1","3","4","","1511","0","2","0","0","0","0","0","3","0","2","N","","","","","","","","","","","","03","  ","","",""
"1745","0","0","0","0","0","0","0","0","0","4","0","","36","05","2017","2017048616","3","40.1383","-76.1002","1740","08","0","0","0","0","0","0","0","0","1","0","0","0","17","1","2","01","1","40 08:17.897","6","00","76 06:00.677","4","0","0","0","36209","0","0","0","N","0","0","0","3","36415","2","","1","01","N","N","1","","0","0","1","3","3","N","1740","2","2","0","0","0","0","0","1","0","2","N","","","","","","","","","","","","03","  ","","",""
"1623","2","0","0","0","0","0","0","0","0","6","0","","36","05","2017","2017048621","6","40.2164","-76.4328","1612","08","0","0","0","0","0","1","0","0","2","0","0","0","16","1","2","02","1","40 12:59.206","1","00","76 25:58.223","8","0","0","0","36230","0","0","0","N","0","0","0","5","36410","0","","1","01","N","N","0","","0","0","0","3","3","N","1612","2","2","0","0","0","2","0","1","0","2","N","","","","","","","","","","","","03","  ","","",""
"1757","1","0","0","0","0","0","0","0","0","5","1","","36","04","2017","2017048634","4","39.9939","-76.0325","1751","08","0","0","0","0","0","0","0","0","2","0","1","0","17","1","2","00","1","39 59:37.937","4","00","76 01:57.040","4","0","0","0","36232","0","0","0","","0","0","0","3","68J01","2","","1","01","N","N","0","","0","0","0","3","8","N","1749","2","2","0","0","0","0","0","1","0","2","N","","","","","","","","","","","","03","  ","","",""
"0131","1","0","0","0","0","0","0","0","0","7","0","","36","04","2017","2017048643","4","40.2258","-76.0648","0111","08","0","0","0","0","0","0","0","0","","0","0","0","01","2","0","00","0","40 13:32.728","","00","76 03:53.298","0","0","0","0","36202","0","0","0","","0","0","0","1","68J01","0","","4","09","N","N","0","","0","0","0","0","0","","0110","0","1","0","0","0","0","0","1","0","1","N","","","","","","","","","","","","07","  ","","",""
"1957","0","0","0","0","0","0","0","0","0","4","0","","36","04","2017","2017048648","6","39.9174","-76.0932","1954","08","0","0","0","0","0","1","0","0","2","0","0","1","19","4","0","01","2","39 55:02.492","3","00","76 05:35.403","0","0","0","0","36201","0","0","0","","0","0","0","1","68J01","0","","1","01","N","N","0","","0","0","0","3","3","N","1940","0","2","0","0","0","0","0","1","1","1","N","","","","","","","","","","","","03","  ","","",""
"1446","0","0","0","0","0","0","0","0","0","7","0","","36","05","2017","2017048684","5","40.0591","-76.4042","1440","08","0","0","0","0","1","0","0","0","1","0","0","0","14","1","0","00","2","40 03:32.786","1","00","76 24:15.009","0","0","0","0","36214","0","0","0","","0","0","0","1","36214","0","","2","09","N","N","0","","0","0","1","0","0","Y","1431","0","1","0","0","0","0","0","3","0","1","N","","","","","","","","","","","","07","  ","","",""
"1539","3","0","0","0","0","0","0","0","0","1","0","","36","05","2017","2017048685","5","40.0819","-76.3559","1533","08","1","0","0","0","0","1","0","0","2","0","0","0","15","1","1","00","2","40 04:54.921","4","00","76 21:21.067","3","0","0","0","36214","0","0","0","","0","0","0","6","36214","0","","1","09","N","N","0","","1","0","1","0","0","Y","1533","1","4","0","0","1","0","0","3","0","4","N","","","","","","","","","","","","07","  ","","",""
"0351","1","0","0","0","0","0","0","0","0","4","0","","36","04","2017","2017048700","1","39.7649","-76.1464","0320","08","0","0","0","0","0","0","0","0","","0","0","0","02","2","0","03","0","39 45:53.719","","00","76 08:46.863","0","0","0","0","36219","0","0","0","","0","0","0","2","68J01","0","","1","01","N","N","1","","0","0","0","3","3","","0253","0","2","0","0","1","0","0","1","0","2","N","","","","","","","","","","","","03","  ","","",""
"1235","1","0","0","0","0","0","0","0","0","1","0","","36","04","2017","2017048703","5","39.8752","-76.2244","1232","08","0","0","1","1","0","0","0","0","1","0","0","0","12","1","1","00","1","39 52:30.766","4","00","76 13:27.860","3","0","0","0","36212","0","0","0","","0","0","0","3","68J01","0","","1","01","N","N","1","","1","0","0","0","0","N","1225","1","2","0","0","1","0","0","1","0","2","N","","","","","","","","","","","","03","  ","","",""
"1719","2","0","0","0","0","0","0","0","0","4","0","","36","04","2017","2017048708","5","39.8451","-76.2195","1710","08","0","0","0","0","0","1","0","0","","0","0","0","17","1","1","02","0","39 50:42.363","","00","76 13:10.110","3","0","0","0","36212","0","0","0","","0","0","0","2","68J01","0","","1","01","N","N","0","","1","0","0","3","3","","1706","1","2","0","0","0","0","0","1","0","2","N","","","","","","","","","","","","03","  ","","",""
"0038","1","0","0","0","0","0","0","0","0","7","0","","36","04","2017","2017048709","6","40.1804","-76.1","0008","08","0","0","0","0","0","0","0","0","","0","0","0","00","2","0","00","0","40 10:49.570","","00","76 06:00.020","0","0","0","0","36202","0","0","0","","0","0","0","1","68J01","0","","5","01","N","N","0","","0","0","0","0","0","","0007","0","1","0","0","1","0","0","1","0","1","N","","","","","","","","","","","","03","  ","","",""
"0913","1","0","0","0","0","0","0","0","0","4","0","","36","05","2017","2017048719","3","39.9222","-76.1964","0852","08","0","0","0","0","0","0","0","0","2","0","0","0","08","1","0","02","1","39 55:20.031","1","00","76 11:47.065","0","0","0","0","36229","0","0","0","","0","0","0","3","68J01","0","","1","01","N","N","0","","0","0","1","3","3","N","0850","0","2","0","0","0","0","0","1","0","2","N","","","","","","","","","","","","03","  ","","",""
"1856","2","0","0","0","0","0","0","0","0","4","0","","36","05","2017","2017048747","6","40.1529","-76.0779","1848","08","0","0","0","0","0","0","0","0","1","0","0","0","18","1","1","02","1","40 09:10.463","4","00","76 04:40.442","8","0","0","0","36209","0","0","0","N","0","0","0","3","36415","0","","1","01","N","N","0","","0","0","0","3","3","N","1848","1","2","0","0","0","1","0","1","0","2","N","","","","","","","","","","","","03","  ","","",""
"0438","0","0","0","0","0","0","0","0","0","4","0","","36","05","2017","2017048769","4","40.1028","-76.0775","0437","08","0","0","0","0","0","2","0","0","2","0","0","0","04","3","0","01","2","40 06:09.921","5","00","76 04:39.151","0","0","0","0","36415","0","0","0","N","0","0","0","2","36415","0","","1","01","N","N","2","","0","0","0","3","3","Y","0437","0","2","0","0","0","0","0","1","0","2","N","","","","","","","","","","","","03","  ","","",""
"1527","1","0","0","0","0","0","0","0","0","4","0","","36","05","2017","2017048781","5","40.0791","-76.3465","1522","08","0","0","0","0","0","0","0","0","2","0","0","0","15","1","0","02","2","40 04:44.882","2","02","76 20:47.296","0","0","0","0","36101","0","0","0","N","0","0","0","6","36101","0","","1","01","N","N","0","","0","0","1","3","3","Y","1519","0","2","0","0","0","0","0","3","0","2","N","","","","","","","","","","","","03","  ","","",""
"2334","2","0","0","0","0","0","0","0","0","4","0","","36","04","2017","2017048840","2","40.031","-76.2354","2332","08","0","0","0","1","0","0","0","0","2","0","0","0","23","3","2","01","1","40 01:50.123","4","00","76 14:03.641","3","0","0","0","36215","0","0","0","","0","0","0","5","36215","1","","1","01","N","N","0","","1","0","0","3","2","N","2332","2","2","0","0","0","0","0","1","0","2","N","","","","","","","","","","","","03","  ","","",""
"0713","1","0","0","0","0","0","0","0","0","4","0","","36","05","2017","2017048845","2","40.0311","-76.4829","0713","08","0","0","0","0","0","0","0","1","","0","0","0","07","1","3","00","0","40 01:52.000","","07","76 28:58.500","4","0","0","0","36404","0","0","0","N","0","0","0","4","36404","3","","1","01","N","N","0","","0","0","1","0","0","","0713","3","2","0","0","0","0","0","3","0","2","N","","","","","","","","","","","","03","  ","","",""
"0745","1","0","0","0","0","0","0","0","0","4","0","","36","05","2017","2017048864","6","40.0426","-76.4937","0741","08","0","0","0","0","0","1","0","0","1","0","0","0","07","1","0","01","1","40 02:33.372","6","00","76 29:37.278","0","0","0","0","36404","0","0","0","N","0","0","0","2","36404","0","","1","01","N","N","0","","0","0","1","3","3","N","0741","0","2","0","0","0","0","0","3","0","2","N","","","","","","","","","","","","03","  ","","",""
"1400","1","0","0","0","0","0","0","0","0","1","0","","36","05","2017","2017048873","4","40.1011","-76.0945","1358","08","0","0","0","0","0","0","1","0","1","0","0","0","13","1","0","00","1","40 06:03.927","3","00","76 05:40.232","0","0","0","0","36415","0","0","0","N","0","0","0","2","36415","0","","1","01","N","N","0","","0","0","1","0","0","N","1356","0","2","0","0","0","0","0","1","0","2","N","","","","","","","","","","","","03","  ","","",""
"1512","2","0","0","0","0","0","0","0","0","1","0","","36","05","2017","2017048877","6","40.1035","-76.0865","1511","08","0","0","0","0","0","0","0","1","1","0","0","0","15","1","1","00","1","40 06:12.725","4","00","76 05:11.481","4","0","0","0","36415","0","0","0","N","0","0","0","2","36415","1","","1","01","N","N","0","","0","0","0","3","2","N","1510","1","2","0","0","0","0","0","1","0","2","N","","","","","","","","","","","","03","  ","","",""
"0624","0","0","0","0","0","0","0","0","0","4","1","","36","05","2017","2017048882","2","40.1293","-76.2191","0619","08","0","0","0","0","0","0","0","0","2","0","1","0","06","1","0","01","1","40 07:51.556","3","00","76 13:01.609","0","0","0","0","36238","0","0","0","N","0","0","0","2","36238","0","","1","01","N","N","1","","0","0","0","3","2","N","0619","0","2","0","0","0","0","0","3","0","2","N","","","","","","","","","","","","03","  ","","",""
"1655","1","0","0","0","0","0","0","0","0","1","1","","36","05","2017","2017048899","2","40.176","-76.3411","1641","08","0","0","0","0","0","1","0","0","1","0","1","0","16","1","0","03","1","40 10:33.677","6","00","76 20:27.836","0","0","0","0","36227","0","0","0","","0","0","0","2","36506","0","","1","01","N","N","0","","0","0","0","0","0","N","1641","0","2","0","0","0","0","0","1","0","2","N","","","","","","","","","","","","03","  ","","",""
"1707","1","0","0","0","0","0","0","0","0","7","0","","36","05","2017","2017048900","6","40.2138","-76.1583","1704","08","0","0","0","0","0","0","0","0","2","0","0","0","17","1","1","00","2","40 12:49.770","5","00","76 09:29.844","3","0","0","0","36236","0","0","0","N","0","0","0","1","36408","0","","5","01","N","N","0","","1","0","0","0","0","Y","1701","1","1","0","0","1","0","0","1","0","1","N","","","","","","","","","","","","03","  ","","",""
"1750","2","0","0","0","0","0","0","0","0","4","0","","36","05","2017","2017048920","3","40.047","-76.3121","1741","08","0","0","0","0","1","0","1","0","","0","0","0","17","1","0","03","0","40 02:49.253","","00","76 18:43.447","0","0","0","0","36301","0","0","0","N","0","0","0","2","36301","0","","1","01","N","N","0","","0","0","0","3","2","","1741","0","2","0","0","0","0","0","3","0","2","N","","","","","","","","","","","","03","  ","","",""
"1155","1","0","0","0","0","0","0","0","0","7","0","","36","05","2017","2017048932","7","40.0595","-76.4049","1152","08","0","1","0","0","0","0","0","0","","0","0","0","11","1","0","00","0","40 03:34.220","","00","76 24:17.700","0","0","0","0","36214","0","0","0","N","0","0","0","1","36214","0","","2","09","N","N","0","","0","0","0","0","0","","1130","0","1","0","0","0","0","0","3","0","1","N","","","","","","","","","","","","07","  ","","",""
"1419","1","0","0","0","0","0","0","0","0","7","0","","36","05","2017","2017048938","7","40.0615","-76.3539","1416","08","0","0","1","0","0","0","0","0","1","0","0","0","14","1","0","00","1","40 03:41.370","2","03","76 21:14.180","0","0","0","0","36214","0","0","0","N","0","0","0","1","36214","0","","5","09","N","N","0","","0","0","0","0","0","N","1416","0","1","0","0","0","0","0","3","0","1","N","","","","","","","","","","","","07","  ","","",""
"1417","2","0","0","0","0","0","0","0","0","1","0","","36","05","2017","2017048941","7","40.155","-76.2059","1417","08","0","0","0","0","0","1","0","0","1","0","0","0","14","1","0","00","1","40 09:17.991","2","00","76 12:21.175","0","0","0","0","36402","0","0","0","N","0","0","0","2","36402","0","","1","09","N","N","0","","0","0","0","0","0","N","1415","0","2","0","0","0","0","0","2","0","2","N","","","","","","","","","","","","07","  ","","",""
"1333","0","0","0","0","0","0","0","0","0","4","0","","36","05","2017","2017048943","7","40.1","-76.3556","1326","08","0","0","0","0","0","1","0","0","2","0","0","0","13","1","2","01","2","40 05:59.942","6","00","76 21:20.168","3","0","0","0","36406","0","0","0","N","0","0","0","9","36101","1","","1","09","N","N","0","","1","0","2","3","2","Y","1324","2","2","0","0","0","0","0","3","0","2","N","","","","","","","","","","","","07","  ","","",""
"2301","0","0","0","0","0","0","0","0","0","1","1","","36","05","2017","2017049025","6","40.1358","-76.2093","2258","08","0","0","0","0","0","1","0","0","2","0","1","0","22","2","1","00","1","40 08:08.996","2","00","76 12:33.301","4","0","0","0","36238","0","0","0","N","0","0","0","2","36238","1","","1","09","N","N","0","","0","0","1","0","0","N","2256","1","2","0","0","0","0","0","3","0","2","N","","","","","","","","","","","","03","  ","","",""
"0011","2","0","0","0","0","0","0","0","0","1","0","","36","05","2017","2017049074","1","40.0943","-76.4076","0007","08","0","0","0","0","0","1","0","0","","0","0","0","00","3","1","00","0","40 05:39.584","","00","76 24:27.319","8","0","0","0","36214","0","0","0","Y","0","0","0","1","36214","0","","2","09","N","N","0","","0","0","1","0","0","","0006","1","3","0","0","0","1","0","3","0","3","N","","","","","","","","","","","","03","  ","","",""