"ARRIVAL_TM","AUTOMOBILE_COUNT","BELTED_DEATH_COUNT","BELTED_SUSP_SERIOUS_INJ_COUNT","BICYCLE_COUNT","BICYCLE_DEATH_COUNT","BICYCLE_SUSP_SERIOUS_INJ_COUNT","BUS_COUNT","CHLDPAS_DEATH_COUNT","CHLDPAS_SUSP_SERIOUS_INJ_COUNT","COLLISION_TYPE","COMM_VEH_COUNT","CONS_ZONE_SPD_LIM","COUNTY","CRASH_MONTH","CRASH_YEAR","CRN","DAY_OF_WEEK","DEC_LAT","DEC_LONG","DISPATCH_TM","DISTRICT","DRIVER_COUNT_16YR","DRIVER_COUNT_17YR","DRIVER_COUNT_18YR","DRIVER_COUNT_19YR","DRIVER_COUNT_20YR","DRIVER_COUNT_50_64YR","DRIVER_COUNT_65_74YR","DRIVER_COUNT_75PLUS","EST_HRS_CLOSED","FATAL_COUNT","HEAVY_TRUCK_COUNT","HORSE_BUGGY_COUNT","HOUR_OF_DAY","ILLUMINATION","INJURY_COUNT","INTERSECT_TYPE","LANE_CLOSED","LATITUDE","LN_CLOSE_DIR","LOCATION_TYPE","LONGITUDE","MAX_SEVERITY_LEVEL","MCYCLE_DEATH_COUNT","MCYCLE_SUSP_SERIOUS_INJ_COUNT","MOTORCYCLE_COUNT","MUNICIPALITY","NONMOTR_COUNT","NONMOTR_DEATH_COUNT","NONMOTR_SUSP_SERIOUS_INJ_COUNT","NTFY_HIWY_MAINT","PED_COUNT","PED_DEATH_COUNT","PED_SUSP_SERIOUS_INJ_COUNT","PERSON_COUNT","POLICE_AGCY","POSSIBLE_INJ_COUNT","RDWY_SURF_TYPE_CD","RELATION_TO_ROAD","ROAD_CONDITION","SCH_BUS_IND","SCH_ZONE_IND","SMALL_TRUCK_COUNT","SPEC_JURIS_CD","SUSP_MINOR_INJ_COUNT","SUSP_SERIOUS_INJ_COUNT","SUV_COUNT","TCD_FUNC_CD","TCD_TYPE","TFC_DETOUR_IND","TIME_OF_DAY","TOT_INJ_COUNT","TOTAL_UNITS","UNB_DEATH_COUNT","UNB_SUSP_SERIOUS_INJ_COUNT","UNBELTED_OCC_COUNT","UNK_INJ_DEG_COUNT","UNK_INJ_PER_COUNT","URBAN_RURAL","VAN_COUNT","VEHICLE_COUNT","WORK_ZONE_IND","WORK_ZONE_LOC","WORK_ZONE_TYPE","WORKERS_PRES","WZ_CLOSE_DETOUR","WZ_FLAGGER","WZ_LAW_OFFCR_IND","WZ_LN_CLOSURE","WZ_MOVING","WZ_OTHER","WZ_SHLDER_MDN","ROADWAY_CLEARED","WEATHER1","WEATHER2","WZ_WORKERS_INJ_KILLED","SECONDARY_CRASH","INTERSECTION_RELATED"
"0654","0","0","0","0","0","0","0","0","0","7","0","","36","05","2017","2017051938","2","40.1117","-76.4095","0641","08","0","0","0","0","0","0","0","0","2","0","0","0","06","1","0","00","1","40 06:42.000","6","00","76 24:34.260","0","0","0","0","36214","0","0","0","N","0","0","0","1","36214","0","","4","09","N","N","1","","0","0","0","0","0","Y","0640","0","1","0","0","0","0","0","3","0","1","N","","","","","","","","","","","","07","  ","","",""
"0735","3","0","0","0","0","0","0","0","0","1","0","","36","05","2017","2017051971","2","40.0477","-76.2986","0730","08","0","1","0","0","0","0","0","0","1","0","0","0","07","1","0","00","1","40 02:51.766","2","00","76 17:55.136","9","0","0","0","36301","0","0","0","N","0","0","0","1","36301","0","","2","09","N","N","0","","0","0","0","0","0","N","0730","0","4","0","0","0","0","1","3","1","4","N","","","","","","","","","","","","03","  ","","",""
"1711","0","0","0","0","0","0","0","0","0","5","0","","36","05","2017","2017051996","6","40.2074","-76.3845","1703","08","0","0","0","0","0","0","0","0","2","0","0","0","17","1","1","00","1","40 12:26.659","4","00","76 23:04.275","4","0","0","0","36227","0","0","0","","0","0","0","3","36506","1","","1","01","N","N","0","","0","0","1","0","0","N","1703","1","2","0","0","1","0","0","1","1","2","N","","","","","","","","","","","","03","  ","","",""
"0840","1","0","0","1","0","1","0","0","0","4","0","","36","05","2017","2017052028","2","40.1308","-76.4749","0837","08","0","0","0","0","0","0","0","1","1","0","0","0","08","1","1","00","2","40 07:50.704","5","00","76 28:29.708","2","0","0","0","36230","1","0","1","N","0","0","0","2","36410","0","","1","09","N","N","0","","0","1","0","0","0","Y","0835","1","2","0","0","0","0","0","1","0","1","N","","","","","","","","","","","","07","  ","","",""
"1343","2","0","0","0","0","0","0","0","0","4","0","","36","05","2017","2017052038","2","40.0395","-76.3633","1336","08","0","0","1","0","0","0","0","0","2","0","0","0","13","1","0","00","1","40 02:22.206","4","00","76 21:47.788","0","0","0","0","36214","0","0","0","N","0","0","0","3","36214","0","","1","09","N","N","0","","0","0","0","0","0","N","1334","0","2","0","0","0","0","0","3","0","2","N","","","","","","","","","","","","03","  ","","",""
"1129","1","0","0","0","0","0","0","0","0","2","0","","36","05","2017","2017052059","2","40.1844","-76.1283","1125","08","0","0","0","0","1","1","0","0","3","0","0","0","11","1","2","00","2","40 11:03.919","1","00","76 07:42.035","8","0","0","0","36218","0","0","0","N","0","0","0","2","36408","0","","1","09","N","N","0","","0","0","1","0","0","Y","1125","2","2","0","0","1","2","0","1","0","2","N","","","","","","","","","","","","07","  ","","",""
"1710","1","0","0","0","0","0","0","0","0","1","0","","36","05","2017","2017052650","5","40.2402","-76.1763","1645","08","0","0","0","0","0","1","0","0","","0","0","0","16","1","0","00","0","40 14:24.731","","07","76 10:34.563","0","0","0","0","36236","0","0","0","N","0","0","0","2","36408","0","","1","01","N","N","1","","0","0","0","0","0","","1640","0","2","0","0","0","0","0","1","0","2","N","","","","","","","","","","","","03","  ","","",""
"1115","0","0","0","0","0","0","0","0","0","1","1","","36","05","2017","2017052655","6","40.1682","-76.1988","1110","08","0","0","0","0","0","1","0","0","","0","1","0","11","1","0","00","0","40 10:05.356","","00","76 11:55.502","0","0","0","0","36408","0","0","0","N","0","0","0","2","36408","0","","1","01","N","N","0","","0","0","0","0","0","","1105","0","2","0","0","0","0","0","2","1","2","N","","","","","","","","","","","","03","  ","","",""
"1433","1","0","0","0","0","0","0","0","0","7","0","","36","05","2017","2017052658","4","40.1092","-76.4868","1428","08","0","0","0","0","0","0","0","0","1","0","0","0","14","1","0","00","1","40 06:32.984","4","00","76 29:12.633","0","0","0","0","36413","0","0","0","N","0","0","0","2","36413","0","","2","01","N","N","0","","0","0","0","0","0","N","1428","0","1","0","0","0","0","0","2","0","1","N","","","","","","","","","","","","03","  ","","",""
"2109","0","0","0","0","0","0","0","0","0","7","0","","36","05","2017","2017052666","2","40.0533","-76.3042","2108","08","0","0","0","0","0","0","0","0","","0","0","0","21","3","0","00","0","40 03:11.856","","00","76 18:15.081","0","0","0","0","36101","0","0","0","N","0","0","0","1","36101","0","","5","01","N","N","0","","0","0","1","0","0","","2108","0","1","0","0","0","0","0","3","0","1","N","","","","","","","","","","","","03","  ","","",""
"0720","1","0","0","0","0","0","0","0","0","7","0","","36","05","2017","2017052677","5","40.0525","-76.3104","0715","08","0","0","0","0","0","0","0","0","","0","0","0","07","1","0","00","0","40 03:09.094","","00","76 18:37.260","0","0","0","0","36101","0","0","0","N","0","0","0","2","36101","0","","2","01","N","N","0","","0","0","0","0","0","","0715","0","1","0","0","0","0","0","3","0","1","N","","","","","","","","","","","","03","  ","","",""
"1616","2","0","0","0","0","0","0","0","0","1","0","","36","05","2017","2017052679","2","40.1041","-76.4335","1612","08","0","0","0","0","0","0","0","0","2","0","0","0","16","1","2","00","2","40 06:14.924","1","00","76 26:00.457","3","0","0","0","36214","0","0","0","N","0","0","0","3","36214","0","","1","09","N","N","0","","2","0","0","0","0","N","1612","2","2","0","0","0","0","0","3","0","2","N","","","","","","","","","","","","03","  ","","",""
"0857","3","0","0","0","0","0","0","0","0","4","0","","36","05","2017","2017052756","3","40.0402","-76.2391","0856","08","0","0","0","0","0","1","1","0","2","0","0","0","08","1","2","01","1","40 02:24.730","4","00","76 14:20.844","4","0","0","0","36215","0","0","0","","0","0","0","3","36215","2","","1","01","N","N","0","","0","0","0","3","2","N","0854","2","3","0","0","0","0","0","1","0","3","N","","","","","","","","","","","","03","  ","","",""
"1055","1","0","0","0","0","0","0","0","0","7","0","","36","05","2017","2017052757","6","40.1761","-76.4761","1053","08","0","0","0","0","0","0","0","0","","0","0","0","10","1","0","00","0","40 10:33.870","","00","76 28:33.820","0","0","0","0","36230","0","0","0","","0","0","0","1","36410","0","","4","01","N","N","0","","0","0","0","0","0","","1050","0","1","0","0","0","0","0","1","0","1","N","","","","","","","","","","","","03","  ","","",""
"1528","1","0","0","0","0","0","0","0","0","1","0","","36","05","2017","2017052769","5","40.0598","-76.2765","1525","08","0","0","0","0","0","0","0","0","2","0","0","0","15","1","2","00","1","40 03:35.341","3","00","76 16:35.487","3","0","0","0","36101","0","0","0","N","0","0","0","3","36101","0","","1","01","N","N","0","","1","0","0","0","0","N","1525","2","2","0","0","0","1","0","3","1","2","N","","","","","","","","","","","","03","  ","","",""
"1613","1","0","0","0","0","0","0","0","0","1","0","","36","05","2017","2017052770","2","40.0618","-76.4077","1609","08","0","0","0","0","0","0","0","0","","0","0","0","16","1","0","01","0","40 03:42.383","","00","76 24:27.748","0","0","0","0","36239","0","0","0","N","0","0","0","5","36239","0","","1","09","N","N","0","","0","0","1","0","0","","1606","0","2","0","0","0","0","0","3","0","2","N","","","","","","","","","","","","07","  ","","",""
"1510","1","0","0","0","0","0","0","0","0","1","0","","36","05","2017","2017052782","4","40.081","-76.2496","1504","08","0","0","0","0","0","0","0","1","2","0","0","0","15","1","2","00","1","40 04:51.700","2","00","76 14:58.600","2","0","0","0","36215","2","0","1","N","2","0","1","3","36215","0","","2","01","N","N","0","","0","1","0","0","0","N","1501","2","4","0","0","0","1","0","1","0","2","N","","","","","","","","","","","","03","  ","","",""
"1544","2","0","0","0","0","0","0","0","0","1","0","","36","05","2017","2017052862","3","40.0845","-76.3529","1538","08","0","0","0","0","0","0","1","0","","0","0","0","15","1","1","00","0","40 05:04.130","","00","76 21:10.290","4","0","0","0","36214","0","0","0","N","0","0","0","2","36214","1","","1","01","N","N","0","","0","0","0","0","0","","1536","1","2","0","0","0","0","0","3","0","2","N","","","","","","","","","","","","03","  ","","",""
"0842","2","0","0","0","0","0","0","0","0","4","0","","36","05","2017","2017052951","7","39.9804","-76.4625","0826","08","0","0","0","0","0","0","0","0","","0","0","0","03","2","0","00","0","39 58:49.295","","07","76 27:45.093","0","0","0","0","36223","0","0","0","","0","0","0","1","36223","0","","5","09","N","N","1","","0","0","0","0","0","","0300","0","3","0","0","0","0","0","1","0","3","N","","","","","","","","","","","","07","  ","","",""
"0911","1","0","0","0","0","0","0","0","0","7","0","","36","05","2017","2017052990","6","40.2395","-76.1335","0903","08","0","0","0","0","0","0","0","0","1","0","0","0","09","1","1","00","2","40 14:22.899","4","00","76 08:02.478","8","0","0","0","36405","0","0","0","","0","0","0","1","68T06","0","","4","08","N","N","0","","0","0","0","0","0","N","0902","1","1","0","0","0","1","0","1","0","1","N","","","","","","","","","","","","07","  ","","",""
"0525","1","0","0","0","0","0","0","0","0","7","0","","36","05","2017","2017052993","1","40.2283","-76.4621","0504","08","0","0","0","0","0","0","0","0","2","0","0","0","05","2","0","00","2","40 13:41.728","3","00","76 27:44.671","0","0","0","0","36230","0","0","0","","0","0","0","1","68T06","0","","4","01","N","N","0","","0","0","0","0","0","N","0500","0","1","0","0","0","0","0","1","0","1","N","","","","","","","","","","","","03","  ","","",""
"0724","0","0","0","0","0","0","0","0","0","4","0","","36","05","2017","2017053134","7","40.0037","-76.2015","0709","08","0","0","0","0","0","0","0","1","2","0","0","0","06","1","2","00","1","40 00:13.270","3","00","76 12:05.360","3","0","0","0","36215","0","0","0","N","0","0","0","2","36215","1","","1","09","N","N","1","","1","0","0","0","0","N","0642","2","2","0","0","0","0","0","1","1","2","N","","","","","","","","","","","","07","  ","","",""
"0523","2","0","0","0","0","0","0","0","0","5","0","","36","05","2017","2017053145","5","40.0447","-76.4271","0519","08","0","0","0","0","0","0","0","0","","0","0","0","05","1","1","00","0","40 02:41.082","","00","76 25:37.635","4","0","0","0","36239","0","0","0","N","0","0","0","4","36239","1","","1","01","N","N","0","","0","0","0","0","0","","0512","1","2","0","0","0","0","0","3","0","2","N","","","","","","","","","","","","03","  ","","",""
"0745","1","0","0","0","0","0","0","0","0","7","0","","36","05","2017","2017053155","4","40.0518","-76.4358","0738","08","0","1","0","0","0","0","0","0","1","0","0","0","07","1","0","00","1","40 03:06.650","3","00","76 26:08.990","0","0","0","0","36239","0","0","0","N","0","0","0","1","36239","0","","2","09","N","N","0","","0","0","0","0","0","N","0738","0","1","0","0","0","0","0","3","0","1","N","","","","","","","","","","","","07","  ","","",""
"0953","1","0","0","0","0","0","0","0","0","4","1","","36","05","2017","2017053163","3","40.1","-76.3541","0946","08","0","0","0","0","0","2","0","0","2","0","1","0","09","1","1","01","1","40 06:00.025","4","00","76 21:14.898","3","0","0","0","36406","0","0","0","N","0","0","0","2","36101","0","","1","01","N","N","0","","1","0","0","3","2","N","0944","1","2","0","0","0","0","0","3","0","2","N","","","","","","","","","","","","03","  ","","",""
"0919","0","0","0","0","0","0","0","0","0","0","1","","36","05","2017","2017053164","4","40.0788","-76.3493","0915","08","0","0","0","0","0","1","0","0","","0","1","0","09","1","0","02","0","40 04:43.715","","00","76 20:57.690","0","0","0","0","36101","0","0","0","N","0","0","0","1","36101","0","","1","01","N","N","0","","0","0","0","0","0","","0915","0","1","0","0","0","0","0","3","0","1","N","","","","","","","","","","","","03","  ","","",""
"0715","1","0","0","0","0","0","0","0","0","1","0","","36","05","2017","2017053172","4","40.0711","-76.318","0707","08","0","0","0","0","0","2","0","0","3","0","0","0","07","1","1","00","1","40 04:16.134","2","00","76 19:04.883","4","0","0","0","36101","0","0","0","N","0","0","0","5","36101","1","","1","01","N","N","0","","0","0","2","0","0","N","0700","1","3","0","0","0","0","0","3","0","3","N","","","","","","","","","","","","03","  ","","",""
"1722","1","0","0","0","0","0","0","0","0","1","0","","36","05","2017","2017053182","6","40.0705","-76.3188","1707","08","0","0","0","0","0","0","0","0","","0","0","0","16","1","1","03","0","40 04:13.890","","00","76 19:07.800","4","0","0","0","36101","0","0","0","N","0","0","0","3","36101","1","","1","01","N","N","0","","0","0","0","0","0","","1647","1","2","0","0","0","0","0","3","1","2","N","","","","","","","","","","","","03","  ","","",""
"0746","1","0","0","0","0","0","0","0","0","7","0","","36","05","2017","2017053216","4","40.1606","-76.2933","0745","08","1","0","0","0","0","0","0","0","","0","0","0","07","1","0","00","0","40 09:37.980","","00","76 17:35.980","0","0","0","0","36409","0","0","0","","0","0","0","1","36409","0","","5","01","","","0","","0","0","0","0","0","","0740","0","1","0","0","0","0","0","3","0","1","N","","","","","","","","","","","","03","  ","","",""
"1205","2","0","0","0","0","0","0","0","0","5","1","","36","05","2017","2017053219","4","40.0576","-76.2728","1159","08","0","0","0","0","0","1","0","0","2","0","1","0","11","1","1","00","2","40 03:27.352","3","03","76 16:21.912","4","0","0","0","36301","0","0","0","N","0","0","0","3","36301","1","","1","01","N","N","0","","0","0","0","0","0","N","1153","1","3","0","0","0","0","0","3","0","3","N","","","","","","","","","","","","03","  ","","",""
"1811","2","0","0","0","0","0","0","0","0","1","0","","36","05","2017","2017053375","4","40.0715","-76.2873","1809","08","0","0","0","0","0","0","0","0","","0","0","0","18","1","0","00","0","40 04:17.404","","00","76 17:14.148","0","0","0","0","36101","0","0","0","N","0","0","0","2","36101","0","","1","01","N","N","0","","0","0","0","0","0","","1804","0","2","0","0","0","0","0","3","0","2","N","","","","","","","","","","","","03","  ","","",""
"2045","0","0","0","0","0","0","0","0","0","9","0","","36","05","2017","2017053395","1","40.0995","-76.2582","2034","08","0","0","0","0","0","1","0","0","","0","0","0","20","2","0","00","0","40 05:58.206","","00","76 15:29.469","0","0","0","0","36101","0","0","0","N","0","0","0","3","36101","0","","1","01","N","N","0","","0","0","1","0","0","","2025","0","1","0","0","0","0","0","3","0","1","N","","","","","","","","","","","","03","  ","","",""
"0157","1","0","0","0","0","0","0","0","0","7","0","","36","05","2017","2017053404","4","40.094","-76.3466","0153","08","0","0","0","0","0","0","0","0","","0","0","0","01","2","0","00","0","40 05:38.300","","00","76 20:47.750","0","0","0","0","36406","0","0","0","N","0","0","0","1","36101","0","","2","01","N","N","0","","0","0","0","0","0","","0149","0","1","0","0","0","0","0","3","0","1","N","","","","","","","","","","","","03","  ","","",""
"2024","2","0","0","0","0","0","0","0","0","1","0","","36","05","2017","2017053405","4","40.0755","-76.3368","2016","08","0","0","0","0","0","0","0","0","2","0","0","0","20","3","2","00","1","40 04:31.833","1","00","76 20:12.495","4","0","0","0","36101","0","0","0","N","0","0","0","3","36101","2","","1","01","N","N","0","","0","0","0","3","2","N","2012","2","2","0","0","0","0","0","3","0","2","N","","","","","","","","","","","","03","  ","","",""
"2244","1","0","0","0","0","0","0","0","0","7","0","","36","05","2017","2017053420","4","40.04","-76.2851","2238","08","0","0","0","0","0","0","0","0","2","0","0","0","22","3","1","00","1","40 02:23.976","4","00","76 17:06.284","4","0","0","0","36220","0","0","0","N","0","0","0","1","36101","1","","5","01","N","N","0","","0","0","0","0","0","N","2235","1","1","0","0","1","0","0","3","0","1","N","","","","","","","","","","","","03","  ","","",""
"1756","1","0","0","0","0","0","0","0","0","7","0","","36","05","2017","2017053439","4","40.192","-76.1354","1748","08","0","0","0","0","0","0","0","0","1","0","0","0","17","1","0","00","1","40 11:31.110","3","03","76 08:07.520","0","0","0","0","36210","0","0","0","N","0","0","0","1","36210","0","","2","01","N","N","0","","0","0","0","0","0","N","1745","0","1","0","0","0","0","0","1","0","1","N","","","","","","","","","","","","03","  ","","",""
"1706","1","0","0","0","0","0","0","0","0","1","0","","36","05","2017","2017053527","7","40.0486","-76.2524","1645","08","0","0","0","1","0","0","1","0","","0","0","0","16","1","0","00","0","40 02:55.065","","00","76 15:08.464","0","0","0","0","36215","0","0","0","","0","0","0","3","36215","0","","1","08","N","N","1","","0","0","0","0","0","","1639","0","2","0","0","0","0","0","1","0","2","N","","","","","","","","","","","","07","  ","","",""
"1509","2","0","0","0","0","0","0","0","0","1","0","","36","05","2017","2017053528","5","40.0563","-76.2155","1457","08","0","1","0","0","0","0","0","0","","0","0","0","14","1","0","00","0","40 03:22.532","","00","76 12:55.802","0","0","0","0","36215","0","0","0","","0","0","0","2","36215","0","","1","01","N","N","0","","0","0","0","0","0","","1454","0","2","0","0","0","0","0","1","0","2","N","","","","","","","","","","","","03","  ","","",""
"1109","1","0","0","0","0","0","0","0","0","7","0","","36","05","2017","2017053529","2","40.0519","-76.2549","1059","08","0","0","0","0","0","1","0","0","1","0","0","0","10","1","0","01","1","40 03:06.876","4","00","76 15:17.809","0","0","0","0","36215","0","0","0","","0","0","0","1","36215","0","","5","09","N","N","0","","0","0","0","3","2","N","1058","0","1","0","0","0","0","0","1","0","1","N","","","","","","","","","","","","07","  ","","",""
"0625","1","0","0","0","0","0","0","0","0","4","0","","36","05","2017","2017053554","5","40.0423","-76.3113","0624","08","0","0","1","0","0","0","0","0","1","0","0","0","06","1","2","01","1","40 02:32.114","1","00","76 18:40.784","4","0","0","0","36301","0","0","0","N","0","0","0","3","36301","2","","1","09","N","N","0","","0","0","1","3","2","Y","0624","2","2","0","0","1","0","0","3","0","2","N","","","","","","","","","","","","07","  ","","",""
"1059","0","0","0","0","0","0","0","0","0","4","0","","36","05","2017","2017053609","5","40.0451","-76.4108","1049","08","0","0","0","0","1","0","0","0","1","0","0","0","10","1","0","01","1","40 02:42.307","3","00","76 24:38.792","0","0","0","0","36239","0","0","0","N","0","0","0","2","36239","0","","1","09","N","N","0","","0","0","1","3","2","N","1049","0","2","0","0","0","0","0","3","1","2","N","","","","","","","","","","","","07","  ","","",""
"1530","1","0","0","0","0","0","0","0","0","1","0","","36","05","2017","2017053611","4","39.9849","-76.28","1524","08","0","0","0","0","1","0","0","0","1","0","0","0","15","1","1","00","1","39 59:05.679","1","07","76 16:47.926","8","0","0","0","36240","0","0","0","N","0","0","0","4","36240","0","","1","01","N","N","0","","0","0","1","0","0","N","1524","1","2","0","0","0","1","1","1","0","2","N","","","","","","","","","","","","03","  ","","",""
"1539","1","0","0","0","0","0","0","0","0","4","0","","36","05","2017","2017053677","7","40.1389","-76.2223","1535","08","0","0","0","0","0","0","1","0","2","0","0","0","15","1","1","01","2","40 08:20.182","1","00","76 13:20.414","3","0","0","0","36238","0","0","0","N","0","0","0","2","36238","0","","1","01","N","N","0","","1","0","1","3","3","N","1531","1","2","0","0","1","0","0","3","0","2","N","","","","","","","","","","","","03","  ","","",""
"1231","1","0","0","0","0","0","0","0","0","7","0","","36","05","2017","2017053703","5","40.0075","-76.346","1229","08","0","0","1","0","0","0","0","0","1","0","0","0","12","1","0","00","1","40 00:27.000","4","00","76 20:45.500","0","0","0","0","36412","0","0","0","N","0","0","0","1","36412","0","","4","09","N","N","0","","0","0","0","0","0","N","1227","0","1","0","0","0","0","0","3","0","1","N","","","","","","","","","","","","07","  ","","",""
"0837","1","0","0","0","0","0","1","0","0","1","1","","36","05","2017","2017053787","2","40.0927","-76.1523","0830","08","0","0","0","0","0","0","0","0","","0","0","0","08","1","3","02","0","40 05:33.693","","00","76 09:08.445","3","0","0","0","36238","0","0","0","","0","0","0","9","36215","0","","1","01","Y","N","0","","3","0","0","0","0","","0830","3","2","0","0","0","0","0","3","0","2","N","","","","","","","","","","","","03","  ","","",""
"2306","1","0","0","0","0","0","0","0","0","7","0","","36","05","2017","2017053788","2","40.0696","-76.2569","2259","08","0","0","1","0","0","0","0","0","","0","0","0","22","2","0","00","0","40 04:10.650","","00","76 15:24.790","0","0","0","0","36215","0","0","0","","0","0","0","1","36215","0","","4","09","N","N","0","","0","0","0","0","0","","2257","0","1","0","0","0","0","0","1","0","1","N","","","","","","","","","","","","03","  ","","",""
"2031","1","0","0","0","0","0","0","0","0","8","0","","36","05","2017","2017053839","4","40.0295","-76.3395","2030","08","0","0","0","0","0","0","0","0","","0","0","0","20","1","1","00","0","40 01:46.147","","00","76 20:22.378","3","0","0","0","36220","1","0","0","N","1","0","0","2","36101","0","","2","01","N","N","0","","1","0","0","0","0","","2027","1","2","0","0","0","0","1","3","0","1","N","","","","","","","","","","","","03","  ","","",""
"2259","1","0","0","0","0","0","0","0","0","4","0","","36","05","2017","2017053850","5","40.1072","-76.3372","2257","08","0","0","0","0","0","2","0","0","3","0","0","0","22","2","2","02","1","40 06:25.926","4","00","76 20:13.908","3","0","0","0","36101","0","0","0","N","0","0","0","2","36101","1","","1","09","N","N","0","","1","0","1","3","3","N","2255","2","2","0","0","0","0","0","3","0","2","N","","","","","","","","","","","","03","  ","","",""
"0244","2","0","0","0","0","0","0","0","0","4","0","","36","05","2017","2017053851","5","40.0277","-76.3058","0239","08","0","0","0","0","0","0","0","0","2","0","0","0","02","3","0","01","2","40 01:39.873","2","00","76 18:20.877","0","0","0","0","36301","0","0","0","N","0","0","0","1","36301","0","","4","09","N","N","0","","0","0","2","3","3","Y","0239","0","4","0","0","0","0","0","3","0","4","N","","","","","","","","","","","","07","  ","","",""
"1828","1","0","0","0","0","0","0","0","0","1","0","","36","05","2017","2017053979","1","40.0393","-76.1994","1823","08","0","0","0","0","0","1","1","0","","0","0","0","18","1","1","02","0","40 02:21.602","","00","76 11:57.689","3","0","0","1","36215","0","0","0","N","0","0","0","6","36215","0","","1","01","N","N","0","","1","0","0","3","2","","1823","1","2","0","0","0","0","0","1","0","2","N","","","","","","","","","","","","03","  ","","",""
"1103","1","0","0","0","0","0","0","0","0","4","1","","36","05","2017","2017053988","6","40.1815","-76.4048","1056","08","0","0","0","0","0","0","0","0","1","0","1","0","10","1","0","02","1","40 10:53.270","7","00","76 24:17.181","0","0","0","0","36230","0","0","0","N","0","0","0","2","36410","0","","1","01","N","N","0","","0","0","0","3","3","N","1056","0","2","0","0","0","0","0","1","0","2","N","","","","","","","","","","","","03","  ","","",""
"1001","1","0","0","0","0","0","0","0","0","4","0","","36","05","2017","2017053993","7","40.0377","-76.3085","0959","08","0","0","0","0","0","1","0","0","","0","0","0","09","1","1","01","0","40 02:15.572","","00","76 18:30.512","3","0","0","0","36301","0","0","0","N","0","0","0","2","36301","0","","1","09","N","N","0","","1","0","1","3","2","","0958","1","2","0","0","0","0","0","3","0","2","N","","","","","","","","","","","","07","  ","","",""
"0917","0","0","0","0","0","0","0","0","0","6","1","","36","05","2017","2017054007","2","40.1325","-76.3376","0909","08","0","0","0","0","0","0","1","0","1","0","1","0","09","1","0","00","1","40 07:56.960","6","00","76 20:15.282","0","0","0","0","36235","0","0","0","","0","0","0","2","36506","0","","1","09","N","N","0","","0","0","0","0","0","N","0909","0","2","0","0","0","0","0","1","1","2","N","","","","","","","","","","","","07","  ","","",""
"1323","2","0","0","0","0","0","0","0","0","1","0","","36","05","2017","2017054012","2","40.0461","-76.2972","1320","08","0","0","0","0","0","0","0","0","","0","0","0","13","1","1","00","0","40 02:45.863","","00","76 17:50.061","3","0","0","0","36301","0","0","0","N","0","0","0","5","36301","0","","1","01","N","N","0","","1","0","0","0","0","","1317","1","2","0","0","0","0","0","3","0","2","N","","","","","","","","","","","","03","  ","","",""
"0456","1","0","0","0","0","0","0","0","0","7","0","","36","05","2017","2017054030","1","40.0496","-76.2548","0447","08","0","0","0","0","0","0","0","0","","0","0","0","04","3","1","00","0","40 02:58.473","","00","76 15:17.318","4","0","0","0","36215","0","0","0","N","0","0","0","1","36215","1","","4","09","N","N","0","","0","0","0","0","0","","0447","1","1","0","0","0","0","0","1","0","1","N","","","","","","","","","","","","05","  ","","",""
"0121","4","0","0","0","0","0","0","0","0","6","0","","36","05","2017","2017054033","1","39.9923","-76.3601","0117","08","0","0","0","0","0","0","0","0","2","0","0","0","01","3","0","00","2","39 59:32.100","6","00","76 21:36.400","0","0","0","0","36412","0","0","0","N","0","0","0","1","36412","0","","6","01","N","N","0","","0","0","0","0","0","Y","0111","0","4","0","0","0","0","0","3","0","4","N","","","","","","","","","","","","03","  ","","",""
"0111","2","0","0","0","0","0","0","0","0","4","0","","36","04","2017","2017054066","2","39.9534","-75.9965","0058","08","0","0","0","0","0","0","0","0","2","0","0","0","00","3","0","00","2","39 57:12.267","5","00","75 59:47.226","0","0","0","0","36403","0","0","0","","0","0","0","1","68J01","0","","1","01","N","N","0","","0","0","2","0","0","Y","0053","0","4","0","0","0","0","0","1","0","4","N","","","","","","","","","","","","03","  ","","",""
"1951","0","0","0","0","0","0","0","0","0","7","0","","36","04","2017","2017054067","6","40.0678","-75.9658","1859","08","0","0","0","0","0","0","0","0","","0","0","0","18","1","0","02","0","40 04:04.256","","00","75 57:56.995","0","0","0","0","36232","0","0","0","","0","0","0","1","68J01","0","","4","01","N","N","1","","0","0","0","3","3","","1859","0","1","0","0","1","0","0","1","0","1","N","","","","","","","","","","","","03","  ","","",""
"0323","1","0","0","0","0","0","0","0","0","7","0","","36","05","2017","2017054070","6","40.0009","-76.1591","0319","08","0","0","0","0","0","0","0","0","2","0","0","0","03","2","0","02","1","40 00:03.085","2","00","76 09:32.651","9","0","0","0","36233","0","0","0","","0","0","0","1","68J01","0","","4","09","N","N","0","","0","0","0","0","0","N","0318","0","1","0","0","0","0","1","1","0","1","N","","","","","","","","","","","","07","  ","","",""
"0102","0","0","0","0","0","0","0","0","0","7","0","","36","05","2017","2017054071","7","39.8496","-76.0248","0036","08","0","0","0","0","0","0","0","0","","0","0","0","00","2","0","00","0","39 50:58.498","","00","76 01:29.255","9","0","0","0","36205","0","0","0","","0","0","0","1","68J01","0","","4","09","N","N","0","","0","0","1","0","0","","0036","0","1","0","0","0","0","1","1","0","1","N","","","","","","","","","","","","07","  ","","",""