"ARRIVAL_TM","AUTOMOBILE_COUNT","BELTED_DEATH_COUNT","BELTED_SUSP_SERIOUS_INJ_COUNT","BICYCLE_COUNT","BICYCLE_DEATH_COUNT","BICYCLE_SUSP_SERIOUS_INJ_COUNT","BUS_COUNT","CHLDPAS_DEATH_COUNT","CHLDPAS_SUSP_SERIOUS_INJ_COUNT","COLLISION_TYPE","COMM_VEH_COUNT","CONS_ZONE_SPD_LIM","COUNTY","CRASH_MONTH","CRASH_YEAR","CRN","DAY_OF_WEEK","DEC_LAT","DEC_LONG","DISPATCH_TM","DISTRICT","DRIVER_COUNT_16YR","DRIVER_COUNT_17YR","DRIVER_COUNT_18YR","DRIVER_COUNT_19YR","DRIVER_COUNT_20YR","DRIVER_COUNT_50_64YR","DRIVER_COUNT_65_74YR","DRIVER_COUNT_75PLUS","EST_HRS_CLOSED","FATAL_COUNT","HEAVY_TRUCK_COUNT","HORSE_BUGGY_COUNT","HOUR_OF_DAY","ILLUMINATION","INJURY_COUNT","INTERSECT_TYPE","LANE_CLOSED","LATITUDE","LN_CLOSE_DIR","LOCATION_TYPE","LONGITUDE","MAX_SEVERITY_LEVEL","MCYCLE_DEATH_COUNT","MCYCLE_SUSP_SERIOUS_INJ_COUNT","MOTORCYCLE_COUNT","MUNICIPALITY","NONMOTR_COUNT","NONMOTR_DEATH_COUNT","NONMOTR_SUSP_SERIOUS_INJ_COUNT","NTFY_HIWY_MAINT","PED_COUNT","PED_DEATH_COUNT","PED_SUSP_SERIOUS_INJ_COUNT","PERSON_COUNT","POLICE_AGCY","POSSIBLE_INJ_COUNT","RDWY_SURF_TYPE_CD","RELATION_TO_ROAD","ROAD_CONDITION","SCH_BUS_IND","SCH_ZONE_IND","SMALL_TRUCK_COUNT","SPEC_JURIS_CD","SUSP_MINOR_INJ_COUNT","SUSP_SERIOUS_INJ_COUNT","SUV_COUNT","TCD_FUNC_CD","TCD_TYPE","TFC_DETOUR_IND","TIME_OF_DAY","TOT_INJ_COUNT","TOTAL_UNITS","UNB_DEATH_COUNT","UNB_SUSP_SERIOUS_INJ_COUNT","UNBELTED_OCC_COUNT","UNK_INJ_DEG_COUNT","UNK_INJ_PER_COUNT","URBAN_RURAL","VAN_COUNT","VEHICLE_COUNT","WORK_ZONE_IND","WORK_ZONE_LOC","WORK_ZONE_TYPE","WORKERS_PRES","WZ_CLOSE_DETOUR","WZ_FLAGGER","WZ_LAW_OFFCR_IND","WZ_LN_CLOSURE","WZ_MOVING","WZ_OTHER","WZ_SHLDER_MDN","ROADWAY_CLEARED","WEATHER1","WEATHER2","WZ_WORKERS_INJ_KILLED","SECONDARY_CRASH","INTERSECTION_RELATED"
"1632","1","0","0","0","0","0","0","0","0","8","0","","36","05","2017","2017054073","7","40.0005","-76.1035","1624","08","0","0","0","0","0","0","0","0","1","0","0","0","16","1","1","00","2","40 00:01.891","5","07","76 06:12.537","2","0","0","0","36226","1","0","1","","1","0","1","2","68J01","0","","1","01","N","N","0","","0","1","0","0","0","Y","1620","1","2","0","0","0","0","0","1","0","1","N","","","","","","","","","","","","03","  ","","",""
"1559","1","0","0","0","0","0","0","0","0","9","0","","36","05","2017","2017054075","1","39.8197","-76.3212","1542","08","0","0","0","0","0","0","0","0","3","0","0","0","15","1","1","00","1","39 49:10.839","6","03","76 19:16.496","3","0","0","0","36224","0","0","0","","0","0","0","3","68J01","0","","1","01","N","N","1","","1","0","0","0","0","N","1542","1","2","0","0","0","0","0","1","0","2","N","","","","","","","","","","","","03","  ","","",""
"1851","1","0","0","0","0","0","0","0","0","7","0","","36","05","2017","2017054076","2","39.9224","-76.2581","1845","08","0","0","0","0","0","1","0","0","","0","0","0","18","1","0","00","0","39 55:20.560","","00","76 15:29.200","0","0","0","0","36229","0","0","0","","0","0","0","1","68J01","0","","4","01","N","N","0","","0","0","0","0","0","","1845","0","1","0","0","0","0","0","1","0","1","N","","","","","","","","","","","","03","  ","","",""
"0906","1","0","0","0","0","0","0","0","0","5","0","","36","05","2017","2017054077","5","40.2264","-76.3031","0844","08","0","0","0","0","0","0","0","0","2","0","0","0","08","1","0","00","1","40 13:34.929","4","00","76 18:11.054","0","0","0","0","36217","0","0","0","","0","0","0","4","68J01","0","","1","01","N","N","0","","0","0","1","0","0","N","0839","0","2","0","0","0","0","0","1","0","2","N","","","","","","","","","","","","03","  ","","",""
"1825","1","0","0","0","0","0","0","0","0","4","0","","36","05","2017","2017054120","3","40.1124","-76.4013","1819","08","0","0","0","0","0","1","0","0","2","0","0","0","18","1","2","00","2","40 06:44.570","6","00","76 24:04.810","4","0","0","0","36214","0","0","0","","0","0","0","2","36214","2","","1","01","N","N","0","","0","0","1","0","0","Y","1816","2","2","0","0","0","0","0","3","0","2","N","","","","","","","","","","","","03","  ","","",""
"1758","2","0","0","0","0","0","0","0","0","4","0","","36","05","2017","2017054121","4","40.0691","-76.3569","1744","08","0","0","0","0","0","0","0","0","1","0","0","0","17","1","1","01","1","40 04:08.816","3","00","76 21:24.786","3","0","0","0","36214","0","0","0","","0","0","0","2","36214","0","","1","01","N","N","0","","1","0","0","3","2","N","1740","1","2","0","0","0","0","0","3","0","2","N","","","","","","","","","","","","03","  ","","",""
"2038","1","0","0","0","0","0","0","0","0","4","0","","36","05","2017","2017054122","5","40.0569","-76.394","2035","08","0","0","0","0","0","1","0","0","2","0","0","0","20","3","2","02","2","40 03:24.854","6","00","76 23:38.403","3","0","0","0","36214","0","0","0","","0","0","0","2","36214","0","","1","01","N","N","0","","2","0","0","0","0","Y","2032","2","2","0","0","0","0","0","3","1","2","N","","","","","","","","","","","","03","  ","","",""
"1742","1","0","0","0","0","0","0","0","0","4","0","","36","05","2017","2017054137","3","39.9664","-76.2968","1741","08","0","0","1","0","0","1","0","0","1","0","0","0","17","1","0","00","1","39 57:59.110","3","00","76 17:48.330","0","0","0","0","36228","0","0","0","N","0","0","0","2","36503","0","","1","01","N","N","1","","0","0","0","0","0","N","1741","0","2","0","0","0","0","0","1","0","2","N","","","","","","","","","","","","03","  ","","",""
"1405","0","0","0","0","0","0","0","0","0","7","0","","36","05","2017","2017054144","6","39.966","-76.3222","1400","08","0","0","0","0","0","0","0","0","2","0","0","0","14","1","0","00","1","39 57:57.576","1","00","76 19:20.024","0","0","0","0","36228","0","0","0","Y","0","0","0","1","36503","0","","2","01","N","N","1","","0","0","0","0","0","N","1400","0","1","0","0","0","0","0","1","0","1","N","","","","","","","","","","","","03","  ","","",""
"1441","2","0","0","0","0","0","0","0","0","1","0","","36","05","2017","2017054173","6","40.1253","-76.2143","1435","08","0","0","0","0","0","0","1","0","1","0","0","0","14","1","0","01","1","40 07:31.012","3","00","76 12:51.319","0","0","0","0","36238","0","0","0","N","0","0","0","2","36238","0","","1","01","N","N","0","","0","0","0","3","2","N","1433","0","2","0","0","0","0","0","3","0","2","N","","","","","","","","","","","","03","  ","","",""
"1537","1","0","0","0","0","0","0","0","0","1","0","","36","05","2017","2017054174","6","40.0504","-76.4014","1530","08","0","0","0","0","0","1","0","0","","0","0","0","15","1","0","00","0","40 03:01.478","","00","76 24:04.893","0","0","0","0","36214","0","0","0","","0","0","0","2","36214","0","","1","01","","","0","","0","0","1","0","0","","1528","0","2","0","0","0","0","0","3","0","2","N","","","","","","","","","","","","03","  ","","",""
"0659","0","0","0","0","0","0","0","0","0","7","0","","36","05","2017","2017054204","6","40.2341","-76.1398","0655","08","0","0","0","0","0","0","0","0","","0","0","0","06","1","0","00","0","40 14:02.600","","00","76 08:23.100","0","0","0","0","36405","0","0","0","N","0","0","0","1","36210","0","","4","01","N","N","0","","0","0","1","0","0","","0655","0","1","0","0","0","0","0","1","0","1","N","","","","","","","","","","","","03","  ","","",""
"1609","2","0","0","0","0","0","0","0","0","1","0","","36","05","2017","2017054219","6","40.1997","-76.1384","1603","08","0","0","0","0","1","0","0","0","2","0","0","0","16","1","1","00","1","40 11:58.969","2","00","76 08:18.174","2","0","0","0","36210","0","0","0","N","0","0","0","3","36210","0","","1","01","N","N","0","","0","1","0","0","0","N","1600","1","2","0","0","0","0","0","1","0","2","N","","","","","","","","","","","","03","  ","","",""
"1232","2","0","0","0","0","0","0","0","0","1","0","","36","05","2017","2017054225","2","40.0922","-76.1205","1228","08","0","0","0","1","0","0","0","1","1","0","0","0","12","1","2","00","1","40 05:32.050","4","07","76 07:13.710","4","0","0","0","36209","0","0","0","N","0","0","0","2","36415","2","","1","09","N","N","0","","0","0","0","0","0","N","1230","2","2","0","0","1","0","0","1","0","2","N","","","","","","","","","","","","07","  ","","",""
"0950","1","0","0","0","0","0","0","0","0","5","0","","36","05","2017","2017054255","5","39.9712","-76.2782","0942","08","0","0","0","0","0","1","0","0","2","0","0","0","09","1","1","00","1","39 58:16.377","3","00","76 16:41.466","3","0","0","0","36228","0","0","0","N","0","0","0","4","36503","0","","1","09","N","N","1","","1","0","0","0","0","N","0938","1","2","0","0","0","0","0","1","0","2","N","","","","","","","","","","","","07","  ","","",""
"1532","0","0","0","0","0","0","0","0","0","7","1","","36","05","2017","2017054271","3","40.2835","-76.1535","1528","08","0","0","0","0","0","0","0","0","2","0","1","0","15","1","2","01","1","40 17:00.664","6","00","76 09:12.685","3","0","0","0","36236","0","0","0","N","0","0","0","2","36408","1","","4","01","N","N","0","","1","0","0","0","0","Y","1525","2","1","0","0","1","0","0","1","0","1","N","","","","","","","","","","","","03","  ","","",""
"0331","1","0","0","0","0","0","0","0","0","4","0","","36","05","2017","2017054294","7","40.0523","-76.3074","0258","08","0","0","0","0","0","1","0","0","3","0","0","0","02","3","0","01","1","40 03:08.125","4","00","76 18:26.482","0","0","0","0","36301","0","0","0","N","0","0","0","2","36301","0","","1","01","N","N","0","","0","0","1","3","3","N","0258","0","2","0","0","0","0","0","3","0","2","N","","","","","","","","","","","","03","  ","","",""
"1532","2","0","0","0","0","0","0","0","0","1","0","","36","05","2017","2017054357","7","40.1617","-76.202","1528","08","0","0","0","0","2","0","0","0","","0","0","0","15","1","0","02","0","40 09:50.111","","00","76 12:03.430","0","0","0","0","36218","0","0","0","N","0","0","0","3","36408","0","","1","01","N","N","0","","0","0","0","0","0","","1528","0","2","0","0","0","0","0","1","0","2","N","","","","","","","","","","","","03","  ","","",""
"0521","1","0","0","0","0","0","0","0","0","7","0","","36","05","2017","2017054369","7","40.1661","-76.0616","0515","08","0","0","0","0","0","0","0","0","2","0","0","0","05","1","0","00","2","40 09:57.900","6","00","76 03:41.900","0","0","0","0","36213","0","0","0","N","0","0","0","1","36213","0","","4","01","N","N","0","","0","0","0","0","0","Y","0510","0","1","0","0","0","0","0","1","0","1","N","","","","","","","","","","","","03","  ","","",""
"1642","0","0","0","0","0","0","0","0","0","1","0","","36","05","2017","2017054406","6","40.0575","-76.3983","1639","08","0","0","0","0","0","0","0","0","2","0","0","0","16","1","0","01","1","40 03:26.963","3","00","76 23:53.840","9","0","0","0","36214","0","0","0","N","0","0","0","2","36214","0","","1","01","N","N","1","","0","0","1","3","2","N","1636","0","2","0","0","0","0","1","3","0","2","N","","","","","","","","","","","","03","  ","","",""
"1305","0","0","0","1","0","0","0","0","0","4","0","","36","05","2017","2017054426","7","40.1586","-76.3074","1304","08","0","0","0","0","0","0","0","0","","0","0","0","13","1","1","00","0","40 09:30.866","","00","76 18:26.762","3","0","0","0","36409","1","0","0","N","0","0","0","2","36409","0","","4","01","N","N","1","","1","0","0","0","0","","1300","1","2","0","0","0","0","0","3","0","1","N","","","","","","","","","","","","03","  ","","",""
"1150","1","0","0","0","0","0","0","0","0","1","0","","36","05","2017","2017054438","3","40.0381","-76.3416","1142","08","0","0","0","0","0","0","1","0","","0","0","0","11","1","0","00","0","40 02:17.303","","00","76 20:29.762","0","0","0","0","36220","0","0","0","N","0","0","0","2","36101","0","","1","01","N","N","0","","0","0","0","0","0","","1142","0","2","0","0","0","0","0","3","1","2","N","","","","","","","","","","","","03","  ","","",""
"1629","0","0","0","0","0","0","0","0","0","4","0","","36","05","2017","2017054513","2","39.9717","-76.3052","1627","08","0","0","1","0","0","1","0","0","","0","0","0","16","1","1","01","0","39 58:17.992","","00","76 18:18.792","4","0","0","0","36228","0","0","0","N","0","0","0","2","36503","1","","1","09","N","N","1","","0","0","1","3","3","","1627","1","2","0","0","0","0","0","1","0","2","N","","","","","","","","","","","","07","  ","","",""
"2022","1","0","0","0","0","0","0","0","0","7","0","","36","05","2017","2017054524","1","40.1128","-76.1051","2020","08","0","0","1","0","0","0","0","0","","0","0","0","20","2","0","00","0","40 06:46.079","","00","76 06:18.253","0","0","0","0","36209","0","0","0","N","0","0","0","1","36415","0","","2","09","N","N","0","","0","0","0","0","0","","2019","0","1","0","0","0","0","0","1","0","1","N","","","","","","","","","","","","07","  ","","",""
"1944","0","0","0","0","0","0","0","0","0","7","0","","36","05","2017","2017054527","1","40.0417","-76.3638","1938","08","1","0","0","0","0","0","0","0","2","0","0","0","19","1","0","02","1","40 02:30.029","3","00","76 21:49.816","0","0","0","0","36214","0","0","0","N","0","0","0","1","36214","0","","5","09","N","N","0","","0","0","1","3","3","N","1930","0","1","0","0","0","0","0","3","0","1","N","","","","","","","","","","","","07","  ","","",""
"1947","1","0","0","0","0","0","0","0","0","4","0","","36","05","2017","2017054535","3","40.1283","-76.4522","1944","08","0","0","1","0","0","0","0","0","","0","0","0","19","1","0","01","0","40 07:41.886","","00","76 27:07.849","0","0","0","0","36230","0","0","0","N","0","0","0","2","36410","0","","1","01","N","N","1","","0","0","0","3","2","","1940","0","2","0","0","0","0","0","1","0","2","N","","","","","","","","","","","","03","  ","","",""
"0253","0","0","0","0","0","0","0","0","0","7","0","","36","05","2017","2017054542","1","40.1464","-76.6194","0247","08","0","0","0","0","0","0","0","0","1","0","0","0","02","2","1","00","2","40 08:46.946","3","00","76 37:09.717","8","0","0","0","36237","0","0","0","N","0","0","0","1","36505","0","","5","01","N","N","0","","0","0","1","0","0","Y","0246","1","1","0","0","0","1","0","1","0","1","N","","","","","","","","","","","","03","  ","","",""
"2220","0","0","0","0","0","0","0","0","0","7","0","","36","05","2017","2017054561","1","40.1478","-76.6538","2210","08","0","1","0","0","0","0","0","0","1","0","0","0","22","2","1","00","2","40 08:52.090","5","00","76 39:13.590","8","0","0","0","36237","0","0","0","N","0","0","0","1","36505","0","","5","09","N","N","0","","0","0","1","0","0","Y","2209","1","1","0","0","0","1","0","1","0","1","N","","","","","","","","","","","","07","  ","","",""
"1341","0","0","0","0","0","0","0","0","0","0","0","","36","05","2017","2017054573","1","40.0744","-76.3209","1331","08","0","0","0","0","0","0","0","0","","0","0","0","13","1","1","00","0","40 04:27.737","","00","76 19:15.391","3","0","0","1","36101","0","0","0","N","0","0","0","1","36101","0","","1","01","N","N","0","","1","0","0","0","0","","1328","1","1","0","0","0","0","0","3","0","1","N","","","","","","","","","","","","03","  ","","",""
"0250","2","0","0","0","0","0","0","0","0","1","0","","36","05","2017","2017054582","7","40.1691","-76.3034","0248","08","0","0","0","0","0","0","0","0","2","0","0","0","02","3","0","00","2","40 10:08.850","6","00","76 18:12.090","0","0","0","0","36235","1","0","0","","0","0","0","2","36506","0","","2","01","N","N","0","","0","0","0","0","0","N","0248","0","2","0","0","0","0","0","1","0","2","N","","","","","","","","","","","","03","  ","","",""
"1859","1","0","0","0","0","0","0","0","0","4","0","","36","05","2017","2017054583","7","40.1663","-76.3081","1859","08","0","0","0","0","0","0","0","1","2","0","0","0","18","1","1","02","2","40 09:58.611","2","00","76 18:29.129","3","0","0","0","36235","0","0","0","","0","0","0","4","36506","0","","1","01","N","N","1","","1","0","0","3","2","Y","1857","1","2","0","0","0","0","0","1","0","2","N","","","","","","","","","","","","03","  ","","",""
"2153","0","0","0","0","0","0","0","0","0","7","0","","36","05","2017","2017054584","7","40.1493","-76.2367","2147","08","0","0","0","0","0","1","0","0","2","0","0","0","21","2","0","00","2","40 08:57.578","4","00","76 14:12.284","0","0","0","0","36235","0","0","0","","0","0","0","1","36506","0","","2","01","N","N","1","","0","0","0","0","0","Y","2145","0","1","0","0","0","0","0","1","0","1","N","","","","","","","","","","","","03","  ","","",""
"1737","0","0","0","0","0","0","0","0","0","4","0","","36","05","2017","2017054619","5","40.0615","-76.3133","1719","08","0","0","0","0","0","1","1","0","","0","0","0","17","1","1","02","0","40 03:41.238","","00","76 18:48.148","4","0","0","0","36101","0","0","0","N","0","0","0","4","36101","1","","1","01","N","N","0","","0","0","0","3","3","","1715","1","3","0","0","0","0","0","3","3","3","N","","","","","","","","","","","","03","  ","","",""
"1505","2","0","0","0","0","0","0","0","0","4","0","","36","05","2017","2017054648","6","40.0608","-76.5367","1448","08","0","0","0","0","0","0","0","0","2","0","0","0","14","1","0","01","1","40 03:39.018","7","00","76 32:12.028","0","0","0","0","36211","0","0","0","N","0","0","0","2","36504","0","","1","01","N","N","0","","0","0","0","3","2","N","1445","0","2","0","0","0","0","0","1","0","2","N","","","","","","","","","","","","03","  ","","",""
"0019","1","0","0","0","0","0","0","0","0","9","0","","36","05","2017","2017054658","7","40.0415","-76.4816","0012","08","0","0","0","0","0","0","0","0","","0","0","0","00","2","1","00","0","40 02:29.295","","00","76 28:53.796","4","0","0","0","36239","0","0","0","N","0","0","0","2","36239","1","","1","01","N","N","0","","0","0","0","0","0","","0008","1","1","0","0","0","0","0","3","0","1","N","","","","","","","","","","","","03","  ","","",""
"1349","2","0","0","0","0","0","0","0","0","4","0","","36","05","2017","2017054671","7","40.1592","-76.6253","1343","08","0","0","0","0","0","1","0","0","","0","0","0","13","1","0","02","0","40 09:33.051","","00","76 37:31.163","0","0","0","0","36237","0","0","0","Y","0","0","0","4","36505","0","","1","01","N","N","0","","0","0","0","3","3","","1340","0","2","0","0","0","0","0","1","0","2","N","","","","","","","","","","","","03","  ","","",""
"0322","1","0","0","0","0","0","0","0","0","7","0","","36","05","2017","2017054672","1","40.1716","-76.1763","0320","08","0","0","0","0","1","0","0","0","","0","0","0","03","3","1","00","0","40 10:17.600","","00","76 10:34.560","4","0","0","0","36408","0","0","0","N","0","0","0","1","36408","1","","4","01","N","N","0","","0","0","0","0","0","","0318","1","1","0","0","0","0","0","2","0","1","N","","","","","","","","","","","","03","  ","","",""
"1250","1","0","0","0","0","0","0","0","0","1","0","","36","05","2017","2017054675","1","40.0207","-76.3196","1244","08","0","0","1","0","0","0","0","0","1","0","0","0","12","1","1","02","2","40 01:14.426","3","00","76 19:10.652","8","0","0","0","36301","0","0","0","N","0","0","0","3","36301","0","","1","01","N","N","0","","0","0","1","0","0","Y","1242","1","2","0","0","0","1","0","3","0","2","N","","","","","","","","","","","","03","  ","","",""
"0419","1","0","0","0","0","0","0","0","0","7","0","","36","05","2017","2017054689","6","40.0816","-76.2358","0415","08","0","0","0","0","0","0","0","0","","0","0","0","04","3","1","00","0","40 04:53.709","","00","76 14:08.928","3","0","0","0","36234","0","0","0","N","0","0","0","1","36215","0","","5","09","N","N","0","","1","0","0","0","0","","0412","1","1","0","0","0","0","0","1","0","1","N","","","","","","","","","","","","03","  ","","",""
"1250","0","0","0","0","0","0","0","0","0","4","0","","36","05","2017","2017054693","5","40.0333","-76.5016","1245","08","0","0","0","0","0","1","1","0","2","0","0","0","12","1","0","01","1","40 02:00.044","2","00","76 30:05.908","0","0","0","0","36404","0","0","0","N","0","0","0","2","36404","0","","1","09","N","N","0","","0","0","0","3","3","N","1243","0","2","0","0","0","0","0","3","2","2","N","","","","","","","","","","","","07","  ","","",""
"0932","1","0","0","0","0","0","0","0","0","1","0","","36","05","2017","2017054698","2","40.1436","-76.3048","0930","08","0","0","0","1","0","0","1","0","1","0","0","0","09","1","1","01","2","40 08:36.966","2","00","76 18:17.243","4","0","0","0","36409","0","0","0","N","0","0","0","3","36409","1","","1","09","N","N","0","","0","0","1","3","2","Y","0928","1","2","0","0","0","0","0","3","0","2","N","","","","","","","","","","","","03","  ","","",""
"1628","0","0","0","0","0","0","0","0","0","4","1","","36","05","2017","2017054803","5","40.0658","-76.3071","1620","08","0","0","0","0","0","0","0","0","","0","0","0","16","1","1","00","0","40 03:56.806","","07","76 18:25.653","4","0","0","0","36101","0","0","0","N","0","0","0","2","36101","1","","1","01","N","N","2","","0","0","0","0","0","","1618","1","2","0","0","0","0","0","3","0","2","N","","","","","","","","","","","","03","  ","","",""
"1818","2","0","0","0","0","0","0","0","0","4","0","","36","05","2017","2017054807","6","40.0679","-76.2964","1816","08","0","0","0","0","0","1","1","0","2","0","0","0","18","1","6","00","1","40 04:04.527","3","00","76 17:46.943","4","0","0","0","36101","0","0","0","N","0","0","0","8","36101","6","","1","01","N","N","1","","0","0","3","0","0","N","1812","6","6","0","0","0","0","0","3","0","6","N","","","","","","","","","","","","03","  ","","",""
"1932","0","0","0","0","0","0","0","0","0","4","0","","36","05","2017","2017054821","7","40.1","-76.3541","1924","08","0","0","0","0","0","1","0","0","2","0","0","0","19","1","3","01","1","40 06:00.025","4","00","76 21:14.898","4","0","0","0","36406","0","0","0","N","0","0","0","3","36101","3","","1","01","N","N","0","","0","0","1","3","2","N","1922","3","2","0","0","0","0","0","3","1","2","N","","","","","","","","","","","","03","  ","","",""
"1542","1","0","0","0","0","0","0","0","0","4","0","","36","05","2017","2017054827","5","40.0554","-76.3983","1540","08","0","0","0","0","0","0","0","0","2","0","0","0","15","1","0","01","1","40 03:19.364","4","00","76 23:53.869","0","0","0","0","36214","0","0","0","N","0","0","0","4","36214","0","","1","01","N","N","1","","0","0","0","3","2","N","1540","0","3","0","0","0","0","0","3","1","3","N","","","","","","","","","","","","03","  ","","",""
"1614","2","0","0","0","0","0","0","0","0","1","0","","36","05","2017","2017054836","1","40.0906","-76.3428","1606","08","0","0","0","0","0","0","0","0","2","0","0","0","16","1","0","00","1","40 05:25.990","2","00","76 20:34.180","0","0","0","0","36406","0","0","0","N","0","0","0","1","36101","0","","2","01","N","N","1","","0","0","0","0","0","N","1603","0","3","0","0","0","0","0","3","0","3","N","","","","","","","","","","","","03","  ","","",""
"1706","1","0","0","0","0","0","0","0","0","1","0","","36","05","2017","2017054840","3","40.1011","-76.1854","1657","08","0","0","0","0","0","2","0","0","2","0","0","0","16","1","0","00","1","40 06:03.823","4","00","76 11:07.390","0","0","0","0","36238","0","0","0","N","0","0","0","2","36238","0","","1","01","N","N","1","","0","0","0","0","0","N","1654","0","2","0","0","0","0","0","3","0","2","N","","","","","","","","","","","","03","  ","","",""
"0402","1","0","0","0","0","0","0","0","0","4","0","","36","05","2017","2017054844","6","40.0592","-76.069","0400","08","0","0","0","0","0","0","0","0","3","0","0","0","04","2","1","01","2","40 03:33.201","6","00","76 04:08.417","3","0","0","0","36209","0","0","0","N","0","0","0","2","36415","0","","1","09","N","N","0","","1","0","0","3","3","Y","0400","1","2","0","0","1","0","0","1","1","2","N","","","","","","","","","","","","03","  ","","",""
"1631","2","0","0","0","0","0","0","0","0","4","0","","36","05","2017","2017054845","5","40.1389","-76.2223","1627","08","0","0","0","0","0","2","1","0","2","0","0","0","16","1","1","01","2","40 08:20.182","4","00","76 13:20.414","4","0","0","0","36238","0","0","0","N","0","0","0","3","36238","1","","1","01","N","N","0","","0","0","1","3","3","Y","1625","1","3","0","0","0","0","0","3","0","3","N","","","","","","","","","","","","03","  ","","",""
"1340","1","0","0","0","0","0","0","0","0","4","0","","36","05","2017","2017054849","1","40.2264","-76.1804","1330","08","0","0","0","0","0","2","0","0","2","0","0","0","13","1","1","01","1","40 13:34.893","4","00","76 10:49.273","4","0","0","0","36236","0","0","0","N","0","0","0","2","36408","1","","1","01","N","N","0","","0","0","1","3","3","Y","1325","1","2","0","0","0","0","0","1","0","2","N","","","","","","","","","","","","03","  ","","",""
"2225","2","0","0","0","0","0","0","0","0","4","0","","36","05","2017","2017054850","5","40.1974","-76.2023","2226","08","0","0","0","0","1","0","0","0","2","0","0","0","22","3","0","01","2","40 11:50.629","4","00","76 12:08.108","0","0","0","0","36408","0","0","0","N","0","0","0","5","36408","0","","1","09","N","N","0","","0","0","1","3","3","Y","2223","0","3","0","0","0","0","0","2","0","3","N","","","","","","","","","","","","03","  ","","",""
"1545","2","0","0","0","0","0","0","0","0","1","0","","36","05","2017","2017054898","5","40.0822","-76.3579","1534","08","0","0","0","0","0","0","0","0","2","0","0","0","15","1","0","00","2","40 04:56.066","4","00","76 21:28.267","0","0","0","0","36214","0","0","0","","0","0","0","3","36214","0","","1","09","N","N","0","","0","0","1","0","0","N","1532","0","3","0","0","0","0","0","3","0","3","N","","","","","","","","","","","","07","  ","","",""
"1609","1","0","0","0","0","0","0","0","0","7","0","","36","05","2017","2017054912","2","40.1118","-76.5118","1605","08","0","0","0","0","0","0","0","1","2","0","0","0","16","1","0","00","1","40 06:42.551","4","00","76 30:42.555","0","0","0","0","36413","0","0","0","N","0","0","0","1","36413","0","","1","01","N","N","0","","0","0","0","0","0","Y","1603","0","1","0","0","0","0","0","2","0","1","N","","","","","","","","","","","","03","  ","","",""
"1527","1","0","0","0","0","0","0","0","0","2","0","","36","05","2017","2017054917","5","40.0591","-76.4629","1522","08","0","0","0","0","0","1","0","0","2","0","0","0","15","1","1","02","2","40 03:32.814","5","00","76 27:46.398","8","0","0","0","36239","0","0","0","N","0","0","0","3","36239","0","","1","09","N","N","1","","0","0","0","0","0","Y","1516","1","2","0","0","0","1","0","3","0","2","N","","","","","","","","","","","","07","  ","","",""
"1518","2","0","0","0","0","0","0","0","0","1","0","","36","05","2017","2017054934","5","40.0641","-76.2827","1507","08","0","0","0","0","1","0","0","0","","0","0","0","15","1","0","00","0","40 03:50.813","","00","76 16:57.571","0","0","0","0","36101","0","0","0","N","0","0","0","8","36101","0","","1","09","N","N","0","","0","0","0","0","0","","1504","0","3","0","0","0","0","0","3","1","3","N","","","","","","","","","","","","07","  ","","",""
"1722","0","0","0","0","0","0","0","0","0","1","0","","36","05","2017","2017054947","2","40.0386","-76.3149","1702","08","0","0","0","0","0","0","0","0","","0","1","0","17","1","0","01","0","40 02:18.896","","00","76 18:53.919","0","0","0","0","36301","0","0","0","N","0","0","0","2","36301","0","","1","01","N","N","0","","0","0","1","3","3","","1702","0","2","0","0","0","0","0","3","0","2","N","","","","","","","","","","","","03","  ","","",""
"1047","1","0","0","0","0","0","0","0","0","1","0","","36","05","2017","2017054951","3","40.0709","-76.3176","1043","08","0","0","0","0","0","0","0","0","2","0","0","0","10","1","0","00","1","40 04:15.366","1","00","76 19:03.502","0","0","0","0","36101","0","0","0","N","0","0","0","2","36101","0","","1","01","N","N","1","","0","0","0","0","0","N","1027","0","2","0","0","0","0","0","3","0","2","N","","","","","","","","","","","","03","  ","","",""
"1511","2","0","0","0","0","0","0","0","0","1","0","","36","05","2017","2017055024","3","40.0882","-76.3807","1506","08","0","0","0","0","0","1","0","0","1","0","0","0","15","1","1","00","1","40 05:17.413","1","03","76 22:50.363","4","0","0","0","36214","0","0","0","N","0","0","0","3","36214","1","","1","01","N","N","0","","0","0","0","0","0","N","1500","1","2","0","0","0","0","0","3","0","2","N","","","","","","","","","","","","03","  ","","",""
"1213","0","0","0","0","0","0","0","0","0","6","0","","36","05","2017","2017055031","3","40.0161","-76.3337","1209","08","0","0","0","0","0","0","1","0","2","0","0","0","12","1","1","00","2","40 00:58.096","6","00","76 20:01.212","3","0","0","0","36220","0","0","0","N","0","0","0","3","36101","0","","1","01","N","N","1","","1","0","1","0","0","Y","1205","1","2","0","0","0","0","0","3","0","2","N","","","","","","","","","","","","03","  ","","",""
"1555","1","0","0","0","0","0","0","0","0","1","0","","36","05","2017","2017055037","3","40.1198","-76.0296","1549","08","0","0","0","0","0","0","0","0","","0","0","0","15","1","1","00","0","40 07:11.104","","07","76 01:46.726","8","0","0","0","36213","0","0","0","N","0","0","0","4","36213","0","","1","01","N","N","0","","0","0","1","3","3","","1545","1","2","0","0","0","1","0","1","0","2","N","","","","","","","","","","","","03","  ","","",""