"ARRIVAL_TM","AUTOMOBILE_COUNT","BELTED_DEATH_COUNT","BELTED_SUSP_SERIOUS_INJ_COUNT","BICYCLE_COUNT","BICYCLE_DEATH_COUNT","BICYCLE_SUSP_SERIOUS_INJ_COUNT","BUS_COUNT","CHLDPAS_DEATH_COUNT","CHLDPAS_SUSP_SERIOUS_INJ_COUNT","COLLISION_TYPE","COMM_VEH_COUNT","CONS_ZONE_SPD_LIM","COUNTY","CRASH_MONTH","CRASH_YEAR","CRN","DAY_OF_WEEK","DEC_LAT","DEC_LONG","DISPATCH_TM","DISTRICT","DRIVER_COUNT_16YR","DRIVER_COUNT_17YR","DRIVER_COUNT_18YR","DRIVER_COUNT_19YR","DRIVER_COUNT_20YR","DRIVER_COUNT_50_64YR","DRIVER_COUNT_65_74YR","DRIVER_COUNT_75PLUS","EST_HRS_CLOSED","FATAL_COUNT","HEAVY_TRUCK_COUNT","HORSE_BUGGY_COUNT","HOUR_OF_DAY","ILLUMINATION","INJURY_COUNT","INTERSECT_TYPE","LANE_CLOSED","LATITUDE","LN_CLOSE_DIR","LOCATION_TYPE","LONGITUDE","MAX_SEVERITY_LEVEL","MCYCLE_DEATH_COUNT","MCYCLE_SUSP_SERIOUS_INJ_COUNT","MOTORCYCLE_COUNT","MUNICIPALITY","NONMOTR_COUNT","NONMOTR_DEATH_COUNT","NONMOTR_SUSP_SERIOUS_INJ_COUNT","NTFY_HIWY_MAINT","PED_COUNT","PED_DEATH_COUNT","PED_SUSP_SERIOUS_INJ_COUNT","PERSON_COUNT","POLICE_AGCY","POSSIBLE_INJ_COUNT","RDWY_SURF_TYPE_CD","RELATION_TO_ROAD","ROAD_CONDITION","SCH_BUS_IND","SCH_ZONE_IND","SMALL_TRUCK_COUNT","SPEC_JURIS_CD","SUSP_MINOR_INJ_COUNT","SUSP_SERIOUS_INJ_COUNT","SUV_COUNT","TCD_FUNC_CD","TCD_TYPE","TFC_DETOUR_IND","TIME_OF_DAY","TOT_INJ_COUNT","TOTAL_UNITS","UNB_DEATH_COUNT","UNB_SUSP_SERIOUS_INJ_COUNT","UNBELTED_OCC_COUNT","UNK_INJ_DEG_COUNT","UNK_INJ_PER_COUNT","URBAN_RURAL","VAN_COUNT","VEHICLE_COUNT","WORK_ZONE_IND","WORK_ZONE_LOC","WORK_ZONE_TYPE","WORKERS_PRES","WZ_CLOSE_DETOUR","WZ_FLAGGER","WZ_LAW_OFFCR_IND","WZ_LN_CLOSURE","WZ_MOVING","WZ_OTHER","WZ_SHLDER_MDN","ROADWAY_CLEARED","WEATHER1","WEATHER2","WZ_WORKERS_INJ_KILLED","SECONDARY_CRASH","INTERSECTION_RELATED"
"1522","2","0","0","0","0","0","0","0","0","1","0","","36","05","2017","2017055099","2","40.0851","-76.3811","1517","08","0","0","0","0","0","0","1","0","2","0","0","0","15","1","0","00","2","40 05:06.520","1","00","76 22:51.970","0","0","0","0","36214","0","0","0","","0","0","0","3","36214","0","","1","01","N","N","0","","0","0","1","3","2","Y","1515","0","3","0","0","0","0","0","3","0","3","N","","","","","","","","","","","","03","  ","","",""
"1736","1","0","0","0","0","0","0","0","0","1","0","","36","05","2017","2017055178","3","40.1274","-76.074","1731","08","0","0","0","0","0","0","0","0","","0","0","0","17","1","0","00","0","40 07:38.554","","00","76 04:26.435","0","0","0","0","36209","0","0","0","N","0","0","0","3","36415","0","","1","01","N","N","2","","0","0","0","0","0","","1731","0","3","0","0","1","0","0","1","0","3","N","","","","","","","","","","","","03","  ","","",""
"0645","1","0","0","0","0","0","0","0","0","7","0","","36","05","2017","2017055201","6","40.147","-76.5603","0638","08","0","0","0","0","0","0","0","0","","0","0","0","06","1","0","00","0","40 08:49.199","","00","76 33:36.912","0","0","0","0","36225","0","0","0","N","0","0","0","1","36505","0","","2","01","N","N","0","","0","0","0","0","0","","0638","0","1","0","0","0","0","0","2","0","1","N","","","","","","","","","","","","03","  ","","",""
"2025","1","0","0","0","0","0","0","0","0","7","0","","36","05","2017","2017055209","2","40.033","-76.2998","2025","08","0","0","0","0","0","0","0","0","2","0","0","0","20","4","1","00","1","40 01:58.800","1","00","76 17:59.434","3","0","0","0","36301","0","0","0","N","0","0","0","1","36301","0","","5","01","N","N","0","","1","0","0","3","3","N","2025","1","1","0","0","0","0","0","3","0","1","N","","","","","","","","","","","","03","  ","","",""
"2114","2","0","0","0","0","0","0","0","0","4","0","","36","05","2017","2017055219","3","40.1027","-76.4328","2109","08","0","0","0","0","0","0","0","0","2","0","0","0","21","2","0","02","2","40 06:09.698","2","00","76 25:58.025","9","0","0","0","36239","0","0","0","N","0","0","0","2","36239","0","","1","09","N","N","0","","0","0","0","3","3","Y","2109","0","2","0","0","0","0","1","3","0","2","N","","","","","","","","","","","","07","05","","",""
"0512","0","0","0","0","0","0","0","0","0","7","0","","36","05","2017","2017055221","5","40.2852","-76.1893","0459","08","0","0","0","0","0","0","0","0","","0","0","0","04","2","0","00","0","40 17:06.756","","00","76 11:21.579","9","0","0","0","36236","0","0","0","N","0","0","0","1","36408","0","","4","09","N","N","1","","0","0","0","0","0","","0459","0","1","0","0","0","0","1","1","0","1","N","","","","","","","","","","","","07","  ","","",""
"0132","1","0","0","0","0","0","0","0","0","7","0","","36","05","2017","2017055228","4","40.1773","-76.1278","0127","08","0","0","0","0","1","0","0","0","","0","0","0","01","2","1","00","0","40 10:38.419","","00","76 07:40.039","3","0","0","0","36218","0","0","0","N","0","0","0","1","36408","0","","5","09","N","N","0","","1","0","0","0","0","","0124","1","1","0","0","0","0","0","1","0","1","N","","","","","","","","","","","","05","  ","","",""
"0847","0","0","0","0","0","0","0","0","0","7","0","","36","03","2017","2017055251","4","39.9981","-76.0587","0844","08","0","0","0","0","0","0","0","0","2","0","0","0","08","1","1","00","1","39 59:52.883","4","00","76 03:28.888","8","0","0","0","36232","0","0","0","","0","0","0","1","68J01","0","","4","09","N","N","0","","0","0","0","0","0","Y","0842","1","1","0","0","0","1","0","1","1","1","N","","","","","","","","","","","","07","  ","","",""
"2251","1","0","0","0","0","0","0","0","0","4","0","","36","03","2017","2017055252","7","39.9756","-75.9939","2233","08","0","0","0","0","0","0","1","0","","0","0","0","22","2","1","01","0","39 58:32.262","","00","75 59:37.905","8","0","0","0","36231","0","0","0","","0","0","0","3","68J01","0","","1","01","N","N","1","","0","0","0","3","3","","2222","1","2","0","0","0","1","0","1","0","2","N","","","","","","","","","","","","03","  ","","",""
"0908","0","0","0","0","0","0","0","0","0","7","0","","36","03","2017","2017055253","4","40.0252","-76.0745","0908","08","0","0","0","0","0","0","0","0","1","0","0","0","08","3","0","00","1","40 01:30.885","6","00","76 04:28.201","0","0","0","0","36221","0","0","0","","0","0","0","2","68J01","0","","4","02","N","N","0","","0","0","0","0","0","Y","0853","0","1","0","0","0","0","0","1","1","1","N","","","","","","","","","","","","03","  ","","",""
"0314","1","0","0","0","0","0","0","0","0","7","0","","36","03","2017","2017055254","5","39.9294","-76.2528","0313","08","0","0","0","0","1","0","0","0","2","0","0","0","03","2","2","01","1","39 55:40.298","6","00","76 15:11.222","8","0","0","0","36229","0","0","0","","0","0","0","2","68J01","0","","5","01","N","N","0","","0","0","0","0","0","Y","0312","2","1","0","0","0","2","0","1","0","1","N","","","","","","","","","","","","03","  ","","",""
"0937","1","0","0","0","0","0","0","0","0","1","0","","36","04","2017","2017055256","7","39.8831","-76.2327","0937","08","0","0","0","0","0","1","0","0","","0","0","0","09","1","1","00","0","39 52:59.198","","07","76 13:57.838","3","0","0","0","36229","0","0","0","","0","0","0","2","68J01","0","","1","09","N","N","1","","1","0","0","0","0","","0937","1","2","0","0","0","0","0","1","0","2","N","","","","","","","","","","","","07","  ","","",""
"1850","0","0","0","0","0","0","0","0","0","4","0","","36","05","2017","2017055259","1","39.8942","-76.17","1845","08","0","0","0","0","0","0","1","0","2","0","1","0","18","1","0","00","2","39 53:38.960","5","07","76 10:11.950","0","0","0","0","36416","0","0","0","","0","0","0","4","68J01","0","","1","01","N","N","0","","0","0","1","0","0","Y","1843","0","2","0","0","0","0","0","1","0","2","N","","","","","","","","","","","","03","  ","","",""
"0202","1","0","0","0","0","0","0","0","0","7","0","","36","05","2017","2017055293","7","40.0295","-76.229","0202","08","0","0","0","0","0","0","0","0","","0","0","0","02","3","1","00","0","40 01:46.163","","00","76 13:44.520","4","0","0","0","36215","0","0","0","","0","0","0","2","36215","1","","5","01","N","N","0","","0","0","1","0","0","","0201","1","3","0","0","0","0","0","1","1","3","N","","","","","","","","","","","","03","  ","","",""
"1443","1","0","0","0","0","0","0","0","0","2","0","","36","05","2017","2017055294","4","40.0677","-76.2005","1424","08","0","0","0","0","0","0","0","0","2","0","0","0","14","1","1","00","1","40 04:03.810","3","00","76 12:01.890","2","0","1","1","36234","0","0","0","","0","0","0","2","36215","0","","1","01","N","N","0","","0","1","0","0","0","N","1421","1","2","0","0","0","0","0","1","0","2","N","","","","","","","","","","","","03","  ","","",""
"1536","1","0","0","0","0","0","0","0","0","5","1","","36","05","2017","2017055295","4","40.0351","-76.2429","1525","08","0","0","0","0","0","1","0","0","","0","1","0","15","1","0","00","0","40 02:06.361","","00","76 14:34.410","0","0","0","0","36215","0","0","0","","0","0","0","2","36215","0","","1","01","N","N","0","","0","0","0","0","0","","1510","0","2","0","0","0","0","0","1","0","2","N","","","","","","","","","","","","03","  ","","",""
"1107","1","0","0","0","0","0","0","0","0","7","0","","36","05","2017","2017055296","6","40.0831","-76.2234","1107","08","0","0","0","0","0","0","0","0","","0","0","0","11","1","2","00","0","40 04:59.090","","00","76 13:24.340","4","0","0","0","36234","0","0","0","","0","0","0","2","36215","2","","5","01","N","N","0","","0","0","0","0","0","","1107","2","1","0","0","0","0","0","1","0","1","N","","","","","","","","","","","","03","  ","","",""
"1726","2","0","0","0","0","0","0","0","0","1","0","","36","05","2017","2017055297","5","40.0489","-76.2529","1723","08","0","0","0","1","0","1","0","0","","0","0","0","17","3","0","00","0","40 02:55.940","","00","76 15:10.407","0","0","0","0","36215","0","0","0","","0","0","0","2","36215","0","","1","01","N","N","0","","0","0","0","0","0","","1721","0","2","0","0","0","0","0","1","0","2","N","","","","","","","","","","","","03","  ","","",""
"1712","1","0","1","0","0","0","0","0","0","7","0","","36","03","2017","2017055329","7","40.1374","-75.8977","1656","08","0","0","0","0","0","0","0","0","","0","0","0","16","1","1","00","0","40 08:14.640","","00","75 53:51.780","2","0","0","0","36203","0","0","0","","0","0","0","1","68J01","0","","4","01","N","N","0","","0","1","0","0","0","","1656","1","1","0","0","0","0","0","1","0","1","N","","","","","","","","","","","","03","  ","","",""
"1153","0","0","0","0","0","0","0","0","0","7","0","","36","04","2017","2017055331","1","39.9281","-76.0755","1135","08","0","0","0","0","0","0","0","0","","0","0","0","11","1","1","00","0","39 55:41.280","","00","76 04:31.620","3","0","0","1","36201","0","0","0","","0","0","0","1","68J01","0","","5","01","N","N","0","","1","0","0","0","0","","1135","1","1","0","0","0","0","0","1","0","1","N","","","","","","","","","","","","03","  ","","",""
"1701","2","0","0","0","0","0","0","0","0","1","0","","36","05","2017","2017055385","4","40.0252","-76.3252","1656","08","0","0","0","0","0","1","0","0","2","0","0","0","16","1","0","02","1","40 01:30.619","4","00","76 19:30.860","0","0","0","0","36220","0","0","0","N","0","0","0","2","36101","0","","1","01","N","N","0","","0","0","0","0","0","N","1651","0","2","0","0","0","0","0","3","0","2","N","","","","","","","","","","","","03","  ","","",""
"1700","1","0","0","0","0","0","0","0","0","4","0","","36","05","2017","2017055403","4","40.1297","-76.3048","1700","08","0","0","0","0","0","1","1","0","","0","0","0","17","1","0","01","0","40 07:47.006","","00","76 18:17.258","0","0","0","0","36235","0","0","0","","0","0","0","2","36506","0","","1","01","N","N","0","","0","0","1","0","0","","1700","0","2","0","0","0","0","0","1","0","2","N","","","","","","","","","","","","03","  ","","",""
"1614","2","0","0","0","0","0","0","0","0","4","0","","36","05","2017","2017055404","2","40.1885","-76.2257","1609","08","0","0","0","0","0","1","1","0","1","0","0","0","16","1","0","01","1","40 11:18.493","1","00","76 13:32.657","0","0","0","0","36218","0","0","0","","0","0","0","2","36506","0","","1","01","N","N","0","","0","0","0","3","3","N","1609","0","2","0","0","0","0","0","1","0","2","N","","","","","","","","","","","","03","  ","","",""
"1206","1","0","0","0","0","0","0","0","0","4","0","","36","05","2017","2017055510","4","40.1948","-76.1482","1156","08","0","0","0","0","0","0","1","0","1","0","0","0","11","1","0","02","1","40 11:41.350","2","00","76 08:53.445","0","0","0","0","36218","0","0","0","N","0","0","0","2","36408","0","","1","01","N","N","0","","0","0","0","3","3","N","1156","0","2","0","0","0","0","0","1","1","2","N","","","","","","","","","","","","03","  ","","",""
"1044","1","0","0","0","0","0","0","0","0","7","0","","36","05","2017","2017055781","6","40.2281","-76.464","1006","08","0","0","0","0","0","0","0","0","2","0","0","0","10","1","2","00","2","40 13:41.562","3","00","76 27:47.599","8","0","0","0","36230","0","0","0","","0","0","0","2","68T06","0","","4","09","N","N","0","","0","0","0","0","0","N","1001","2","1","0","0","0","2","0","1","0","1","N","","","","","","","","","","","","07","  ","","",""
"1729","0","0","0","0","0","0","0","0","0","7","0","","36","05","2017","2017055787","6","40.0686","-76.3297","1727","08","0","0","0","1","0","0","0","0","2","0","0","0","17","3","0","00","2","40 04:07.048","3","00","76 19:47.061","0","0","0","0","36101","0","0","0","N","0","0","0","1","36101","0","","3","01","N","N","1","","0","0","0","0","0","N","1725","0","1","0","0","0","0","0","3","0","1","N","","","","","","","","","","","","03","  ","","",""
"0236","0","0","0","0","0","0","0","0","0","9","1","","36","05","2017","2017055791","4","40.1784","-75.9883","0216","08","0","0","0","0","0","1","0","0","","0","1","0","02","2","0","00","0","40 10:40.179","","00","75 59:15.676","0","0","0","0","36202","0","0","0","","0","0","0","1","68T06","0","","1","01","N","N","0","","0","0","0","0","0","","0216","0","1","0","0","0","0","0","1","0","1","N","","","","","","","","","","","","03","  ","","",""
"1856","1","0","0","0","0","0","0","0","0","9","0","","36","05","2017","2017055794","4","40.2317","-76.3339","1842","08","0","0","0","0","0","1","0","0","","0","0","0","18","1","0","00","0","40 13:53.843","","00","76 20:04.810","0","0","0","0","36217","0","0","0","","0","0","0","1","68T06","0","","1","01","N","N","0","","0","0","0","0","0","","1840","0","1","0","0","0","0","0","1","0","1","N","","","","","","","","","","","","03","  ","","",""
"1625","1","0","0","0","0","0","0","0","0","7","0","","36","05","2017","2017055799","6","40.21","-76.0399","1615","08","0","0","0","0","0","1","0","0","","0","0","0","16","1","1","00","0","40 12:36.127","","00","76 02:25.195","3","0","0","0","36202","0","0","0","","0","0","0","1","68T06","0","","1","01","N","N","0","","1","0","0","0","0","","1600","1","1","0","0","0","0","0","1","0","1","N","","","","","","","","","","","","03","  ","","",""
"2000","1","0","0","0","0","0","0","0","0","9","0","","36","05","2017","2017055802","7","40.2458","-76.201","1955","08","0","0","0","0","0","0","0","0","","0","0","0","19","4","0","00","0","40 14:44.759","","00","76 12:05.779","0","0","0","0","36236","0","0","0","","0","0","0","3","68T06","0","","1","01","N","N","0","","0","0","0","0","0","","1953","0","1","0","0","1","0","0","1","0","1","N","","","","","","","","","","","","03","  ","","",""
"2037","1","0","0","0","0","0","0","0","0","9","0","","36","05","2017","2017055803","1","40.2457","-76.22","2024","08","0","0","0","0","0","0","0","0","","0","0","0","20","2","0","00","0","40 14:44.410","","00","76 13:13.963","0","0","0","0","36204","0","0","0","","0","0","0","1","68T06","0","","1","01","N","N","0","","0","0","0","0","0","","2024","0","1","0","0","0","0","0","1","0","1","N","","","","","","","","","","","","03","  ","","",""
"1246","1","0","0","0","0","0","0","0","0","1","0","","36","05","2017","2017055814","4","40.2282","-76.3639","1235","08","0","0","0","0","0","1","0","0","","0","0","0","12","1","0","00","0","40 13:41.830","","00","76 21:47.081","0","0","0","0","36227","0","0","0","","0","0","0","2","68T06","0","","1","01","N","N","1","","0","0","0","0","0","","1235","0","2","0","0","0","0","0","1","0","2","N","","","","","","","","","","","","03","  ","","",""
"1713","1","0","0","0","0","0","0","0","0","9","0","","36","05","2017","2017055815","4","40.23","-76.3489","1710","08","0","0","0","0","0","0","0","0","","0","0","0","17","1","0","00","0","40 13:48.458","","00","76 20:52.961","0","0","0","0","36217","0","0","0","","0","0","0","1","68T06","0","","1","01","N","N","0","","0","0","0","0","0","","1709","0","1","0","0","0","0","0","1","0","1","N","","","","","","","","","","","","03","  ","","",""
"2320","1","0","0","0","0","0","0","0","0","5","1","","36","05","2017","2017055824","5","40.2172","-76.0786","2301","08","0","0","0","0","0","0","0","0","","0","1","0","23","3","0","00","0","40 13:01.883","","00","76 04:43.231","9","0","0","0","36210","0","0","0","","0","0","0","3","68T06","0","","1","09","N","N","0","","0","0","0","0","0","","2300","0","2","0","0","0","0","1","1","0","2","N","","","","","","","","","","","","03","  ","","",""
"1457","0","0","0","0","0","0","0","0","0","1","0","","36","05","2017","2017055865","4","40.1254","-76.466","1455","08","0","0","0","0","0","1","1","0","1","0","0","0","14","1","1","02","1","40 07:31.352","4","00","76 27:57.455","8","0","0","0","36230","0","0","0","N","0","0","0","2","36410","0","","1","01","N","N","1","","0","0","1","0","0","Y","1455","1","2","0","0","0","1","0","1","0","2","N","","","","","","","","","","","","03","  ","","",""
"0836","1","0","0","0","0","0","0","0","0","1","0","","36","05","2017","2017055918","4","40.0863","-76.3285","0827","08","0","0","0","0","0","0","0","0","","0","0","0","08","1","0","02","0","40 05:10.700","","00","76 19:42.740","0","0","0","0","36101","0","0","0","N","0","0","0","2","36101","0","","1","01","N","N","0","","0","0","1","0","0","","0825","0","2","0","0","0","0","0","3","0","2","N","","","","","","","","","","","","03","  ","","",""
"1245","1","0","0","0","0","0","0","0","0","7","0","","36","05","2017","2017055932","5","39.7543","-76.1691","1122","08","0","0","0","0","0","0","0","0","","0","0","0","08","1","0","00","0","39 45:15.446","","00","76 10:08.761","0","0","0","0","36219","0","0","0","","0","0","0","1","68J01","0","","4","01","N","N","0","","0","0","0","0","0","","0800","0","1","0","0","0","0","0","1","0","1","N","","","","","","","","","","","","03","  ","","",""
"0656","0","0","0","0","0","0","0","0","0","4","0","","36","05","2017","2017055934","2","40.0381","-76.1067","0638","08","0","0","0","0","0","0","0","0","2","0","0","0","06","1","0","01","2","40 02:17.173","6","00","76 06:24.166","9","0","0","0","36221","0","0","0","","0","0","0","3","68J01","0","","1","01","N","N","0","","0","0","2","3","3","Y","0633","0","3","0","0","0","0","2","1","1","3","N","","","","","","","","","","","","03","  ","","",""
"0915","1","0","0","0","0","0","0","0","0","7","0","","36","05","2017","2017055936","4","39.9431","-76.0404","0848","08","0","0","0","0","0","1","0","0","","0","0","0","08","1","1","00","0","39 56:35.220","","00","76 02:25.510","8","0","0","0","36231","0","0","0","","0","0","0","1","68J01","0","","4","01","N","N","0","","0","0","0","0","0","","0848","1","1","0","0","0","1","0","1","0","1","N","","","","","","","","","","","","03","  ","","",""
"1542","0","0","0","0","0","0","0","0","0","7","0","","36","05","2017","2017055937","4","40.2147","-76.0643","1523","08","0","0","0","0","0","0","0","0","2","0","0","0","15","1","0","00","2","40 12:52.800","6","00","76 03:51.420","0","0","0","0","36202","0","0","0","","0","0","0","1","68J01","0","","4","01","N","N","1","","0","0","0","0","0","Y","1504","0","1","0","0","0","0","0","1","0","1","N","","","","","","","","","","","","03","  ","","",""
"0546","1","0","0","0","0","0","0","0","0","7","0","","36","05","2017","2017055938","5","39.8147","-76.289","0538","08","0","0","0","0","0","0","0","0","2","0","0","0","00","2","0","00","1","39 48:52.830","3","07","76 17:20.370","0","0","0","0","36208","0","0","0","","0","0","0","1","68J01","0","","5","01","N","N","0","","0","0","0","0","0","N","0015","0","1","0","0","1","0","0","1","0","1","N","","","","","","","","","","","","03","  ","","",""
"1802","0","0","0","0","0","0","0","0","0","7","0","","36","05","2017","2017055940","6","40.0389","-76.1022","1733","08","0","0","0","0","0","0","0","0","","0","0","0","17","1","1","01","0","40 02:19.992","","00","76 06:08.030","3","0","0","1","36221","0","0","0","","0","0","0","1","68J01","0","","2","01","N","N","0","","1","0","0","0","0","","1725","1","1","0","0","0","0","0","1","0","1","N","","","","","","","","","","","","03","  ","","",""
"0346","0","0","0","0","0","0","0","0","0","0","0","","36","05","2017","2017055941","7","40.1895","-76.31","0331","08","0","0","0","0","0","0","0","0","","0","0","0","03","2","1","01","0","40 11:22.225","","00","76 18:36.138","3","0","0","1","36217","0","0","0","","0","0","0","1","68J01","0","","1","01","N","N","0","","1","0","0","0","0","","0320","1","1","0","0","0","0","0","1","0","1","N","","","","","","","","","","","","03","  ","","",""
"0656","2","0","0","0","0","0","0","0","0","6","0","","36","05","2017","2017055942","4","40.0591","-76.4629","0652","08","0","0","0","0","0","0","0","0","1","0","0","0","06","1","0","02","1","40 03:32.814","2","00","76 27:46.398","0","0","0","0","36239","0","0","0","N","0","0","0","2","36239","0","","1","09","N","N","0","","0","0","0","0","0","N","0650","0","2","0","0","0","0","0","3","0","2","N","","","","","","","","","","","","03","  ","","",""
"1250","1","0","0","0","0","0","0","0","0","4","0","","36","05","2017","2017055943","7","40.2142","-76.2897","1232","08","0","0","0","0","0","0","0","0","2","0","0","0","12","1","0","01","1","40 12:51.234","2","00","76 17:22.756","0","0","0","0","36217","0","0","0","","0","0","0","2","68J01","0","","1","01","N","N","0","","0","0","1","3","3","N","1229","0","2","0","0","0","0","0","1","0","2","N","","","","","","","","","","","","03","  ","","",""
"1348","0","0","0","0","0","0","0","0","0","7","0","","36","05","2017","2017055945","1","39.9824","-76.1667","1334","08","0","0","0","0","0","0","1","0","2","0","0","0","13","1","1","00","1","39 58:56.812","4","00","76 09:59.950","2","0","1","1","36233","0","0","0","","0","0","0","1","68J01","0","","4","01","N","N","0","","0","1","0","0","0","N","1333","1","1","0","0","0","0","0","1","0","1","N","","","","","","","","","","","","03","  ","","",""
"1720","1","0","0","0","0","0","0","0","0","4","0","","36","05","2017","2017055946","2","39.7805","-76.0999","1657","08","0","0","1","0","0","0","0","0","2","0","0","0","16","1","0","01","1","39 46:49.874","2","00","76 05:59.461","0","0","0","0","36222","0","0","0","","0","0","0","2","68J01","0","","1","01","N","N","0","","0","0","1","3","3","N","1656","0","2","0","0","0","0","0","1","0","2","N","","","","","","","","","","","","03","  ","","",""
"1249","1","0","0","0","0","0","0","0","0","4","0","","36","05","2017","2017055979","3","39.9788","-76.0151","1236","08","0","0","0","0","0","0","0","1","","0","0","0","12","1","0","00","0","39 58:43.533","","07","76 00:54.210","0","0","0","0","36231","0","0","0","","0","0","0","2","68J01","0","","1","01","N","N","0","","0","0","1","0","0","","1235","0","2","0","0","0","0","0","1","0","2","N","","","","","","","","","","","","03","  ","","",""
"1636","1","0","0","0","0","0","0","0","0","7","0","","36","05","2017","2017055981","7","40.2299","-76.3122","1606","08","0","0","0","0","0","0","0","0","","0","0","0","16","1","0","00","0","40 13:47.787","","00","76 18:44.033","0","0","0","0","36217","0","0","0","","0","0","0","2","68J01","0","","2","01","N","N","0","","0","0","0","0","0","","1606","0","1","0","0","0","0","0","1","0","1","N","","","","","","","","","","","","03","  ","","",""
"0800","1","0","0","0","0","0","0","0","0","7","0","","36","05","2017","2017055989","3","39.9959","-76.1299","0754","08","0","0","0","0","0","0","0","0","2","0","0","0","07","5","1","00","2","39 59:45.140","5","00","76 07:47.730","8","0","0","0","36226","0","0","0","","0","0","0","1","68J01","0","","4","09","N","N","0","","0","0","0","0","0","N","0745","1","1","0","0","1","1","0","1","0","1","N","","","","","","","","","","","","03","  ","","",""
"0810","0","0","0","0","0","0","0","0","0","1","0","","36","06","2017","2017056006","5","40.0623","-76.2801","0806","08","0","0","0","0","0","0","0","0","","0","0","0","07","1","0","00","0","40 03:44.133","","00","76 16:48.476","0","0","0","0","36101","0","0","0","N","0","0","0","2","36101","0","","1","01","N","N","0","","0","0","2","0","0","","0754","0","2","0","0","0","0","0","3","0","2","N","","","","","","","","","","","","03","  ","","",""
"0735","1","0","0","0","0","0","0","0","0","4","0","","36","06","2017","2017056014","5","40.1147","-76.244","0730","08","0","0","0","0","0","1","0","0","1","0","0","0","07","1","0","02","2","40 06:52.778","7","00","76 14:38.314","0","0","0","0","36101","0","0","0","N","0","0","0","3","36101","0","","1","01","N","N","0","","0","0","1","3","3","N","0700","0","2","0","0","0","0","0","3","0","2","N","","","","","","","","","","","","03","  ","","",""
"1131","1","0","0","0","0","0","0","0","0","7","0","","36","05","2017","2017056051","4","40.2143","-76.187","1123","08","0","0","0","0","0","0","0","0","1","0","0","0","11","1","0","00","1","40 12:51.550","5","03","76 11:13.090","0","0","0","0","36204","0","0","0","","0","0","0","1","36506","0","","4","01","N","N","0","","0","0","0","0","0","N","1123","0","1","0","0","0","0","0","1","0","1","N","","","","","","","","","","","","03","  ","","",""
"0659","0","0","0","0","0","0","0","0","0","1","0","","36","06","2017","2017056060","5","40.109","-76.4919","0653","08","0","0","0","0","0","1","1","0","1","0","0","0","06","1","1","01","1","40 06:32.493","4","00","76 29:31.001","3","0","0","0","36413","0","0","0","N","0","0","0","3","36413","0","","1","01","N","N","0","","1","0","1","0","0","N","0653","1","3","0","0","0","0","0","2","2","3","N","","","","","","","","","","","","03","  ","","",""
"1445","1","0","0","0","0","0","0","0","0","4","1","","36","05","2017","2017056075","4","40.1554","-76.1306","1440","08","0","0","0","0","0","1","0","0","","0","1","0","14","1","0","00","0","40 09:19.461","","00","76 07:50.118","0","0","0","0","36218","0","0","0","N","0","0","0","2","36408","0","","1","01","N","N","0","","0","0","0","0","0","","1440","0","2","0","0","0","0","0","1","0","2","N","","","","","","","","","","","","03","  ","","",""
"1500","1","0","0","0","0","0","0","0","0","1","0","","36","05","2017","2017056089","2","40.0279","-76.3046","1451","08","0","0","0","0","0","1","0","0","","0","0","0","14","1","3","00","0","40 01:40.400","","00","76 18:16.700","4","0","0","0","36301","0","0","0","","0","0","0","5","36301","3","","1","01","","","0","","0","0","1","0","0","","1445","3","3","0","0","0","0","0","3","1","3","N","","","","","","","","","","","","03","  ","","",""
"1611","0","0","0","0","0","0","0","0","0","0","0","","36","05","2017","2017056094","4","40.1645","-76.5894","1611","08","0","1","0","0","0","0","0","0","","0","0","0","16","1","1","00","0","40 09:52.210","","00","76 35:21.830","3","0","0","1","36407","0","0","0","N","0","0","0","1","36407","0","","5","01","N","N","0","","1","0","0","0","0","","1611","1","1","0","0","0","0","0","2","0","1","N","","","","","","","","","","","","03","  ","","",""
"1825","1","0","0","0","0","0","0","0","0","4","0","","36","05","2017","2017056100","4","40.0289","-76.2977","1818","08","0","0","0","0","0","0","0","0","1","0","0","0","18","1","0","01","1","40 01:44.047","3","00","76 17:51.838","0","0","0","0","36301","0","0","0","N","0","0","0","2","36301","0","","1","01","N","N","1","","0","0","0","0","0","Y","1818","0","2","0","0","0","0","0","3","0","2","N","","","","","","","","","","","","03","  ","","",""
"1726","1","0","0","0","0","0","0","0","0","1","0","","36","06","2017","2017056250","5","40.0655","-76.307","1718","08","0","0","0","0","0","0","0","0","","0","0","0","17","1","0","00","0","40 03:55.672","","00","76 18:25.039","0","0","0","0","36101","0","0","0","N","0","0","0","2","36101","0","","1","01","N","N","0","","0","0","1","0","0","","1716","0","2","0","0","0","0","0","3","0","2","N","","","","","","","","","","","","03","  ","","",""
"1757","0","0","0","0","0","0","0","0","0","2","0","","36","06","2017","2017056262","5","40.0549","-76.5249","1740","08","0","0","0","0","0","0","0","0","3","0","0","0","17","1","2","00","2","40 03:17.779","5","00","76 31:29.724","2","0","0","0","36239","0","0","0","N","0","0","0","3","36239","0","","1","01","N","N","1","","1","1","1","0","0","Y","1740","2","2","0","1","2","0","0","3","0","2","N","","","","","","","","","","","","03","  ","","",""