"ARRIVAL_TM","AUTOMOBILE_COUNT","BELTED_DEATH_COUNT","BELTED_SUSP_SERIOUS_INJ_COUNT","BICYCLE_COUNT","BICYCLE_DEATH_COUNT","BICYCLE_SUSP_SERIOUS_INJ_COUNT","BUS_COUNT","CHLDPAS_DEATH_COUNT","CHLDPAS_SUSP_SERIOUS_INJ_COUNT","COLLISION_TYPE","COMM_VEH_COUNT","CONS_ZONE_SPD_LIM","COUNTY","CRASH_MONTH","CRASH_YEAR","CRN","DAY_OF_WEEK","DEC_LAT","DEC_LONG","DISPATCH_TM","DISTRICT","DRIVER_COUNT_16YR","DRIVER_COUNT_17YR","DRIVER_COUNT_18YR","DRIVER_COUNT_19YR","DRIVER_COUNT_20YR","DRIVER_COUNT_50_64YR","DRIVER_COUNT_65_74YR","DRIVER_COUNT_75PLUS","EST_HRS_CLOSED","FATAL_COUNT","HEAVY_TRUCK_COUNT","HORSE_BUGGY_COUNT","HOUR_OF_DAY","ILLUMINATION","INJURY_COUNT","INTERSECT_TYPE","LANE_CLOSED","LATITUDE","LN_CLOSE_DIR","LOCATION_TYPE","LONGITUDE","MAX_SEVERITY_LEVEL","MCYCLE_DEATH_COUNT","MCYCLE_SUSP_SERIOUS_INJ_COUNT","MOTORCYCLE_COUNT","MUNICIPALITY","NONMOTR_COUNT","NONMOTR_DEATH_COUNT","NONMOTR_SUSP_SERIOUS_INJ_COUNT","NTFY_HIWY_MAINT","PED_COUNT","PED_DEATH_COUNT","PED_SUSP_SERIOUS_INJ_COUNT","PERSON_COUNT","POLICE_AGCY","POSSIBLE_INJ_COUNT","RDWY_SURF_TYPE_CD","RELATION_TO_ROAD","ROAD_CONDITION","SCH_BUS_IND","SCH_ZONE_IND","SMALL_TRUCK_COUNT","SPEC_JURIS_CD","SUSP_MINOR_INJ_COUNT","SUSP_SERIOUS_INJ_COUNT","SUV_COUNT","TCD_FUNC_CD","TCD_TYPE","TFC_DETOUR_IND","TIME_OF_DAY","TOT_INJ_COUNT","TOTAL_UNITS","UNB_DEATH_COUNT","UNB_SUSP_SERIOUS_INJ_COUNT","UNBELTED_OCC_COUNT","UNK_INJ_DEG_COUNT","UNK_INJ_PER_COUNT","URBAN_RURAL","VAN_COUNT","VEHICLE_COUNT","WORK_ZONE_IND","WORK_ZONE_LOC","WORK_ZONE_TYPE","WORKERS_PRES","WZ_CLOSE_DETOUR","WZ_FLAGGER","WZ_LAW_OFFCR_IND","WZ_LN_CLOSURE","WZ_MOVING","WZ_OTHER","WZ_SHLDER_MDN","ROADWAY_CLEARED","WEATHER1","WEATHER2","WZ_WORKERS_INJ_KILLED","SECONDARY_CRASH","INTERSECTION_RELATED"
"1341","1","0","0","0","0","0","0","0","0","4","0","","36","05","2017","2017056267","5","39.9876","-76.2766","1338","08","0","1","0","0","0","1","0","0","","0","0","0","13","1","2","01","0","39 59:15.198","","00","76 16:35.769","8","0","0","0","36240","0","0","0","N","0","0","0","2","36240","0","","1","01","N","N","1","","0","0","0","3","2","","1331","2","2","0","0","0","2","0","1","0","2","N","","","","","","","","","","","","03","  ","","",""
"0856","1","0","0","0","0","0","0","0","0","7","0","","36","05","2017","2017056269","6","40.1599","-76.391","0856","08","0","0","0","0","0","0","0","0","","0","0","0","08","1","0","01","0","40 09:35.765","","00","76 23:27.466","0","0","0","0","36410","0","0","0","N","0","0","0","1","36410","0","","5","01","N","N","0","","0","0","0","3","2","","0855","0","1","0","0","0","0","0","2","0","1","N","","","","","","","","","","","","03","  ","","",""
"1854","0","0","0","0","0","0","0","0","0","7","0","25","36","05","2017","2017056272","2","40.2122","-76.1291","1854","08","0","0","0","0","0","0","0","0","","0","0","0","18","1","0","00","0","40 12:48.568","","00","76 07:36.548","0","0","0","1","36210","0","0","0","N","0","0","0","1","36210","0","","5","01","N","N","0","","0","0","0","3","7","","1847","0","1","0","0","0","0","0","1","0","1","Y","4","1","Y","","Y","N","Y","","","","","03","  ","","",""
"1858","0","0","0","0","0","0","0","0","0","7","0","","36","06","2017","2017056280","5","40.2147","-76.0876","1857","08","0","0","0","0","0","0","1","0","","0","0","0","18","1","0","00","0","40 12:52.780","","00","76 05:15.390","0","0","0","0","36210","0","0","0","N","0","0","0","2","36210","0","","5","01","N","N","0","","0","0","1","0","0","","1852","0","2","0","0","0","0","0","1","0","1","N","","","","","","","","","","","","03","  ","","",""
"1648","2","0","0","0","0","0","0","0","0","4","0","","36","05","2017","2017056290","3","39.8978","-76.1617","1648","08","0","0","1","0","0","0","0","1","1","0","0","0","16","1","1","01","2","39 53:52.166","7","00","76 09:41.968","4","0","0","0","36416","0","0","0","N","0","0","0","2","36416","1","","1","01","N","N","0","","0","0","0","0","0","Y","1645","1","2","0","0","0","0","0","1","0","2","N","","","","","","","","","","","","03","  ","","",""
"2134","1","0","0","0","0","0","0","0","0","4","0","","36","05","2017","2017056296","4","40.0627","-76.2805","2130","08","0","0","0","0","0","1","0","1","","0","0","0","21","3","4","00","0","40 03:45.592","","00","76 16:49.823","4","0","0","0","36101","0","0","0","N","0","0","0","7","36101","4","","1","01","N","N","0","","0","0","2","0","0","","2130","4","3","0","0","0","0","0","3","0","3","N","","","","","","","","","","","","03","  ","","",""
"2246","1","0","0","0","0","0","0","0","0","4","0","","36","05","2017","2017056297","1","40.0377","-76.3085","2243","08","0","0","0","0","0","0","0","0","2","0","0","0","22","3","2","01","2","40 02:15.572","7","00","76 18:30.512","3","0","0","0","36301","0","0","0","N","0","0","0","3","36301","0","","1","01","N","N","0","","2","0","1","3","2","Y","2239","2","2","0","0","0","0","0","3","0","2","N","","","","","","","","","","","","03","  ","","",""
"1657","1","0","0","0","0","0","0","0","0","7","0","","36","05","2017","2017056309","3","40.2855","-76.1896","1649","08","0","0","0","0","0","0","0","0","","0","0","0","16","1","0","00","0","40 17:07.979","","00","76 11:22.717","0","0","0","0","36236","0","0","0","N","0","0","0","1","36408","0","","4","01","N","N","0","","0","0","0","0","0","","1649","0","1","0","0","0","0","0","1","0","1","N","","","","","","","","","","","","03","  ","","",""
"1443","0","0","0","0","0","0","0","0","0","7","0","","36","05","2017","2017056311","5","40.0469","-76.497","1439","08","0","0","0","0","0","0","0","0","1","0","0","0","14","1","0","00","1","40 02:48.993","5","00","76 29:49.143","0","0","0","0","36239","0","0","0","N","0","0","0","1","36239","0","","5","09","N","N","0","","0","0","1","0","0","N","1435","0","1","0","0","0","0","0","3","0","1","N","","","","","","","","","","","","03","  ","","",""
"1110","1","0","0","0","0","0","0","0","0","4","0","","36","05","2017","2017056367","1","40.0371","-76.3587","1100","08","0","0","0","0","0","0","0","0","1","0","0","0","11","1","0","01","1","40 02:13.660","5","00","76 21:31.341","0","0","0","0","36223","0","0","0","","0","0","0","4","36223","0","","1","01","N","N","0","","0","0","1","3","3","Y","1100","0","2","0","0","0","0","0","1","0","2","N","","","","","","","","","","","","03","  ","","",""
"1544","2","0","0","0","0","0","0","0","0","1","0","","36","05","2017","2017056368","4","40.0384","-76.3169","1536","08","0","0","0","0","0","1","0","0","","0","0","0","15","1","0","00","0","40 02:18.163","","00","76 19:00.819","0","0","0","0","36301","0","0","0","N","0","0","0","3","36301","0","","1","01","N","N","0","","0","0","1","0","0","","1535","0","3","0","0","0","0","0","3","0","3","N","","","","","","","","","","","","03","  ","","",""
"1631","1","0","0","0","0","0","0","0","0","4","0","","36","05","2017","2017056400","3","40.037","-76.4552","1625","08","0","0","0","0","0","1","0","0","1","0","0","0","16","1","1","00","1","40 02:13.295","2","07","76 27:18.777","4","0","0","0","36239","0","0","0","N","0","0","0","2","36239","1","","1","01","N","N","0","","0","0","1","0","0","N","1615","1","2","0","0","0","0","0","3","0","2","N","","","","","","","","","","","","03","  ","","",""
"0853","1","0","0","0","0","0","0","0","0","4","0","","36","06","2017","2017056410","6","40.012","-76.2263","0849","08","0","0","0","0","0","0","0","0","","0","0","0","08","1","0","01","0","40 00:43.379","","00","76 13:34.666","0","0","0","0","36240","0","0","0","Y","0","0","0","2","36240","0","","1","01","N","N","0","","0","0","1","3","3","","0847","0","2","0","0","0","0","0","1","0","2","N","","","","","","","","","","","","03","  ","","",""
"0413","0","0","0","0","0","0","0","0","0","7","0","","36","05","2017","2017056592","4","40.1631","-76.0524","0406","08","0","0","0","0","0","0","0","0","2","0","0","0","04","3","1","00","1","40 09:47.090","1","00","76 03:08.484","3","0","0","0","36418","0","0","0","N","0","0","0","1","36213","0","","2","09","N","N","0","","1","0","1","0","0","N","0402","1","1","0","0","1","0","0","1","0","1","N","","","","","","","","","","","","07","  ","","",""
"1726","2","0","0","0","0","0","0","0","0","4","0","","36","06","2017","2017056603","6","40.0679","-76.3034","1712","08","0","0","0","0","0","1","0","0","2","0","0","0","17","1","1","01","1","40 04:04.462","1","00","76 18:12.202","8","0","0","0","36101","0","0","0","N","0","0","0","2","36101","0","","1","01","N","N","0","","0","0","0","3","2","N","1710","1","2","0","0","0","1","0","3","0","2","N","","","","","","","","","","","","03","  ","","",""
"0153","1","0","0","0","0","0","0","0","0","7","0","","36","06","2017","2017056631","7","40.0418","-76.3905","0153","08","0","0","0","0","0","0","0","0","","0","0","0","01","3","0","00","0","40 02:30.565","","00","76 23:25.770","0","0","0","0","36214","0","0","0","N","0","0","0","1","36214","0","","4","01","N","N","0","","0","0","0","0","0","","0150","0","1","0","0","0","0","0","3","0","1","N","","","","","","","","","","","","03","  ","","",""
"0618","1","0","0","0","0","0","0","0","0","1","0","","36","06","2017","2017056713","7","40.0381","-76.304","0617","08","0","0","0","0","0","1","1","0","","0","0","0","06","5","0","00","0","40 02:17.314","","00","76 18:14.530","0","0","0","0","36301","0","0","0","N","0","0","0","2","36301","0","","1","01","N","N","0","","0","0","1","0","0","","0617","0","2","0","0","0","0","0","3","0","2","N","","","","","","","","","","","","03","  ","","",""
"1618","1","0","0","0","0","0","0","0","0","8","0","","36","06","2017","2017056718","6","40.0338","-76.2939","1614","08","0","0","0","0","0","0","0","0","1","0","0","0","16","1","1","00","1","40 02:01.700","2","00","76 17:38.000","3","0","0","0","36301","1","0","0","N","1","0","0","2","36301","0","","1","01","N","N","0","","1","0","0","0","0","Y","1614","1","2","0","0","0","0","0","3","0","1","N","","","","","","","","","","","","03","  ","","",""
"1724","1","0","0","0","0","0","0","0","0","1","0","","36","06","2017","2017056765","7","40.0981","-76.0804","1722","08","0","0","0","0","0","0","0","0","1","0","0","0","17","1","1","00","2","40 05:53.299","5","00","76 04:49.416","4","0","0","0","36415","0","0","0","N","0","0","0","1","36415","1","","2","01","N","N","0","","0","0","1","0","0","Y","1722","1","2","0","0","0","0","0","1","0","2","N","","","","","","","","","","","","03","  ","","",""
"0247","2","0","0","0","0","0","0","0","0","4","0","","36","06","2017","2017056819","7","40.143","-76.6536","0247","08","0","0","0","0","0","0","0","0","","0","0","0","02","2","0","00","0","40 08:34.800","","00","76 39:13.100","9","0","0","0","36237","0","0","0","N","0","0","0","1","36505","0","","4","01","N","N","1","","0","0","0","0","0","","0237","0","3","0","0","0","0","1","1","0","3","N","","","","","","","","","","","","03","  ","","",""
"1758","0","0","0","0","0","0","0","0","0","7","0","","36","06","2017","2017056820","7","40.2231","-76.4483","1752","08","0","0","0","0","0","0","0","0","","0","0","0","17","1","0","00","0","40 13:23.307","","00","76 26:53.974","0","0","0","0","36230","0","0","0","N","0","0","0","1","36410","0","","5","01","N","N","1","","0","0","0","0","0","","1748","0","1","0","0","0","0","0","1","0","1","N","","","","","","","","","","","","03","  ","","",""
"0058","1","0","0","0","0","0","0","0","0","9","0","","36","06","2017","2017056857","1","40.1787","-76.6015","0052","08","0","0","0","0","0","0","0","0","","0","0","0","00","2","0","00","0","40 10:43.195","","00","76 36:05.299","0","0","0","0","36225","0","0","0","N","0","0","0","1","36505","0","","1","01","N","N","0","","0","0","0","0","0","","0052","0","1","0","0","0","0","0","2","0","1","N","","","","","","","","","","","","03","  ","","",""
"0907","1","0","0","0","0","0","0","0","0","1","1","","36","06","2017","2017056869","6","40.0494","-76.3941","0858","08","0","0","0","0","0","0","0","0","2","0","1","0","08","1","0","09","1","40 02:57.880","1","00","76 23:38.790","0","0","0","0","36214","0","0","0","","0","0","0","2","36214","0","","1","01","N","N","0","","0","0","0","0","0","N","0855","0","2","0","0","0","0","0","3","0","2","N","","","","","","","","","","","","03","  ","","",""
"1056","1","0","0","0","0","0","0","0","0","4","0","","36","06","2017","2017056870","6","40.0835","-76.3678","1050","08","0","0","0","0","0","1","0","0","1","0","0","0","10","1","1","00","2","40 05:00.600","6","07","76 22:03.920","3","0","0","1","36214","0","0","0","","0","0","0","2","36214","0","","1","01","N","N","0","","1","0","0","0","0","N","1049","1","2","0","0","0","0","0","3","0","2","N","","","","","","","","","","","","03","  ","","",""
"1053","2","0","0","0","0","0","0","0","0","4","0","","36","06","2017","2017056913","7","40.214","-76.1583","1051","08","0","0","0","0","0","0","0","0","","0","0","0","10","1","0","01","0","40 12:50.259","","00","76 09:29.735","0","0","0","0","36236","0","0","0","N","0","0","0","8","36408","0","","1","01","N","N","0","","0","0","0","3","3","","1051","0","2","0","0","0","0","0","1","0","2","N","","","","","","","","","","","","03","  ","","",""
"1234","1","0","0","0","0","0","0","0","0","1","1","","36","05","2017","2017056926","3","40.2168","-76.1193","1232","08","0","0","0","0","0","2","1","0","3","0","1","0","12","1","1","00","1","40 13:00.535","2","07","76 07:09.422","3","0","0","0","36210","0","0","0","N","0","0","0","9","36210","0","","1","09","N","N","2","","1","0","0","0","0","N","1230","1","4","0","0","2","0","0","1","0","4","N","","","","","","","","","","","","07","  ","","",""
"1559","1","0","0","0","0","0","0","0","0","1","0","","36","06","2017","2017056930","6","40.0522","-76.3084","1557","08","0","0","0","0","0","0","0","0","1","0","0","0","15","1","1","01","1","40 03:07.752","1","00","76 18:30.128","8","0","0","0","36301","0","0","0","N","0","0","0","2","36301","0","","1","01","N","N","0","","0","0","1","3","2","N","1556","1","2","0","0","0","1","0","3","0","2","N","","","","","","","","","","","","03","  ","","",""
"0855","1","0","0","0","0","0","0","0","0","4","0","","36","05","2017","2017056936","3","40.0668","-76.328","0848","08","0","0","0","0","0","1","0","1","2","0","0","0","08","1","1","02","2","40 04:00.391","5","00","76 19:40.951","4","0","0","0","36301","0","0","0","N","0","0","0","3","36301","1","","1","01","N","N","0","","0","0","1","3","3","Y","0848","1","2","0","0","0","0","0","3","0","2","N","","","","","","","","","","","","03","  ","","",""
"1059","1","0","0","0","0","0","0","0","0","1","0","","36","06","2017","2017056940","7","40.0241","-76.316","1053","08","0","0","0","0","0","0","0","0","1","0","0","0","10","1","2","01","2","40 01:26.922","5","00","76 18:57.776","8","0","0","0","36301","0","0","0","N","0","0","0","3","36301","0","","1","01","N","N","1","","0","0","0","3","2","Y","1052","2","2","0","0","0","2","0","3","0","2","N","","","","","","","","","","","","03","  ","","",""
"0514","1","0","0","0","0","0","0","0","0","7","0","","36","06","2017","2017056950","7","40.0388","-76.331","0509","08","0","0","0","0","0","0","0","0","2","0","0","0","05","5","0","00","2","40 02:19.612","6","00","76 19:51.611","0","0","0","0","36220","0","0","0","Y","0","0","0","1","36101","0","","4","01","N","N","0","","0","0","0","0","0","Y","0506","0","1","0","0","0","0","0","3","0","1","N","","","","","","","","","","","","03","  ","","",""
"0945","1","0","0","0","0","0","0","0","0","7","0","","36","06","2017","2017056953","1","40.022","-76.2683","0941","08","0","1","0","0","0","0","0","0","1","0","0","0","09","1","0","01","1","40 01:19.240","3","00","76 16:06.045","0","0","0","0","36240","0","0","0","N","0","0","0","1","36240","0","","4","01","N","N","0","","0","0","0","3","3","N","0939","0","1","0","0","0","0","0","1","0","1","N","","","","","","","","","","","","03","  ","","",""
"1440","1","0","0","0","0","0","0","0","0","5","0","","36","05","2017","2017056976","5","40.0528","-76.3025","1437","08","0","0","0","0","0","1","0","0","","0","0","0","14","1","2","00","0","40 03:09.911","","00","76 18:09.170","3","0","0","0","36301","0","0","0","N","0","0","0","3","36301","0","","1","01","N","N","0","","2","0","0","0","0","","1434","2","2","0","0","0","0","0","3","1","2","N","","","","","","","","","","","","03","  ","","",""
"1407","2","0","0","0","0","0","0","0","0","7","0","","36","06","2017","2017056999","7","40.025","-76.3033","1402","08","0","0","0","0","0","0","0","0","","0","0","0","13","1","0","02","0","40 01:30.112","","00","76 18:11.807","0","0","0","0","36301","0","0","0","N","0","0","0","2","36301","0","","2","01","N","N","0","","0","0","0","0","0","","1303","0","2","0","0","0","0","0","3","0","2","N","","","","","","","","","","","","03","  ","","",""
"2055","2","0","0","0","0","0","0","0","0","4","0","","36","05","2017","2017057054","2","40.0207","-76.3196","2035","08","1","0","0","0","0","0","0","0","2","0","0","0","20","3","1","02","2","40 01:14.426","5","07","76 19:10.652","3","0","0","0","36301","0","0","0","","0","0","0","3","36301","0","","1","01","N","N","0","","1","0","0","0","0","Y","2035","1","2","0","0","0","0","0","3","0","2","N","","","","","","","","","","","","03","  ","","",""
"1457","1","0","0","0","0","0","0","0","0","4","0","","36","06","2017","2017057064","7","40.1931","-76.5756","1450","08","0","1","0","0","0","0","0","0","1","0","0","0","14","1","1","00","1","40 11:35.208","2","07","76 34:32.325","8","0","0","1","36225","0","0","0","N","0","0","0","2","36505","0","","1","01","N","N","0","","0","0","0","0","0","N","1447","1","2","0","0","0","1","0","2","0","2","N","","","","","","","","","","","","03","  ","","",""
"0227","1","0","0","0","0","0","0","0","0","7","0","","36","06","2017","2017057071","1","40.0571","-76.5248","0223","08","0","0","0","0","0","0","0","0","","0","0","0","02","2","0","00","0","40 03:25.400","","00","76 31:29.200","0","0","0","0","36211","0","0","0","N","0","0","0","2","36504","0","","4","01","N","N","0","","0","0","0","0","0","","0221","0","1","0","0","0","0","0","1","0","1","N","","","","","","","","","","","","03","  ","","",""
"2118","2","0","0","0","0","0","0","0","0","4","0","","36","06","2017","2017057080","1","40.0372","-76.3105","2118","08","0","0","0","0","0","1","0","0","1","0","0","0","21","3","0","00","1","40 02:13.770","1","00","76 18:37.828","9","0","0","0","36301","0","0","0","N","0","0","0","2","36301","0","","1","01","N","N","0","","0","0","0","3","2","N","2115","0","2","0","0","0","0","1","3","0","2","N","","","","","","","","","","","","03","  ","","",""
"1501","0","0","0","0","0","0","0","0","0","1","0","","36","06","2017","2017057090","1","39.8952","-76.1542","1456","08","0","0","0","0","0","0","1","0","4","0","0","1","14","1","3","00","2","39 53:42.669","5","00","76 09:15.112","8","0","0","0","36416","3","0","0","N","0","0","0","4","36416","0","","1","01","N","N","0","","0","0","1","0","0","Y","1454","3","2","0","0","0","3","0","1","0","1","N","","","","","","","","","","","","03","  ","","",""
"2133","1","0","0","0","0","0","0","0","0","4","0","","36","06","2017","2017057092","6","40.2164","-76.4328","2120","08","0","0","0","0","0","0","1","0","1","0","0","0","21","2","2","02","2","40 12:59.206","5","00","76 25:58.223","8","0","0","0","36230","0","0","0","N","0","0","0","4","36410","0","","1","01","N","N","0","","0","0","1","3","3","Y","2119","2","2","0","0","0","2","0","1","0","2","N","","","","","","","","","","","","03","  ","","",""
"2110","2","0","0","0","0","0","0","0","0","1","0","","36","06","2017","2017057095","1","40.1249","-76.4678","2059","08","0","0","0","0","0","1","0","0","","0","0","0","20","2","0","02","0","40 07:29.642","","02","76 28:04.040","9","0","0","0","36230","0","0","0","N","0","0","0","3","36410","0","","1","01","N","N","0","","0","0","0","0","0","","2057","0","2","0","0","0","0","1","1","0","2","N","","","","","","","","","","","","03","  ","","",""
"2008","0","0","0","0","0","0","0","0","0","7","0","","36","06","2017","2017057105","1","39.9979","-76.3089","1957","08","0","0","0","0","0","1","0","0","4","0","0","0","19","1","1","00","2","39 59:52.383","5","00","76 18:31.994","2","0","1","1","36220","0","0","0","N","0","0","0","1","36101","0","","4","01","N","N","0","","0","1","0","0","0","Y","1953","1","1","0","0","0","0","0","3","0","1","N","","","","","","","","","","","","03","  ","","",""
"1755","2","0","0","0","0","0","0","0","0","1","0","","36","06","2017","2017057116","7","40.0052","-76.305","1747","08","0","0","0","0","0","0","0","0","2","0","0","0","17","3","0","02","2","40 00:18.747","6","00","76 18:18.078","0","0","0","0","36220","0","0","0","N","0","0","0","2","36101","0","","1","01","N","N","0","","0","0","0","0","0","Y","1745","0","2","0","0","0","0","0","3","0","2","N","","","","","","","","","","","","03","  ","","",""
"0741","1","0","0","0","0","0","0","0","0","7","0","","36","05","2017","2017057125","1","40.0679","-76.3034","0741","08","0","0","0","0","0","0","0","0","","0","0","0","04","3","0","01","0","40 04:04.462","","00","76 18:12.202","0","0","0","0","36101","0","0","0","N","0","0","0","1","36101","0","","1","01","N","N","0","","0","0","0","3","2","","0441","0","1","0","0","0","0","0","3","0","1","N","","","","","","","","","","","","03","  ","","",""
"1822","2","0","0","0","0","0","0","0","0","4","0","","36","06","2017","2017057127","7","40.1288","-76.3118","1814","08","1","0","0","0","0","0","0","0","2","0","0","0","18","1","0","02","1","40 07:43.586","2","00","76 18:42.454","0","0","0","0","36235","0","0","0","","0","0","0","2","36506","0","","1","01","N","N","0","","0","0","0","3","2","N","1814","0","2","0","0","0","0","0","1","0","2","N","","","","","","","","","","","","03","  ","","",""
"1810","1","0","0","0","0","0","0","0","0","7","0","","36","06","2017","2017057128","7","40.2493","-76.2282","1808","08","0","0","0","0","0","0","0","0","","0","0","0","18","1","0","00","0","40 14:57.500","","00","76 13:41.400","0","0","0","0","36204","0","0","0","","0","0","0","1","36506","0","","5","01","N","N","0","","0","0","0","0","0","","1808","0","1","0","0","0","0","0","1","0","1","N","","","","","","","","","","","","03","  ","","",""
"1731","0","0","0","0","0","0","0","0","0","1","0","","36","05","2017","2017057176","4","40.0934","-76.3505","1725","08","0","0","0","0","0","1","0","1","1","0","0","0","17","1","1","01","1","40 05:36.355","1","00","76 21:01.669","4","0","0","0","36406","0","0","0","N","0","0","0","3","36101","1","","1","01","N","N","0","","0","0","2","3","2","N","1725","1","2","0","0","0","0","0","3","0","2","N","","","","","","","","","","","","03","  ","","",""
"1953","1","0","0","0","0","0","0","0","0","7","0","","36","06","2017","2017057177","1","40.1301","-76.5272","1938","08","0","0","0","1","0","0","0","0","","0","0","0","19","1","0","00","0","40 07:48.218","","00","76 31:38.076","0","0","0","0","36225","0","0","0","N","0","0","0","3","36505","0","","1","01","N","N","0","","0","0","0","0","0","","1932","0","1","0","0","0","0","0","2","0","1","N","","","","","","","","","","","","03","  ","","",""
"1441","2","0","0","0","0","0","0","0","0","1","0","","36","06","2017","2017057189","5","40.0512","-76.3203","1439","08","0","0","0","1","0","0","0","0","1","0","0","0","14","1","1","00","1","40 03:04.290","4","00","76 19:13.209","4","0","0","0","36301","0","0","0","N","0","0","0","2","36301","1","","1","01","N","N","0","","0","0","0","0","0","N","1439","1","2","0","0","0","0","0","3","0","2","N","","","","","","","","","","","","03","  ","","",""
"1619","0","0","0","0","0","0","0","0","0","0","0","","36","05","2017","2017057198","7","40.0688","-76.3428","1613","08","0","0","0","1","0","0","0","0","2","0","0","0","16","1","1","00","2","40 04:07.591","2","00","76 20:34.169","3","0","0","1","36301","0","0","0","N","0","0","0","1","36301","0","","1","01","N","N","0","","1","0","0","0","0","N","1610","1","1","0","0","0","0","0","3","0","1","N","","","","","","","","","","","","03","  ","","",""
"1830","1","0","0","0","0","0","0","0","0","4","0","","36","06","2017","2017057271","5","40.0592","-76.069","1810","08","0","0","0","0","0","0","0","0","2","0","0","0","18","1","1","01","2","40 03:33.201","7","00","76 04:08.417","8","0","0","0","36209","0","0","0","N","0","0","0","3","36415","0","","1","01","N","N","0","","0","0","1","3","3","Y","1810","1","2","0","0","0","1","0","1","0","2","N","","","","","","","","","","","","03","  ","","",""
"1523","1","0","1","0","0","0","0","0","0","7","0","","36","06","2017","2017057280","2","40.2438","-76.1035","1515","08","0","0","0","1","0","0","0","0","","0","0","0","15","1","1","00","0","40 14:37.800","","00","76 06:12.700","2","0","0","0","36210","0","0","0","N","0","0","0","1","36210","0","","5","09","N","N","0","","0","1","0","0","0","","1511","1","1","0","0","0","0","0","1","0","1","N","","","","","","","","","","","","07","  ","","",""
"0745","1","0","0","0","0","0","0","0","0","4","0","","36","06","2017","2017057326","2","40.0043","-76.349","0735","08","0","1","0","0","0","1","0","0","","0","0","0","07","1","0","01","0","40 00:15.548","","00","76 20:56.453","0","0","0","0","36412","0","0","0","N","0","0","0","2","36412","0","","1","01","N","N","0","","0","0","1","3","3","","0725","0","2","0","0","0","0","0","3","0","2","N","","","","","","","","","","","","03","  ","","",""
"1728","2","0","0","0","0","0","0","0","0","1","0","","36","06","2017","2017057328","2","40.0426","-76.3908","1717","08","0","0","0","0","0","2","0","0","","0","0","0","17","1","0","00","0","40 02:33.203","","00","76 23:26.807","0","0","0","0","36214","0","0","0","","0","0","0","3","36214","0","","1","01","","","1","","0","0","0","0","0","","1714","0","3","0","0","0","0","0","3","0","3","N","","","","","","","","","","","","03","  ","","",""
"1526","1","0","0","0","0","0","0","0","0","7","0","","36","05","2017","2017057334","2","40.0556","-76.3984","1523","08","0","0","0","1","0","0","0","0","1","0","0","0","15","1","0","00","2","40 03:20.060","2","00","76 23:54.380","0","0","0","0","36214","0","0","0","","0","0","0","1","36214","0","","4","01","N","N","0","","0","0","0","3","2","N","1520","0","1","0","0","0","0","0","3","0","1","N","","","","","","","","","","","","03","  ","","",""
"2319","1","0","0","0","0","0","0","0","0","7","0","","36","05","2017","2017057350","4","39.8996","-76.2048","2256","08","0","0","0","0","0","0","0","0","","0","0","0","22","2","0","00","0","39 53:58.590","","00","76 12:17.450","9","0","0","0","36229","0","0","0","","0","0","0","2","68J01","0","","2","01","N","N","0","","0","0","0","0","0","","2237","0","1","0","0","0","0","2","1","0","1","N","","","","","","","","","","","","03","  ","","",""
"0316","0","0","0","0","0","0","0","0","0","2","2","","36","05","2017","2017057351","5","40.006","-76.1106","0313","08","0","0","0","0","0","0","0","0","4","1","1","0","03","2","1","00","2","40 00:21.561","6","00","76 06:38.315","1","0","0","0","36226","0","0","0","","0","0","0","2","68J01","0","2","1","01","N","N","1","0","1","0","0","0","0","Y","0312","1","2","1","0","1","0","0","1","0","2","N","","","","","","","","","","","","03","  ","","",""
"0415","1","0","0","0","0","0","0","0","0","7","0","","36","05","2017","2017057354","7","39.8888","-76.1384","0347","08","0","0","0","0","0","0","0","0","","0","0","0","03","3","0","00","0","39 53:19.728","","00","76 08:18.164","0","0","0","0","36216","0","0","0","","0","0","0","1","68J01","0","","5","09","N","N","0","","0","0","0","0","0","","0346","0","1","0","0","0","0","0","1","0","1","N","","","","","","","","","","","","07","  ","","",""
"0951","0","0","0","0","0","0","0","0","0","4","0","","36","05","2017","2017057368","4","39.8167","-76.0403","0947","08","0","0","0","0","0","0","0","0","","0","0","0","09","1","3","01","0","39 49:00.114","","00","76 02:25.140","3","0","0","0","36205","0","0","0","","0","0","0","3","68J01","0","","1","01","N","N","1","","2","0","1","3","3","","0947","3","2","0","0","0","1","0","1","0","2","N","","","","","","","","","","","","03","  ","","",""
"2356","0","0","0","0","0","0","0","0","0","7","0","","36","05","2017","2017057387","6","39.9815","-76.0248","2353","08","0","0","0","0","0","0","0","0","3","1","0","0","23","2","0","00","2","39 58:53.560","5","00","76 01:29.350","1","0","0","0","36232","0","0","0","","0","0","0","1","68J01","0","2","4","01","N","N","1","0","0","0","0","0","0","Y","2343","0","1","1","0","1","0","0","1","0","1","N","","","","","","","","","","","","03","  ","","",""
"2331","1","0","0","0","0","0","0","0","0","7","0","","36","06","2017","2017057473","5","39.9674","-76.2761","2329","08","0","0","0","0","0","0","0","0","","0","0","0","23","2","0","00","0","39 58:02.484","","00","76 16:34.106","0","0","0","0","36228","0","0","0","Y","0","0","0","1","36503","0","","2","01","N","N","0","","0","0","0","0","0","","2327","0","1","0","0","0","0","0","1","0","1","N","","","","","","","","","","","","03","  ","","",""