"ARRIVAL_TM","AUTOMOBILE_COUNT","BELTED_DEATH_COUNT","BELTED_SUSP_SERIOUS_INJ_COUNT","BICYCLE_COUNT","BICYCLE_DEATH_COUNT","BICYCLE_SUSP_SERIOUS_INJ_COUNT","BUS_COUNT","CHLDPAS_DEATH_COUNT","CHLDPAS_SUSP_SERIOUS_INJ_COUNT","COLLISION_TYPE","COMM_VEH_COUNT","CONS_ZONE_SPD_LIM","COUNTY","CRASH_MONTH","CRASH_YEAR","CRN","DAY_OF_WEEK","DEC_LAT","DEC_LONG","DISPATCH_TM","DISTRICT","DRIVER_COUNT_16YR","DRIVER_COUNT_17YR","DRIVER_COUNT_18YR","DRIVER_COUNT_19YR","DRIVER_COUNT_20YR","DRIVER_COUNT_50_64YR","DRIVER_COUNT_65_74YR","DRIVER_COUNT_75PLUS","EST_HRS_CLOSED","FATAL_COUNT","HEAVY_TRUCK_COUNT","HORSE_BUGGY_COUNT","HOUR_OF_DAY","ILLUMINATION","INJURY_COUNT","INTERSECT_TYPE","LANE_CLOSED","LATITUDE","LN_CLOSE_DIR","LOCATION_TYPE","LONGITUDE","MAX_SEVERITY_LEVEL","MCYCLE_DEATH_COUNT","MCYCLE_SUSP_SERIOUS_INJ_COUNT","MOTORCYCLE_COUNT","MUNICIPALITY","NONMOTR_COUNT","NONMOTR_DEATH_COUNT","NONMOTR_SUSP_SERIOUS_INJ_COUNT","NTFY_HIWY_MAINT","PED_COUNT","PED_DEATH_COUNT","PED_SUSP_SERIOUS_INJ_COUNT","PERSON_COUNT","POLICE_AGCY","POSSIBLE_INJ_COUNT","RDWY_SURF_TYPE_CD","RELATION_TO_ROAD","ROAD_CONDITION","SCH_BUS_IND","SCH_ZONE_IND","SMALL_TRUCK_COUNT","SPEC_JURIS_CD","SUSP_MINOR_INJ_COUNT","SUSP_SERIOUS_INJ_COUNT","SUV_COUNT","TCD_FUNC_CD","TCD_TYPE","TFC_DETOUR_IND","TIME_OF_DAY","TOT_INJ_COUNT","TOTAL_UNITS","UNB_DEATH_COUNT","UNB_SUSP_SERIOUS_INJ_COUNT","UNBELTED_OCC_COUNT","UNK_INJ_DEG_COUNT","UNK_INJ_PER_COUNT","URBAN_RURAL","VAN_COUNT","VEHICLE_COUNT","WORK_ZONE_IND","WORK_ZONE_LOC","WORK_ZONE_TYPE","WORKERS_PRES","WZ_CLOSE_DETOUR","WZ_FLAGGER","WZ_LAW_OFFCR_IND","WZ_LN_CLOSURE","WZ_MOVING","WZ_OTHER","WZ_SHLDER_MDN","ROADWAY_CLEARED","WEATHER1","WEATHER2","WZ_WORKERS_INJ_KILLED","SECONDARY_CRASH","INTERSECTION_RELATED"
"1915","0","0","0","0","0","0","0","0","0","4","0","","36","06","2017","2017057492","2","39.9621","-76.3362","1912","08","0","0","0","0","0","1","0","0","2","0","0","0","19","1","2","03","2","39 57:43.567","6","00","76 20:10.165","4","0","0","0","36206","0","0","0","N","0","0","0","3","36503","2","","1","01","N","N","1","","0","0","1","3","3","Y","1912","2","2","0","0","0","0","0","1","0","2","N","","","","","","","","","","","","03","  ","","",""
"0727","1","0","0","0","0","0","0","0","0","8","0","","36","06","2017","2017057505","5","40.0985","-76.3583","0721","08","0","0","0","0","0","0","0","0","","0","0","0","07","1","1","00","0","40 05:54.548","","00","76 21:30.029","4","0","0","0","36406","1","0","0","N","1","0","0","2","36101","1","","1","01","N","Y","0","","0","0","0","0","0","","0700","1","2","0","0","0","0","0","3","0","1","N","","","","","","","","","","","","03","  ","","",""
"0414","1","0","0","0","0","0","0","0","0","7","0","","36","06","2017","2017057515","6","40.0799","-76.3088","0410","08","0","0","0","0","0","1","0","0","2","0","0","0","04","3","1","00","1","40 04:47.675","1","00","76 18:31.633","4","0","0","0","36101","0","0","0","N","0","0","0","1","36101","1","","5","01","N","N","0","","0","0","0","0","0","N","0410","1","1","0","0","0","0","0","3","0","1","N","","","","","","","","","","","","03","  ","","",""
"1119","1","0","0","0","0","0","0","0","0","1","0","","36","06","2017","2017057519","2","40.0955","-76.2924","1116","08","0","0","0","0","0","0","0","0","1","0","0","0","11","1","0","02","1","40 05:43.943","3","00","76 17:32.679","0","0","0","0","36101","0","0","0","N","0","0","0","2","36101","0","","1","09","N","N","1","","0","0","0","3","3","N","1116","0","2","0","0","0","0","0","3","0","2","N","","","","","","","","","","","","07","  ","","",""
"1735","1","0","0","0","0","0","0","0","0","1","0","","36","06","2017","2017057520","5","40.1332","-76.3811","1725","08","0","0","0","0","1","1","0","0","","0","0","0","17","1","0","00","0","40 07:59.372","","00","76 22:52.076","0","0","0","0","36227","0","0","0","","0","0","0","2","36506","0","","1","01","N","N","1","","0","0","0","0","0","","1724","0","2","0","0","0","0","0","1","0","2","N","","","","","","","","","","","","03","  ","","",""
"0805","0","0","0","0","0","0","0","0","0","1","0","","36","06","2017","2017057528","2","40.048","-76.2934","0803","08","0","0","0","0","0","0","0","0","","0","0","0","08","1","1","00","0","40 02:52.700","","00","76 17:36.300","3","0","0","0","36301","0","0","0","N","0","0","0","6","36301","0","","1","01","N","N","0","","1","0","2","0","0","","0800","1","2","0","0","0","0","0","3","0","2","N","","","","","","","","","","","","03","  ","","",""
"0229","0","0","0","0","0","0","0","0","0","7","0","","36","05","2017","2017057565","7","40.0726","-76.2591","0223","08","0","0","0","0","0","1","0","0","2","0","0","0","02","2","0","00","2","40 04:21.490","6","00","76 15:32.800","0","0","0","0","36215","0","0","0","","0","0","0","1","36215","0","","5","01","N","N","0","","0","0","1","0","0","Y","0223","0","1","0","0","0","0","0","1","0","1","N","","","","","","","","","","","","03","  ","","",""
"1204","0","0","0","0","0","0","0","0","0","7","0","","36","05","2017","2017057566","2","39.9949","-76.4101","1203","08","0","0","0","0","0","0","0","0","2","0","0","0","12","1","1","03","1","39 59:41.682","2","00","76 24:36.517","4","0","0","0","36223","0","0","0","","0","0","0","1","36223","1","","5","09","N","N","0","","0","0","1","0","0","N","1200","1","1","0","0","0","0","0","1","0","1","N","","","","","","","","","","","","03","  ","","",""
"0425","1","0","0","0","0","0","0","0","0","7","0","","36","05","2017","2017057567","2","39.9425","-76.4111","0408","08","0","0","0","0","0","0","0","0","","0","0","0","04","2","0","10","0","39 56:33.050","","00","76 24:39.983","0","0","0","0","36223","0","0","0","","0","0","0","1","36223","0","","5","09","N","N","0","","0","0","0","0","0","","0400","0","1","0","0","0","0","0","1","0","1","N","","","","","","","","","","","","07","05","","",""
"1555","2","0","0","0","0","0","0","0","0","1","0","","36","06","2017","2017057608","2","40.0699","-76.4596","1546","08","0","0","0","0","1","0","0","0","2","0","0","0","15","1","1","02","1","40 04:11.522","1","00","76 27:34.426","4","0","0","0","36239","0","0","0","N","0","0","0","3","36239","1","","1","01","N","N","0","","0","0","0","0","0","N","1546","1","2","0","0","0","0","0","3","0","2","N","","","","","","","","","","","","03","  ","","",""
"0822","2","0","1","0","0","0","0","0","0","4","0","","36","06","2017","2017057610","2","40.1216","-76.06","0819","08","0","0","0","0","0","0","0","1","3","1","0","0","08","1","1","01","2","40 07:17.779","5","00","76 03:36.077","1","0","0","0","36213","0","0","0","N","0","0","0","2","36213","0","2","1","01","N","N","0","0","0","1","0","3","2","Y","0815","1","2","1","0","1","0","0","1","0","2","N","","","","","","","","","","","","03","  ","","",""
"1640","1","0","0","0","0","0","0","0","0","4","0","","36","06","2017","2017057612","2","40.1041","-76.4367","1617","08","0","0","0","0","0","1","0","0","2","0","0","0","16","1","0","00","1","40 06:14.894","4","07","76 26:12.122","0","0","0","0","36239","0","0","0","N","0","0","0","2","36239","0","","1","01","N","N","1","","0","0","0","0","0","N","1617","0","2","0","0","0","0","0","3","0","2","N","","","","","","","","","","","","03","  ","","",""
"0340","1","0","0","0","0","0","0","0","0","7","0","","36","06","2017","2017057632","6","40.11","-76.3312","0333","08","0","0","0","0","0","0","1","0","","0","0","0","03","2","0","00","0","40 06:35.960","","00","76 19:52.420","0","0","0","0","36101","0","0","0","N","0","0","0","1","36101","0","","5","01","N","N","0","","0","0","1","0","0","","0331","0","2","0","0","0","0","0","3","0","2","N","","","","","","","","","","","","03","  ","","",""
"1455","0","0","0","0","0","0","0","0","0","1","0","","36","06","2017","2017057636","2","40.036","-76.5223","1450","08","0","0","0","0","0","0","0","0","2","0","0","0","14","1","1","00","1","40 02:09.421","4","03","76 31:20.128","4","0","0","0","36239","0","0","0","N","0","0","0","2","36239","1","","1","09","N","N","0","","0","0","2","0","0","N","1450","1","2","0","0","0","0","0","3","0","2","N","","","","","","","","","","","","07","  ","","",""
"1241","2","0","0","0","0","0","0","0","0","4","0","","36","06","2017","2017057651","7","40.0676","-76.3313","1230","08","0","0","1","0","0","0","0","0","","0","0","0","12","1","0","00","0","40 04:03.222","","00","76 19:52.539","0","0","0","0","36101","0","0","0","N","0","0","0","5","36101","0","","1","01","N","N","0","","0","0","0","0","0","","1226","0","2","0","0","0","0","0","3","0","2","N","","","","","","","","","","","","03","  ","","",""
"1522","2","0","0","0","0","0","0","0","0","4","0","","36","06","2017","2017057655","5","40.0888","-76.3051","1516","08","0","0","0","0","0","1","0","0","2","0","0","0","15","1","2","01","1","40 05:19.752","5","00","76 18:18.261","3","0","0","0","36101","0","0","0","N","0","0","0","4","36101","0","","1","01","N","N","0","","2","0","0","3","2","N","1515","2","2","0","0","0","0","0","3","0","2","N","","","","","","","","","","","","03","  ","","",""
"1513","2","0","0","0","0","0","0","0","0","4","0","","36","06","2017","2017057669","2","40.131","-76.2171","1508","08","0","0","0","0","0","0","1","0","","0","0","0","15","1","0","00","0","40 07:51.556","","00","76 13:01.609","0","0","0","0","36238","0","0","0","N","0","0","0","3","36238","0","","1","01","N","N","1","","0","0","0","0","0","","1505","0","3","0","0","0","0","0","3","0","3","N","","","","","","","","","","","","03","  ","","",""
"1313","1","0","0","0","0","0","0","0","0","4","0","","36","05","2017","2017057670","7","40.0432","-76.3023","1310","08","0","1","0","0","0","2","0","0","3","0","0","0","13","1","5","01","1","40 02:35.376","4","00","76 18:08.117","2","0","0","0","36301","0","0","0","N","0","0","0","5","36301","0","","1","01","N","N","0","","0","1","1","3","2","Y","1306","5","3","0","0","0","4","0","3","1","3","N","","","","","","","","","","","","03","  ","","",""
"0849","1","0","0","0","0","0","0","0","0","4","0","","36","06","2017","2017057686","1","40.2051","-76.3683","0845","08","0","0","1","0","0","0","0","0","1","0","0","0","08","1","0","01","1","40 12:18.373","4","00","76 22:05.793","0","0","0","0","36227","0","0","0","","0","0","0","3","36506","0","","1","01","N","N","0","","0","0","1","3","3","Y","0845","0","2","0","0","0","0","0","1","0","2","N","","","","","","","","","","","","03","  ","","",""
"1609","0","0","0","1","0","0","0","0","0","4","0","","36","06","2017","2017057721","2","40.1096","-76.0105","1558","08","0","0","0","0","0","0","1","0","1","0","0","0","15","1","1","00","2","40 06:34.386","6","00","76 00:37.800","4","0","0","0","36209","1","0","0","N","0","0","0","2","36415","1","","1","01","N","N","0","","0","0","1","0","0","Y","1555","1","2","0","0","0","0","0","1","0","1","N","","","","","","","","","","","","03","  ","","",""
"1249","2","0","0","0","0","0","0","0","0","4","0","","36","06","2017","2017057730","3","40.0426","-76.2918","1249","08","0","0","0","0","1","0","0","0","","0","0","0","12","1","0","01","0","40 02:33.489","","00","76 17:30.624","0","0","0","0","36301","0","0","0","N","0","0","0","2","36301","0","","1","01","N","N","0","","0","0","0","3","2","","1244","0","2","0","0","0","0","0","3","0","2","N","","","","","","","","","","","","03","  ","","",""
"2205","2","0","0","0","0","0","0","0","0","4","0","","36","06","2017","2017057752","2","40.0497","-76.2991","2159","08","0","0","0","0","0","0","0","0","","0","0","0","21","3","0","01","0","40 02:59.085","","00","76 17:56.659","0","0","0","0","36301","0","0","0","N","0","0","0","2","36301","0","","1","01","N","N","0","","0","0","0","3","3","","2159","0","2","0","0","0","0","0","3","0","2","N","","","","","","","","","","","","03","  ","","",""
"1259","1","0","0","0","0","0","0","0","0","5","0","","36","06","2017","2017057753","6","40.0695","-76.2874","1247","08","0","0","0","0","0","0","0","0","","0","0","0","12","1","3","00","0","40 04:10.029","","00","76 17:14.698","4","0","0","0","36101","0","0","0","N","0","0","0","6","36101","3","","1","01","N","N","0","","0","0","1","0","0","","1245","3","2","0","0","2","0","0","3","0","2","N","","","","","","","","","","","","03","  ","","",""
"2141","2","0","0","0","0","0","0","0","0","4","0","","36","05","2017","2017057817","6","40.0382","-76.3537","2137","08","0","0","1","0","0","0","1","0","2","0","0","0","21","3","1","02","1","40 02:17.398","3","00","76 21:13.443","8","0","0","0","36223","0","0","0","","0","0","0","6","36223","0","","1","09","N","N","0","","0","0","0","3","3","N","2135","1","2","0","0","0","1","0","1","0","2","N","","","","","","","","","","","","07","  ","","",""
"1853","1","0","0","0","0","0","0","0","0","1","0","","36","05","2017","2017057818","3","40.0397","-76.3643","1851","08","0","0","0","1","0","0","1","0","2","0","0","0","18","1","2","01","1","40 02:22.764","1","00","76 21:51.574","4","0","0","0","36223","0","0","0","","0","0","0","3","36223","2","","1","01","N","N","0","","0","0","2","3","2","N","1847","2","3","0","0","0","0","0","1","0","3","N","","","","","","","","","","","","03","  ","","",""
"0624","1","0","0","0","0","0","0","0","0","7","0","","36","05","2017","2017057819","5","39.9654","-76.4008","0604","08","0","1","0","0","0","0","0","0","","0","0","0","05","2","0","00","0","39 57:55.489","","00","76 24:02.960","0","0","0","0","36223","0","0","0","","0","0","0","1","36223","0","","5","09","N","N","0","","0","0","0","0","0","","0548","0","1","0","0","0","0","0","1","0","1","N","","","","","","","","","","","","07","  ","","",""
"1440","1","0","0","0","0","0","0","0","0","4","0","","36","05","2017","2017057820","5","40.0327","-76.412","1432","08","0","0","0","0","0","1","0","0","2","0","0","0","14","1","0","03","1","40 01:57.827","3","00","76 24:43.243","0","0","0","0","36223","0","0","0","","0","0","0","2","36223","0","","1","09","N","N","0","","0","0","1","3","3","N","1429","0","2","0","0","0","0","0","1","0","2","N","","","","","","","","","","","","03","  ","","",""
"0729","1","0","0","0","0","0","0","0","0","4","1","","36","05","2017","2017057821","4","40.0025","-76.3665","0727","08","0","0","0","0","0","1","0","1","1","0","1","0","07","1","0","01","1","40 00:08.978","2","00","76 21:59.511","0","0","0","0","36223","0","0","0","","0","0","0","2","36223","0","","1","09","N","N","0","","0","0","0","3","3","Y","0725","0","2","0","0","0","0","0","1","0","2","N","","","","","","","","","","","","03","  ","","",""
"0053","3","0","0","0","0","0","0","0","0","5","0","","36","06","2017","2017057929","6","40.0357","-76.3053","0051","08","0","0","0","0","0","0","0","0","2","0","0","0","00","3","0","00","1","40 02:08.593","1","00","76 18:18.902","0","0","0","0","36301","0","0","0","N","0","0","0","2","36301","0","","6","01","N","N","0","","0","0","0","0","0","N","0034","0","4","0","0","2","0","0","3","1","4","N","","","","","","","","","","","","03","  ","","",""
"1521","2","0","0","0","0","0","0","0","0","4","0","","36","05","2017","2017057950","4","40.1463","-76.6016","1519","08","0","0","0","0","0","1","0","0","2","0","0","0","15","1","1","01","1","40 08:46.504","7","00","76 36:05.639","3","0","0","0","36407","0","0","0","N","0","0","0","2","36407","0","","1","01","N","N","0","","1","0","0","3","3","Y","1519","1","2","0","0","0","0","0","2","0","2","N","","","","","","","","","","","","03","  ","","",""
"0410","2","0","0","0","0","0","0","0","0","1","0","","36","05","2017","2017057957","4","40.024","-76.3031","0403","08","0","0","0","0","0","0","0","0","2","0","0","0","04","3","1","00","1","40 01:26.493","1","00","76 18:11.155","4","0","0","0","36301","0","0","0","N","0","0","0","1","36301","1","","6","01","N","N","0","","0","0","0","0","0","N","0403","1","2","0","0","0","0","0","3","0","2","N","","","","","","","","","","","","03","  ","","",""
"1551","0","0","0","1","0","0","0","0","0","4","0","","36","05","2017","2017057964","4","40.0399","-76.3257","1548","08","0","0","0","0","0","0","0","0","","0","0","0","15","1","1","01","0","40 02:23.805","","00","76 19:32.638","8","0","0","0","36220","1","0","0","N","0","0","0","2","36101","0","","1","01","N","N","0","","0","0","1","0","0","","1548","1","2","0","0","0","1","0","3","0","1","N","","","","","","","","","","","","03","  ","","",""
"2110","1","0","0","0","0","0","0","0","0","7","0","","36","05","2017","2017057968","5","40.07","-76.3003","2106","08","0","0","0","0","0","0","1","0","","0","0","0","21","2","0","00","0","40 04:12.000","","07","76 18:01.000","0","0","0","0","36101","0","0","0","N","0","0","0","1","36101","0","","2","01","N","N","0","","0","0","0","0","0","","2104","0","1","0","0","0","0","0","3","0","1","N","","","","","","","","","","","","03","  ","","",""
"0652","1","0","0","0","0","0","0","0","0","4","0","","36","06","2017","2017057984","5","40.1737","-76.3384","0645","08","0","0","0","0","0","0","0","1","","0","0","0","06","1","1","01","0","40 10:25.198","","00","76 20:18.137","8","0","0","0","36227","0","0","0","","0","0","0","3","36506","0","","1","01","N","N","0","","0","0","1","3","3","","0645","1","2","0","0","0","1","0","1","0","2","N","","","","","","","","","","","","03","  ","","",""
"0054","0","0","0","0","0","0","0","0","0","0","0","","36","06","2017","2017057985","3","40.1604","-76.3547","0051","08","0","0","0","0","0","0","0","0","","0","0","0","00","2","0","00","0","40 09:37.593","","00","76 21:16.911","9","0","0","0","36227","0","0","0","","0","0","0","1","36506","0","","4","01","N","N","0","","0","0","1","0","0","","0051","0","1","0","0","0","0","1","1","0","1","N","","","","","","","","","","","","03","  ","","",""
"1423","1","0","0","0","0","0","0","0","0","4","0","","36","06","2017","2017058023","6","40.161","-76.3857","1417","08","0","0","0","0","0","0","1","0","1","0","0","0","14","1","0","02","1","40 09:39.744","5","00","76 23:08.664","0","0","0","0","36410","0","0","0","","0","0","0","2","36410","0","","1","01","N","N","1","","0","0","0","3","3","N","1414","0","2","0","0","0","0","0","2","0","2","N","","","","","","","","","","","","03","  ","","",""
"0900","1","0","0","0","0","0","0","0","0","1","0","","36","06","2017","2017058117","6","40.1777","-76.1281","0853","08","0","0","1","0","0","0","0","0","1","0","0","1","08","1","1","00","2","40 10:39.822","3","00","76 07:41.151","8","0","0","0","36218","1","0","0","N","0","0","0","2","36408","0","","1","01","N","N","0","","0","0","0","0","0","N","0853","1","2","0","0","0","1","0","1","0","1","N","","","","","","","","","","","","03","  ","","",""
"1147","2","0","0","0","0","0","0","0","0","4","0","","36","06","2017","2017058164","6","40.0824","-76.2708","1134","08","0","0","1","0","0","0","0","0","","0","0","0","10","1","1","01","0","40 04:56.550","","00","76 16:15.052","3","0","0","0","36101","0","0","0","N","0","0","0","2","36101","0","","1","01","N","N","0","","1","0","0","0","0","","1058","1","2","0","0","0","0","0","3","0","2","N","","","","","","","","","","","","03","  ","","",""
"1736","0","0","0","0","0","0","0","0","0","7","0","","36","06","2017","2017058167","1","40.2468","-76.2817","1724","08","0","0","1","0","0","0","0","0","2","0","0","0","17","1","0","00","2","40 14:48.400","5","00","76 16:54.200","0","0","0","0","36204","0","0","0","","0","0","0","2","36506","0","","4","09","N","N","0","","0","0","1","0","0","Y","1724","0","1","0","0","0","0","0","1","0","1","N","","","","","","","","","","","","07","  ","","",""
"0341","0","0","0","0","0","0","0","0","0","7","0","","36","03","2017","2017058181","1","39.8623","-76.2827","0313","08","0","0","0","0","0","0","0","0","","0","0","0","03","2","0","00","0","39 51:44.260","","00","76 16:57.550","0","0","0","0","36224","0","0","0","","0","0","0","1","68J01","0","","4","01","N","N","1","","0","0","0","0","0","","0311","0","1","0","0","1","0","0","1","0","1","N","","","","","","","","","","","","03","  ","","",""
"1037","1","0","0","0","0","0","0","0","0","0","0","","36","05","2017","2017058189","5","39.853","-76.1258","1031","08","0","0","0","0","0","1","0","0","3","0","0","0","10","1","1","00","2","39 51:10.760","6","00","76 07:32.980","3","0","0","0","36212","0","0","0","","0","0","0","1","68J01","0","","4","01","N","Y","0","","1","0","0","0","0","Y","1031","1","1","0","0","0","0","0","1","0","1","N","","","","","","","","","","","","03","  ","","",""
"1606","1","0","0","0","0","0","0","0","0","7","0","","36","05","2017","2017058406","4","39.9373","-76.3066","1547","08","0","1","0","0","0","0","0","0","2","0","0","0","15","1","0","00","1","39 56:14.341","5","00","76 18:23.866","0","0","0","0","36224","0","0","0","","0","0","0","3","68J01","0","","5","01","N","N","0","","0","0","0","0","0","N","1547","0","1","0","0","0","0","0","1","0","1","N","","","","","","","","","","","","03","  ","","",""
"2126","0","0","1","0","0","0","0","0","0","7","0","","36","05","2017","2017058415","3","40.0144","-76.1316","2119","08","0","0","0","0","0","0","0","0","2","0","0","0","21","2","2","00","2","40 00:51.840","5","03","76 07:53.746","2","0","0","0","36226","0","0","0","","0","0","0","2","68J01","0","","4","01","N","N","0","","0","2","1","0","0","N","2117","2","1","0","1","1","0","0","1","0","1","N","","","","","","","","","","","","03","  ","","",""
"1842","2","0","0","0","0","0","0","0","0","4","0","","36","06","2017","2017058494","4","40.2344","-76.1394","1838","08","1","0","0","0","0","1","0","0","2","0","0","0","18","1","1","01","2","40 14:03.883","7","00","76 08:21.751","3","0","0","0","36405","0","0","0","N","0","0","0","3","36210","0","","1","01","N","N","0","","1","0","0","3","3","Y","1838","1","2","0","0","0","0","0","1","0","2","N","","","","","","","","","","","","03","  ","","",""
"2103","1","0","0","0","0","0","0","0","0","7","0","","36","06","2017","2017058523","4","40.1017","-76.3945","2057","08","0","1","0","0","0","0","0","0","","0","0","0","20","2","0","00","0","40 06:06.253","","00","76 23:40.070","0","0","0","0","36214","0","0","0","N","0","0","0","2","36214","0","","2","01","N","N","0","","0","0","0","3","8","","2045","0","1","0","0","0","0","0","3","0","1","N","","","","","","","","","","","","03","  ","","",""
"1845","2","0","0","0","0","0","0","0","0","4","0","","36","05","2017","2017058540","5","40.0424","-76.2938","1841","08","0","0","0","0","0","2","0","0","","0","0","0","18","1","0","01","0","40 02:32.780","","00","76 17:37.618","0","0","0","0","36301","0","0","0","N","0","0","0","2","36301","0","","1","01","N","N","0","","0","0","0","3","3","","1837","0","2","0","0","0","0","0","3","0","2","N","","","","","","","","","","","","03","  ","","",""
"1420","1","0","0","0","0","0","0","0","0","1","1","","36","06","2017","2017058543","4","40.1617","-76.202","1409","08","0","0","0","0","0","1","0","0","","0","1","0","14","1","0","03","0","40 09:42.176","","00","76 12:07.319","0","0","0","0","36218","0","0","0","N","0","0","0","2","36408","0","","1","01","N","N","0","","0","0","0","0","0","","1409","0","2","0","0","0","0","0","1","0","2","N","","","","","","","","","","","","03","  ","","",""
"1643","1","0","0","0","0","0","0","0","0","1","0","","36","05","2017","2017058590","4","40.1075","-76.2518","1640","08","0","0","0","0","0","0","0","0","","0","0","0","16","1","1","01","0","40 06:27.073","","00","76 15:06.604","3","0","0","0","36101","0","0","0","N","0","0","0","4","36101","0","","1","01","N","N","1","","1","0","0","0","0","","1638","1","2","0","0","1","0","0","3","0","2","N","","","","","","","","","","","","03","  ","","",""
"1550","2","0","0","0","0","0","0","0","0","4","0","","36","05","2017","2017058625","2","40.0369","-76.322","1547","08","0","0","1","0","0","0","0","0","2","0","0","0","15","1","0","01","2","40 02:12.818","5","00","76 19:19.192","0","0","0","0","36301","0","0","0","N","0","0","0","3","36301","0","","1","01","N","N","0","","0","0","0","3","3","Y","1547","0","2","0","0","0","0","0","3","0","2","N","","","","","","","","","","","","03","  ","","",""
"0648","1","0","0","0","0","0","0","0","0","4","0","","36","06","2017","2017058650","5","40.1625","-76.5528","0642","08","0","0","0","0","0","1","0","0","2","0","0","0","06","1","1","01","1","40 09:44.935","6","00","76 33:10.134","8","0","0","0","36225","0","0","0","N","0","0","0","2","36505","0","","1","01","N","N","1","","0","0","0","3","3","N","0639","1","2","0","0","0","1","0","2","0","2","N","","","","","","","","","","","","03","  ","","",""
"1055","1","0","0","0","0","0","0","0","0","1","0","","36","06","2017","2017058676","5","40.0685","-76.2708","1050","08","0","0","0","0","0","1","0","0","1","0","0","0","10","1","1","02","1","40 04:06.497","3","00","76 16:15.009","4","0","0","0","36101","0","0","0","N","0","0","0","2","36101","1","","1","01","N","N","0","","0","0","0","0","0","N","1048","1","2","0","0","0","0","0","3","1","2","N","","","","","","","","","","","","03","  ","","",""
"1455","1","0","0","0","0","0","0","0","0","1","0","","36","06","2017","2017058732","5","40.0953","-76.11","1446","08","0","0","0","0","0","1","0","1","1","0","0","0","14","1","0","00","1","40 05:43.134","4","00","76 06:36.031","0","0","0","0","36209","0","0","0","N","0","0","0","3","36415","0","","1","01","N","N","1","","0","0","1","0","0","N","1440","0","3","0","0","0","0","0","1","0","3","N","","","","","","","","","","","","03","  ","","",""
"1443","1","0","0","0","0","0","0","0","0","0","0","","36","06","2017","2017058808","5","","","1437","08","0","0","0","1","0","0","0","0","","0","0","0","14","1","0","00","0","00 00:00.00","","00","00 00:00.0","0","0","0","0","36101","0","0","0","N","0","0","0","1","36101","0","","1","01","N","N","0","","0","0","0","0","0","","1434","0","1","0","0","0","0","0","3","0","1","N","","","","","","","","","","","","03","  ","","",""
"0904","1","0","0","0","0","0","0","0","0","7","0","","36","06","2017","2017058814","4","40.0924","-76.41","0903","08","0","0","1","0","0","0","0","0","1","0","0","0","08","1","0","01","2","40 05:32.678","3","00","76 24:35.883","0","0","0","0","36214","0","0","0","","0","0","0","1","36214","0","","4","01","N","N","0","","0","0","0","3","3","N","0858","0","1","0","0","0","0","0","3","0","1","N","","","","","","","","","","","","03","  ","","",""
"1748","1","0","0","0","0","0","0","0","0","4","0","","36","06","2017","2017058902","5","40.1618","-76.202","1746","08","0","0","0","0","0","0","0","0","1","0","0","0","17","1","1","00","1","40 09:42.591","2","07","76 12:07.082","8","0","0","1","36218","0","0","0","N","0","0","0","2","36402","0","","1","01","N","N","0","","0","0","0","0","0","Y","1742","1","2","0","0","0","1","0","1","0","2","N","","","","","","","","","","","","03","  ","","",""
"1752","2","0","0","0","0","0","0","0","0","1","0","","36","06","2017","2017058908","4","40.0863","-76.3285","1752","08","0","0","1","0","0","0","0","0","3","0","0","0","17","1","0","02","1","40 05:10.700","1","00","76 19:42.740","0","0","0","0","36101","0","0","0","N","0","0","0","2","36101","0","","1","01","N","N","0","","0","0","0","0","0","N","1750","0","2","0","0","0","0","0","3","0","2","N","","","","","","","","","","","","03","  ","","",""
"1208","1","0","0","0","0","0","0","0","0","6","0","","36","05","2017","2017058909","5","40.0664","-76.2889","1150","08","0","0","0","0","0","0","0","0","","0","0","0","11","1","2","00","0","40 03:59.212","","02","76 17:20.102","3","0","0","0","36101","0","0","0","Y","0","0","0","5","36101","1","","1","09","N","N","0","","1","0","1","0","0","","1148","2","2","0","0","1","0","0","3","0","2","N","","","","","","","","","","","","03","  ","","",""
"1705","2","0","0","0","0","0","0","0","0","4","0","","36","06","2017","2017058925","4","40.0245","-76.3309","1658","08","0","0","0","0","1","0","0","0","2","0","0","0","16","1","1","02","2","40 01:28.029","4","00","76 19:51.267","4","0","0","0","36220","0","0","0","N","0","0","0","3","36101","1","","1","01","N","N","0","","0","0","0","3","2","N","1657","1","3","0","0","0","0","0","3","1","3","N","","","","","","","","","","","","03","  ","","",""
"1940","0","0","0","0","0","0","0","0","0","0","0","","36","06","2017","2017058930","5","40.159","-76.2897","1938","08","0","0","0","0","0","0","0","0","3","0","0","0","19","1","0","00","2","40 09:32.313","5","00","76 17:23.074","0","0","0","0","36409","0","0","0","N","0","0","0","2","36409","0","","6","01","N","N","0","","0","0","1","0","0","Y","1938","0","1","0","0","2","0","0","3","0","1","N","","","","","","","","","","","","03","  ","","",""
"2109","1","0","0","0","0","0","0","0","0","9","0","","36","05","2017","2017058948","1","40.231","-76.1242","2109","08","0","0","0","0","0","0","0","0","","0","0","0","20","2","0","00","0","40 13:51.057","","00","76 07:25.633","0","0","0","0","36210","0","0","0","","0","0","0","1","68T06","0","","9","01","N","N","0","","0","0","0","0","0","","2050","0","1","0","0","0","0","0","1","0","1","N","","","","","","","","","","","","03","  ","","",""