"ARRIVAL_TM","AUTOMOBILE_COUNT","BELTED_DEATH_COUNT","BELTED_SUSP_SERIOUS_INJ_COUNT","BICYCLE_COUNT","BICYCLE_DEATH_COUNT","BICYCLE_SUSP_SERIOUS_INJ_COUNT","BUS_COUNT","CHLDPAS_DEATH_COUNT","CHLDPAS_SUSP_SERIOUS_INJ_COUNT","COLLISION_TYPE","COMM_VEH_COUNT","CONS_ZONE_SPD_LIM","COUNTY","CRASH_MONTH","CRASH_YEAR","CRN","DAY_OF_WEEK","DEC_LAT","DEC_LONG","DISPATCH_TM","DISTRICT","DRIVER_COUNT_16YR","DRIVER_COUNT_17YR","DRIVER_COUNT_18YR","DRIVER_COUNT_19YR","DRIVER_COUNT_20YR","DRIVER_COUNT_50_64YR","DRIVER_COUNT_65_74YR","DRIVER_COUNT_75PLUS","EST_HRS_CLOSED","FATAL_COUNT","HEAVY_TRUCK_COUNT","HORSE_BUGGY_COUNT","HOUR_OF_DAY","ILLUMINATION","INJURY_COUNT","INTERSECT_TYPE","LANE_CLOSED","LATITUDE","LN_CLOSE_DIR","LOCATION_TYPE","LONGITUDE","MAX_SEVERITY_LEVEL","MCYCLE_DEATH_COUNT","MCYCLE_SUSP_SERIOUS_INJ_COUNT","MOTORCYCLE_COUNT","MUNICIPALITY","NONMOTR_COUNT","NONMOTR_DEATH_COUNT","NONMOTR_SUSP_SERIOUS_INJ_COUNT","NTFY_HIWY_MAINT","PED_COUNT","PED_DEATH_COUNT","PED_SUSP_SERIOUS_INJ_COUNT","PERSON_COUNT","POLICE_AGCY","POSSIBLE_INJ_COUNT","RDWY_SURF_TYPE_CD","RELATION_TO_ROAD","ROAD_CONDITION","SCH_BUS_IND","SCH_ZONE_IND","SMALL_TRUCK_COUNT","SPEC_JURIS_CD","SUSP_MINOR_INJ_COUNT","SUSP_SERIOUS_INJ_COUNT","SUV_COUNT","TCD_FUNC_CD","TCD_TYPE","TFC_DETOUR_IND","TIME_OF_DAY","TOT_INJ_COUNT","TOTAL_UNITS","UNB_DEATH_COUNT","UNB_SUSP_SERIOUS_INJ_COUNT","UNBELTED_OCC_COUNT","UNK_INJ_DEG_COUNT","UNK_INJ_PER_COUNT","URBAN_RURAL","VAN_COUNT","VEHICLE_COUNT","WORK_ZONE_IND","WORK_ZONE_LOC","WORK_ZONE_TYPE","WORKERS_PRES","WZ_CLOSE_DETOUR","WZ_FLAGGER","WZ_LAW_OFFCR_IND","WZ_LN_CLOSURE","WZ_MOVING","WZ_OTHER","WZ_SHLDER_MDN","ROADWAY_CLEARED","WEATHER1","WEATHER2","WZ_WORKERS_INJ_KILLED","SECONDARY_CRASH","INTERSECTION_RELATED"
"1500","2","0","0","0","0","0","0","0","0","5","0","","36","05","2017","2017059016","7","40.0374","-76.3106","1456","08","0","0","0","0","0","0","0","0","","0","0","0","14","1","3","01","0","40 02:14.773","","00","76 18:38.040","3","0","0","0","36301","0","0","0","N","0","0","0","3","36301","2","","1","01","N","N","0","","1","0","0","3","2","","1456","3","2","0","0","0","0","0","3","0","2","N","","","","","","","","","","","","03","  ","","",""
"1159","1","0","0","0","0","0","0","0","0","2","0","","36","06","2017","2017059023","2","40.0582","-76.2956","1152","08","0","0","0","0","0","1","0","0","2","0","0","0","11","1","2","00","2","40 03:29.490","6","00","76 17:44.065","4","0","0","0","36101","0","0","0","N","0","0","0","2","36101","2","","1","09","N","N","0","","0","0","1","0","0","Y","1152","2","2","0","0","0","0","0","3","0","2","N","","","","","","","","","","","","07","  ","","",""
"0925","0","0","0","0","0","0","0","0","0","4","1","","36","06","2017","2017059051","6","40.2124","-76.1288","0921","08","0","0","0","0","1","0","0","1","","0","1","0","09","1","1","01","0","40 12:49.356","","00","76 07:35.127","4","0","0","0","36210","0","0","0","N","0","0","0","2","36210","1","","1","01","N","N","0","","0","0","1","3","2","","0919","1","2","0","0","0","0","0","1","0","2","N","","","","","","","","","","","","03","  ","","",""
"1358","1","0","0","0","0","0","0","0","0","8","0","","36","05","2017","2017059054","6","40.0358","-76.3159","1358","08","0","0","0","0","0","0","1","0","","0","0","0","23","3","1","01","0","40 02:08.854","","00","76 18:57.128","4","0","0","0","36301","1","0","0","N","1","0","0","2","36301","1","","1","01","N","N","0","","0","0","0","3","3","","2300","1","2","0","0","0","0","1","3","0","1","N","","","","","","","","","","","","99","  ","","",""
"1208","1","0","0","0","0","0","0","0","0","7","0","","36","06","2017","2017059107","4","40.1079","-76.2483","1203","08","0","0","0","0","0","0","0","0","1","0","0","0","12","1","1","00","1","40 06:28.353","1","00","76 14:53.865","3","0","0","0","36101","0","0","0","N","0","0","0","1","36101","0","","5","01","N","N","0","","1","0","0","0","0","N","1201","1","1","0","0","0","0","0","3","0","1","N","","","","","","","","","","","","03","  ","","",""
"1640","0","0","0","0","0","0","0","0","0","1","0","","36","06","2017","2017059120","4","40.061","-76.537","1635","08","0","0","0","0","0","0","0","0","2","0","0","0","16","1","0","00","1","40 03:39.508","7","00","76 32:13.307","0","0","0","0","36211","0","0","0","N","0","0","0","2","36504","0","","1","01","N","N","1","","0","0","1","0","0","N","1630","0","2","0","0","0","0","0","1","0","2","N","","","","","","","","","","","","03","  ","","",""
"1345","0","0","0","0","0","0","0","0","0","2","0","","36","05","2017","2017059141","1","39.9912","-76.0151","1330","08","0","0","0","0","0","0","0","1","3","1","0","0","13","1","0","00","1","39 59:28.389","3","00","76 00:54.279","1","0","0","0","36232","0","0","0","","0","0","0","8","68J01","0","2","1","01","N","N","0","0","0","0","0","0","0","Y","1327","0","2","1","0","1","0","0","1","2","2","N","","","","","","","","","","","","03","  ","","",""
"0532","0","0","0","0","0","0","0","0","0","7","0","","36","05","2017","2017059145","4","39.723","-76.1541","0503","08","0","0","0","0","0","1","0","0","","0","0","0","21","2","1","00","0","39 43:22.909","","00","76 09:14.699","3","0","0","0","36219","0","0","0","","0","0","0","1","68J01","0","","5","01","N","N","0","","1","0","1","0","0","","2130","1","1","0","0","0","0","0","1","0","1","N","","","","","","","","","","","","03","  ","","",""
"0210","1","0","0","0","0","0","0","0","0","9","0","","36","05","2017","2017059149","1","40.0396","-76.1298","0200","08","0","0","1","0","0","0","0","0","3","0","0","0","01","2","1","00","1","40 02:22.495","3","00","76 07:47.174","3","0","0","0","36221","0","0","0","","0","0","0","1","68J01","0","","1","01","N","N","0","","1","0","0","0","0","N","0159","1","1","0","0","1","0","0","1","0","1","N","","","","","","","","","","","","03","  ","","",""
"1022","1","0","0","0","0","0","0","0","0","4","0","","36","05","2017","2017059153","7","39.8702","-76.2279","1017","08","0","0","0","1","0","1","0","0","2","0","0","0","10","1","0","00","1","39 52:12.617","2","07","76 13:40.429","0","0","0","0","36208","0","0","0","","0","0","0","2","68J01","0","","1","01","N","N","1","","0","0","0","3","3","N","1016","0","2","0","0","0","0","0","1","0","2","N","","","","","","","","","","","","03","  ","","",""
"1203","2","0","0","0","0","0","0","0","0","1","0","","36","06","2017","2017059160","7","40.1683","-76.0078","1155","08","0","0","0","0","0","1","0","0","1","0","0","0","11","1","0","02","1","40 10:05.764","7","00","76 00:28.035","0","0","0","0","36202","0","0","0","","0","0","0","3","68J01","0","","1","01","N","N","0","","0","0","0","0","0","N","1153","0","2","0","0","0","0","0","1","0","2","N","","","","","","","","","","","","03","  ","","",""
"1635","1","0","0","0","0","0","0","0","0","7","0","","36","06","2017","2017059163","2","39.9914","-76.0166","1617","08","0","0","0","0","0","0","0","0","","0","0","0","16","1","0","00","0","39 59:29.214","","00","76 00:59.722","0","0","0","0","36232","0","0","0","","0","0","0","1","68J01","0","","4","09","N","N","0","","0","0","0","0","0","","1600","0","1","0","0","0","0","0","1","0","1","N","","","","","","","","","","","","03","  ","","",""
"2334","0","0","0","0","0","0","0","0","0","7","0","","36","06","2017","2017059164","2","39.7229","-76.1579","2254","08","0","0","0","0","0","0","0","0","","0","0","0","22","2","1","00","0","39 43:22.580","","00","76 09:28.480","8","0","0","0","36219","0","0","0","","0","0","0","1","68J01","0","","5","98","N","N","1","","0","0","0","0","0","","2254","1","1","0","0","1","1","0","1","0","1","N","","","","","","","","","","","","03","  ","","",""
"2204","1","0","0","0","0","0","0","0","0","4","0","","36","06","2017","2017059168","4","40.0394","-76.1442","2157","08","1","1","0","0","0","0","0","0","","0","0","0","21","2","0","00","0","40 02:21.990","","07","76 08:39.260","0","0","0","0","36221","0","0","0","","0","0","0","2","68J01","0","","1","01","N","N","1","","0","0","0","0","0","","2150","0","2","0","0","0","0","0","1","0","2","N","","","","","","","","","","","","03","  ","","",""
"2026","0","0","0","0","0","0","0","0","0","7","0","","36","06","2017","2017059183","4","40.0681","-76.2993","2022","08","0","0","0","0","0","0","0","1","2","0","0","0","20","1","1","03","2","40 04:05.083","4","02","76 17:57.480","4","0","0","0","36101","0","0","0","","0","0","0","1","36101","1","","2","01","N","N","0","","0","0","1","0","0","N","2021","1","1","0","0","0","0","0","3","0","1","N","","","","","","","","","","","","03","  ","","",""
"1948","0","0","0","0","0","0","0","0","0","1","0","","36","06","2017","2017059234","6","40.0606","-76.3601","1939","08","0","0","0","0","0","0","0","0","1","0","0","0","19","1","1","00","1","40 03:38.142","3","00","76 21:36.500","8","0","0","0","36214","0","0","0","Y","0","0","0","11","36214","0","","1","01","N","N","1","","0","0","0","0","0","N","1937","1","2","0","0","1","1","0","3","1","2","N","","","","","","","","","","","","03","  ","","",""
"0638","2","0","0","0","0","0","0","0","0","2","0","","36","06","2017","2017059332","7","40.0332","-76.3069","0633","08","0","0","0","0","0","0","0","0","3","0","0","0","06","1","1","00","1","40 01:59.390","2","00","76 18:24.737","8","0","0","0","36301","0","0","0","N","0","0","0","1","36301","0","","6","01","N","N","0","","0","0","0","0","0","N","0633","1","2","0","0","1","1","0","3","0","2","N","","","","","","","","","","","","03","  ","","",""
"1654","1","0","0","0","0","0","0","0","0","4","0","","36","06","2017","2017059333","6","40.0599","-76.2777","1650","08","0","0","0","0","0","0","0","0","","0","0","0","16","1","0","01","0","40 03:35.856","","00","76 16:40.025","0","0","0","0","36101","0","0","0","N","0","0","0","3","36101","0","","1","01","N","N","1","","0","0","0","3","2","","1650","0","2","0","0","0","0","0","3","0","2","N","","","","","","","","","","","","03","  ","","",""
"0702","1","0","0","0","0","0","0","0","0","1","0","","36","06","2017","2017059341","7","40.1858","-76.4097","0701","08","0","0","0","0","1","0","0","0","2","0","0","0","07","1","0","00","1","40 11:08.990","1","00","76 24:34.809","0","0","0","0","36230","0","0","0","N","0","0","0","3","36410","0","","1","01","N","N","0","","0","0","2","0","0","N","0700","0","3","0","0","0","0","0","1","0","3","N","","","","","","","","","","","","03","  ","","",""
"0517","0","0","0","0","0","0","0","0","0","9","0","","36","06","2017","2017059345","7","40.2678","-76.0877","0512","08","0","0","0","0","0","0","0","0","","0","0","0","05","5","0","00","0","40 16:03.981","","00","76 05:15.661","0","0","0","1","36210","0","0","0","N","0","0","0","1","36210","0","","1","01","N","N","0","","0","0","0","0","0","","0510","0","1","0","0","0","0","0","1","0","1","N","","","","","","","","","","","","03","  ","","",""
"1132","0","0","0","0","0","0","0","0","0","1","1","","36","06","2017","2017059347","2","40.1176","-76.4961","1125","08","0","0","0","0","0","1","1","0","2","0","2","0","11","1","2","02","1","40 07:03.202","3","00","76 29:46.099","3","0","0","0","36230","0","0","0","N","0","0","0","6","36410","0","","1","09","N","N","0","","2","0","1","0","0","N","1120","2","3","0","0","0","0","0","1","0","3","N","","","","","","","","","","","","07","  ","","",""
"1807","1","0","0","0","0","0","0","0","0","1","0","","36","06","2017","2017059357","6","40.0656","-76.3347","1759","08","0","0","0","0","0","0","0","0","","0","0","0","17","1","0","00","0","40 03:56.149","","00","76 20:04.923","0","0","0","0","36101","0","0","0","N","0","0","0","2","36101","0","","1","01","N","N","1","","0","0","0","0","0","","1740","0","2","0","0","0","0","0","3","0","2","N","","","","","","","","","","","","03","  ","","",""
"0011","2","0","0","0","0","0","0","0","0","4","0","","36","06","2017","2017059535","1","40.0348","-76.2953","0007","08","0","0","0","0","0","0","0","0","2","0","0","0","00","3","0","02","1","40 02:05.413","6","00","76 17:43.162","0","0","0","0","36301","0","0","0","N","0","0","0","1","36301","0","","1","01","N","N","0","","0","0","1","3","3","Y","0005","0","3","0","0","0","0","0","3","0","3","N","","","","","","","","","","","","03","  ","","",""
"0957","0","0","0","0","0","0","0","0","0","7","0","","36","05","2017","2017059559","3","39.7762","-76.1884","0927","08","0","0","0","0","0","0","0","0","","0","0","0","02","2","1","00","0","39 46:34.490","","00","76 11:18.220","3","0","0","0","36219","0","0","0","","0","0","0","1","68J01","0","","4","01","N","N","1","","1","0","0","3","8","","0215","1","1","0","0","0","0","0","1","0","1","N","","","","","","","","","","","","05","  ","","",""
"1651","1","0","0","0","0","0","0","0","0","1","0","","36","05","2017","2017059564","4","40.0387","-76.1587","1645","08","0","0","0","0","0","1","1","0","3","0","0","0","16","1","3","00","2","40 02:19.160","6","00","76 09:31.222","3","0","0","0","36221","0","0","0","","0","0","0","9","68J01","1","","1","01","N","N","2","","2","0","1","0","0","Y","1640","3","5","0","0","3","0","0","1","1","5","N","","","","","","","","","","","","03","  ","","",""
"0634","1","0","0","0","0","0","0","0","0","7","0","","36","06","2017","2017059574","7","40.1377","-75.9039","0615","08","0","0","0","0","0","0","0","0","1","0","0","0","06","5","1","00","1","40 08:15.810","4","00","75 54:14.040","3","0","0","0","36203","0","0","0","","0","0","0","1","68J01","0","","4","01","N","N","0","","1","0","0","0","0","N","0614","1","1","0","0","0","0","0","1","0","1","N","","","","","","","","","","","","03","  ","","",""
"1415","1","0","0","0","0","0","0","0","0","4","0","","36","06","2017","2017059591","6","40.0741","-76.3709","1412","08","0","0","0","0","0","1","0","0","2","0","0","0","14","1","0","01","2","40 04:26.901","5","00","76 22:15.317","0","0","0","0","36214","0","0","0","N","0","0","0","2","36214","0","","1","01","N","N","1","","0","0","0","3","2","Y","1412","0","2","0","0","0","0","0","3","0","2","N","","","","","","","","","","","","03","  ","","",""
"1555","2","0","0","0","0","0","0","0","0","4","0","","36","06","2017","2017059597","7","40.0289","-76.2977","1550","08","0","1","0","0","0","0","0","1","","0","0","0","15","1","7","01","0","40 01:44.047","","00","76 17:51.838","3","0","0","0","36301","0","0","0","N","0","0","0","8","36301","5","","1","01","N","N","0","","2","0","1","3","3","","1550","7","3","0","0","0","0","0","3","0","3","N","","","","","","","","","","","","03","  ","","",""
"1749","1","0","0","0","0","0","0","0","0","0","0","","36","05","2017","2017059610","1","39.9853","-76.2379","1733","08","0","0","0","0","0","1","0","0","","0","0","0","17","1","0","00","0","39 59:07.257","","00","76 14:16.305","0","0","0","0","36240","0","0","0","N","0","0","0","1","36240","0","","1","01","N","N","0","","0","0","0","0","0","","1727","0","1","0","0","0","0","0","1","0","1","N","","","","","","","","","","","","03","  ","","",""
"1044","1","0","0","0","0","0","0","0","0","5","0","","36","05","2017","2017059613","6","40.0515","-76.3039","1040","08","0","0","0","0","0","1","0","0","","0","0","0","10","1","0","00","0","40 03:05.375","","00","76 18:13.908","0","0","0","0","36301","0","0","0","N","0","0","0","2","36301","0","","1","01","N","N","0","","0","0","1","3","2","","1038","0","2","0","0","0","0","0","3","0","2","N","","","","","","","","","","","","03","  ","","",""
"1511","1","0","0","0","0","0","0","0","0","4","0","","36","05","2017","2017059618","3","40.1314","-76.5642","1808","08","0","0","0","0","0","0","0","0","","0","0","0","15","1","0","00","0","40 07:52.964","","07","76 33:51.230","0","0","0","0","36225","0","0","0","N","0","0","0","4","36505","0","","1","01","N","N","1","","0","0","0","0","0","","1503","0","2","0","0","0","0","0","2","0","2","N","","","","","","","","","","","","03","  ","","",""
"0250","0","0","0","0","0","0","0","0","0","7","0","","36","05","2017","2017059619","5","40.005","-76.2997","0247","08","0","0","0","0","0","0","0","0","2","0","0","0","02","2","0","00","2","40 00:17.970","6","00","76 17:58.912","0","0","0","0","36240","0","0","0","N","0","0","0","1","36240","0","","4","01","N","N","0","","0","0","1","0","0","Y","0245","0","1","0","0","0","0","0","1","0","1","N","","","","","","","","","","","","03","  ","","",""
"1147","1","0","0","0","0","0","0","0","0","4","0","","36","05","2017","2017059626","4","39.972","-76.2737","1140","08","0","0","0","0","0","1","0","0","","0","0","0","11","1","0","02","0","39 58:19.240","","00","76 16:25.408","0","0","0","0","36240","0","0","0","N","0","0","0","3","36240","0","","1","01","N","N","0","","0","0","1","0","0","","1137","0","2","0","0","0","0","0","1","0","2","N","","","","","","","","","","","","03","  ","","",""
"1605","1","0","0","0","0","0","0","0","0","1","0","","36","06","2017","2017059628","6","40.2171","-76.091","1559","08","0","0","0","0","2","0","0","0","","0","0","0","15","1","0","01","0","40 13:01.736","","02","76 05:27.697","0","0","0","0","36210","0","0","0","N","0","0","0","2","36210","0","","1","01","N","N","0","","0","0","1","9","2","","1542","0","2","0","0","0","0","0","1","0","2","N","","","","","","","","","","","","03","  ","","",""
"2012","1","0","1","0","0","0","0","0","0","2","0","","36","06","2017","2017059634","5","40.012","-76.2651","2009","08","0","0","0","0","0","1","0","0","3","0","0","0","20","2","3","00","2","40 00:43.200","6","00","76 15:54.400","2","0","0","0","36240","0","0","0","N","0","0","0","3","36240","1","","1","01","N","N","0","","1","1","1","0","0","Y","2008","3","2","0","0","1","0","0","1","0","2","N","","","","","","","","","","","","03","  ","","",""
"1800","0","0","0","0","0","0","0","0","0","1","0","","36","06","2017","2017059636","6","40.0552","-76.3108","1755","08","0","0","0","0","0","0","0","0","","0","0","0","15","1","1","00","0","40 03:18.594","","03","76 18:38.866","4","0","0","1","36301","0","0","0","N","0","0","0","2","36101","1","","1","01","N","N","0","","0","0","0","0","0","","1520","1","2","0","0","0","0","1","3","0","2","N","","","","","","","","","","","","03","  ","","",""
"1553","0","0","0","0","0","0","0","0","0","4","0","","36","06","2017","2017059654","7","39.9901","-76.2399","1546","08","0","0","0","0","0","1","1","0","","0","0","0","15","1","0","01","0","39 59:24.433","","00","76 14:23.626","0","0","0","0","36240","0","0","0","N","0","0","0","2","36240","0","","1","01","N","N","0","","0","0","1","3","2","","1544","0","2","0","0","0","0","0","1","1","2","N","","","","","","","","","","","","03","  ","","",""
"1205","1","0","0","0","0","0","0","0","0","1","0","","36","06","2017","2017059702","6","40.2041","-76.3579","1159","08","0","0","0","0","0","2","0","0","1","0","0","0","11","1","0","00","1","40 12:14.697","3","00","76 21:28.405","0","0","0","0","36227","0","0","0","","0","0","0","2","36506","0","","1","01","N","N","0","","0","0","1","0","0","N","1159","0","2","0","0","0","0","0","1","0","2","N","","","","","","","","","","","","03","  ","","",""
"2012","1","0","0","0","0","0","0","0","0","7","0","","36","06","2017","2017059758","1","40.1041","-76.0845","2008","08","0","0","0","0","0","0","0","0","1","0","0","0","20","1","0","02","1","40 06:14.710","2","00","76 05:04.321","0","0","0","0","36415","0","0","0","N","0","0","0","1","36415","0","","2","01","N","N","0","","0","0","0","3","1","Y","2008","0","1","0","0","0","0","0","1","0","1","N","","","","","","","","","","","","03","  ","","",""
"1953","1","0","0","0","0","0","0","0","0","7","0","","36","06","2017","2017059790","7","40.0984","-76.3005","1950","08","0","0","0","0","0","0","0","0","3","0","0","0","19","1","1","00","1","40 05:54.143","3","07","76 18:01.773","4","0","0","0","36101","0","0","0","N","0","0","0","1","36101","1","","4","01","N","N","0","","0","0","0","0","0","N","1950","1","1","0","0","0","0","0","3","0","1","N","","","","","","","","","","","","03","  ","","",""
"0536","1","0","0","0","0","0","0","0","0","7","0","","36","06","2017","2017059794","3","39.9498","-76.3675","0528","08","0","0","1","0","0","0","0","0","","0","0","0","04","3","0","00","0","39 56:59.195","","00","76 22:02.907","0","0","0","0","36206","0","0","0","N","0","0","0","1","36503","0","","4","01","N","N","0","","0","0","0","0","0","","0400","0","1","0","0","0","0","0","1","0","1","N","","","","","","","","","","","","03","  ","","",""
"0933","0","0","0","0","0","0","0","0","0","4","0","","36","06","2017","2017059856","5","40.0317","-76.477","0922","08","0","0","0","0","0","0","0","1","","0","0","0","09","1","1","00","0","40 01:54.248","","07","76 28:37.273","4","0","0","0","36239","0","0","0","N","0","0","0","3","36239","1","","1","01","N","N","0","","0","0","0","3","3","","0915","1","2","0","0","0","0","0","3","2","2","N","","","","","","","","","","","","03","  ","","",""
"1304","1","0","0","0","0","0","0","0","0","4","0","","36","06","2017","2017059886","4","40.037","-76.3147","1258","08","0","0","0","0","0","0","0","0","2","0","0","0","12","1","0","01","1","40 02:13.183","3","00","76 18:53.043","0","0","0","0","36301","0","0","0","N","0","0","0","4","36301","0","","1","09","N","N","0","","0","0","1","3","3","N","1257","0","3","0","0","0","0","0","3","1","3","N","","","","","","","","","","","","03","  ","","",""
"0844","1","0","0","0","0","0","0","0","0","4","0","","36","06","2017","2017059894","5","40.0422","-76.2957","0839","08","0","0","0","0","0","0","0","0","1","0","0","0","08","1","0","01","1","40 02:32.089","3","00","76 17:44.343","0","0","0","0","36301","0","0","0","N","0","0","0","2","36301","0","","1","01","N","N","1","","0","0","0","3","3","Y","0838","0","2","0","0","0","0","0","3","0","2","N","","","","","","","","","","","","03","  ","","",""
"2149","1","0","0","0","0","0","0","0","0","4","0","","36","06","2017","2017059917","4","40.1642","-76.1543","2148","08","0","0","0","0","1","0","0","0","","0","0","0","21","3","1","02","0","40 09:51.097","","07","76 09:15.344","3","0","0","0","36218","0","0","0","N","0","0","0","4","36408","0","","1","01","N","N","1","","1","0","0","3","2","","2146","1","2","0","0","3","0","0","1","0","2","N","","","","","","","","","","","","03","  ","","",""
"1603","1","0","0","0","0","0","0","0","0","1","0","","36","06","2017","2017059973","2","40.0459","-76.2924","1554","08","0","0","0","0","0","0","0","1","","0","0","0","15","1","0","00","0","40 02:45.127","","00","76 17:32.710","0","0","0","0","36301","0","0","0","N","0","0","0","3","36301","0","","1","01","N","N","0","","0","0","1","0","0","","1532","0","2","0","0","0","0","0","3","0","2","N","","","","","","","","","","","","03","  ","","",""
"1452","1","0","0","0","0","0","0","0","0","7","0","","36","06","2017","2017059999","7","40.1223","-76.223","1442","08","0","0","0","0","0","0","0","0","2","0","0","0","14","1","0","00","1","40 07:20.181","2","00","76 13:22.632","0","0","0","0","36235","0","0","0","","0","0","0","1","36506","0","","2","01","N","N","0","","0","0","0","0","0","Y","1442","0","1","0","0","0","0","0","1","0","1","N","","","","","","","","","","","","03","  ","","",""
"0818","0","0","0","0","0","0","0","0","0","7","0","","36","05","2017","2017060051","1","39.8527","-76.114","0750","08","0","0","0","0","0","0","0","0","3","0","0","0","07","1","1","00","2","39 51:09.560","6","00","76 06:50.250","8","0","0","0","36212","0","0","0","","0","0","0","1","68J01","0","","4","01","N","N","0","","0","0","1","0","0","Y","0748","1","1","0","0","0","1","0","1","0","1","N","","","","","","","","","","","","03","  ","","",""
"0646","1","0","0","0","0","0","0","0","0","7","0","","36","06","2017","2017060078","7","39.7791","-76.0816","0621","08","0","0","0","0","0","1","0","0","3","0","0","0","06","1","1","00","1","39 46:44.866","2","00","76 04:53.781","8","0","0","0","36222","0","0","0","","0","0","0","1","68J01","0","","2","01","N","N","0","","0","0","0","0","0","Y","0603","1","1","0","0","0","1","0","1","0","1","N","","","","","","","","","","","","03","  ","","",""
"1403","1","0","0","0","0","0","0","0","0","1","0","","36","06","2017","2017060165","4","40.1863","-76.1883","1357","08","0","0","0","1","0","0","0","0","","0","0","0","13","1","0","06","0","40 11:05.243","","02","76 11:20.614","0","0","0","0","36408","0","0","0","N","0","0","0","2","36408","0","","1","01","N","N","0","","0","0","0","3","3","","1354","0","2","0","0","0","0","0","2","1","2","N","","","","","","","","","","","","03","  ","","",""
"1517","5","0","0","0","0","0","0","0","0","5","0","","36","06","2017","2017060185","4","40.0534","-76.2874","1514","08","0","0","0","0","0","0","0","0","2","0","0","0","15","1","1","00","1","40 03:12.225","4","00","76 17:14.739","3","0","0","0","36101","0","0","0","N","0","0","0","1","36101","0","","2","01","N","N","0","","1","0","0","0","0","N","1509","1","5","0","0","0","0","0","3","0","5","N","","","","","","","","","","","","03","  ","","",""
"2131","2","0","0","0","0","0","0","0","0","4","0","","36","06","2017","2017060195","5","40.0387","-76.2993","2130","08","0","0","0","0","0","0","0","1","2","0","0","0","21","3","1","01","1","40 02:19.147","3","00","76 17:57.358","4","0","0","0","36301","0","0","0","N","0","0","0","4","36301","1","","1","01","N","N","0","","0","0","0","3","3","N","2130","1","2","0","0","0","0","0","3","0","2","N","","","","","","","","","","","","03","  ","","",""
"1940","0","0","0","0","0","0","0","0","0","7","0","","36","05","2017","2017060254","4","40.0182","-76.1912","1933","08","0","0","0","0","0","0","0","0","","0","0","0","19","1","0","00","0","40 01:05.597","","00","76 11:28.390","0","0","0","0","36215","0","0","0","","0","0","0","1","36215","0","","4","01","N","N","0","","0","0","1","0","0","","1929","0","1","0","0","0","0","0","1","0","1","N","","","","","","","","","","","","03","  ","","",""
"1722","1","0","0","0","0","0","0","0","0","1","0","","36","05","2017","2017060255","4","40.0265","-76.2438","1714","08","0","0","0","0","1","0","0","0","","0","0","0","17","1","0","00","0","40 01:35.480","","00","76 14:37.560","0","0","0","0","36215","0","0","0","","0","0","0","1","36215","0","","6","01","N","N","0","","0","0","0","0","0","","1710","0","2","0","0","0","0","0","1","1","2","N","","","","","","","","","","","","03","  ","","",""
"1507","2","0","0","0","0","0","0","0","0","1","0","","36","06","2017","2017060256","3","40.084","-76.2279","1446","08","0","1","0","0","0","1","0","0","2","0","0","0","14","1","2","00","1","40 05:02.437","4","00","76 13:40.417","4","0","0","0","36234","0","0","0","","0","0","0","5","36215","2","","1","01","N","N","0","","0","0","1","3","2","N","1446","2","4","0","0","0","0","0","1","1","4","N","","","","","","","","","","","","03","  ","","",""
"1626","2","0","0","0","0","0","0","0","0","4","0","","36","06","2017","2017060311","2","40.1782","-76.1961","1623","08","0","0","0","0","1","0","0","0","1","0","0","0","16","1","0","01","1","40 10:49.119","1","00","76 11:42.137","0","0","0","0","36408","0","0","0","N","0","0","0","3","36408","0","","1","01","N","N","0","","0","0","0","3","2","Y","1622","0","2","0","0","0","0","0","2","0","2","N","","","","","","","","","","","","03","  ","","",""
"1402","1","0","0","0","0","0","0","0","0","8","0","","36","06","2017","2017060322","5","40.036","-76.2868","1359","08","0","0","0","0","0","1","0","0","","0","0","0","13","1","1","01","0","40 02:09.618","","00","76 17:12.530","4","0","0","0","36301","1","0","0","N","1","0","0","2","36301","1","","1","01","N","N","0","","0","0","0","0","0","","1357","1","2","0","0","0","0","0","3","0","1","N","","","","","","","","","","","","03","  ","","",""
"1543","1","0","0","0","0","0","0","0","0","7","0","","36","06","2017","2017060329","7","40.0527","-76.4913","1537","08","0","0","0","0","1","0","0","0","3","0","0","0","15","1","2","00","2","40 03:09.802","6","00","76 29:28.579","2","0","0","0","36239","0","0","0","N","0","0","0","2","36239","1","","5","01","N","N","0","","0","1","0","0","0","Y","1537","2","1","0","1","1","0","0","3","0","1","N","","","","","","","","","","","","03","  ","","",""
"0944","1","0","0","0","0","0","0","0","0","4","0","","36","06","2017","2017060365","3","40.1088","-76.0484","0940","08","0","0","0","0","0","0","1","0","1","0","0","0","09","1","0","01","1","40 06:31.554","3","00","76 02:54.344","0","0","0","0","36213","0","0","0","N","0","0","0","2","36213","0","","1","01","N","N","1","","0","0","0","3","3","N","0935","0","2","0","0","0","0","0","1","0","2","N","","","","","","","","","","","","03","  ","","",""
"0542","0","0","0","0","0","0","0","0","0","5","1","","36","06","2017","2017060407","3","40.0681","-76.2997","0542","08","0","0","0","0","0","1","0","0","","0","1","0","05","5","0","00","0","40 04:05.156","","00","76 17:58.763","0","0","0","1","36101","0","0","0","N","0","0","0","1","36101","0","","1","01","N","N","0","","0","0","0","0","0","","0540","0","2","0","0","0","0","0","3","0","2","N","","","","","","","","","","","","03","  ","","",""