"ARRIVAL_TM","AUTOMOBILE_COUNT","BELTED_DEATH_COUNT","BELTED_SUSP_SERIOUS_INJ_COUNT","BICYCLE_COUNT","BICYCLE_DEATH_COUNT","BICYCLE_SUSP_SERIOUS_INJ_COUNT","BUS_COUNT","CHLDPAS_DEATH_COUNT","CHLDPAS_SUSP_SERIOUS_INJ_COUNT","COLLISION_TYPE","COMM_VEH_COUNT","CONS_ZONE_SPD_LIM","COUNTY","CRASH_MONTH","CRASH_YEAR","CRN","DAY_OF_WEEK","DEC_LAT","DEC_LONG","DISPATCH_TM","DISTRICT","DRIVER_COUNT_16YR","DRIVER_COUNT_17YR","DRIVER_COUNT_18YR","DRIVER_COUNT_19YR","DRIVER_COUNT_20YR","DRIVER_COUNT_50_64YR","DRIVER_COUNT_65_74YR","DRIVER_COUNT_75PLUS","EST_HRS_CLOSED","FATAL_COUNT","HEAVY_TRUCK_COUNT","HORSE_BUGGY_COUNT","HOUR_OF_DAY","ILLUMINATION","INJURY_COUNT","INTERSECT_TYPE","LANE_CLOSED","LATITUDE","LN_CLOSE_DIR","LOCATION_TYPE","LONGITUDE","MAX_SEVERITY_LEVEL","MCYCLE_DEATH_COUNT","MCYCLE_SUSP_SERIOUS_INJ_COUNT","MOTORCYCLE_COUNT","MUNICIPALITY","NONMOTR_COUNT","NONMOTR_DEATH_COUNT","NONMOTR_SUSP_SERIOUS_INJ_COUNT","NTFY_HIWY_MAINT","PED_COUNT","PED_DEATH_COUNT","PED_SUSP_SERIOUS_INJ_COUNT","PERSON_COUNT","POLICE_AGCY","POSSIBLE_INJ_COUNT","RDWY_SURF_TYPE_CD","RELATION_TO_ROAD","ROAD_CONDITION","SCH_BUS_IND","SCH_ZONE_IND","SMALL_TRUCK_COUNT","SPEC_JURIS_CD","SUSP_MINOR_INJ_COUNT","SUSP_SERIOUS_INJ_COUNT","SUV_COUNT","TCD_FUNC_CD","TCD_TYPE","TFC_DETOUR_IND","TIME_OF_DAY","TOT_INJ_COUNT","TOTAL_UNITS","UNB_DEATH_COUNT","UNB_SUSP_SERIOUS_INJ_COUNT","UNBELTED_OCC_COUNT","UNK_INJ_DEG_COUNT","UNK_INJ_PER_COUNT","URBAN_RURAL","VAN_COUNT","VEHICLE_COUNT","WORK_ZONE_IND","WORK_ZONE_LOC","WORK_ZONE_TYPE","WORKERS_PRES","WZ_CLOSE_DETOUR","WZ_FLAGGER","WZ_LAW_OFFCR_IND","WZ_LN_CLOSURE","WZ_MOVING","WZ_OTHER","WZ_SHLDER_MDN","ROADWAY_CLEARED","WEATHER1","WEATHER2","WZ_WORKERS_INJ_KILLED","SECONDARY_CRASH","INTERSECTION_RELATED"
"1212","1","0","0","0","0","0","0","0","0","1","0","","36","06","2017","2017060422","3","40.0628","-76.2809","1205","08","0","0","0","0","0","0","0","1","","0","0","0","12","1","0","00","0","40 03:46.065","","00","76 16:51.391","0","0","0","0","36101","0","0","0","N","0","0","0","2","36101","0","","1","01","N","N","0","","0","0","1","0","0","","1200","0","2","0","0","0","0","0","3","0","2","N","","","","","","","","","","","","03","  ","","",""
"1440","2","0","0","0","0","0","0","0","0","5","0","","36","06","2017","2017060452","3","39.9736","-76.2743","1430","08","0","0","0","0","0","1","0","0","1","0","0","0","14","1","0","00","1","39 58:24.861","1","00","76 16:27.539","0","0","0","0","36240","0","0","0","N","0","0","0","4","36240","0","","1","01","N","N","0","","0","0","0","0","0","N","1430","0","2","0","0","0","0","0","1","0","2","N","","","","","","","","","","","","03","  ","","",""
"0447","1","0","0","0","0","0","0","0","0","7","0","","36","05","2017","2017060794","1","39.9946","-75.9861","0426","08","0","0","0","0","0","0","0","0","","0","0","0","04","2","0","00","0","39 59:40.430","","00","75 59:09.830","0","0","0","0","36232","0","0","0","","0","0","0","1","68J01","0","","4","01","N","N","0","","0","0","0","0","0","","0419","0","1","0","0","0","0","0","1","0","1","N","","","","","","","","","","","","03","  ","","",""
"0502","1","0","0","0","0","0","0","0","0","2","0","","36","05","2017","2017060796","6","40.1908","-76.0498","0444","08","0","0","0","1","0","0","0","0","","0","0","0","04","5","0","00","0","40 11:26.791","","00","76 02:59.435","0","0","0","0","36202","0","0","0","","0","0","0","1","68J01","0","","4","09","N","N","0","","0","0","0","0","0","","0442","0","2","0","0","0","0","0","1","0","2","N","","","","","","","","","","","","07","  ","","",""
"1212","0","0","0","0","0","0","0","0","0","0","0","","36","06","2017","2017060832","1","40.0907","-76.3845","1209","08","0","0","0","0","0","0","0","0","3","0","0","0","12","1","1","00","2","40 05:26.413","3","00","76 23:04.303","2","0","1","1","36214","0","0","0","","0","0","0","5","36214","0","","3","01","N","N","1","","0","1","0","0","0","Y","1208","1","2","0","0","0","0","0","3","0","2","N","","","","","","","","","","","","03","  ","","",""
"1649","1","0","0","0","0","0","0","0","0","1","0","","36","06","2017","2017060833","5","40.0417","-76.3638","1640","08","0","0","0","0","0","1","0","0","","0","0","0","16","1","0","01","0","40 02:30.029","","07","76 21:49.816","0","0","0","0","36214","0","0","0","","0","0","0","2","36214","0","","1","01","N","N","0","","0","0","1","3","2","","1636","0","2","0","0","0","0","0","3","0","2","N","","","","","","","","","","","","03","  ","","",""
"1207","0","0","0","0","0","0","0","0","0","4","0","","36","05","2017","2017060845","6","39.9905","-76.0206","1135","08","0","0","0","0","0","0","1","0","","0","0","0","11","1","0","00","0","39 59:25.678","","07","76 01:14.240","0","0","0","0","36232","0","0","0","","0","0","0","2","68J01","0","","1","01","N","N","0","","0","0","2","0","0","","1135","0","2","0","0","0","0","0","1","0","2","N","","","","","","","","","","","","03","  ","","",""
"1531","1","0","0","0","0","0","0","0","0","4","0","","36","06","2017","2017060861","7","39.8787","-76.2304","1517","08","0","0","0","0","0","1","0","0","2","0","0","0","15","1","0","00","2","39 52:43.171","2","00","76 13:49.328","0","0","0","0","36229","0","0","0","","0","0","0","4","68J01","0","","1","01","N","N","1","","0","0","0","0","0","N","1503","0","2","0","0","0","0","0","1","0","2","N","","","","","","","","","","","","03","  ","","",""
"0216","0","0","0","0","0","0","0","0","0","7","0","","36","06","2017","2017060907","6","40.2194","-76.1301","0212","08","0","0","0","0","0","0","0","0","2","0","0","0","02","3","0","00","1","40 13:09.942","3","00","76 07:48.397","0","0","0","0","36210","0","0","0","N","0","0","0","1","36210","0","","4","01","N","N","1","","0","0","0","0","0","N","0210","0","1","0","0","0","0","0","1","0","1","N","","","","","","","","","","","","03","  ","","",""
"1108","0","0","0","0","0","0","0","0","0","0","0","","36","06","2017","2017060912","1","40.0706","-76.3179","1058","08","0","0","0","0","0","0","0","0","","0","0","0","10","1","1","00","0","40 04:14.022","","00","76 19:04.301","3","0","0","1","36101","0","0","0","N","0","0","0","1","36101","0","","1","01","N","N","0","","1","0","0","0","0","","1048","1","2","0","0","0","0","0","3","0","1","N","","","","","","","","","","","","03","  ","","",""
"1951","2","0","0","0","0","0","0","0","0","4","0","","36","06","2017","2017060917","3","40.1535","-76.128","1944","08","0","0","0","0","0","0","0","0","3","0","0","0","19","4","1","01","1","40 09:12.745","4","00","76 07:40.970","3","0","0","0","36218","0","0","0","N","0","0","0","7","36408","0","","1","01","N","N","1","","1","0","0","3","2","Y","1940","1","3","0","0","1","0","2","1","0","3","N","","","","","","","","","","","","03","  ","","",""
"2137","0","0","0","0","0","0","0","0","0","1","0","","36","06","2017","2017060924","2","40.1694","-76.4106","2131","08","1","0","0","0","0","0","0","0","1","0","0","0","21","2","1","03","2","40 10:09.769","5","00","76 24:38.280","8","0","0","0","36230","0","0","0","N","0","0","0","2","36410","0","","1","01","N","N","1","","0","0","1","0","0","Y","2128","1","2","0","0","0","1","0","1","0","2","N","","","","","","","","","","","","03","  ","","",""
"1223","1","0","0","0","0","0","0","0","0","1","0","","36","05","2017","2017060994","4","40.0018","-76.4753","1211","08","0","0","0","0","0","0","0","0","2","0","0","0","12","1","1","00","2","40 00:06.567","5","00","76 28:31.038","8","0","0","0","36223","0","0","0","","0","0","0","2","36223","0","","1","01","N","N","0","","0","0","1","0","0","N","1208","1","2","0","0","0","1","0","1","0","2","N","","","","","","","","","","","","03","  ","","",""
"1738","2","0","0","0","0","0","0","0","0","4","0","","36","05","2017","2017060995","6","40.0362","-76.363","1728","08","0","0","0","0","0","0","0","0","","0","0","0","17","1","2","02","0","40 02:10.180","","00","76 21:46.960","8","0","0","0","36223","0","0","0","","0","0","0","6","36223","0","","1","09","N","N","0","","0","0","0","3","3","","1718","2","2","0","0","0","2","0","1","0","2","N","","","","","","","","","","","","07","  ","","",""
"1559","1","0","0","0","0","0","0","0","0","1","0","","36","05","2017","2017060996","3","40.04","-76.3699","1550","08","0","0","0","0","0","1","0","0","","0","0","0","15","1","0","02","0","40 02:23.832","","00","76 22:11.782","9","0","0","0","36223","0","0","0","","0","0","0","3","36223","0","","1","01","N","N","0","","0","0","2","0","0","","1546","0","3","0","0","0","0","1","1","0","3","N","","","","","","","","","","","","03","  ","","",""
"1633","1","0","0","0","0","0","0","0","0","7","0","","36","06","2017","2017060997","1","40.0362","-76.363","1631","08","0","0","0","1","0","0","0","0","","0","0","0","16","1","0","02","0","40 02:10.180","","00","76 21:46.960","0","0","0","0","36223","0","0","0","","0","0","0","1","36223","0","","4","01","N","N","0","","0","0","0","0","0","","1600","0","1","0","0","0","0","0","1","0","1","N","","","","","","","","","","","","03","  ","","",""
"2141","1","0","0","0","0","0","0","0","0","1","0","","36","06","2017","2017060998","2","40.0196","-76.3552","2134","08","0","0","0","0","0","0","0","0","1","0","0","0","21","2","1","00","1","40 01:10.670","4","00","76 21:18.899","4","0","0","0","36223","0","0","0","","0","0","0","3","36223","1","","1","01","N","N","0","","0","0","1","0","0","N","2129","1","2","0","0","0","0","0","1","0","2","N","","","","","","","","","","","","03","  ","","",""
"0742","0","0","0","0","0","0","0","0","0","7","0","","36","06","2017","2017061053","4","40.2103","-76.125","0735","08","0","0","0","0","0","0","0","0","2","0","0","0","07","1","0","00","1","40 12:36.900","2","03","76 07:30.100","0","0","0","0","36210","0","0","0","N","0","0","0","2","36210","0","","2","01","N","N","1","","0","0","1","0","0","N","0730","0","2","0","0","0","0","0","1","0","2","N","","","","","","","","","","","","03","  ","","",""
"1805","0","0","0","0","0","0","0","0","0","4","0","","36","06","2017","2017061055","1","40.0329","-76.3246","1801","08","0","0","0","0","0","1","0","0","","0","0","0","17","1","0","02","0","40 01:58.263","","00","76 19:28.574","0","0","0","0","36220","0","0","0","N","0","0","0","2","36101","0","","1","01","N","N","0","","0","0","2","3","3","","1758","0","2","0","0","0","0","0","3","0","2","N","","","","","","","","","","","","03","  ","","",""
"0410","0","0","0","0","0","0","0","0","0","7","0","","36","06","2017","2017061062","1","40.0862","-76.2692","0345","08","0","1","0","0","0","0","0","0","","0","0","0","03","2","1","00","0","40 05:10.451","","00","76 16:09.067","4","0","0","0","36101","0","0","0","Y","0","0","0","2","36101","1","","4","01","N","N","0","","0","0","1","0","0","","0345","1","1","0","0","0","0","0","3","0","1","N","","","","","","","","","","","","03","  ","","",""
"2200","1","0","0","0","0","0","0","0","0","7","0","","36","05","2017","2017061186","1","40.226","-76.3959","2145","08","0","0","0","0","1","0","0","0","2","0","0","0","21","2","0","00","1","40 13:33.736","4","00","76 23:43.382","0","0","0","0","36227","0","0","0","","0","0","0","2","68T06","0","","4","09","N","N","0","","0","0","0","0","0","N","2144","0","1","0","0","0","0","0","1","0","1","N","","","","","","","","","","","","07","  ","","",""
"1506","1","0","0","0","0","0","0","0","0","7","0","","36","06","2017","2017061306","5","40.1705","-76.2052","1503","08","0","0","0","0","0","0","0","0","1","0","0","0","15","1","1","00","2","40 10:13.780","5","00","76 12:18.678","3","0","0","0","36218","0","0","0","N","0","0","0","2","36408","0","","4","01","N","N","0","","1","0","0","0","0","N","1501","1","1","0","0","0","0","0","1","0","1","N","","","","","","","","","","","","03","  ","","",""
"2118","1","0","0","0","0","0","0","0","0","4","0","","36","06","2017","2017061313","4","40.0294","-76.4767","2115","08","0","0","0","0","0","2","0","0","1","0","0","0","21","3","0","01","1","40 01:45.667","1","00","76 28:36.264","0","0","0","0","36239","0","0","0","N","0","0","0","4","36239","0","","1","01","N","N","0","","0","0","1","2","3","N","2110","0","2","0","0","0","0","0","3","0","2","N","","","","","","","","","","","","03","  ","","",""
"2359","1","0","0","0","0","0","0","0","0","5","0","","36","06","2017","2017061317","4","40.0404","-76.3083","2359","08","0","0","0","0","0","0","0","0","2","0","0","0","23","3","0","00","1","40 02:25.597","2","00","76 18:29.713","0","0","0","0","36301","0","0","0","Y","0","0","0","1","36301","0","","6","01","N","N","0","","0","0","1","0","0","Y","2359","0","2","0","0","0","0","0","3","0","2","N","","","","","","","","","","","","03","  ","","",""
"1602","1","0","0","0","0","0","0","0","0","6","0","","36","06","2017","2017061320","2","40.0223","-76.2746","1555","08","0","0","0","0","0","1","0","0","3","0","0","0","15","1","0","00","2","40 01:20.217","6","00","76 16:28.485","0","0","0","0","36240","0","0","0","N","0","0","0","3","36240","0","","1","09","N","N","0","","0","0","1","0","0","Y","1550","0","2","0","0","0","0","0","1","0","2","N","","","","","","","","","","","","03","  ","","",""
"1840","2","0","0","0","0","0","0","0","0","4","0","","36","06","2017","2017061321","4","40.0416","-76.318","1820","08","0","0","0","0","0","0","1","0","","0","0","0","18","1","0","01","0","40 02:29.810","","00","76 19:04.817","0","0","0","0","36301","0","0","0","N","0","0","0","2","36301","0","","1","01","N","N","1","","0","0","1","3","3","","1820","0","4","0","0","0","0","0","3","0","4","N","","","","","","","","","","","","03","  ","","",""
"1553","1","0","0","0","0","0","0","0","0","4","0","","36","06","2017","2017061325","4","40.0767","-76.3374","1546","08","0","0","0","0","0","0","0","0","1","0","0","0","15","1","0","01","1","40 04:36.003","1","00","76 20:14.620","0","0","0","0","36101","0","0","0","N","0","0","0","2","36101","0","","1","01","N","N","0","","0","0","1","3","2","N","1544","0","2","0","0","0","0","0","3","0","2","N","","","","","","","","","","","","03","  ","","",""
"1637","1","0","0","0","0","0","0","0","0","1","0","","36","06","2017","2017061438","2","40.1772","-76.6015","1632","08","0","0","0","0","0","0","0","0","","0","0","0","16","1","1","06","0","40 10:36.770","","02","76 36:05.969","4","0","0","0","36225","0","0","0","N","0","0","0","3","36505","1","","1","01","N","N","0","","0","0","1","3","3","","1632","1","2","0","0","0","0","0","2","0","2","N","","","","","","","","","","","","03","  ","","",""
"1800","1","0","0","0","0","0","0","0","0","7","0","","36","05","2017","2017061347","2","40.177","-75.99","1739","08","0","0","1","0","0","0","0","0","","0","0","0","17","1","0","00","0","40 10:37.370","","00","75 59:23.870","0","0","0","0","36202","0","0","0","","0","0","0","1","68J01","0","","4","01","N","N","0","","0","0","0","0","0","","1704","0","1","0","0","0","0","0","1","0","1","N","","","","","","","","","","","","03","  ","","",""
"0950","2","0","0","0","0","0","0","0","0","1","1","","36","06","2017","2017061385","5","40.0271","-76.2192","0945","08","0","0","1","1","0","1","0","0","1","0","1","0","09","1","1","00","1","40 01:37.418","4","07","76 13:08.969","4","0","0","0","36215","0","0","0","","0","0","0","4","36215","1","","1","01","N","N","0","","0","0","0","3","2","N","0942","1","3","0","0","0","0","0","1","0","3","N","","","","","","","","","","","","03","  ","","",""
"0926","1","0","0","0","0","0","0","0","0","4","0","","36","05","2017","2017061386","3","40.1614","-76.4264","0919","08","0","0","0","0","0","1","0","0","2","0","0","0","09","1","0","01","1","40 09:41.171","6","00","76 25:35.082","0","0","0","0","36230","0","0","0","","0","0","0","2","36410","0","","1","09","N","N","1","","0","0","0","3","3","N","0916","0","2","0","0","0","0","0","1","0","2","N","","","","","","","","","","","","03","  ","","",""
"1731","1","0","0","0","0","0","0","0","0","1","0","","36","05","2017","2017061464","4","39.8972","-76.1636","1723","08","0","0","0","0","0","1","0","0","","0","0","0","17","1","1","02","0","39 53:49.830","","00","76 09:48.855","4","0","0","0","36416","0","0","0","N","0","0","0","2","36416","1","","1","01","N","N","1","","0","0","0","3","3","","1718","1","2","0","0","1","0","0","1","0","2","N","","","","","","","","","","","","03","  ","","",""
"1032","2","0","0","0","0","0","0","0","0","4","0","","36","06","2017","2017061486","2","40.148","-76.2817","1030","08","0","0","0","0","0","0","0","1","2","0","0","0","10","1","0","02","1","40 08:52.873","7","00","76 16:54.225","0","0","0","0","36235","0","0","0","","0","0","0","3","36506","0","","1","01","N","N","0","","0","0","0","3","3","Y","1030","0","2","0","0","0","0","0","1","0","2","N","","","","","","","","","","","","03","  ","","",""
"0822","2","0","0","0","0","0","0","0","0","1","0","","36","06","2017","2017061489","5","40.076","-76.2967","0822","08","0","1","0","0","0","4","0","0","1","0","0","0","08","1","0","00","1","40 04:33.642","2","00","76 17:48.088","0","0","0","0","36101","0","0","0","N","0","0","0","5","36101","0","","1","01","N","N","0","","0","0","3","0","0","N","0822","0","5","0","0","0","0","0","3","0","5","N","","","","","","","","","","","","03","  ","","",""
"1706","1","0","0","0","0","0","0","0","0","1","0","","36","06","2017","2017061490","2","40.0256","-76.3323","1648","08","0","1","0","0","0","0","0","0","","0","0","0","16","1","0","00","0","40 01:32.000","","00","76 19:56.200","0","0","0","0","36220","0","0","0","N","0","0","0","1","36101","0","","1","01","N","N","0","","0","0","1","0","0","","1644","0","2","0","0","0","0","0","3","0","2","N","","","","","","","","","","","","03","  ","","",""
"1055","1","0","0","0","0","0","0","0","0","4","0","","36","06","2017","2017061535","5","40.2379","-76.1366","1050","08","0","0","0","0","0","0","0","1","1","0","0","0","10","1","1","01","2","40 14:16.312","5","00","76 08:11.870","3","0","0","0","36405","0","0","0","N","0","0","0","2","36210","0","","1","01","N","N","0","","1","0","0","3","3","Y","1048","1","2","0","0","1","0","0","1","1","2","N","","","","","","","","","","","","03","  ","","",""
"2204","1","0","0","0","0","0","0","0","0","7","0","","36","06","2017","2017061555","1","40.2073","-76.2207","2158","08","0","0","0","0","0","0","0","0","2","0","0","0","21","2","1","00","2","40 12:26.194","6","00","76 13:14.604","8","0","0","0","36204","0","0","0","","0","0","0","2","36506","0","","4","01","N","N","0","","0","0","0","0","0","Y","2158","1","1","0","0","0","1","0","1","0","1","N","","","","","","","","","","","","03","  ","","",""
"1856","1","0","0","0","0","0","0","0","0","7","0","","36","06","2017","2017061637","5","40.1654","-76.6079","1853","08","0","0","0","0","0","0","0","0","","0","0","0","18","1","0","01","0","40 09:55.422","","00","76 36:28.322","0","0","0","0","36225","0","0","0","N","0","0","0","1","36505","0","","2","01","N","N","0","","0","0","0","3","2","","1851","0","1","0","0","0","0","0","2","0","1","N","","","","","","","","","","","","03","  ","","",""
"1724","2","0","0","0","0","0","0","0","0","4","0","","36","05","2017","2017061770","4","40.0541","-76.2189","1704","08","0","0","0","0","1","0","0","1","2","0","0","0","17","1","0","03","2","40 03:14.737","3","00","76 13:08.083","0","0","0","0","36215","0","0","0","N","0","0","0","2","36215","0","","1","01","N","N","0","","0","0","0","3","3","N","1704","0","2","0","0","0","0","0","1","0","2","N","","","","","","","","","","","","03","  ","","",""
"0646","1","0","0","0","0","0","0","0","0","1","0","","36","06","2017","2017061772","3","40.0695","-76.31","0634","08","0","0","0","0","0","1","0","0","2","0","0","0","06","1","0","00","1","40 04:10.039","4","00","76 18:35.965","0","0","0","0","36101","0","0","0","N","0","0","0","2","36101","0","","1","01","N","N","0","","0","0","1","0","0","N","0634","0","2","0","0","0","0","0","3","0","2","N","","","","","","","","","","","","03","  ","","",""
"2207","2","0","1","0","0","0","0","0","0","4","0","","36","06","2017","2017061776","6","40.0319","-76.2398","2201","08","0","0","0","0","1","0","0","0","2","0","0","0","22","3","3","02","2","40 01:54.765","4","02","76 14:23.331","2","0","0","0","36215","0","0","0","N","0","0","0","4","36215","2","","1","01","N","N","0","","0","1","0","3","2","Y","2201","3","2","0","0","0","0","0","1","0","2","N","","","","","","","","","","","","03","  ","","",""
"1236","2","0","0","0","0","0","0","0","0","4","0","","36","06","2017","2017061778","2","40.0792","-76.3465","1233","08","0","0","0","0","0","0","0","0","","0","0","0","12","1","1","02","0","40 04:44.985","","02","76 20:47.323","4","0","0","0","36101","0","0","0","N","0","0","0","4","36101","1","","1","01","N","N","0","","0","0","0","3","3","","1233","1","2","0","0","0","0","0","3","0","2","N","","","","","","","","","","","","03","  ","","",""
"1042","2","0","1","0","0","0","0","0","0","1","1","","36","06","2017","2017061788","3","39.9712","-76.2782","1034","08","0","0","0","0","0","1","0","0","3","0","1","0","10","1","1","00","2","39 58:16.188","7","00","76 16:41.394","2","0","0","0","36228","0","0","0","N","0","0","0","3","36503","0","","1","01","N","N","0","","0","1","0","3","2","Y","1031","1","3","0","0","0","0","0","1","0","3","N","","","","","","","","","","","","03","  ","","",""
"1048","2","0","0","0","0","0","0","0","0","4","0","","36","06","2017","2017061797","5","40.0377","-76.3078","1043","08","0","0","0","0","0","0","0","0","1","0","0","0","10","1","0","01","1","40 02:15.851","2","00","76 18:28.000","0","0","0","0","36301","0","0","0","N","0","0","0","4","36301","0","","1","01","N","N","0","","0","0","0","3","2","N","1043","0","2","0","0","0","0","0","3","0","2","N","","","","","","","","","","","","03","  ","","",""
"1327","1","0","0","1","0","0","0","0","0","4","0","","36","06","2017","2017061845","1","40.0259","-76.3189","1319","08","0","0","0","0","0","1","0","1","","0","0","0","13","1","1","01","0","40 01:33.225","","00","76 19:08.018","3","0","0","0","36301","1","0","0","N","0","0","0","3","36301","0","","1","01","N","N","1","","1","0","0","3","3","","1316","1","3","0","0","0","0","0","3","0","2","N","","","","","","","","","","","","03","  ","","",""
"2207","1","0","1","0","0","0","0","0","0","4","0","","36","06","2017","2017061863","6","40.0319","-76.2398","2201","08","0","0","0","0","0","0","0","0","2","0","0","0","22","3","1","02","2","40 01:53.361","4","02","76 14:16.642","2","0","0","0","36215","0","0","0","N","0","0","0","3","36215","0","","1","01","N","N","0","","0","1","1","3","2","Y","2200","1","2","0","0","1","0","0","1","0","2","N","","","","","","","","","","","","03","  ","","",""
"0742","1","0","0","0","0","0","0","0","0","7","0","","36","06","2017","2017061952","1","40.0226","-76.3753","0740","08","0","0","0","0","0","0","0","0","1","0","0","0","07","1","0","00","1","40 01:21.430","4","00","76 22:30.920","0","0","0","0","36223","0","0","0","","0","0","0","1","36223","0","","5","01","N","N","0","","0","0","0","0","0","N","0735","0","1","0","0","0","0","0","1","0","1","N","","","","","","","","","","","","03","  ","","",""
"1340","2","0","0","0","0","0","0","0","0","4","0","","36","06","2017","2017061997","5","40.1008","-76.096","1336","08","0","0","0","0","0","1","0","0","2","0","0","0","13","1","0","01","1","40 06:03.031","7","00","76 05:45.673","0","0","0","0","36415","0","0","0","N","0","0","0","2","36415","0","","1","01","N","N","0","","0","0","0","3","2","N","1336","0","2","0","0","0","0","0","1","0","2","N","","","","","","","","","","","","03","  ","","",""
"1953","2","0","0","0","0","0","0","0","0","1","0","","36","06","2017","2017062024","2","40.0803","-76.3393","1953","08","0","0","0","0","0","0","0","0","","0","0","0","19","1","0","00","0","40 04:48.991","","00","76 20:21.325","9","0","0","0","36101","0","0","0","N","0","0","0","2","36101","0","","1","01","N","N","0","","0","0","0","0","0","","1924","0","2","0","0","0","0","1","3","0","2","N","","","","","","","","","","","","03","  ","","",""
"2202","0","0","0","0","0","0","0","0","0","7","0","","36","06","2017","2017062030","6","39.9981","-76.3085","2156","08","0","0","0","0","0","0","0","0","4","0","0","0","21","2","1","00","2","39 59:53.266","5","00","76 18:30.767","4","0","0","0","36220","0","0","0","Y","0","0","0","1","36101","1","","4","01","N","N","0","","0","0","1","0","0","Y","2154","1","1","0","0","0","0","0","3","0","1","N","","","","","","","","","","","","03","  ","","",""
"1618","1","0","0","0","0","0","0","0","0","8","0","","36","06","2017","2017062042","5","40.0461","-76.3052","1615","08","0","0","0","0","0","1","0","0","","0","0","0","16","1","1","01","0","40 02:45.817","","00","76 18:18.613","8","0","0","0","36301","1","0","0","N","1","0","0","2","36301","0","","1","01","N","N","0","","0","0","0","3","2","","1614","1","2","0","0","0","1","0","3","0","1","N","","","","","","","","","","","","03","  ","","",""
"1124","0","0","0","1","0","0","0","0","0","4","0","","36","06","2017","2017062054","2","40.0422","-76.2957","1124","08","0","0","0","0","0","0","0","0","1","0","0","0","11","1","1","01","1","40 02:32.089","7","00","76 17:44.343","3","0","0","0","36301","1","0","0","N","0","0","0","2","36301","0","","1","01","N","N","0","","1","0","0","3","3","Y","1116","1","2","0","0","0","0","0","3","1","1","N","","","","","","","","","","","","03","  ","","",""
"1401","0","0","0","0","0","0","0","0","0","4","1","","36","06","2017","2017062103","6","40.0885","-76.346","1356","08","0","0","0","0","0","1","0","0","2","0","1","0","13","1","1","00","1","40 05:18.600","1","07","76 20:45.722","3","0","0","0","36406","0","0","0","N","0","0","0","3","36101","0","","1","01","N","N","0","","1","0","1","0","0","N","1354","1","2","0","0","0","0","0","3","0","2","N","","","","","","","","","","","","03","  ","","",""
"1343","0","0","0","0","0","0","0","0","0","4","1","","36","06","2017","2017062125","6","40.1885","-76.1819","1342","08","0","0","0","0","0","2","0","0","2","0","1","0","13","1","1","00","1","40 11:18.748","2","07","76 10:54.666","8","0","0","0","36218","0","0","0","N","0","0","0","2","36408","0","","1","01","N","N","0","","0","0","1","0","0","N","1341","1","2","0","0","0","1","0","1","0","2","N","","","","","","","","","","","","03","  ","","",""
"0746","1","0","0","0","0","0","0","0","0","4","0","","36","06","2017","2017062139","7","40.0728","-76.1055","0738","08","0","0","0","0","0","0","1","0","2","0","0","0","07","1","1","01","2","40 04:22.067","7","00","76 06:19.912","3","0","0","0","36209","0","0","0","N","0","0","0","8","36415","0","","1","01","N","N","0","","1","0","0","3","3","Y","0738","1","2","0","0","0","0","0","1","1","2","N","","","","","","","","","","","","03","  ","","",""
"0500","1","0","0","0","0","0","0","0","0","7","0","","36","06","2017","2017062189","7","40.067","-76.4788","0446","08","0","0","0","0","0","0","0","0","","0","0","0","04","2","1","00","0","40 04:01.300","","00","76 28:43.600","8","0","0","0","36230","0","0","0","N","0","0","0","2","36410","0","","4","01","N","N","0","","0","0","0","0","0","","0444","1","1","0","0","1","1","0","1","0","1","N","","","","","","","","","","","","03","  ","","",""
"0706","0","0","0","0","0","0","0","0","0","0","0","","36","06","2017","2017062255","3","40.0971","-76.2598","0659","08","0","0","0","0","0","0","0","0","","0","0","0","06","1","0","00","0","40 05:49.496","","00","76 15:35.207","0","0","0","0","36101","0","0","0","","0","0","0","1","36101","0","","1","01","N","N","1","","0","0","0","0","0","","0650","0","1","0","0","0","0","0","3","0","1","N","","","","","","","","","","","","03","  ","","",""
"1911","1","0","0","0","0","0","0","0","0","4","0","","36","06","2017","2017062268","6","40.0745","-76.4927","1900","08","0","0","0","0","0","0","0","0","1","0","0","0","18","1","2","05","2","40 04:28.272","5","00","76 29:33.812","8","0","0","0","36230","0","0","0","N","0","0","0","3","36410","0","","1","01","N","N","0","","0","0","1","3","3","Y","1858","2","2","0","0","0","2","0","1","0","2","N","","","","","","","","","","","","03","  ","","",""
"2210","0","0","0","0","0","0","0","0","0","7","0","","36","06","2017","2017062309","3","40.1071","-76.303","2206","08","0","0","0","0","0","0","0","0","3","0","0","0","22","3","1","00","2","40 06:25.586","6","00","76 18:10.899","2","0","1","1","36101","0","0","0","Y","0","0","0","1","36101","0","","4","01","N","N","0","","0","1","0","0","0","Y","2200","1","1","0","0","0","0","0","3","0","1","N","","","","","","","","","","","","03","  ","","",""
"1927","1","0","0","0","0","0","0","0","0","7","0","","36","06","2017","2017062314","5","40.0677","-76.3075","1924","08","0","0","0","0","0","0","0","0","","0","0","0","19","1","0","00","0","40 04:03.867","","00","76 18:26.934","0","0","0","0","36101","0","0","0","","0","0","0","2","36101","0","","2","01","N","N","0","","0","0","0","0","0","","1922","0","2","0","0","0","0","0","3","0","1","N","","","","","","","","","","","","03","  ","","",""