"ARRIVAL_TM","AUTOMOBILE_COUNT","BELTED_DEATH_COUNT","BELTED_SUSP_SERIOUS_INJ_COUNT","BICYCLE_COUNT","BICYCLE_DEATH_COUNT","BICYCLE_SUSP_SERIOUS_INJ_COUNT","BUS_COUNT","CHLDPAS_DEATH_COUNT","CHLDPAS_SUSP_SERIOUS_INJ_COUNT","COLLISION_TYPE","COMM_VEH_COUNT","CONS_ZONE_SPD_LIM","COUNTY","CRASH_MONTH","CRASH_YEAR","CRN","DAY_OF_WEEK","DEC_LAT","DEC_LONG","DISPATCH_TM","DISTRICT","DRIVER_COUNT_16YR","DRIVER_COUNT_17YR","DRIVER_COUNT_18YR","DRIVER_COUNT_19YR","DRIVER_COUNT_20YR","DRIVER_COUNT_50_64YR","DRIVER_COUNT_65_74YR","DRIVER_COUNT_75PLUS","EST_HRS_CLOSED","FATAL_COUNT","HEAVY_TRUCK_COUNT","HORSE_BUGGY_COUNT","HOUR_OF_DAY","ILLUMINATION","INJURY_COUNT","INTERSECT_TYPE","LANE_CLOSED","LATITUDE","LN_CLOSE_DIR","LOCATION_TYPE","LONGITUDE","MAX_SEVERITY_LEVEL","MCYCLE_DEATH_COUNT","MCYCLE_SUSP_SERIOUS_INJ_COUNT","MOTORCYCLE_COUNT","MUNICIPALITY","NONMOTR_COUNT","NONMOTR_DEATH_COUNT","NONMOTR_SUSP_SERIOUS_INJ_COUNT","NTFY_HIWY_MAINT","PED_COUNT","PED_DEATH_COUNT","PED_SUSP_SERIOUS_INJ_COUNT","PERSON_COUNT","POLICE_AGCY","POSSIBLE_INJ_COUNT","RDWY_SURF_TYPE_CD","RELATION_TO_ROAD","ROAD_CONDITION","SCH_BUS_IND","SCH_ZONE_IND","SMALL_TRUCK_COUNT","SPEC_JURIS_CD","SUSP_MINOR_INJ_COUNT","SUSP_SERIOUS_INJ_COUNT","SUV_COUNT","TCD_FUNC_CD","TCD_TYPE","TFC_DETOUR_IND","TIME_OF_DAY","TOT_INJ_COUNT","TOTAL_UNITS","UNB_DEATH_COUNT","UNB_SUSP_SERIOUS_INJ_COUNT","UNBELTED_OCC_COUNT","UNK_INJ_DEG_COUNT","UNK_INJ_PER_COUNT","URBAN_RURAL","VAN_COUNT","VEHICLE_COUNT","WORK_ZONE_IND","WORK_ZONE_LOC","WORK_ZONE_TYPE","WORKERS_PRES","WZ_CLOSE_DETOUR","WZ_FLAGGER","WZ_LAW_OFFCR_IND","WZ_LN_CLOSURE","WZ_MOVING","WZ_OTHER","WZ_SHLDER_MDN","ROADWAY_CLEARED","WEATHER1","WEATHER2","WZ_WORKERS_INJ_KILLED","SECONDARY_CRASH","INTERSECTION_RELATED"
"1240","1","0","0","0","0","0","0","0","0","1","0","","36","06","2017","2017062315","3","40.0713","-76.3003","1238","08","0","0","0","0","0","0","0","0","2","0","0","0","12","1","2","02","2","40 04:16.831","7","00","76 18:01.259","4","0","0","0","36101","0","0","0","","0","0","0","2","36101","2","","1","01","N","N","0","","0","0","1","0","0","N","1236","2","2","0","0","0","0","0","3","0","2","N","","","","","","","","","","","","03","  ","","",""
"0858","2","0","0","0","0","0","0","0","0","1","0","","36","06","2017","2017062316","7","40.0609","-76.3034","0858","08","0","0","0","0","0","0","0","0","2","0","0","0","08","1","0","00","1","40 03:39.140","4","00","76 18:12.160","0","0","0","0","36101","0","0","0","","0","0","0","2","36101","0","","1","01","N","N","0","","0","0","0","0","0","N","0855","0","2","0","0","0","0","0","3","0","2","N","","","","","","","","","","","","03","  ","","",""
"2325","1","0","0","0","0","0","0","0","0","1","0","","36","06","2017","2017062355","5","40.0842","-76.2251","2325","08","0","0","0","0","0","0","0","0","2","0","0","0","23","2","0","00","2","40 05:03.231","3","00","76 13:30.299","0","0","0","0","36234","0","0","0","N","0","0","0","2","36215","0","","1","01","N","N","0","","0","0","1","0","0","N","2320","0","2","0","0","0","0","0","1","0","2","N","","","","","","","","","","","","03","  ","","",""
"1607","0","0","0","0","0","0","0","0","0","4","0","","36","06","2017","2017062364","3","40.2251","-76.0936","1606","08","0","0","0","1","0","1","0","0","2","0","0","0","16","1","1","00","1","40 13:30.381","2","07","76 05:37.111","8","0","0","0","36210","0","0","0","N","0","0","0","2","36210","0","","1","01","N","N","0","","0","0","0","0","0","N","1602","1","2","0","0","0","1","0","1","2","2","N","","","","","","","","","","","","03","  ","","",""
"1522","1","0","0","0","0","0","0","0","0","1","1","","36","06","2017","2017062365","3","40.0857","-76.2072","1517","08","0","0","0","0","0","2","0","0","1","0","1","0","15","1","0","02","1","40 05:08.654","4","00","76 12:26.003","0","0","0","0","36234","0","0","0","N","0","0","0","2","36215","0","","1","01","N","N","0","","0","0","0","3","2","N","1515","0","2","0","0","0","0","0","1","0","2","N","","","","","","","","","","","","03","  ","","",""
"1448","1","0","0","0","0","0","0","0","0","7","0","","36","06","2017","2017062374","5","40.1516","-76.298","1447","08","0","0","0","0","0","0","0","1","1","0","0","0","14","1","3","00","2","40 09:05.900","5","00","76 17:52.700","8","0","0","0","36409","0","0","0","N","0","0","0","6","36409","0","","4","01","N","N","0","","0","0","1","0","0","Y","1446","3","2","0","0","0","3","0","3","0","2","N","","","","","","","","","","","","03","  ","","",""
"1613","1","0","0","0","0","0","0","0","0","0","0","","36","05","2017","2017062385","7","40.0609","-76.568","1608","08","0","1","0","0","0","0","0","0","1","0","0","0","16","1","0","01","1","40 03:39.357","2","00","76 34:04.694","0","0","0","0","36211","0","0","0","N","0","0","0","2","36504","0","","4","01","N","N","0","","0","0","0","3","2","N","1606","0","1","0","0","1","0","0","1","0","1","N","","","","","","","","","","","","03","  ","","",""
"1437","0","0","0","0","0","0","0","0","0","7","0","","36","06","2017","2017062461","7","39.7678","-76.0682","1411","08","0","0","0","0","0","1","0","0","","0","0","0","14","1","1","00","0","39 46:04.125","","00","76 04:05.669","4","0","0","0","36222","0","0","0","","0","0","0","1","68J01","1","","2","01","N","N","0","","0","0","1","0","0","","1408","1","1","0","0","0","0","0","1","0","1","N","","","","","","","","","","","","03","  ","","",""
"2003","2","0","0","0","0","0","0","0","0","4","0","","36","06","2017","2017062473","3","40.0387","-76.1416","1957","08","0","0","0","0","1","0","0","0","2","0","0","0","19","1","1","00","2","40 02:19.414","6","00","76 08:29.826","3","0","0","0","36221","0","0","0","","0","0","0","2","68J01","0","","1","01","N","N","0","","1","0","0","0","0","Y","1952","1","2","0","0","0","0","0","1","0","2","N","","","","","","","","","","","","03","  ","","",""
"0604","1","0","0","0","0","0","0","0","0","4","0","","36","06","2017","2017062483","6","40.0025","-76.093","0557","08","0","0","0","0","0","0","0","0","","0","0","0","05","5","1","00","0","40 00:08.869","","00","76 05:34.871","4","0","0","0","36226","0","0","0","","0","0","0","1","68J01","1","","2","01","N","N","0","","0","0","1","0","0","","0553","1","2","0","0","0","0","0","1","0","2","N","","","","","","","","","","","","03","  ","","",""
"0753","1","0","0","0","0","0","0","0","0","4","0","","36","05","2017","2017062517","5","39.8063","-76.093","0726","08","0","0","1","0","0","0","0","0","3","0","0","0","07","5","0","02","1","39 48:22.658","5","00","76 05:34.742","0","0","0","0","36222","0","0","0","","0","0","0","2","68J01","0","","1","08","N","N","1","","0","0","0","3","3","N","0721","0","2","0","0","0","0","0","1","0","2","N","","","","","","","","","","","","07","  ","","",""
"1046","1","0","0","0","0","0","0","0","0","1","0","","36","05","2017","2017062547","4","40.2283","-76.4321","1042","08","0","0","0","0","0","0","1","0","","0","0","0","99","1","0","00","0","40 13:42.054","","07","76 25:55.643","0","0","0","0","36230","0","0","0","N","0","0","0","2","36410","0","","1","09","N","N","1","","0","0","0","3","2","","9999","0","2","0","0","0","0","0","1","0","2","N","","","","","","","","","","","","03","  ","","",""
"2031","2","0","0","0","0","0","0","0","0","4","0","","36","06","2017","2017062557","1","40.0619","-76.4988","2022","08","1","1","0","0","0","0","0","0","2","0","0","0","20","1","0","01","1","40 03:42.752","3","00","76 29:55.590","0","0","0","0","36239","0","0","0","N","0","0","0","5","36239","0","","1","01","N","N","0","","0","0","1","3","3","N","2022","0","3","0","0","0","0","0","3","0","3","N","","","","","","","","","","","","03","  ","","",""
"2245","1","0","0","0","0","0","0","0","0","8","0","","36","06","2017","2017062565","5","","","2243","08","0","0","1","0","0","0","0","0","","0","0","0","22","3","1","00","0","00 00:00.00","","07","00 00:00.0","2","0","0","0","36407","1","0","1","N","1","0","1","2","36407","0","","1","01","N","N","0","","0","1","0","0","0","","2229","1","2","0","0","1","0","0","2","0","1","N","","","","","","","","","","","","03","  ","","",""
"2329","2","0","0","0","0","0","0","0","0","1","0","","36","06","2017","2017062577","7","40.1736","-76.1456","2320","08","0","0","0","0","0","0","0","0","3","0","0","0","23","2","2","00","1","40 10:24.937","2","00","76 08:44.163","3","0","0","0","36218","0","0","0","N","0","0","0","3","36408","1","","1","01","N","N","0","","1","0","0","0","0","N","2317","2","2","0","0","0","0","0","1","0","2","N","","","","","","","","","","","","03","  ","","",""
"0414","2","0","0","0","0","0","0","0","0","5","0","","36","06","2017","2017062581","1","40.0344","-76.2981","0410","08","0","0","0","0","0","0","0","0","","0","0","0","03","3","0","00","0","40 02:03.937","","00","76 17:53.234","0","0","0","0","36301","0","0","0","N","0","0","0","1","36301","0","","6","01","N","N","0","","0","0","0","0","0","","0355","0","2","0","0","0","0","0","3","0","2","N","","","","","","","","","","","","03","  ","","",""
"0226","1","0","0","0","0","0","0","0","0","7","0","","36","06","2017","2017062583","1","40.0355","-76.2808","0221","08","0","0","0","0","0","0","1","0","1","0","0","0","02","2","0","03","1","40 02:07.832","4","00","76 16:50.872","0","0","0","0","36220","0","0","0","N","0","0","0","1","36101","0","","4","01","N","N","0","","0","0","0","0","0","N","0219","0","1","0","0","0","0","0","3","0","1","N","","","","","","","","","","","","03","  ","","",""
"2002","0","0","0","0","0","0","0","0","0","4","0","","36","06","2017","2017062584","6","40.1565","-76.2052","1958","08","0","0","0","0","0","0","0","0","","0","0","0","19","1","1","01","0","40 09:23.506","","00","76 12:18.574","8","0","0","1","36402","0","0","0","N","0","0","0","2","36402","0","","1","01","N","N","0","","0","0","1","3","3","","1956","1","2","0","0","0","1","0","2","0","2","N","","","","","","","","","","","","03","  ","","",""
"0254","1","0","0","0","0","0","0","0","0","7","0","","36","06","2017","2017062586","1","40.0359","-76.5047","0251","08","0","0","0","0","0","0","0","0","3","0","0","0","02","3","0","00","1","40 02:09.300","6","00","76 30:16.800","9","0","0","0","36404","0","0","0","N","0","0","0","1","36404","0","","2","01","N","N","0","","0","0","0","0","0","N","0248","0","1","0","0","0","0","1","3","0","1","N","","","","","","","","","","","","03","  ","","",""
"2025","0","0","0","0","0","0","0","0","0","1","0","","36","06","2017","2017062593","2","40.1778","-76.1762","2025","08","0","0","0","0","0","1","0","0","","0","0","0","20","4","0","00","0","40 10:40.210","","00","76 10:34.301","0","0","0","0","36408","0","0","0","N","0","0","0","2","36408","0","","1","01","N","N","1","","0","0","1","0","0","","2020","0","2","0","0","0","0","0","2","0","2","N","","","","","","","","","","","","03","  ","","",""
"1126","0","0","1","0","0","0","0","0","0","7","0","","36","06","2017","2017062625","4","40.2397","-76.336","1043","08","0","0","0","0","0","0","0","0","3","0","0","0","10","1","1","00","1","40 14:22.822","6","00","76 20:09.725","2","0","0","0","36217","0","0","0","","0","0","0","1","68J01","0","","5","01","N","N","0","","0","1","1","0","0","N","1038","1","1","0","0","0","0","0","1","0","1","N","","","","","","","","","","","","03","  ","","",""
"0804","1","0","0","0","0","0","0","0","0","7","0","","36","06","2017","2017062637","7","39.9947","-76.0288","0801","08","0","0","0","0","0","0","0","0","1","0","0","0","07","1","0","00","1","39 59:40.853","4","00","76 01:43.551","0","0","0","0","36232","0","0","0","","0","0","0","1","68J01","0","","4","01","N","N","0","","0","0","0","0","0","N","0759","0","1","0","0","0","0","0","1","0","1","N","","","","","","","","","","","","03","  ","","",""
"0403","0","0","0","0","0","0","0","0","0","7","0","","36","06","2017","2017062668","1","39.8243","-76.3167","0355","08","0","0","0","0","0","1","0","0","2","0","0","0","03","2","0","00","1","39 49:27.377","4","00","76 19:00.049","0","0","0","0","36224","0","0","0","","0","0","0","1","68J01","0","","4","01","N","N","0","","0","0","1","0","0","N","0354","0","1","0","0","0","0","0","1","0","1","N","","","","","","","","","","","","03","  ","","",""
"1723","0","0","0","0","0","0","0","0","0","6","0","","36","06","2017","2017062672","6","40.0352","-76.3148","1720","08","0","0","0","0","0","1","0","0","1","0","0","0","17","1","1","00","1","40 02:06.715","4","00","76 18:53.325","4","0","0","1","36301","0","0","0","N","0","0","0","3","36301","1","","1","01","N","N","1","","0","0","0","0","0","N","1720","1","2","0","0","0","0","0","3","0","2","N","","","","","","","","","","","","03","  ","","",""
"0544","1","0","0","0","0","0","0","0","0","1","0","","36","06","2017","2017062690","5","40.2307","-76.1292","0534","08","0","0","0","0","0","0","0","0","","0","0","0","05","5","0","02","0","40 13:50.541","","00","76 07:45.018","0","0","0","0","36405","0","0","0","N","0","0","0","2","36210","0","","1","01","N","N","0","","0","0","1","0","0","","0530","0","2","0","0","0","0","0","1","0","2","N","","","","","","","","","","","","03","  ","","",""
"0750","0","0","0","0","0","0","0","0","0","7","0","","36","06","2017","2017062691","5","40.1862","-76.1082","0746","08","0","0","0","0","0","0","0","0","","0","0","0","07","1","0","00","0","40 11:10.293","","00","76 06:29.391","9","0","0","0","36210","0","0","0","N","0","0","0","1","36210","0","","4","01","N","N","0","","0","0","1","0","0","","0744","0","1","0","0","0","0","1","1","0","1","N","","","","","","","","","","","","03","  ","","",""
"0447","1","0","0","0","0","0","0","0","0","7","0","","36","06","2017","2017062766","7","40.1344","-76.1725","0441","08","0","0","0","0","0","0","0","0","2","0","0","0","04","2","0","00","2","40 08:03.975","5","00","76 10:21.131","0","0","0","0","36238","0","0","0","N","0","0","0","1","36238","0","","4","01","N","N","0","","0","0","0","0","0","N","0439","0","1","0","0","1","0","0","3","0","1","N","","","","","","","","","","","","03","  ","","",""
"1712","2","0","0","0","0","0","0","0","0","4","0","","36","06","2017","2017062815","2","40.0599","-76.2777","1707","08","1","0","0","0","0","0","0","0","","0","0","0","17","1","1","01","0","40 03:35.856","","02","76 16:40.025","4","0","0","0","36101","0","0","0","N","0","0","0","2","36101","1","","1","09","N","N","0","","0","0","0","2","2","","1707","1","2","0","0","0","0","0","3","0","2","N","","","","","","","","","","","","07","  ","","",""
"1539","0","0","0","0","0","0","0","0","0","0","0","","36","06","2017","2017062879","2","40.0742","-76.3332","1535","08","0","0","0","0","0","1","0","0","2","0","0","0","15","1","0","00","1","40 04:27.275","3","00","76 19:59.487","0","0","0","0","36101","0","0","0","","0","0","0","1","36101","0","","1","01","N","N","1","","0","0","0","0","0","N","1532","0","1","0","0","0","0","0","3","0","1","N","","","","","","","","","","","","03","  ","","",""
"0244","1","0","0","0","0","0","0","0","0","7","0","","36","06","2017","2017062880","7","40.0535","-76.3972","0244","08","0","0","0","0","0","0","0","0","2","0","0","0","02","3","0","00","2","40 03:12.601","1","00","76 23:50.094","0","0","0","0","36214","0","0","0","","0","0","0","1","36214","0","","2","01","N","N","0","","0","0","0","0","0","N","0242","0","1","0","0","0","0","0","3","0","1","N","","","","","","","","","","","","03","  ","","",""
"1740","1","0","0","0","0","0","0","0","0","0","0","","36","06","2017","2017062981","2","40.1737","-76.1447","1736","08","0","0","0","0","0","0","0","0","2","0","0","0","17","1","0","00","1","40 10:25.253","1","00","76 08:40.769","0","0","0","0","36218","0","0","0","N","0","0","0","1","36408","0","","1","01","N","N","0","","0","0","0","0","0","N","1732","0","1","0","0","1","0","0","1","0","1","N","","","","","","","","","","","","03","  ","","",""
"1700","1","0","1","0","0","0","0","0","0","1","1","","36","06","2017","2017062987","5","40.0619","-76.4988","1648","08","0","0","0","0","0","1","1","0","2","0","1","0","16","1","3","01","2","40 03:42.752","6","00","76 29:55.590","2","0","0","0","36239","0","0","0","N","0","0","0","3","36239","0","","1","01","N","N","0","","0","1","1","0","0","Y","1648","3","3","0","0","0","2","0","3","0","3","N","","","","","","","","","","","","03","  ","","",""
"1047","1","0","0","0","0","0","0","0","0","8","0","","36","06","2017","2017063007","5","40.0883","-76.2776","1043","08","0","0","0","0","0","0","0","1","","0","0","0","10","1","1","02","0","40 05:17.944","","00","76 16:39.223","3","0","0","0","36101","1","0","0","N","1","0","0","2","36101","0","","1","01","N","N","0","","1","0","0","0","0","","1042","1","2","0","0","0","0","0","3","0","1","N","","","","","","","","","","","","03","  ","","",""
"2208","1","0","0","0","0","0","0","0","0","7","0","","36","06","2017","2017063012","5","40.1564","-76.112","2201","08","0","0","0","1","0","0","0","0","2","0","0","0","22","2","1","00","2","40 09:23.089","6","00","76 06:43.110","2","0","0","0","36209","0","0","0","N","0","0","0","1","36415","0","","4","01","N","N","0","","0","1","0","0","0","Y","2200","1","1","0","1","1","0","0","1","0","1","N","","","","","","","","","","","","03","  ","","",""
"1616","0","0","0","0","0","0","0","0","0","4","0","","36","06","2017","2017063073","2","40.0377","-76.2718","1613","08","0","0","0","0","0","0","0","0","2","0","0","0","16","1","3","01","1","40 02:16.006","7","00","76 16:18.567","4","0","0","0","36215","0","0","0","","0","0","0","4","36215","3","","1","01","N","N","0","","0","0","1","3","2","Y","1613","3","2","0","0","1","0","0","1","1","2","N","","","","","","","","","","","","03","  ","","",""
"1434","1","0","0","0","0","0","0","0","0","1","0","","36","06","2017","2017063074","7","40.0551","-76.2144","1424","08","0","0","0","0","1","0","0","0","","0","0","0","14","1","0","02","0","40 03:18.452","","00","76 12:51.814","0","0","0","0","36215","0","0","0","","0","0","0","3","36215","0","","1","01","N","N","0","","0","0","1","0","0","","1423","0","2","0","0","0","0","0","1","0","2","N","","","","","","","","","","","","03","  ","","",""
"1745","0","0","0","0","0","0","0","0","0","4","0","","36","06","2017","2017063075","2","40.0302","-76.2324","1742","08","0","0","0","0","0","0","0","0","","0","0","0","17","1","0","00","0","40 01:48.764","","07","76 13:56.593","0","0","0","0","36215","0","0","0","","0","0","0","7","36215","0","","2","01","N","N","0","","0","0","2","0","0","","1740","0","2","0","0","0","0","0","1","0","2","N","","","","","","","","","","","","03","  ","","",""
"0616","1","0","0","0","0","0","0","0","0","7","0","","36","06","2017","2017063076","4","40.0175","-76.1679","0604","08","0","0","0","0","0","0","0","0","","0","0","0","05","5","0","00","0","40 01:03.140","","00","76 10:04.552","0","0","0","0","36215","0","0","0","","0","0","0","1","36215","0","","4","01","N","N","0","","0","0","0","0","0","","0559","0","1","0","0","0","0","0","1","0","1","N","","","","","","","","","","","","03","  ","","",""
"1122","1","0","0","0","0","0","0","0","0","5","0","","36","06","2017","2017063077","7","40.0289","-76.2271","1118","08","0","0","0","0","0","1","0","0","","0","0","0","11","1","0","00","0","40 01:44.047","","00","76 13:37.434","0","0","0","0","36215","0","0","0","","0","0","0","2","36215","0","","1","01","N","N","1","","0","0","0","0","0","","1113","0","2","0","0","0","0","0","1","0","2","N","","","","","","","","","","","","03","  ","","",""
"1205","0","0","0","0","0","0","0","0","0","7","0","","36","06","2017","2017063119","2","40.0313","-76.4833","1202","08","0","0","0","0","0","0","0","0","1","0","0","0","12","1","0","00","1","40 01:52.541","4","00","76 28:59.804","0","0","0","0","36404","0","0","0","N","0","0","0","1","36404","0","","2","01","N","N","1","","0","0","0","0","0","N","1202","0","1","0","0","0","0","0","3","0","1","N","","","","","","","","","","","","03","  ","","",""
"1451","0","0","0","0","0","0","0","0","0","4","0","","36","06","2017","2017063175","2","39.8986","-76.1594","1445","08","0","0","0","0","0","1","0","0","1","0","0","0","14","1","0","02","1","39 53:54.818","3","00","76 09:33.785","0","0","0","0","36416","0","0","0","N","0","0","0","2","36416","0","","1","01","N","N","1","","0","0","1","3","3","N","1450","0","2","0","0","0","0","0","1","0","2","N","","","","","","","","","","","","03","  ","","",""
"1308","0","0","0","0","0","0","0","0","0","2","0","","36","06","2017","2017063176","5","40.1019","-76.3054","1304","08","0","0","0","0","0","1","0","0","2","0","0","0","13","1","2","00","2","40 06:06.887","2","00","76 18:19.352","3","0","0","0","36101","0","0","0","N","0","0","0","2","36101","0","","1","01","N","N","0","","2","0","1","0","0","N","1302","2","2","0","0","0","0","0","3","1","2","N","","","","","","","","","","","","03","  ","","",""
"0216","2","0","0","0","0","0","0","0","0","6","0","","36","06","2017","2017063402","6","40.1549","-76.3047","0210","08","0","0","0","0","0","0","0","0","1","0","0","0","02","3","0","00","2","40 09:17.600","5","00","76 18:16.800","0","0","0","0","36409","0","0","0","N","0","0","0","1","36409","0","","6","01","N","N","0","","0","0","0","0","0","Y","0210","0","2","0","0","0","0","0","3","0","2","N","","","","","","","","","","","","03","  ","","",""
"0413","3","0","0","0","0","0","0","0","0","1","0","","36","06","2017","2017063409","3","40.0281","-76.3059","0405","08","0","0","0","0","0","0","0","0","2","0","0","0","04","3","0","00","1","40 01:41.093","2","00","76 18:21.116","9","0","0","0","36301","0","0","0","N","0","0","0","1","36301","0","","6","01","N","N","1","","0","0","0","0","0","N","0403","0","4","0","0","0","0","1","3","0","4","N","","","","","","","","","","","","03","  ","","",""
"1811","0","0","0","0","0","0","0","0","0","7","0","","36","06","2017","2017063410","3","39.9466","-76.3674","1806","08","0","0","0","0","0","0","0","0","1","0","0","0","18","1","0","00","1","39 56:47.592","1","00","76 22:02.521","0","0","0","0","36206","0","0","0","N","0","0","0","1","36503","0","","4","01","N","N","0","","0","0","1","0","0","N","1804","0","1","0","0","1","0","0","1","0","1","N","","","","","","","","","","","","03","  ","","",""
"0100","1","0","2","0","0","0","0","0","0","7","0","","36","06","2017","2017063416","5","40.1155","-76.5098","0055","08","0","0","1","0","0","0","0","0","4","0","0","0","00","2","4","00","2","40 06:55.970","5","00","76 30:35.367","2","0","0","0","36413","0","0","0","N","0","0","0","4","36413","1","","5","01","N","N","0","","0","3","0","0","0","Y","0053","4","1","0","1","1","0","0","2","0","1","N","","","","","","","","","","","","03","  ","","",""
"0731","1","0","0","0","0","0","0","0","0","4","1","","36","06","2017","2017063422","2","40.0458","-76.2549","0728","08","0","0","0","0","0","1","0","0","1","0","1","0","07","1","1","02","1","40 02:44.955","2","00","76 15:17.510","4","0","0","0","36215","0","0","0","N","0","0","0","2","36215","1","","1","01","N","N","0","","0","0","0","3","3","Y","0726","1","2","0","0","0","0","0","1","0","2","N","","","","","","","","","","","","03","  ","","",""
"1519","1","0","0","0","0","0","0","0","0","1","0","","36","06","2017","2017063429","7","40.0819","-76.2341","1514","08","0","0","0","0","0","1","0","1","2","0","0","0","15","1","0","01","1","40 04:54.777","3","00","76 14:02.802","0","0","0","0","36234","0","0","0","N","0","0","0","2","36215","0","","1","01","N","N","0","","0","0","0","3","2","N","1512","0","2","0","0","0","0","0","1","1","2","N","","","","","","","","","","","","03","  ","","",""
"1707","2","0","0","0","0","0","0","0","0","4","0","","36","06","2017","2017063433","1","40.0049","-76.3572","1705","08","0","1","0","0","0","0","0","0","2","0","0","0","17","1","0","01","1","40 00:17.607","2","00","76 21:25.930","0","0","0","0","36412","0","0","0","N","0","0","0","4","36412","0","","1","01","N","N","0","","0","0","0","3","3","N","1705","0","2","0","0","1","0","0","3","0","2","N","","","","","","","","","","","","03","  ","","",""
"0320","1","0","0","0","0","0","0","0","0","9","0","","36","06","2017","2017063450","3","40.0554","-76.3693","0315","08","0","0","0","0","0","0","0","0","","0","0","0","03","3","0","00","0","40 03:19.322","","00","76 22:09.516","0","0","0","0","36214","0","0","0","N","0","0","0","1","36214","0","","1","01","N","N","0","","0","0","0","0","0","","0315","0","1","0","0","0","0","0","3","0","1","N","","","","","","","","","","","","03","  ","","",""
"0641","2","0","0","0","0","0","0","0","0","4","0","","36","06","2017","2017063545","4","40.1076","-76.4198","0638","08","0","0","0","0","0","1","0","0","2","0","0","0","06","1","0","00","1","40 06:27.244","1","00","76 25:11.308","0","0","0","0","36214","0","0","0","N","0","0","0","2","36214","0","","1","01","N","N","0","","0","0","0","0","0","Y","0636","0","2","0","0","0","0","0","3","0","2","N","","","","","","","","","","","","03","  ","","",""
"1419","1","0","0","0","0","0","0","0","0","7","0","","36","06","2017","2017063552","5","40.0375","-76.3099","1419","08","0","0","0","0","0","0","0","0","1","0","0","0","14","1","1","00","2","40 02:15.014","3","00","76 18:35.742","8","0","0","0","36301","0","0","0","N","0","0","0","1","36301","0","","4","01","N","N","0","","0","0","0","0","0","Y","1416","1","1","0","0","0","1","0","3","0","1","N","","","","","","","","","","","","03","  ","","",""
"1032","2","0","0","0","0","0","0","0","0","4","0","","36","06","2017","2017063574","4","39.9858","-76.2836","1027","08","0","0","0","0","0","0","1","0","","0","0","0","10","1","0","01","0","39 59:09.292","","00","76 17:01.207","0","0","0","0","36240","0","0","0","N","0","0","0","2","36240","0","","1","01","N","N","0","","0","0","0","3","2","","1026","0","2","0","0","0","0","0","1","0","2","N","","","","","","","","","","","","03","  ","","",""
"1154","1","0","0","0","0","0","0","0","0","4","1","","36","06","2017","2017063620","1","40.0824","-76.3413","1152","08","0","0","0","0","0","1","0","1","2","0","1","0","11","1","0","00","1","40 04:56.618","1","07","76 20:28.748","0","0","0","0","36101","0","0","0","N","0","0","0","3","36101","0","","1","01","N","N","0","","0","0","0","0","0","N","1150","0","2","0","0","0","0","0","3","0","2","N","","","","","","","","","","","","03","  ","","",""
"0952","0","0","0","0","0","0","0","0","0","1","0","","36","06","2017","2017063746","5","40.1729","-75.9493","0941","08","0","0","0","0","0","1","0","0","1","0","0","0","09","1","1","00","1","40 10:22.438","3","00","75 56:56.936","3","0","0","0","36203","0","0","0","","0","0","0","2","68T06","0","","1","01","N","N","1","","1","0","1","0","0","N","0940","1","2","0","0","0","0","0","1","0","2","N","","","","","","","","","","","","03","  ","","",""
"0951","0","0","0","0","0","0","0","0","0","9","0","","36","06","2017","2017063749","6","40.1887","-76.0013","0948","08","0","0","0","0","0","0","0","0","","0","0","0","09","1","0","00","0","40 11:17.905","","00","76 00:03.779","0","0","0","0","36202","0","0","0","","0","0","0","2","68T06","0","","1","01","N","N","0","","0","0","1","0","0","","0946","0","1","0","0","0","0","0","1","0","1","N","","","","","","","","","","","","03","  ","","",""
"1726","2","0","0","0","0","0","0","0","0","4","0","","36","06","2017","2017063794","4","40.1028","-76.0775","1724","08","0","0","0","0","0","0","0","0","","0","0","0","17","1","0","01","0","40 06:09.921","","00","76 04:39.151","0","0","0","0","36415","0","0","0","N","0","0","0","3","36415","0","","1","09","N","N","0","","0","0","0","3","3","","1724","0","2","0","0","0","0","0","1","0","2","N","","","","","","","","","","","","07","  ","","",""
"1543","2","0","0","0","0","0","0","0","0","4","0","","36","05","2017","2017063801","5","40.0945","-76.2155","1541","08","0","0","0","0","0","1","0","0","1","0","0","0","15","1","1","01","1","40 05:40.302","7","00","76 12:55.752","3","0","0","0","36234","0","0","0","N","0","0","0","2","36215","0","","1","09","N","N","0","","1","0","0","3","3","N","1535","1","2","0","0","0","0","0","1","0","2","N","","","","","","","","","","","","07","  ","","",""
"2359","1","0","0","0","0","0","0","0","0","7","0","","36","06","2017","2017063821","5","40.1205","-76.6509","2353","08","0","1","0","0","0","0","0","0","","0","0","0","23","2","0","00","0","40 07:13.900","","00","76 39:03.400","0","0","0","0","36237","0","0","0","Y","0","0","0","1","36505","0","","4","01","N","N","0","","0","0","0","0","0","","2350","0","1","0","0","0","0","0","1","0","1","N","","","","","","","","","","","","03","  ","","",""
"2138","0","0","0","0","0","0","0","0","0","4","0","","36","06","2017","2017063824","7","40.1845","-76.601","2131","08","0","0","0","0","0","0","0","0","","0","0","0","21","3","0","01","0","40 11:04.371","","00","76 36:03.692","0","0","0","0","36225","0","0","0","N","0","0","0","3","36505","0","","1","01","N","N","0","","0","0","2","0","0","","2131","0","2","0","0","0","0","0","2","0","2","N","","","","","","","","","","","","03","  ","","",""