"ARRIVAL_TM","AUTOMOBILE_COUNT","BELTED_DEATH_COUNT","BELTED_SUSP_SERIOUS_INJ_COUNT","BICYCLE_COUNT","BICYCLE_DEATH_COUNT","BICYCLE_SUSP_SERIOUS_INJ_COUNT","BUS_COUNT","CHLDPAS_DEATH_COUNT","CHLDPAS_SUSP_SERIOUS_INJ_COUNT","COLLISION_TYPE","COMM_VEH_COUNT","CONS_ZONE_SPD_LIM","COUNTY","CRASH_MONTH","CRASH_YEAR","CRN","DAY_OF_WEEK","DEC_LAT","DEC_LONG","DISPATCH_TM","DISTRICT","DRIVER_COUNT_16YR","DRIVER_COUNT_17YR","DRIVER_COUNT_18YR","DRIVER_COUNT_19YR","DRIVER_COUNT_20YR","DRIVER_COUNT_50_64YR","DRIVER_COUNT_65_74YR","DRIVER_COUNT_75PLUS","EST_HRS_CLOSED","FATAL_COUNT","HEAVY_TRUCK_COUNT","HORSE_BUGGY_COUNT","HOUR_OF_DAY","ILLUMINATION","INJURY_COUNT","INTERSECT_TYPE","LANE_CLOSED","LATITUDE","LN_CLOSE_DIR","LOCATION_TYPE","LONGITUDE","MAX_SEVERITY_LEVEL","MCYCLE_DEATH_COUNT","MCYCLE_SUSP_SERIOUS_INJ_COUNT","MOTORCYCLE_COUNT","MUNICIPALITY","NONMOTR_COUNT","NONMOTR_DEATH_COUNT","NONMOTR_SUSP_SERIOUS_INJ_COUNT","NTFY_HIWY_MAINT","PED_COUNT","PED_DEATH_COUNT","PED_SUSP_SERIOUS_INJ_COUNT","PERSON_COUNT","POLICE_AGCY","POSSIBLE_INJ_COUNT","RDWY_SURF_TYPE_CD","RELATION_TO_ROAD","ROAD_CONDITION","SCH_BUS_IND","SCH_ZONE_IND","SMALL_TRUCK_COUNT","SPEC_JURIS_CD","SUSP_MINOR_INJ_COUNT","SUSP_SERIOUS_INJ_COUNT","SUV_COUNT","TCD_FUNC_CD","TCD_TYPE","TFC_DETOUR_IND","TIME_OF_DAY","TOT_INJ_COUNT","TOTAL_UNITS","UNB_DEATH_COUNT","UNB_SUSP_SERIOUS_INJ_COUNT","UNBELTED_OCC_COUNT","UNK_INJ_DEG_COUNT","UNK_INJ_PER_COUNT","URBAN_RURAL","VAN_COUNT","VEHICLE_COUNT","WORK_ZONE_IND","WORK_ZONE_LOC","WORK_ZONE_TYPE","WORKERS_PRES","WZ_CLOSE_DETOUR","WZ_FLAGGER","WZ_LAW_OFFCR_IND","WZ_LN_CLOSURE","WZ_MOVING","WZ_OTHER","WZ_SHLDER_MDN","ROADWAY_CLEARED","WEATHER1","WEATHER2","WZ_WORKERS_INJ_KILLED","SECONDARY_CRASH","INTERSECTION_RELATED"
"1918","1","0","0","0","0","0","0","0","0","4","0","","36","06","2017","2017063837","2","39.994","-76.3147","1908","08","1","0","0","0","0","0","1","0","3","0","0","0","19","1","0","03","1","39 59:38.370","5","00","76 18:52.990","0","0","0","0","36228","0","0","0","N","0","0","0","3","36503","0","","1","01","N","N","0","","0","0","1","0","0","N","1905","0","2","0","0","0","0","0","1","0","2","N","","","","","","","","","","","","03","  ","","",""
"1600","2","0","0","0","0","0","0","0","0","1","0","","36","06","2017","2017063891","6","40.087","-76.1928","1551","08","0","1","0","0","0","0","0","0","1","0","0","0","15","1","0","00","1","40 05:13.207","4","00","76 11:34.146","0","0","0","0","36234","0","0","0","","0","0","0","3","36215","0","","1","01","N","N","1","","0","0","0","0","0","N","1551","0","3","0","0","0","0","0","1","0","3","N","","","","","","","","","","","","03","  ","","",""
"0554","1","0","0","0","0","0","0","0","0","5","0","","36","06","2017","2017063951","5","40.1608","-76.2026","0553","08","0","0","0","0","0","0","0","0","2","0","0","0","05","1","1","03","2","40 09:38.960","1","00","76 12:09.227","4","0","0","0","36218","0","0","0","N","0","0","0","2","36402","1","","1","01","N","N","0","","0","0","1","0","0","N","0550","1","2","0","0","0","0","0","1","0","2","N","","","","","","","","","","","","03","  ","","",""
"1619","1","0","0","0","0","0","0","0","0","7","0","","36","06","2017","2017063984","1","40.1179","-76.2529","1612","08","0","0","0","1","0","0","0","0","2","0","0","0","16","1","1","00","1","40 07:04.395","1","00","76 15:10.607","3","0","0","0","36101","0","0","0","N","0","0","0","2","36101","0","","5","01","N","N","0","","1","0","0","0","0","N","1607","1","1","0","0","0","0","0","3","0","1","N","","","","","","","","","","","","03","  ","","",""
"1729","1","0","0","0","0","0","0","0","0","4","0","","36","06","2017","2017063992","1","40.0393","-76.3081","1722","08","0","0","0","1","0","0","0","0","","0","0","0","17","1","0","01","0","40 02:21.538","","00","76 18:29.063","0","0","0","0","36301","0","0","0","N","0","0","0","2","36301","0","","1","01","N","N","0","","0","0","1","3","2","","1720","0","2","0","0","0","0","0","3","0","2","N","","","","","","","","","","","","03","  ","","",""
"1512","2","0","0","0","0","0","0","0","0","1","0","","36","06","2017","2017063993","1","40.1155","-76.3057","1501","08","0","0","0","0","0","0","0","0","","0","0","0","14","1","1","00","0","40 06:55.657","","00","76 18:20.344","4","0","0","0","36101","0","0","0","N","0","0","0","7","36101","1","","1","01","N","N","0","","0","0","1","0","0","","1457","1","3","0","0","0","0","0","3","0","3","N","","","","","","","","","","","","03","  ","","",""
"1725","0","0","0","0","0","0","0","0","0","4","0","","36","06","2017","2017064048","4","40.0978","-76.5156","1718","08","0","0","0","1","0","0","0","0","1","0","0","0","17","1","0","02","1","40 05:52.100","6","00","76 30:56.236","0","0","0","0","36211","0","0","0","N","0","0","0","2","36504","0","","1","09","N","N","2","","0","0","0","0","0","N","1715","0","2","0","0","0","0","0","1","0","2","N","","","","","","","","","","","","07","  ","","",""
"1652","0","0","0","1","0","0","0","0","0","4","0","","36","06","2017","2017064050","5","40.052","-76.3102","1646","08","0","0","0","0","0","0","0","0","","0","0","0","16","1","1","01","0","40 03:07.058","","00","76 18:36.898","3","0","0","0","36301","1","0","0","N","0","0","0","3","36301","0","","1","01","N","N","0","","1","0","0","3","2","","1645","1","2","0","0","0","0","0","3","1","1","N","","","","","","","","","","","","03","  ","","",""
"1655","2","0","0","0","0","0","0","0","0","1","0","","36","06","2017","2017064091","4","40.0624","-76.5514","1651","08","0","0","2","0","0","1","0","0","2","0","0","0","16","1","0","00","2","40 03:44.557","5","00","76 33:05.197","0","0","0","0","36211","0","0","0","N","0","0","0","8","36504","0","","1","09","N","N","0","","0","0","1","0","0","Y","1650","0","3","0","0","0","0","0","1","0","3","N","","","","","","","","","","","","07","  ","","",""
"0211","1","0","0","0","0","0","0","0","0","7","0","","36","06","2017","2017064136","5","40.2226","-76.1704","2007","08","0","0","0","0","0","0","0","0","2","0","0","0","02","2","0","00","2","40 13:21.300","6","00","76 10:13.400","0","0","0","0","36236","0","0","0","N","0","0","0","1","36408","0","","4","01","N","N","0","","0","0","0","0","0","Y","0205","0","1","0","0","0","0","0","1","0","1","N","","","","","","","","","","","","03","  ","","",""
"1751","0","1","0","0","0","0","0","0","0","4","0","","36","06","2017","2017064141","5","40.1383","-76.1002","1747","08","0","0","0","0","0","1","0","1","3","1","0","0","17","1","1","01","1","40 08:17.897","4","00","76 06:00.677","1","0","0","0","36209","0","0","0","N","0","0","0","3","36415","0","2","1","01","N","N","1","0","0","0","1","3","3","N","1747","1","2","0","0","0","1","0","1","0","2","N","","","","","","","","","","","","03","  ","","",""
"1741","1","0","0","0","0","0","0","0","0","1","0","","36","06","2017","2017064144","5","40.1425","-76.1976","1733","08","0","0","0","0","0","0","0","0","","0","0","0","17","1","0","00","0","40 08:32.862","","00","76 11:51.282","0","0","0","0","36238","0","0","0","N","0","0","0","2","36238","0","","1","01","N","N","1","","0","0","0","0","0","","1731","0","2","0","0","0","0","0","3","0","2","N","","","","","","","","","","","","03","  ","","",""
"2045","3","0","0","0","0","0","0","0","0","4","0","","36","06","2017","2017064169","5","40.0415","-76.3252","2042","08","0","0","0","0","0","1","0","0","","0","0","0","20","1","0","01","0","40 02:29.263","","00","76 19:30.575","0","0","0","0","36301","0","0","0","N","0","0","0","2","36301","0","","1","01","N","N","0","","0","0","1","3","2","","2034","0","4","0","0","0","0","0","3","0","4","N","","","","","","","","","","","","03","  ","","",""
"1710","1","0","0","0","0","0","0","0","0","4","1","","36","06","2017","2017064175","4","40.1051","-76.3418","1704","08","0","0","1","0","0","0","0","0","2","0","1","0","17","1","0","03","1","40 06:18.314","4","00","76 20:30.631","0","0","0","0","36406","0","0","0","N","0","0","0","2","36101","0","","1","09","N","N","0","","0","0","0","0","0","Y","1700","0","2","0","0","0","0","0","3","0","2","N","","","","","","","","","","","","07","  ","","",""
"1515","1","0","0","0","0","0","0","0","0","1","0","","36","06","2017","2017064235","3","40.0878","-76.3807","1513","08","0","0","1","0","0","0","0","0","2","0","0","0","15","1","1","00","1","40 05:16.220","1","00","76 22:50.530","4","0","0","0","36214","0","0","0","","0","0","0","3","36214","1","","1","01","N","N","1","","0","0","0","0","0","N","1510","1","2","0","0","0","0","0","3","0","2","N","","","","","","","","","","","","03","  ","","",""
"1726","2","0","0","0","0","0","0","0","0","1","0","","36","06","2017","2017064270","3","40.0393","-76.2817","1720","08","0","0","0","0","0","1","0","0","1","0","0","0","17","1","1","00","2","40 02:21.583","4","00","76 16:53.956","4","0","0","0","36220","0","0","0","N","0","0","0","5","36101","1","","1","01","N","N","0","","0","0","0","0","0","Y","1720","1","3","0","0","0","0","0","3","1","3","N","","","","","","","","","","","","03","  ","","",""
"0815","1","0","0","0","0","0","0","0","0","7","0","","36","06","2017","2017064277","6","40.0795","-76.3447","0808","08","0","0","0","0","0","0","0","0","2","0","0","0","08","1","0","00","1","40 04:46.271","3","00","76 20:40.831","0","0","0","0","36101","0","0","0","N","0","0","0","1","36101","0","","2","09","N","N","0","","0","0","0","0","0","N","0808","0","1","0","0","0","0","0","3","0","1","N","","","","","","","","","","","","07","  ","","",""
"0954","1","0","0","0","0","0","0","0","0","1","0","","36","06","2017","2017064322","6","40.0417","-76.3638","0951","08","0","0","0","0","0","0","0","1","","0","0","0","09","1","2","03","0","40 02:30.029","","00","76 21:49.816","4","0","0","0","36214","0","0","0","N","0","0","0","3","36214","2","","1","01","N","N","0","","0","0","1","3","2","","0947","2","2","0","0","0","0","0","3","0","2","N","","","","","","","","","","","","03","  ","","",""
"2255","1","0","0","0","0","0","0","0","0","7","0","","36","06","2017","2017064363","5","39.9911","-76.2603","2250","08","0","0","1","0","0","0","0","0","2","0","0","0","22","2","0","02","1","39 59:28.076","4","00","76 15:37.017","0","0","0","0","36240","0","0","0","N","0","0","0","1","36240","0","","2","01","N","N","0","","0","0","0","3","3","N","2247","0","2","0","0","0","0","0","1","0","1","N","","","","","","","","","","","","03","  ","","",""
"1744","2","0","0","0","0","0","0","0","0","1","0","","36","06","2017","2017064391","2","40.0705","-76.3184","1732","08","0","0","0","0","0","0","0","1","","0","0","0","17","1","0","00","0","40 04:13.679","","00","76 19:06.288","0","0","0","0","36101","0","0","0","N","0","0","0","2","36101","0","","1","09","N","N","0","","0","0","0","0","0","","1726","0","2","0","0","0","0","0","3","0","2","N","","","","","","","","","","","","03","  ","","",""
"1722","0","0","0","0","0","0","0","0","0","4","0","","36","05","2017","2017064480","3","39.8507","-76.2208","1717","08","1","0","0","0","0","0","0","0","4","1","0","0","17","1","0","01","2","39 51:02.554","7","00","76 13:14.985","1","1","0","1","36212","0","0","0","N","0","0","0","4","68J01","0","2","1","01","N","N","0","0","0","0","1","0","0","Y","1716","0","2","0","0","0","0","0","1","0","2","N","","","","","","","","","","","","03","  ","","",""
"1845","2","0","0","0","0","0","0","0","0","1","0","","36","06","2017","2017064496","6","40.244","-76.0491","1841","08","0","0","0","0","0","1","0","0","1","0","0","0","18","1","1","01","1","40 14:38.245","5","00","76 02:56.776","8","0","0","0","36401","0","0","0","N","0","0","0","3","36408","0","","1","09","N","N","0","","0","0","0","3","3","N","1840","1","2","0","0","0","1","0","1","0","2","N","","","","","","","","","","","","03","  ","","",""
"2000","2","0","0","0","0","0","0","0","0","4","0","","36","06","2017","2017064512","6","40.0525","-76.3229","1953","08","0","0","0","0","1","0","0","0","","0","0","0","19","1","0","00","0","40 03:09.018","","00","76 19:22.400","0","0","0","0","36101","0","0","0","N","0","0","0","3","36101","0","","1","01","N","N","0","","0","0","0","0","0","","1918","0","2","0","0","0","0","0","3","0","2","N","","","","","","","","","","","","03","  ","","",""
"2210","1","0","1","0","0","0","0","0","0","7","0","","36","06","2017","2017064534","6","40.0403","-76.5114","2200","08","0","0","0","0","0","1","0","0","3","0","0","0","22","2","2","00","2","40 02:24.911","1","00","76 30:41.081","2","0","0","0","36239","0","0","0","N","0","0","0","3","36239","0","","4","09","N","N","0","","0","2","0","0","0","Y","2200","2","1","0","1","1","0","0","3","0","1","N","","","","","","","","","","","","07","  ","","",""
"2355","1","0","0","0","0","0","0","0","0","0","0","","36","06","2017","2017064539","6","40.0416","-76.512","2355","08","0","0","0","0","0","0","0","0","3","0","0","0","23","2","0","00","2","40 02:29.846","1","00","76 30:43.234","0","0","0","0","36239","0","0","0","N","0","0","0","1","36239","0","","1","01","N","N","0","","0","0","0","0","0","Y","2355","0","1","0","0","0","0","0","3","0","1","N","","","","","","","","","","","","07","  ","","",""
"0033","2","0","0","0","0","0","0","0","0","2","0","","36","06","2017","2017064543","7","40.1502","-76.2084","0030","08","0","0","0","0","0","1","0","0","2","0","0","0","00","3","2","00","2","40 09:00.677","5","00","76 12:30.252","3","0","0","0","36402","0","0","0","N","0","0","0","2","36402","0","","1","09","N","N","0","","1","0","0","0","0","Y","0025","2","2","0","0","0","1","0","2","0","2","N","","","","","","","","","","","","07","  ","","",""
"0755","2","0","0","0","0","0","0","0","0","6","1","","36","06","2017","2017064547","6","40.0591","-76.4629","0750","08","0","0","0","0","0","1","0","0","2","0","0","0","07","1","0","03","2","40 03:32.814","5","00","76 27:46.398","0","0","0","0","36239","0","0","0","","0","0","0","2","36239","0","","1","09","","","0","","0","0","0","0","0","Y","0750","0","2","0","0","0","0","0","3","0","2","N","","","","","","","","","","","","07","  ","","",""
"1428","0","0","0","0","0","0","0","0","0","4","0","","36","06","2017","2017064557","5","39.9855","-76.0178","1417","08","0","0","1","0","0","1","0","0","1","0","0","0","14","1","1","01","1","39 59:07.866","2","00","76 01:04.009","3","0","0","0","36232","0","0","0","","0","0","0","2","68J01","0","","1","01","N","N","1","","1","0","1","3","2","N","1412","1","2","0","0","0","0","0","1","0","2","N","","","","","","","","","","","","03","  ","","",""
"0048","1","0","0","0","0","0","0","0","0","7","0","","36","06","2017","2017064605","7","40.0404","-76.2581","0045","08","0","0","0","0","0","0","0","0","","0","0","0","00","3","0","00","0","40 02:25.467","","00","76 15:29.179","0","0","0","0","36215","0","0","0","","0","0","0","1","36215","0","","4","01","N","N","0","","0","0","0","0","0","","0045","0","1","0","0","0","0","0","1","0","1","N","","","","","","","","","","","","03","  ","","",""
"0148","1","0","0","0","0","0","0","0","0","7","0","","36","06","2017","2017064606","7","40.0495","-76.2543","0141","08","0","0","0","0","0","1","0","0","","0","0","0","01","3","0","07","0","40 02:58.094","","02","76 15:15.581","0","0","0","0","36215","0","0","0","","0","0","0","1","36215","0","","5","01","N","N","0","","0","0","0","0","0","","0141","0","1","0","0","0","0","0","1","0","1","N","","","","","","","","","","","","03","  ","","",""
"2006","2","0","0","0","0","0","0","0","0","4","0","","36","06","2017","2017064608","5","40.0331","-76.2452","2002","08","0","0","1","0","0","0","0","0","","0","0","0","20","4","2","10","0","40 01:59.084","","00","76 14:42.829","4","0","0","0","36215","0","0","0","","0","0","0","3","36215","2","","1","01","N","N","0","","0","0","0","3","2","","2001","2","2","0","0","0","0","0","1","0","2","N","","","","","","","","","","","","03","  ","","",""
"1710","2","0","0","0","0","0","0","0","0","2","0","","36","06","2017","2017064622","4","39.8724","-76.2346","1658","08","0","0","0","0","0","0","0","0","2","0","0","0","16","1","0","00","1","39 52:20.560","4","00","76 14:04.441","0","0","0","0","36208","0","0","0","","0","0","0","2","68J01","0","","1","01","N","N","0","","0","0","0","0","0","N","1656","0","2","0","0","0","0","0","1","0","2","N","","","","","","","","","","","","03","  ","","",""
"0711","1","0","0","0","0","0","0","0","0","7","0","","36","06","2017","2017064645","5","40.0256","-76.0061","0659","08","0","1","0","0","0","0","0","0","2","0","0","0","06","1","0","00","1","40 01:32.110","2","00","76 00:21.780","0","0","0","0","36232","0","0","0","","0","0","0","2","68J01","0","","5","01","N","N","0","","0","0","0","0","0","N","0629","0","1","0","0","0","0","0","1","0","1","N","","","","","","","","","","","","03","  ","","",""
"1741","2","0","0","0","0","0","0","0","0","5","0","","36","06","2017","2017064665","3","40.0442","-76.2921","1740","08","0","0","0","0","0","0","0","0","1","0","0","0","17","1","1","01","1","40 02:39.112","4","00","76 17:31.624","3","0","0","0","36301","0","0","0","N","0","0","0","2","36301","0","","1","01","N","N","0","","1","0","0","3","2","N","1740","1","2","0","0","0","0","0","3","0","2","N","","","","","","","","","","","","03","  ","","",""
"1653","1","0","0","0","0","0","0","0","0","4","0","","36","06","2017","2017064667","6","40.0619","-76.4988","1648","08","0","0","0","0","0","0","0","0","","0","0","0","16","1","1","01","0","40 03:42.752","","00","76 29:55.590","3","0","0","0","36239","0","0","0","N","0","0","0","2","36239","0","","1","01","N","N","0","","1","0","1","3","3","","1645","1","2","0","0","0","0","0","3","0","2","N","","","","","","","","","","","","03","  ","","",""
"1651","0","0","0","0","0","0","0","0","0","1","0","","36","06","2017","2017064668","6","40.065","-76.4617","1649","08","0","0","0","0","0","0","0","0","1","0","0","0","16","1","1","00","1","40 03:53.978","3","00","76 27:42.151","3","0","0","0","36239","0","0","0","N","0","0","0","2","36239","0","","1","01","N","N","1","","1","0","1","0","0","N","1646","1","2","0","0","0","0","0","3","0","2","N","","","","","","","","","","","","03","  ","","",""
"1102","1","1","0","0","0","0","0","0","0","7","0","","36","06","2017","2017064704","7","40.0523","-76.3534","1058","08","0","0","0","0","0","0","0","1","2","1","0","0","10","1","0","00","1","40 03:08.274","1","00","76 21:12.253","1","0","0","0","36214","0","0","0","N","0","0","0","1","36214","0","2","5","01","N","N","0","0","0","0","0","0","0","Y","1056","0","1","0","0","0","0","0","3","0","1","N","","","","","","","","","","","","03","  ","","",""
"1709","2","0","0","0","0","0","0","0","0","2","0","","36","06","2017","2017064710","4","40.1797","-76.1842","1707","08","0","1","0","0","0","0","1","0","","0","0","0","17","1","2","01","0","40 10:46.848","","00","76 11:02.979","3","0","0","0","36408","0","0","0","N","0","0","0","3","36408","0","","1","01","N","N","0","","2","0","0","0","0","","1707","2","2","0","0","0","0","0","2","0","2","N","","","","","","","","","","","","03","  ","","",""
"1327","2","0","0","0","0","0","0","0","0","1","0","","36","06","2017","2017064715","7","40.104","-76.3054","1325","08","0","0","0","0","0","1","0","1","2","0","0","0","13","1","2","00","2","40 06:14.524","2","00","76 18:19.484","3","0","0","0","36101","0","0","0","N","0","0","0","7","36101","0","","1","01","N","N","0","","2","0","1","0","0","Y","1325","2","4","0","0","0","0","0","3","1","4","N","","","","","","","","","","","","03","  ","","",""
"1259","1","0","0","0","0","0","0","0","0","1","0","","36","06","2017","2017064716","7","40.2286","-76.0947","1259","08","0","0","0","0","0","0","0","0","1","0","0","0","12","1","1","00","1","40 13:42.900","6","07","76 05:40.800","3","0","0","0","36210","0","0","0","N","0","0","0","2","36210","0","","1","01","N","N","0","","1","0","1","0","0","N","1258","1","2","0","0","0","0","0","1","0","2","N","","","","","","","","","","","","03","  ","","",""
"1337","2","0","0","0","0","0","0","0","0","1","0","","36","06","2017","2017064729","7","40.0618","-76.3452","1335","08","0","0","1","0","0","0","0","0","","0","0","0","13","1","0","00","0","40 03:42.604","","00","76 20:42.732","0","0","0","0","36214","0","0","0","N","0","0","0","2","36214","0","","1","01","N","N","0","","0","0","0","0","0","","1327","0","2","0","0","0","0","0","3","0","2","N","","","","","","","","","","","","03","  ","","",""
"1442","2","0","0","0","0","0","0","0","0","5","0","","36","06","2017","2017064730","7","40.0423","-76.2953","1440","08","0","0","0","0","0","0","0","0","2","0","0","0","14","1","1","00","1","40 02:32.200","3","00","76 17:42.900","4","0","0","1","36301","0","0","0","N","0","0","0","2","36301","1","","1","01","N","N","0","","0","0","0","0","0","N","1436","1","3","0","0","0","0","1","3","0","3","N","","","","","","","","","","","","03","  ","","",""
"1449","0","0","0","0","0","0","0","0","0","4","0","","36","06","2017","2017064742","7","40.1216","-76.06","1444","08","0","0","0","0","0","1","0","1","2","0","0","0","14","1","1","01","1","40 07:17.779","4","00","76 03:36.077","4","0","0","0","36213","0","0","0","N","0","0","0","4","36213","1","","1","01","N","N","1","","0","0","1","3","2","N","1444","1","2","0","0","0","0","0","1","0","2","N","","","","","","","","","","","","03","  ","","",""
"1928","1","0","0","0","0","0","0","0","0","7","0","","36","06","2017","2017064799","2","40.259","-76.1246","1926","08","0","0","0","1","0","0","0","0","2","0","0","0","19","1","1","00","2","40 15:32.300","5","00","76 07:28.400","8","0","0","0","36236","0","0","0","N","0","0","0","1","36408","0","","4","09","N","N","0","","0","0","0","0","0","Y","1925","1","1","0","0","0","1","0","1","0","1","N","","","","","","","","","","","","03","  ","","",""
"1829","0","0","0","0","0","0","0","0","0","0","0","","36","06","2017","2017064801","7","40.1138","-76.2451","1824","08","0","0","0","0","0","1","0","0","1","0","0","0","18","1","1","02","1","40 06:49.628","3","00","76 14:42.364","3","0","0","1","36101","0","0","0","N","0","0","0","1","36101","0","","2","01","N","N","0","","1","0","0","0","0","N","1824","1","1","0","0","0","0","0","3","0","1","N","","","","","","","","","","","","03","  ","","",""
"1450","1","0","0","0","0","0","0","0","0","4","0","","36","06","2017","2017064805","6","40.0989","-76.0901","1449","08","0","0","0","0","0","0","0","0","1","0","0","1","14","1","0","01","1","40 05:56.086","7","00","76 05:24.223","0","0","0","0","36415","1","0","0","N","0","0","0","2","36415","0","","1","01","N","N","0","","0","0","0","3","3","N","1449","0","2","0","0","0","0","0","1","0","1","N","","","","","","","","","","","","03","  ","","",""
"0431","1","0","0","0","0","0","0","0","0","7","0","","36","06","2017","2017064829","7","40.1304","-76.4926","0408","08","0","0","0","0","0","0","0","0","","0","0","0","99","2","0","00","0","40 07:49.577","","00","76 29:33.305","9","0","0","0","36230","0","0","0","Y","0","0","0","1","36410","0","","3","09","N","N","0","","0","0","0","0","0","","9999","0","1","0","0","0","0","1","1","0","1","N","","","","","","","","","","","","07","  ","","",""
"2210","2","0","0","0","0","0","0","0","0","1","0","","36","06","2017","2017064836","6","40.0385","-76.425","2203","08","0","0","0","0","0","0","0","0","2","0","0","0","22","3","0","00","1","40 02:18.522","3","00","76 25:29.907","0","0","0","0","36414","0","0","0","N","0","0","0","1","36239","0","","2","09","N","N","0","","0","0","0","0","0","N","2203","0","2","0","0","0","0","0","3","0","2","N","","","","","","","","","","","","07","  ","","",""
"1738","2","0","0","0","0","0","0","0","0","1","0","","36","06","2017","2017064838","3","40.0749","-76.3366","1728","08","0","0","0","0","0","1","1","0","","0","0","0","17","1","1","00","0","40 04:29.524","","00","76 20:11.872","4","0","0","0","36101","0","0","0","N","0","0","0","2","36101","1","","1","01","N","N","0","","0","0","0","3","2","","1717","1","2","0","0","0","0","0","3","0","2","N","","","","","","","","","","","","03","  ","","",""
"2156","1","0","0","0","0","0","0","0","0","7","0","","36","06","2017","2017064844","7","40.1078","-76.5038","2156","08","0","1","0","0","0","0","0","0","","0","0","0","21","3","1","00","0","40 06:28.100","","00","76 30:13.700","3","0","0","0","36413","0","0","0","Y","0","0","0","1","36413","0","","4","01","N","N","0","","1","0","0","0","0","","2156","1","1","0","0","0","0","0","2","0","1","N","","","","","","","","","","","","03","  ","","",""
"2035","1","0","0","0","0","0","0","0","0","4","0","","36","06","2017","2017064850","3","40.1233","-76.3753","2030","08","0","0","0","0","0","0","1","0","2","0","0","0","20","1","0","01","1","40 07:23.702","6","00","76 22:31.147","0","0","0","0","36214","0","0","0","N","0","0","0","5","36214","0","","1","01","N","N","0","","0","0","2","3","3","Y","2030","0","3","0","0","0","0","0","3","0","3","N","","","","","","","","","","","","03","  ","","",""
"1757","0","0","0","0","0","0","0","0","0","7","0","","36","06","2017","2017064917","6","40.0453","-76.305","1756","08","0","0","0","0","0","0","0","1","1","0","0","0","17","1","1","00","1","40 02:43.099","2","00","76 18:18.102","3","0","0","0","36301","0","0","0","N","0","0","0","1","36301","0","","4","01","N","N","0","","1","0","0","0","0","N","1756","1","1","0","0","0","0","0","3","1","1","N","","","","","","","","","","","","03","  ","","",""
"1416","1","0","0","0","0","0","0","0","0","4","0","","36","06","2017","2017064920","6","40.0659","-76.3071","1414","08","0","0","0","0","0","0","1","0","","0","0","0","14","1","0","00","0","40 03:57.199","","07","76 18:25.712","0","0","0","0","36101","0","0","0","N","0","0","0","4","36101","0","","1","01","N","N","0","","0","0","0","0","0","","1410","0","2","0","0","0","0","0","3","1","2","N","","","","","","","","","","","","03","  ","","",""
"1429","2","0","0","0","0","0","0","0","0","1","0","","36","06","2017","2017064931","7","40.0615","-76.351","1429","08","0","0","0","1","0","0","0","0","1","0","0","0","14","1","0","00","1","40 03:41.498","4","00","76 21:03.500","0","0","0","0","36214","0","0","0","N","0","0","0","5","36214","0","","1","01","N","N","0","","0","0","0","0","0","N","1429","0","2","0","0","0","0","0","3","0","2","N","","","","","","","","","","","","03","  ","","",""
"1346","0","0","0","0","0","0","0","0","0","1","0","","36","06","2017","2017064934","7","40.0621","-76.3433","1340","08","0","0","0","0","0","1","0","0","","0","0","0","13","1","1","00","0","40 03:43.644","","00","76 20:35.708","4","0","0","0","36214","0","0","0","N","0","0","0","8","36214","1","","1","01","N","N","1","","0","0","1","0","0","","1340","1","2","0","0","0","0","0","3","0","2","N","","","","","","","","","","","","03","  ","","",""
"1500","0","0","0","0","0","0","0","0","0","4","0","","36","06","2017","2017064938","3","40.0651","-76.3069","1500","08","0","0","0","0","0","0","1","0","","0","0","0","14","1","1","00","0","40 03:54.485","","07","76 18:24.872","4","0","0","0","36101","0","0","0","N","0","0","0","3","36101","1","","1","01","N","N","1","","0","0","1","0","0","","1447","1","2","0","0","0","0","0","3","0","2","N","","","","","","","","","","","","03","  ","","",""
"0615","1","0","0","0","0","0","0","0","0","7","0","","36","06","2017","2017064940","7","40.1873","-76.1083","0609","08","0","0","0","0","0","0","0","0","","0","0","0","06","1","0","00","0","40 11:14.391","","00","76 06:29.902","9","0","0","0","36210","0","0","0","N","0","0","0","1","36210","0","","4","09","N","N","0","","0","0","0","0","0","","0606","0","1","0","0","0","0","1","1","0","1","N","","","","","","","","","","","","03","  ","","",""
"0748","2","0","0","0","0","0","0","0","0","1","0","","36","06","2017","2017064978","6","40.1275","-76.0742","0744","08","0","0","0","0","0","1","0","0","1","0","0","0","07","1","1","00","2","40 07:38.904","6","00","76 04:27.297","3","0","0","0","36209","0","0","0","N","0","0","0","3","36415","0","","1","09","N","N","0","","1","0","0","0","0","Y","0740","1","2","0","0","0","0","0","1","0","2","N","","","","","","","","","","","","07","  ","","",""
"1309","3","0","0","0","0","0","0","0","0","1","0","","36","06","2017","2017065003","7","40.0516","-76.3211","1300","08","0","1","0","0","0","0","0","0","2","0","0","0","12","1","0","00","1","40 03:05.601","3","00","76 19:15.795","0","0","0","0","36301","0","0","0","N","0","0","0","7","36101","0","","1","01","N","N","0","","0","0","0","0","0","N","1258","0","3","0","0","0","0","0","3","0","3","N","","","","","","","","","","","","03","  ","","",""
"0728","0","0","0","0","0","0","0","0","0","4","0","","36","06","2017","2017065016","3","40.1098","-76.0072","0723","08","0","0","0","0","1","0","0","1","4","1","1","0","07","1","0","02","2","40 06:35.232","6","00","76 00:25.879","1","1","0","1","36213","0","0","0","N","0","0","0","3","36213","0","2","1","01","N","N","0","0","0","0","0","0","0","Y","0722","0","2","0","0","0","0","0","1","0","2","N","","","","","","","","","","","","03","  ","","",""