"ARRIVAL_TM","AUTOMOBILE_COUNT","BELTED_DEATH_COUNT","BELTED_SUSP_SERIOUS_INJ_COUNT","BICYCLE_COUNT","BICYCLE_DEATH_COUNT","BICYCLE_SUSP_SERIOUS_INJ_COUNT","BUS_COUNT","CHLDPAS_DEATH_COUNT","CHLDPAS_SUSP_SERIOUS_INJ_COUNT","COLLISION_TYPE","COMM_VEH_COUNT","CONS_ZONE_SPD_LIM","COUNTY","CRASH_MONTH","CRASH_YEAR","CRN","DAY_OF_WEEK","DEC_LAT","DEC_LONG","DISPATCH_TM","DISTRICT","DRIVER_COUNT_16YR","DRIVER_COUNT_17YR","DRIVER_COUNT_18YR","DRIVER_COUNT_19YR","DRIVER_COUNT_20YR","DRIVER_COUNT_50_64YR","DRIVER_COUNT_65_74YR","DRIVER_COUNT_75PLUS","EST_HRS_CLOSED","FATAL_COUNT","HEAVY_TRUCK_COUNT","HORSE_BUGGY_COUNT","HOUR_OF_DAY","ILLUMINATION","INJURY_COUNT","INTERSECT_TYPE","LANE_CLOSED","LATITUDE","LN_CLOSE_DIR","LOCATION_TYPE","LONGITUDE","MAX_SEVERITY_LEVEL","MCYCLE_DEATH_COUNT","MCYCLE_SUSP_SERIOUS_INJ_COUNT","MOTORCYCLE_COUNT","MUNICIPALITY","NONMOTR_COUNT","NONMOTR_DEATH_COUNT","NONMOTR_SUSP_SERIOUS_INJ_COUNT","NTFY_HIWY_MAINT","PED_COUNT","PED_DEATH_COUNT","PED_SUSP_SERIOUS_INJ_COUNT","PERSON_COUNT","POLICE_AGCY","POSSIBLE_INJ_COUNT","RDWY_SURF_TYPE_CD","RELATION_TO_ROAD","ROAD_CONDITION","SCH_BUS_IND","SCH_ZONE_IND","SMALL_TRUCK_COUNT","SPEC_JURIS_CD","SUSP_MINOR_INJ_COUNT","SUSP_SERIOUS_INJ_COUNT","SUV_COUNT","TCD_FUNC_CD","TCD_TYPE","TFC_DETOUR_IND","TIME_OF_DAY","TOT_INJ_COUNT","TOTAL_UNITS","UNB_DEATH_COUNT","UNB_SUSP_SERIOUS_INJ_COUNT","UNBELTED_OCC_COUNT","UNK_INJ_DEG_COUNT","UNK_INJ_PER_COUNT","URBAN_RURAL","VAN_COUNT","VEHICLE_COUNT","WORK_ZONE_IND","WORK_ZONE_LOC","WORK_ZONE_TYPE","WORKERS_PRES","WZ_CLOSE_DETOUR","WZ_FLAGGER","WZ_LAW_OFFCR_IND","WZ_LN_CLOSURE","WZ_MOVING","WZ_OTHER","WZ_SHLDER_MDN","ROADWAY_CLEARED","WEATHER1","WEATHER2","WZ_WORKERS_INJ_KILLED","SECONDARY_CRASH","INTERSECTION_RELATED"
"2330","3","0","0","0","0","0","0","0","0","5","0","","36","06","2017","2017065108","7","40.0097","-76.3519","2328","08","0","0","0","0","0","0","0","0","","0","0","0","23","2","0","00","0","40 00:34.900","","00","76 21:06.900","0","0","0","0","36412","0","0","0","N","0","0","0","1","36412","0","","1","01","N","N","0","","0","0","0","0","0","","2325","0","3","0","0","0","0","0","3","0","3","N","","","","","","","","","","","","03","  ","","",""
"0623","0","0","0","0","0","0","0","0","0","0","1","","36","05","2017","2017065126","7","40.0847","-76.2198","0606","08","0","0","0","0","0","0","0","0","3","0","1","0","06","5","0","00","2","40 05:04.875","6","00","76 13:11.197","0","0","0","0","36234","0","0","0","N","0","0","0","1","36215","0","","1","09","N","N","0","","0","0","0","0","0","Y","0606","0","1","0","0","0","0","0","1","0","1","N","","","","","","","","","","","","07","  ","","",""
"1900","1","0","0","0","0","0","0","0","0","1","0","","36","06","2017","2017065135","1","40.1024","-76.429","1852","08","0","0","0","1","0","0","0","0","3","0","0","0","18","1","0","00","2","40 06:08.709","6","00","76 25:44.305","0","0","0","0","36239","0","0","0","N","0","0","0","1","36239","0","","6","01","N","N","0","","0","0","1","0","0","Y","1852","0","2","0","0","0","0","0","3","0","2","N","","","","","","","","","","","","03","  ","","",""
"0253","0","0","0","0","0","0","0","0","0","0","0","","36","06","2017","2017065143","1","40.0842","-76.2709","0250","08","0","0","0","0","0","0","0","0","3","0","0","0","02","2","1","00","2","40 05:03.142","3","00","76 16:15.308","3","0","0","0","36101","0","0","0","N","0","0","0","1","36101","0","","1","01","N","N","0","","1","0","1","0","0","N","0234","1","1","0","0","0","0","0","3","0","1","N","","","","","","","","","","","","03","  ","","",""
"2016","2","0","0","0","0","0","0","0","0","5","0","","36","06","2017","2017065154","1","40.033","-76.5039","2015","08","0","0","0","0","0","1","0","0","1","0","0","0","20","1","0","00","1","40 01:58.800","1","00","76 30:13.900","0","0","0","0","36404","0","0","0","N","0","0","0","2","36404","0","","1","01","N","N","0","","0","0","0","0","0","N","2014","0","2","0","0","0","0","0","3","0","2","N","","","","","","","","","","","","03","  ","","",""
"1537","1","0","0","0","0","0","0","0","0","7","0","","36","06","2017","2017065166","6","40.1292","-76.5241","1529","08","0","0","0","0","0","0","0","0","","0","0","0","15","1","0","00","0","40 07:45.098","","00","76 31:26.853","0","0","0","0","36225","0","0","0","N","0","0","0","2","36505","0","","5","01","N","N","0","","0","0","0","0","0","","1527","0","2","0","0","0","0","0","2","0","1","N","","","","","","","","","","","","03","  ","","",""
"2052","1","0","0","0","0","0","0","0","0","4","0","","36","06","2017","2017065168","1","40.0436","-76.3137","2044","08","0","0","0","0","0","1","0","0","2","0","0","0","20","4","1","01","1","40 02:37.071","3","00","76 18:49.309","4","0","0","0","36301","0","0","0","N","0","0","0","6","36301","1","","1","01","N","N","0","","0","0","1","3","2","N","2044","1","2","0","0","0","0","0","3","0","2","N","","","","","","","","","","","","03","  ","","",""
"1939","0","0","0","1","0","0","0","0","0","5","0","","36","06","2017","2017065170","1","40.0375","-76.3097","1930","08","0","0","0","0","0","1","0","0","","0","0","0","18","1","1","00","0","40 02:15.089","","00","76 18:35.031","8","0","0","0","36301","1","0","0","N","0","0","0","6","36301","0","","1","01","N","N","0","","0","0","0","0","0","","1802","1","2","0","0","0","1","0","3","1","1","N","","","","","","","","","","","","03","  ","","",""
"1022","2","0","0","0","0","0","0","0","0","4","0","","36","06","2017","2017065187","2","40.0319","-76.2398","1022","08","0","0","0","0","0","1","0","0","2","0","0","0","10","1","0","02","1","40 01:54.765","4","02","76 14:23.331","0","0","0","0","36215","0","0","0","","0","0","0","2","68J01","0","","1","01","N","N","0","","0","0","0","3","2","N","1021","0","2","0","0","0","0","0","1","0","2","N","","","","","","","","","","","","03","  ","","",""
"1012","1","0","0","0","0","0","0","0","0","7","0","","36","06","2017","2017065230","4","40.0078","-76.3774","1005","08","0","1","0","0","0","0","0","0","2","0","0","0","10","1","2","00","1","40 00:28.248","2","00","76 22:38.713","4","0","0","0","36223","0","0","0","","0","0","0","2","36223","2","","4","01","N","N","0","","0","0","0","0","0","N","1000","2","1","0","0","0","0","0","1","0","1","N","","","","","","","","","","","","03","  ","","",""
"0647","1","0","0","0","0","0","0","0","0","4","0","","36","06","2017","2017065264","2","40.2007","-76.1718","0643","08","0","0","0","0","0","1","0","0","2","0","0","0","06","1","1","01","2","40 12:02.510","2","00","76 10:18.574","8","0","0","1","36218","0","0","0","N","0","0","0","2","36408","0","","1","01","N","N","0","","0","0","0","3","3","Y","0643","1","2","0","0","0","1","0","1","0","2","N","","","","","","","","","","","","03","  ","","",""
"1100","0","0","0","0","0","0","0","0","0","0","0","","36","06","2017","2017065269","2","40.0532","-76.3136","1044","08","0","0","0","0","0","0","0","0","2","0","0","0","10","1","0","00","1","40 03:11.597","1","00","76 18:49.029","0","0","0","0","36101","0","0","0","N","0","0","0","2","36101","0","","1","01","N","N","0","","0","0","1","0","0","Y","1003","0","1","0","0","0","0","0","3","0","1","N","","","","","","","","","","","","03","  ","","",""
"0830","3","0","0","0","0","0","0","0","0","1","0","","36","06","2017","2017065324","6","40.1409","-76.2107","0827","08","0","0","0","0","0","0","0","0","1","0","0","0","08","1","1","00","1","40 08:27.400","1","00","76 12:38.440","3","0","0","0","36238","0","0","0","N","0","0","0","3","36238","0","","1","01","N","N","0","","1","0","0","0","0","Y","0827","1","3","0","0","0","0","0","3","0","3","N","","","","","","","","","","","","03","  ","","",""
"1408","1","0","0","0","0","0","0","0","0","1","0","","36","06","2017","2017065326","7","40.1287","-76.5957","1408","08","0","0","0","0","0","0","1","0","","0","0","0","14","1","0","02","0","40 07:43.206","","00","76 35:44.523","0","0","0","1","36237","0","0","0","N","0","0","0","2","36505","0","","1","01","N","N","0","","0","0","0","3","3","","1400","0","2","0","0","0","0","0","1","0","2","N","","","","","","","","","","","","03","  ","","",""
"1222","1","0","0","0","0","0","0","0","0","7","0","","36","06","2017","2017065332","5","40.038","-76.2997","1220","08","0","0","0","0","0","1","0","0","2","0","0","0","12","1","0","00","2","40 02:16.764","3","00","76 17:59.030","0","0","0","0","36301","0","0","0","N","0","0","0","1","36301","0","","4","01","N","N","0","","0","0","0","0","0","Y","1218","0","1","0","0","0","0","0","3","0","1","N","","","","","","","","","","","","03","  ","","",""
"0108","1","0","0","0","0","0","0","0","0","7","0","","36","06","2017","2017065518","7","40.2809","-76.1532","0057","08","1","0","0","0","0","0","0","0","1","0","0","0","00","2","0","00","1","40 16:51.089","2","00","76 09:11.622","0","0","0","0","36236","0","0","0","N","0","0","0","1","36408","0","","4","09","N","N","0","","0","0","0","0","0","N","0055","0","1","0","0","0","0","0","1","0","1","N","","","","","","","","","","","","07","  ","","",""
"0922","1","0","0","0","0","0","0","0","0","1","0","","36","05","2017","2017065535","6","40.118","-76.0466","0917","08","0","0","0","0","0","1","0","0","","0","0","0","09","1","0","00","0","40 07:04.633","","00","76 02:47.788","0","0","0","0","36213","0","0","0","N","0","0","0","2","36213","0","","1","09","N","N","0","","0","0","0","0","0","","0915","0","2","0","0","0","0","0","1","1","2","N","","","","","","","","","","","","07","  ","","",""
"2001","0","0","0","0","0","0","0","0","0","8","0","","36","06","2017","2017065536","2","40.0814","-76.3048","1958","08","0","0","0","0","0","0","0","0","","0","0","0","19","1","1","01","0","40 04:52.996","","00","76 18:17.204","4","0","0","0","36101","1","0","0","N","1","0","0","5","36101","1","","1","01","N","N","0","","0","0","0","3","3","","1956","1","2","0","0","0","0","0","3","1","1","N","","","","","","","","","","","","03","  ","","",""
"0143","1","0","0","0","0","0","0","0","0","6","0","","36","06","2017","2017065579","1","40.0293","-76.3052","0142","08","0","0","0","0","0","0","0","0","2","0","0","0","01","3","1","00","2","40 01:45.300","5","00","76 18:18.600","4","0","0","0","36301","0","0","0","N","0","0","0","1","36301","1","","6","01","N","N","0","","0","0","1","0","0","N","0140","1","2","0","0","1","0","0","3","0","2","N","","","","","","","","","","","","03","  ","","",""
"1716","1","0","0","0","0","0","0","0","0","1","0","","36","06","2017","2017065647","5","40.0228","-76.3739","1716","08","0","0","0","0","0","1","0","0","","0","0","0","17","1","2","00","0","40 01:22.250","","07","76 22:25.990","8","0","0","0","36223","0","0","0","","0","0","0","2","36223","0","","1","01","N","N","1","","0","0","0","0","0","","1710","2","2","0","0","0","2","0","1","0","2","N","","","","","","","","","","","","03","  ","","",""
"2320","2","0","0","0","0","0","0","0","0","4","0","","36","06","2017","2017065708","1","40.0398","-76.4311","2314","08","0","1","0","0","0","1","0","0","2","0","0","0","23","2","0","01","1","40 02:23.283","5","00","76 25:51.801","0","0","0","0","36414","0","0","0","N","0","0","0","2","36239","0","","1","01","N","N","0","","0","0","0","3","3","N","2314","0","2","0","0","0","0","0","3","0","2","N","","","","","","","","","","","","03","  ","","",""
"1045","2","0","0","0","0","0","0","0","0","1","0","","36","06","2017","2017065715","2","40.0268","-76.3278","1043","08","0","0","0","0","0","0","0","0","","0","0","0","10","1","1","02","0","40 01:36.533","","00","76 19:40.229","4","0","0","0","36220","0","0","0","N","0","0","0","2","36101","1","","1","01","N","N","0","","0","0","0","0","0","","1039","1","2","0","0","0","0","0","3","0","2","N","","","","","","","","","","","","03","  ","","",""
"1734","1","0","0","0","0","0","0","0","0","1","0","","36","06","2017","2017065734","2","40.0517","-76.2897","1722","08","0","0","0","0","0","1","0","0","","0","0","0","17","1","1","00","0","40 03:06.170","","00","76 17:22.974","3","0","0","0","36301","0","0","0","N","0","0","0","2","36301","0","","1","01","N","N","0","","1","0","1","0","0","","1709","1","2","0","0","0","0","0","3","0","2","N","","","","","","","","","","","","03","  ","","",""
"1016","2","0","0","0","0","0","0","0","0","4","0","","36","06","2017","2017065743","3","40.1139","-76.3863","1012","08","0","0","0","0","0","1","0","1","1","0","0","0","10","1","2","01","2","40 06:50.151","5","00","76 23:10.518","4","0","0","0","36214","0","0","0","N","0","0","0","2","36214","2","","1","01","N","N","0","","0","0","0","3","3","N","1006","2","2","0","0","0","0","0","3","0","2","N","","","","","","","","","","","","03","  ","","",""
"0323","2","0","0","0","0","0","0","0","0","0","0","","36","06","2017","2017065747","6","40.0628","-76.3384","0315","08","0","0","0","0","0","0","0","0","","0","0","0","02","3","0","00","0","40 03:45.967","","00","76 20:18.063","0","0","0","0","36101","0","0","0","N","0","0","0","4","36101","0","","1","01","N","N","0","","0","0","0","0","0","","0237","0","2","0","0","0","0","0","3","0","2","N","","","","","","","","","","","","03","  ","","",""
"1801","2","0","1","0","0","0","0","0","0","1","0","","36","06","2017","2017065760","5","40.057","-76.5278","1741","08","0","0","0","0","0","0","0","0","3","0","0","0","17","1","1","00","2","40 03:25.055","5","00","76 31:39.965","2","0","0","0","36211","0","0","0","N","0","0","0","3","36504","0","","1","01","N","N","0","","0","1","0","0","0","Y","1741","1","2","0","0","0","0","0","1","0","2","N","","","","","","","","","","","","03","  ","","",""
"1853","1","0","0","0","0","0","0","0","0","1","0","","36","06","2017","2017065770","4","40.0684","-76.3015","1848","08","0","0","0","0","0","0","0","0","","0","0","0","18","1","2","00","0","40 04:06.146","","00","76 18:05.259","4","0","0","0","36101","0","0","0","N","0","0","0","4","36101","2","","1","01","N","N","0","","0","0","1","0","0","","1839","2","2","0","0","0","0","0","3","0","2","N","","","","","","","","","","","","03","  ","","",""
"1557","2","0","0","0","0","0","0","0","0","4","0","","36","06","2017","2017065776","5","40.0742","-76.3207","1554","08","0","0","0","0","0","1","0","1","2","0","0","0","15","1","2","01","1","40 04:26.783","2","00","76 19:14.697","3","0","0","0","36101","0","0","0","N","0","0","0","2","36101","0","","1","01","N","N","0","","2","0","0","3","2","N","1553","2","2","0","0","0","0","0","3","0","2","N","","","","","","","","","","","","03","  ","","",""
"1719","1","0","0","0","0","0","0","0","0","1","1","","36","06","2017","2017065790","2","40.0692","-76.3082","1715","08","0","0","0","0","0","0","0","0","3","0","1","0","17","1","0","00","1","40 04:09.151","4","00","76 18:29.591","0","0","0","0","36101","0","0","0","N","0","0","0","3","36101","0","","1","01","N","N","1","","0","0","0","0","0","Y","1715","0","3","0","0","0","0","0","3","0","3","N","","","","","","","","","","","","03","  ","","",""
"0903","1","0","0","0","0","0","0","0","0","4","0","","36","06","2017","2017065866","5","40.0606","-76.2768","0900","08","0","0","0","0","1","0","0","1","2","0","0","0","08","1","0","01","1","40 03:38.256","4","02","76 16:36.560","0","0","0","0","36101","0","0","0","","0","0","0","2","36101","0","","1","01","N","N","0","","0","0","0","3","2","N","0857","0","2","0","0","0","0","0","3","1","2","N","","","","","","","","","","","","03","  ","","",""
"1929","1","0","0","0","0","0","0","0","0","4","0","","36","06","2017","2017065867","7","40.001","-76.4215","1923","08","0","0","0","0","1","1","0","0","2","0","0","0","19","1","1","01","2","40 00:03.498","1","00","76 25:17.439","4","0","0","0","36223","0","0","0","","0","0","0","3","36223","1","","1","09","N","N","0","","0","0","0","3","3","Y","1921","1","2","0","0","0","0","0","1","1","2","N","","","","","","","","","","","","07","  ","","",""
"1945","2","0","0","0","0","0","0","0","0","1","0","","36","06","2017","2017065868","4","40.0024","-76.4756","1941","08","0","0","0","0","0","1","0","0","2","0","0","0","19","1","1","02","2","40 00:08.523","5","00","76 28:32.238","8","0","0","0","36223","0","0","0","","0","0","0","2","36223","0","","1","01","N","N","0","","0","0","0","0","0","Y","1937","1","2","0","0","0","1","0","1","0","2","N","","","","","","","","","","","","03","  ","","",""
"1721","1","0","0","0","0","0","0","0","0","1","0","","36","06","2017","2017065869","5","40.0362","-76.363","1711","08","0","0","0","0","0","0","1","0","","0","0","0","17","1","0","02","0","40 02:10.180","","00","76 21:46.960","0","0","0","0","36223","0","0","0","","0","0","0","2","36223","0","","1","01","N","N","0","","0","0","0","0","0","","1705","0","2","0","0","0","0","0","1","1","2","N","","","","","","","","","","","","03","  ","","",""
"2058","1","0","0","0","0","0","0","0","0","7","0","","36","06","2017","2017065870","5","39.988","-76.4501","2051","08","0","0","0","0","0","0","0","0","2","0","0","0","20","2","1","00","2","39 59:16.890","6","00","76 27:00.330","4","0","0","0","36223","0","0","0","","0","0","0","1","36223","1","","4","01","N","N","0","","0","0","0","0","0","Y","2049","1","1","0","0","0","0","0","1","0","1","N","","","","","","","","","","","","03","  ","","",""
"0956","2","0","0","0","0","0","0","0","0","4","0","","36","06","2017","2017065871","4","40.1618","-76.299","0954","08","0","0","0","1","0","0","0","1","1","0","0","0","09","1","0","01","1","40 09:42.488","5","00","76 17:56.535","0","0","0","0","36409","0","0","0","","0","0","0","3","36409","0","","1","01","N","N","0","","0","0","0","3","3","N","0953","0","2","0","0","0","0","0","3","0","2","N","","","","","","","","","","","","03","  ","","",""
"1714","0","0","0","0","0","0","0","0","0","4","0","","36","06","2017","2017065872","4","40.1534","-76.2961","1712","08","0","0","0","0","0","1","0","0","","0","0","0","17","1","0","01","0","40 09:12.286","","00","76 17:45.837","0","0","0","0","36409","0","0","0","","0","0","0","2","36409","0","","1","01","N","N","0","","0","0","2","3","3","","1708","0","2","0","0","0","0","0","3","0","2","N","","","","","","","","","","","","03","  ","","",""
"1616","0","0","0","0","0","0","0","0","0","1","0","","36","06","2017","2017066008","6","40.0575","-76.214","1612","08","0","0","0","0","0","1","0","0","1","0","0","0","16","1","2","00","1","40 03:27.086","2","00","76 12:50.421","4","0","0","0","36215","0","0","0","N","0","0","0","2","36215","2","","1","01","N","N","1","","0","0","1","0","0","N","1608","2","2","0","0","0","0","0","1","0","2","N","","","","","","","","","","","","03","  ","","",""
"0050","1","0","0","0","0","0","0","0","0","7","0","","36","06","2017","2017066039","4","40.1685","-76.167","0045","08","0","0","0","0","0","0","0","0","","0","0","0","00","3","0","00","0","40 10:06.501","","00","76 10:01.306","0","0","0","0","36408","0","0","0","N","0","0","0","1","36408","0","","4","01","N","N","0","","0","0","0","0","0","","0040","0","1","0","0","0","0","0","2","0","1","N","","","","","","","","","","","","03","  ","","",""
"1953","0","0","0","0","0","0","0","0","0","4","0","","36","06","2017","2017066047","2","40.1549","-76.6063","1949","08","0","0","0","0","0","0","0","0","1","0","0","0","19","1","1","01","2","40 09:17.539","6","00","76 36:22.658","2","0","1","1","36407","0","0","0","N","0","0","0","2","36407","0","","1","01","N","N","0","","0","1","1","0","0","Y","1949","1","2","0","0","0","0","0","2","0","2","N","","","","","","","","","","","","03","  ","","",""
"0056","1","0","0","0","0","0","0","0","0","7","0","","36","06","2017","2017066057","2","40.225","-76.3974","0049","08","0","0","0","0","1","0","0","0","3","0","0","0","00","2","1","00","2","40 13:30.069","6","00","76 23:50.706","8","0","0","0","36227","0","0","0","","0","0","0","1","36506","0","","4","01","N","N","0","","0","0","0","0","0","Y","0049","1","1","0","0","0","1","0","1","0","1","N","","","","","","","","","","","","03","  ","","",""
"1929","1","0","0","0","0","0","0","0","0","4","0","","36","06","2017","2017066115","7","40.0294","-76.2347","1916","08","0","0","0","0","0","0","0","0","","0","0","0","19","1","0","00","0","40 01:45.883","","07","76 14:04.836","0","0","0","0","36215","0","0","0","","0","0","0","2","36215","0","","1","01","N","N","0","","0","0","1","0","0","","1916","0","2","0","0","0","0","0","1","0","2","N","","","","","","","","","","","","03","  ","","",""
"1738","0","0","0","0","0","0","0","0","0","1","2","","36","06","2017","2017066113","4","40.0814","-76.3523","1729","08","0","0","0","0","0","2","0","0","2","0","2","0","17","1","1","00","1","40 04:52.958","4","00","76 21:08.456","4","0","0","0","36101","0","0","0","","0","0","0","3","36214","1","","1","09","N","N","0","","0","0","1","0","0","N","1724","1","3","0","0","0","0","0","3","0","3","N","","","","","","","","","","","","03","  ","","",""
"1341","1","0","0","0","0","0","0","0","0","1","0","","36","06","2017","2017066114","3","40.0207","-76.1922","1333","08","0","1","0","0","0","0","1","0","","0","0","0","13","1","0","02","0","40 01:14.397","","00","76 11:32.005","0","0","0","0","36215","0","0","0","","0","0","0","2","36215","0","","1","01","N","N","1","","0","0","0","3","2","","1333","0","2","0","0","0","0","0","1","0","2","N","","","","","","","","","","","","03","  ","","",""
"0900","0","0","0","0","0","0","0","0","0","7","0","","36","06","2017","2017066116","5","40.0349","-76.2508","0854","08","0","0","0","0","0","1","0","0","1","0","0","0","08","1","1","00","1","40 02:05.520","5","00","76 15:02.960","4","0","0","0","36215","0","0","0","","0","0","0","1","36215","1","","4","01","N","N","0","","0","0","0","0","0","N","0854","1","1","0","0","0","0","0","1","1","1","N","","","","","","","","","","","","03","  ","","",""
"1814","2","0","0","0","0","0","0","0","0","1","0","","36","06","2017","2017066117","1","40.0224","-76.1929","1809","08","0","0","0","0","1","0","0","0","1","0","0","0","18","1","1","01","1","40 01:20.631","3","00","76 11:34.338","8","0","0","0","36215","0","0","0","","0","0","0","2","36215","0","","1","01","N","N","0","","0","0","0","3","2","N","1809","1","2","0","0","0","1","0","1","0","2","N","","","","","","","","","","","","03","  ","","",""
"0752","0","0","0","0","0","0","0","0","0","1","0","","36","06","2017","2017066151","4","40.0829","-76.2746","0747","08","0","0","0","0","0","0","1","0","","0","0","0","07","1","1","00","0","40 04:58.323","","00","76 16:28.508","3","0","0","0","36101","0","0","0","N","0","0","0","2","36101","0","","1","09","N","N","0","","1","0","2","0","0","","0747","1","2","0","0","0","0","0","3","0","2","N","","","","","","","","","","","","03","  ","","",""
"2147","1","0","0","0","0","0","0","0","0","7","0","","36","06","2017","2017066195","4","40.2115","-76.2335","2141","08","0","0","0","0","0","0","0","0","","0","0","0","21","2","1","00","0","40 12:41.431","","00","76 14:00.456","8","0","0","0","36204","0","0","0","","0","0","0","1","36506","0","","5","01","N","N","0","","0","0","0","0","0","","2141","1","1","0","0","0","1","0","1","0","1","N","","","","","","","","","","","","03","  ","","",""
"1045","1","0","0","0","0","0","0","0","0","1","0","","36","06","2017","2017066213","4","40.0693","-76.3566","1035","08","0","0","0","0","0","0","1","0","","0","0","0","10","1","2","00","0","40 04:09.507","","00","76 21:23.878","4","0","0","0","36214","0","0","0","N","0","0","0","6","36214","2","","1","01","N","N","0","","0","0","1","3","2","","1030","2","2","0","0","0","0","0","3","0","2","N","","","","","","","","","","","","03","  ","","",""
"1136","1","0","0","0","0","0","0","0","0","4","0","","36","06","2017","2017066228","4","40.0417","-76.3638","1133","08","0","0","0","0","0","1","1","0","2","0","0","0","11","1","2","01","1","40 02:30.029","2","00","76 21:49.816","4","0","0","0","36214","0","0","0","N","0","0","0","2","36214","2","","1","01","N","N","1","","0","0","0","3","3","N","1127","2","2","0","0","0","0","0","3","0","2","N","","","","","","","","","","","","03","  ","","",""
"1410","2","0","0","0","0","0","0","0","0","1","0","","36","06","2017","2017066239","2","40.0686","-76.3027","1405","08","0","0","0","1","0","0","0","1","","0","0","0","13","1","0","00","0","40 04:07.137","","00","76 18:09.754","0","0","0","0","36101","0","0","0","N","0","0","0","2","36101","0","","1","01","N","N","0","","0","0","0","0","0","","1354","0","2","0","0","0","0","0","3","0","2","N","","","","","","","","","","","","03","  ","","",""
"2331","0","0","0","0","0","0","0","0","0","7","0","","36","06","2017","2017066252","5","40.1641","-76.5911","2324","08","0","1","0","0","0","0","0","0","","0","0","0","23","3","0","00","0","40 09:50.700","","00","76 35:27.800","0","0","0","0","36225","0","0","0","N","0","0","0","1","36505","0","","2","09","N","N","0","","0","0","0","0","0","","2324","0","1","0","0","0","0","0","2","1","1","N","","","","","","","","","","","","07","  ","","",""
"2119","1","0","0","0","0","0","0","0","0","4","0","","36","06","2017","2017066254","6","40.0434","-76.3002","2116","08","0","0","0","0","0","0","0","0","2","0","0","0","21","3","1","01","2","40 02:36.085","4","00","76 18:00.691","4","0","0","0","36301","0","0","0","N","0","0","0","4","36301","1","","1","01","N","N","0","","0","0","1","0","0","Y","2111","1","2","0","0","0","0","0","3","0","2","N","","","","","","","","","","","","03","  ","","",""
"0528","1","0","0","0","0","0","0","0","0","2","0","","36","06","2017","2017066264","7","40.1544","-76.3853","0523","08","0","0","0","0","0","1","0","0","2","0","0","0","05","1","1","00","2","40 09:15.987","5","00","76 23:07.016","3","0","0","0","36227","0","0","0","","0","0","0","4","36506","0","","1","09","N","N","1","","1","0","0","0","0","Y","0523","1","2","0","0","1","0","0","1","0","2","N","","","","","","","","","","","","03","  ","","",""
"1255","0","0","0","0","0","0","0","0","0","1","0","","36","06","2017","2017066265","7","40.1527","-76.3671","1250","08","0","0","0","0","0","0","1","0","","0","0","0","12","1","0","00","0","40 09:09.819","","00","76 22:01.383","0","0","0","0","36227","0","0","0","","0","0","0","3","36506","0","","1","01","N","N","0","","0","0","2","0","0","","1250","0","2","0","0","0","0","0","1","0","2","N","","","","","","","","","","","","03","  ","","",""
"1811","2","0","0","0","0","0","0","0","0","4","0","","36","06","2017","2017066384","4","40.0746","-76.3894","1803","08","0","0","0","0","0","1","0","0","2","0","0","0","18","1","0","01","1","40 04:28.473","1","00","76 23:21.814","0","0","0","0","36214","0","0","0","N","0","0","0","4","36214","0","","1","01","N","N","0","","0","0","0","3","3","N","1800","0","2","0","0","0","0","0","3","0","2","N","","","","","","","","","","","","03","  ","","",""
"0300","1","0","0","0","0","0","0","0","0","7","0","","36","05","2017","2017066387","7","40.0492","-76.299","0300","08","0","0","0","0","0","0","0","0","","0","0","0","03","3","1","01","0","40 02:57.202","","00","76 17:56.320","4","0","0","0","36301","0","0","0","N","0","0","0","1","36301","1","","5","01","N","N","0","","0","0","0","0","0","","0300","1","1","0","0","1","0","0","3","0","1","N","","","","","","","","","","","","03","  ","","",""
"1706","3","0","0","0","0","0","0","0","0","1","0","","36","06","2017","2017066539","2","40.0397","-76.3081","1704","08","0","0","1","0","0","1","0","1","1","0","0","0","17","1","1","00","1","40 02:23.087","2","00","76 18:29.311","8","0","0","0","36301","0","0","0","N","0","0","0","5","36301","0","","1","01","N","N","0","","0","0","0","0","0","N","1704","1","3","0","0","0","1","0","3","0","3","N","","","","","","","","","","","","03","  ","","",""
"0239","0","0","0","0","0","0","0","0","0","7","0","","36","06","2017","2017066570","1","40.1421","-76.4083","0239","08","0","0","0","0","0","0","0","0","2","0","0","0","02","2","0","03","2","40 08:31.725","6","00","76 24:29.930","0","0","0","0","36227","0","0","0","","0","0","0","1","36506","0","","4","01","N","N","1","","0","0","0","0","0","Y","0239","0","1","0","0","0","0","0","1","0","1","N","","","","","","","","","","","","03","  ","","",""
"0905","1","0","0","0","0","0","0","0","0","5","0","","36","06","2017","2017066602","5","40.1607","-76.396","0857","08","0","0","0","0","0","0","0","0","1","0","0","0","08","1","0","00","1","40 09:38.500","2","00","76 23:45.500","0","0","0","0","36410","0","0","0","N","0","0","0","1","36410","0","","6","01","N","N","1","","0","0","0","0","0","N","0857","0","2","0","0","1","0","0","2","0","2","N","","","","","","","","","","","","03","  ","","",""
"1252","0","0","0","0","0","0","0","0","0","1","0","90","36","06","2017","2017066656","5","40.1962","-76.0071","1246","08","0","0","0","1","0","0","0","0","","0","1","0","12","1","0","00","0","40 11:46.018","","00","76 00:25.209","0","0","0","0","36202","0","0","0","","0","0","0","2","68T06","0","","1","01","N","N","0","","0","0","1","0","0","","1245","0","2","0","0","0","0","0","1","0","2","Y","3","2","U","N","N","N","Y","Y","N","N","","03","  ","","",""