"ARRIVAL_TM","AUTOMOBILE_COUNT","BELTED_DEATH_COUNT","BELTED_SUSP_SERIOUS_INJ_COUNT","BICYCLE_COUNT","BICYCLE_DEATH_COUNT","BICYCLE_SUSP_SERIOUS_INJ_COUNT","BUS_COUNT","CHLDPAS_DEATH_COUNT","CHLDPAS_SUSP_SERIOUS_INJ_COUNT","COLLISION_TYPE","COMM_VEH_COUNT","CONS_ZONE_SPD_LIM","COUNTY","CRASH_MONTH","CRASH_YEAR","CRN","DAY_OF_WEEK","DEC_LAT","DEC_LONG","DISPATCH_TM","DISTRICT","DRIVER_COUNT_16YR","DRIVER_COUNT_17YR","DRIVER_COUNT_18YR","DRIVER_COUNT_19YR","DRIVER_COUNT_20YR","DRIVER_COUNT_50_64YR","DRIVER_COUNT_65_74YR","DRIVER_COUNT_75PLUS","EST_HRS_CLOSED","FATAL_COUNT","HEAVY_TRUCK_COUNT","HORSE_BUGGY_COUNT","HOUR_OF_DAY","ILLUMINATION","INJURY_COUNT","INTERSECT_TYPE","LANE_CLOSED","LATITUDE","LN_CLOSE_DIR","LOCATION_TYPE","LONGITUDE","MAX_SEVERITY_LEVEL","MCYCLE_DEATH_COUNT","MCYCLE_SUSP_SERIOUS_INJ_COUNT","MOTORCYCLE_COUNT","MUNICIPALITY","NONMOTR_COUNT","NONMOTR_DEATH_COUNT","NONMOTR_SUSP_SERIOUS_INJ_COUNT","NTFY_HIWY_MAINT","PED_COUNT","PED_DEATH_COUNT","PED_SUSP_SERIOUS_INJ_COUNT","PERSON_COUNT","POLICE_AGCY","POSSIBLE_INJ_COUNT","RDWY_SURF_TYPE_CD","RELATION_TO_ROAD","ROAD_CONDITION","SCH_BUS_IND","SCH_ZONE_IND","SMALL_TRUCK_COUNT","SPEC_JURIS_CD","SUSP_MINOR_INJ_COUNT","SUSP_SERIOUS_INJ_COUNT","SUV_COUNT","TCD_FUNC_CD","TCD_TYPE","TFC_DETOUR_IND","TIME_OF_DAY","TOT_INJ_COUNT","TOTAL_UNITS","UNB_DEATH_COUNT","UNB_SUSP_SERIOUS_INJ_COUNT","UNBELTED_OCC_COUNT","UNK_INJ_DEG_COUNT","UNK_INJ_PER_COUNT","URBAN_RURAL","VAN_COUNT","VEHICLE_COUNT","WORK_ZONE_IND","WORK_ZONE_LOC","WORK_ZONE_TYPE","WORKERS_PRES","WZ_CLOSE_DETOUR","WZ_FLAGGER","WZ_LAW_OFFCR_IND","WZ_LN_CLOSURE","WZ_MOVING","WZ_OTHER","WZ_SHLDER_MDN","ROADWAY_CLEARED","WEATHER1","WEATHER2","WZ_WORKERS_INJ_KILLED","SECONDARY_CRASH","INTERSECTION_RELATED"
"0026","0","0","0","0","0","0","0","0","0","7","0","","36","06","2017","2017066660","7","40.1735","-75.9713","0017","08","0","0","0","0","0","1","0","0","","0","0","0","00","2","2","00","0","40 10:23.338","","00","75 58:19.275","8","0","0","0","36203","0","0","0","","0","0","0","2","68T06","0","","3","09","N","N","0","","0","0","1","0","0","","0015","2","1","0","0","0","2","0","1","0","1","N","","","","","","","","","","","","07","  ","","",""
"1937","1","0","0","0","0","0","0","0","0","4","0","","36","06","2017","2017066676","1","40.2176","-76.1143","1934","08","0","0","0","0","0","0","0","0","1","0","0","0","19","1","1","00","1","40 13:03.414","2","07","76 06:51.349","4","0","0","0","36210","0","0","0","N","0","0","0","3","36210","1","","1","01","N","N","0","","0","0","1","0","0","N","1933","1","2","0","0","0","0","0","1","0","2","N","","","","","","","","","","","","03","  ","","",""
"0405","1","0","0","0","0","0","0","0","0","0","0","","36","06","2017","2017066694","5","40.2296","-76.4338","0350","08","0","0","0","0","0","0","0","0","","0","0","0","03","3","0","00","0","40 13:46.704","","00","76 26:01.348","0","0","0","0","36230","0","0","0","","0","0","0","1","68T06","0","","1","01","N","N","0","","0","0","0","0","0","","0350","0","1","0","0","0","0","0","1","0","1","N","","","","","","","","","","","","03","  ","","",""
"0941","1","0","0","0","0","0","0","0","0","7","0","","36","06","2017","2017066695","6","40.2283","-76.4621","0912","08","0","0","0","0","0","0","0","0","","0","0","0","09","1","0","00","0","40 13:41.753","","00","76 27:43.974","0","0","0","0","36230","0","0","0","","0","0","0","1","68T06","0","","4","09","N","N","0","","0","0","0","0","0","","0912","0","1","0","0","0","0","0","1","0","1","N","","","","","","","","","","","","07","  ","","",""
"1555","1","0","0","0","0","0","0","0","0","9","0","","36","06","2017","2017066699","3","40.2439","-76.1575","1531","08","0","0","0","0","0","0","0","0","","0","0","0","15","1","0","00","0","40 14:38.310","","00","76 09:29.889","0","0","0","0","36236","0","0","0","","0","0","0","4","68T06","0","","1","01","N","N","0","","0","0","0","0","0","","1525","0","1","0","0","0","0","0","1","0","1","N","","","","","","","","","","","","03","  ","","",""
"0115","2","0","0","0","0","0","0","0","0","7","0","","36","06","2017","2017066703","7","40.2202","-76.0779","0112","08","0","0","0","0","0","1","0","0","1","0","0","0","01","3","0","00","1","40 13:12.789","1","00","76 04:40.466","0","0","0","0","36210","0","0","0","N","0","0","0","2","36210","0","","2","09","N","N","0","","0","0","0","0","0","N","0109","0","2","0","0","0","0","0","1","0","2","N","","","","","","","","","","","","07","  ","","",""
"1752","1","0","0","0","0","0","0","0","0","4","1","","36","06","2017","2017066740","3","40.0756","-76.3369","1748","08","0","0","0","0","0","0","0","1","1","0","1","0","17","1","3","02","1","40 04:32.271","5","02","76 20:12.714","3","0","0","0","36101","0","0","0","N","0","0","0","4","36101","2","","1","01","N","N","0","","1","0","0","3","2","N","1747","3","2","0","0","0","0","0","3","0","2","N","","","","","","","","","","","","03","  ","","",""
"2248","0","0","0","0","0","0","0","0","0","1","0","","36","06","2017","2017066836","6","40.0574","-76.2723","2241","08","0","0","0","0","0","0","0","0","1","0","0","0","22","3","0","00","1","40 03:26.731","4","00","76 16:20.145","0","0","0","0","36215","0","0","0","","0","0","0","4","36215","0","","1","09","N","N","1","","0","0","1","0","0","N","2240","0","2","0","0","0","0","0","1","0","2","N","","","","","","","","","","","","07","  ","","",""
"1020","1","0","0","0","0","0","0","0","0","4","0","","36","06","2017","2017066837","4","40.0761","-76.2059","1016","08","0","0","0","0","0","1","0","1","2","0","0","0","10","1","1","01","2","40 04:34.113","2","00","76 12:21.249","4","0","0","0","36234","0","0","0","","0","0","0","2","36215","1","","1","01","N","N","0","","0","0","0","3","3","Y","1013","1","2","0","0","0","0","0","1","1","2","N","","","","","","","","","","","","03","  ","","",""
"1553","0","0","0","0","0","0","0","0","0","4","1","","36","06","2017","2017066854","3","40.0964","-76.4247","1544","08","0","0","0","0","0","1","0","0","1","0","1","0","15","1","0","02","1","40 05:46.978","2","00","76 25:28.829","0","0","0","0","36239","0","0","0","N","0","0","0","2","36239","0","","1","01","N","N","0","","0","0","0","3","3","N","1544","0","2","0","0","0","0","0","3","1","2","N","","","","","","","","","","","","03","  ","","",""
"1617","0","0","0","0","0","0","0","0","0","1","0","","36","06","2017","2017066870","5","39.9902","-76.2845","1608","08","0","0","0","0","0","1","0","0","","0","0","0","16","1","2","00","0","39 59:24.785","","00","76 17:04.115","8","0","0","0","36240","0","0","0","N","0","0","0","4","36240","0","","1","01","N","N","0","","0","0","2","0","0","","1608","2","2","0","0","0","2","0","1","0","2","N","","","","","","","","","","","","03","  ","","",""
"0810","0","0","0","0","0","0","0","0","0","4","0","","36","06","2017","2017066871","6","40.1033","-76.0871","0805","08","0","0","0","0","0","0","1","0","2","0","0","0","08","1","1","01","2","40 06:11.878","1","00","76 05:13.467","3","0","0","0","36415","0","0","0","N","0","0","0","2","36415","0","","1","01","N","N","1","","1","0","1","3","2","Y","0805","1","2","0","0","0","0","0","1","0","2","N","","","","","","","","","","","","03","  ","","",""
"1125","3","0","0","0","0","0","0","0","0","4","0","","36","06","2017","2017066882","3","40.048","-76.3164","1103","08","1","0","0","0","0","0","0","0","","0","0","0","11","1","0","02","0","40 02:52.789","","00","76 18:59.000","0","0","0","0","36301","0","0","0","N","0","0","0","1","36301","0","","1","01","N","N","0","","0","0","0","3","3","","1103","0","3","0","0","0","0","0","3","0","3","N","","","","","","","","","","","","03","  ","","",""
"1049","0","0","0","0","0","0","0","0","0","4","0","","36","06","2017","2017066885","6","40.0746","-76.3188","1043","08","0","0","0","0","0","0","0","0","2","0","0","0","10","1","0","01","1","40 04:28.531","1","00","76 19:07.651","0","0","0","0","36101","0","0","0","N","0","0","0","2","36101","0","","1","01","N","N","0","","0","0","1","3","3","N","1039","0","2","0","0","0","0","0","3","1","2","N","","","","","","","","","","","","03","  ","","",""
"1133","0","0","0","0","0","0","0","0","0","7","0","","36","06","2017","2017066890","6","40.0663","-76.3969","1126","08","0","0","0","0","0","0","1","0","1","0","0","0","11","1","0","00","1","40 03:58.600","1","00","76 23:48.800","0","0","0","0","36214","0","0","0","N","0","0","0","1","36214","0","","2","01","N","N","0","","0","0","1","0","0","N","1120","0","1","0","0","0","0","0","3","0","1","N","","","","","","","","","","","","03","  ","","",""
"2252","2","0","0","0","0","0","0","0","0","5","0","","36","06","2017","2017066917","4","40.0234","-76.3224","2246","08","0","0","0","0","0","0","0","0","","0","0","0","22","3","0","00","0","40 01:24.200","","00","76 19:20.500","0","0","0","0","36220","0","0","0","N","0","0","0","2","36101","0","","6","01","N","N","0","","0","0","0","0","0","","2226","0","2","0","0","0","0","0","3","0","2","N","","","","","","","","","","","","03","  ","","",""
"0954","0","0","0","0","0","0","0","0","0","1","0","","36","06","2017","2017066926","6","40.0949","-76.1112","0944","08","0","0","1","0","0","0","0","0","","0","0","0","09","1","0","00","0","40 05:41.603","","00","76 06:40.393","0","0","0","0","36209","0","0","0","N","0","0","0","4","36415","0","","1","01","N","N","0","","0","0","2","0","0","","0944","0","2","0","0","0","0","0","1","0","2","N","","","","","","","","","","","","03","  ","","",""
"0948","0","0","0","0","0","0","0","0","0","7","0","","36","04","2017","2017066962","7","39.8796","-76.3164","0943","08","0","0","0","0","0","0","0","0","","0","0","0","09","1","2","00","0","39 52:46.600","","00","76 18:59.040","3","0","0","0","36224","0","0","0","","0","0","0","2","68J01","0","","4","01","N","N","0","","2","0","1","0","0","","0941","2","1","0","0","0","0","0","1","0","1","N","","","","","","","","","","","","03","  ","","",""
"1639","2","0","0","0","0","0","0","0","0","4","0","","36","04","2017","2017066963","6","39.8785","-76.2303","1622","08","0","0","0","0","0","0","0","0","","0","0","0","16","1","0","00","0","39 52:42.489","","07","76 13:49.131","0","0","0","0","36229","0","0","0","","0","0","0","3","68J01","0","","1","01","N","N","0","","0","0","0","0","0","","1621","0","2","0","0","0","0","0","1","0","2","N","","","","","","","","","","","","03","  ","","",""
"1655","0","0","0","0","0","0","0","0","0","1","0","","36","06","2017","2017066971","4","39.9257","-76.1954","1647","08","0","0","0","0","0","2","0","0","","0","0","0","16","1","0","00","0","39 55:32.533","","07","76 11:43.330","0","0","0","0","36233","0","0","0","","0","0","0","2","68J01","0","","1","01","N","N","1","","0","0","1","0","0","","1646","0","2","0","0","0","0","0","1","0","2","N","","","","","","","","","","","","03","  ","","",""
"1225","2","0","0","0","0","0","0","0","0","1","0","","36","06","2017","2017066973","6","40.0386","-76.1733","1223","08","0","0","0","0","0","1","1","0","2","0","0","0","12","1","0","00","1","40 02:18.840","3","00","76 10:23.790","0","0","0","0","36221","0","0","0","","0","0","0","2","68J01","0","","1","01","N","N","0","","0","0","0","0","0","N","1212","0","2","0","0","0","0","0","1","0","2","N","","","","","","","","","","","","03","  ","","",""
"0601","0","0","0","0","0","0","0","0","0","7","0","","36","06","2017","2017066974","7","39.9804","-76.207","0551","08","0","0","0","0","0","0","0","0","","0","0","0","05","2","0","00","0","39 58:49.520","","00","76 12:25.100","9","0","0","0","36233","0","0","0","","0","0","0","1","68J01","0","","4","01","N","N","1","","0","0","0","0","0","","0500","0","1","0","0","0","0","1","1","0","1","N","","","","","","","","","","","","03","  ","","",""
"1324","0","0","0","0","0","0","0","0","0","4","0","","36","06","2017","2017066994","4","39.9945","-76.0291","1304","08","0","0","0","0","0","1","0","1","2","0","0","0","13","1","0","01","1","39 59:40.359","2","00","76 01:44.728","0","0","0","0","36232","0","0","0","","0","0","0","2","68J01","0","","1","01","N","N","1","","0","0","1","3","2","N","1304","0","2","0","0","0","0","0","1","0","2","N","","","","","","","","","","","","03","  ","","",""
"0728","1","0","0","0","0","0","0","0","0","7","0","","36","06","2017","2017067001","6","40.1361","-76.5063","0720","08","0","0","1","0","0","0","0","0","2","0","0","0","07","1","0","00","2","40 08:09.844","6","00","76 30:22.850","0","0","0","0","36225","0","0","0","N","0","0","0","1","36505","0","","4","09","Y","N","0","","0","0","0","0","0","Y","0715","0","1","0","0","0","0","0","2","0","1","N","","","","","","","","","","","","07","  ","","",""
"1323","0","0","0","0","0","0","0","0","0","7","1","","36","06","2017","2017067029","3","39.7811","-76.0963","1313","08","0","0","0","0","0","1","0","0","3","0","1","0","13","1","1","00","1","39 46:52.117","4","00","76 05:46.525","3","0","0","0","36222","0","0","0","","0","0","0","1","68J01","0","","4","01","N","N","0","","1","0","0","0","0","Y","1312","1","1","0","0","0","0","0","1","0","1","N","","","","","","","","","","","","03","  ","","",""
"2314","0","0","0","0","0","0","0","0","0","7","0","","36","06","2017","2017067032","1","40.0725","-75.948","2252","08","0","0","0","0","0","0","0","0","3","0","0","0","22","2","1","00","2","40 04:21.100","6","00","75 56:52.630","8","0","0","0","36232","0","0","0","","0","0","0","1","68J01","0","","4","01","N","N","0","","0","0","1","0","0","Y","2240","1","1","0","0","0","1","0","1","0","1","N","","","","","","","","","","","","03","  ","","",""
"0909","1","0","0","0","0","0","0","0","0","4","0","","36","06","2017","2017067037","2","39.87","-76.2279","0900","08","0","0","0","0","0","0","0","0","","0","0","0","08","1","0","00","0","39 52:12.131","","00","76 13:40.274","0","0","0","0","36212","0","0","0","","0","0","0","2","68J01","0","","1","01","N","N","0","","0","0","1","3","3","","0859","0","2","0","0","0","0","0","1","0","2","N","","","","","","","","","","","","03","  ","","",""
"1710","0","0","0","0","0","0","0","0","0","4","0","","36","06","2017","2017067040","2","40.1968","-76.0175","1700","08","0","0","0","0","0","0","1","0","2","0","0","0","16","1","0","01","2","40 11:48.437","5","00","76 01:02.883","0","0","0","0","36202","0","0","0","","0","0","0","3","68J01","0","","1","01","N","N","0","","0","0","2","2","3","Y","1658","0","2","0","0","0","0","0","1","0","2","N","","","","","","","","","","","","03","  ","","",""
"1429","1","0","0","0","0","0","0","0","0","4","0","","36","06","2017","2017067055","3","40.0345","-76.3224","1425","08","0","0","0","0","0","0","0","0","","0","0","0","14","1","1","00","0","40 02:04.031","","00","76 19:20.492","4","0","0","0","36301","0","0","0","N","0","0","0","3","36301","1","","1","01","N","N","0","","0","0","1","0","0","","1413","1","2","0","0","0","0","0","3","0","2","N","","","","","","","","","","","","03","  ","","",""
"1917","1","0","0","0","0","0","0","0","0","7","0","","36","06","2017","2017067080","7","40.0438","-76.4307","1911","08","0","0","0","0","1","0","0","0","1","0","0","0","18","1","0","00","1","40 02:37.570","3","00","76 25:50.356","0","0","0","0","36239","0","0","0","Y","0","0","0","1","36239","0","","2","01","N","N","0","","0","0","0","0","0","N","1811","0","1","0","0","0","0","0","3","0","1","N","","","","","","","","","","","","03","  ","","",""
"0735","3","0","0","0","0","0","0","0","0","1","0","","36","06","2017","2017067148","3","40.082","-76.3568","0725","08","0","1","0","0","0","1","0","0","2","0","0","0","07","1","2","00","1","40 04:55.094","3","00","76 21:24.326","3","0","0","0","36214","0","0","0","","0","0","0","11","36214","1","","1","01","N","N","1","","1","0","1","0","0","N","0725","2","5","0","0","0","0","0","3","0","5","N","","","","","","","","","","","","03","  ","","",""
"1145","1","0","0","0","0","0","0","0","0","4","1","","36","06","2017","2017067149","2","40.026","-76.2106","1139","08","0","0","0","0","0","0","0","0","","0","1","0","11","1","2","00","0","40 01:33.596","","00","76 12:38.309","4","0","0","0","36215","0","0","0","","0","0","0","4","36215","2","","1","01","N","N","0","","0","0","0","0","0","","1139","2","2","0","0","2","0","0","1","0","2","N","","","","","","","","","","","","03","  ","","",""
"1637","1","0","0","0","0","0","0","0","0","1","0","","36","06","2017","2017067150","6","40.0896","-76.1766","1615","08","0","0","0","0","0","1","0","0","","0","0","0","16","1","1","00","0","40 05:22.711","","00","76 10:35.604","4","0","0","0","36234","0","0","0","","0","0","0","3","36215","1","","1","01","N","N","0","","0","0","2","0","0","","1600","1","3","0","0","0","0","0","1","0","3","N","","","","","","","","","","","","03","  ","","",""
"2344","0","0","0","0","0","0","0","0","0","4","0","","36","06","2017","2017067151","7","40.031","-76.2354","2343","08","0","0","0","0","0","0","0","0","2","0","0","0","23","3","1","05","1","40 01:50.868","4","00","76 14:03.471","4","0","0","0","36215","0","0","0","","0","0","0","4","36215","1","","1","01","N","N","0","","0","0","2","3","2","N","2343","1","2","0","0","0","0","0","1","0","2","N","","","","","","","","","","","","03","  ","","",""
"0617","0","0","0","0","0","0","0","0","0","4","0","","36","06","2017","2017067166","6","40.0403","-76.245","0612","08","0","0","0","1","0","0","0","0","2","0","0","0","06","1","2","02","2","40 02:25.231","6","02","76 14:41.992","3","0","0","0","36215","0","0","0","N","0","0","0","2","36215","1","","1","01","N","N","0","","1","0","2","0","0","Y","0612","2","2","0","0","0","0","0","1","0","2","N","","","","","","","","","","","","03","  ","","",""
"1731","1","0","0","1","0","0","0","0","0","4","0","","36","06","2017","2017067177","6","40.0485","-76.2941","1728","08","0","0","0","0","0","0","0","0","","0","0","0","17","1","1","01","0","40 02:54.464","","00","76 17:38.681","4","0","0","0","36301","1","0","0","N","0","0","0","2","36301","1","","1","01","N","N","0","","0","0","0","3","2","","1726","1","2","0","0","0","0","1","3","0","1","N","","","","","","","","","","","","03","  ","","",""
"1354","0","0","0","0","0","0","0","0","0","7","0","","36","06","2017","2017067183","6","40.2464","-76.0848","1351","08","0","1","0","0","0","0","0","0","3","0","0","0","13","1","1","00","2","40 14:47.009","6","00","76 05:05.101","4","0","0","0","36210","0","0","0","N","0","0","0","1","36210","1","","4","01","N","N","1","","0","0","0","0","0","Y","1347","1","1","0","0","1","0","0","1","0","1","N","","","","","","","","","","","","03","  ","","",""
"1559","0","0","0","0","0","0","0","0","0","1","0","99","36","06","2017","2017067186","3","40.1522","-76.6064","1555","08","1","0","0","0","0","0","0","0","1","0","0","0","15","1","0","02","2","40 09:07.846","2","00","76 36:23.114","0","0","0","0","36407","0","0","0","N","0","0","0","5","36407","0","","1","01","N","N","0","","0","0","2","0","0","N","1554","0","2","0","0","0","0","0","2","0","2","Y","4","1","U","","","N","","Y","","","","03","  ","","",""
"1256","1","0","0","0","0","0","0","0","0","1","1","","36","06","2017","2017067192","6","40.04","-76.2275","1249","08","0","0","0","0","0","0","0","0","2","0","1","0","12","1","1","00","1","40 02:23.876","4","00","76 13:39.008","4","0","0","0","36215","0","0","0","N","0","0","0","2","36215","1","","1","01","N","N","0","","0","0","0","0","0","N","1249","1","2","0","0","0","0","0","1","0","2","N","","","","","","","","","","","","03","  ","","",""
"1323","2","0","0","0","0","0","0","0","0","1","0","","36","06","2017","2017067199","6","40.0482","-76.2945","1245","08","0","0","0","0","0","1","0","0","","0","0","0","12","1","0","00","0","40 02:53.420","","00","76 17:40.057","0","0","0","0","36301","0","0","0","N","0","0","0","4","36301","0","","1","01","N","N","0","","0","0","1","3","2","","1241","0","3","0","0","0","0","0","3","0","3","N","","","","","","","","","","","","03","  ","","",""
"1936","1","0","0","0","0","0","0","0","0","7","0","","36","06","2017","2017067200","5","40.1336","-76.1674","1930","08","0","0","0","0","0","0","0","0","1","0","0","0","19","1","0","00","2","40 08:00.950","3","00","76 10:02.790","0","0","0","0","36238","0","0","0","N","0","0","0","1","36238","0","","4","01","N","N","0","","0","0","0","0","0","N","1927","0","1","0","0","0","0","0","3","0","1","N","","","","","","","","","","","","03","  ","","",""
"0707","2","0","0","0","0","0","0","0","0","4","0","","36","06","2017","2017067212","6","40.1326","-76.1475","0658","08","0","0","0","0","0","2","0","0","1","0","0","0","06","1","1","00","1","40 07:57.433","5","07","76 08:51.157","4","0","0","0","36238","0","0","0","N","0","0","0","2","36238","1","","1","01","N","N","0","","0","0","0","0","0","Y","0658","1","2","0","0","1","0","0","3","0","2","N","","","","","","","","","","","","03","  ","","",""
"1249","1","0","0","0","0","0","0","0","0","5","1","","36","06","2017","2017067217","3","40.1302","-76.3047","1243","08","0","0","0","0","0","2","0","0","","0","1","0","12","1","1","00","0","40 07:48.787","","00","76 18:16.878","4","0","0","0","36235","0","0","0","","0","0","0","2","36506","1","","1","01","N","N","0","","0","0","0","0","0","","1243","1","2","0","0","0","0","0","1","0","2","N","","","","","","","","","","","","03","  ","","",""
"1126","2","0","0","0","0","0","0","0","0","4","0","","36","06","2017","2017067218","6","40.1737","-76.3384","1124","08","0","0","0","0","0","2","0","1","1","0","0","0","11","1","0","01","1","40 10:25.198","4","00","76 20:18.137","0","0","0","0","36227","0","0","0","","0","0","0","3","36506","0","","1","01","N","N","1","","0","0","0","3","3","Y","1124","0","3","0","0","0","0","0","1","0","3","N","","","","","","","","","","","","03","  ","","",""
"1928","0","0","0","0","0","0","0","0","0","0","0","","36","06","2017","2017067257","6","40.1128","-76.5156","1925","08","0","0","0","0","0","0","0","0","1","0","0","0","19","1","1","02","1","40 06:46.097","1","00","76 30:56.102","8","0","0","1","36413","0","0","0","N","0","0","0","1","36413","0","","1","09","N","N","0","","0","0","0","3","2","N","1922","1","1","0","0","0","1","0","2","0","1","N","","","","","","","","","","","","03","  ","","",""
"1256","0","0","0","0","0","0","0","0","0","0","1","","36","06","2017","2017067273","6","40.0912","-76.3802","1253","08","0","0","0","0","0","0","0","0","3","0","1","0","12","1","0","00","1","40 05:28.420","1","00","76 22:48.555","0","0","0","0","36214","0","0","0","","0","0","0","1","36214","0","","1","01","N","N","0","","0","0","0","0","0","N","1250","0","1","0","0","0","0","0","3","0","1","N","","","","","","","","","","","","03","  ","","",""
"0734","1","0","0","0","0","0","0","0","0","1","0","","36","06","2017","2017067310","2","40.0264","-76.2138","0724","08","0","0","0","0","0","1","0","0","1","0","0","0","07","1","1","00","1","40 01:34.987","3","00","76 12:49.538","4","0","0","0","36215","0","0","0","N","0","0","0","2","36215","1","","1","01","N","N","1","","0","0","0","0","0","N","0723","1","2","0","0","0","0","0","1","0","2","N","","","","","","","","","","","","03","  ","","",""
"0115","0","0","0","0","0","0","0","0","0","7","0","","36","07","2017","2017067335","7","39.9531","-76.2834","0109","08","0","0","0","0","0","0","0","0","","0","0","0","01","2","0","00","0","39 57:11.173","","00","76 17:00.121","0","0","0","0","36228","0","0","0","N","0","0","0","1","36503","0","","4","01","N","N","0","","0","0","1","0","0","","0100","0","1","0","0","0","0","0","1","0","1","N","","","","","","","","","","","","03","  ","","",""
"1723","1","0","0","0","0","0","0","0","0","7","0","","36","07","2017","2017067345","7","40.2749","-76.1001","1715","08","0","0","1","0","0","0","0","0","","0","0","0","17","1","1","00","0","40 16:29.599","","00","76 06:00.385","4","0","0","0","36236","0","0","0","N","0","0","0","1","36408","1","","4","09","N","N","0","","0","0","0","0","0","","1713","1","1","0","0","0","0","0","1","0","1","N","","","","","","","","","","","","07","  ","","",""
"1337","0","0","0","0","0","0","0","0","0","0","0","","36","06","2017","2017067348","3","40.135","-76.2894","1334","08","0","1","0","0","0","0","0","0","","0","0","0","13","1","1","03","0","40 08:05.978","","00","76 17:21.677","4","0","0","1","36235","0","0","0","","0","0","0","1","36506","1","","1","01","N","N","0","","0","0","0","0","0","","1334","1","1","0","0","0","0","0","1","0","1","N","","","","","","","","","","","","03","  ","","",""
"1548","2","0","0","0","0","0","0","0","0","4","0","","36","06","2017","2017067349","3","40.1568","-76.3815","1543","08","0","0","0","0","0","0","1","0","1","0","0","0","15","1","0","01","1","40 09:24.453","1","00","76 22:53.323","0","0","0","0","36227","0","0","0","","0","0","0","2","36506","0","","1","01","N","N","0","","0","0","0","3","3","Y","1543","0","2","0","0","0","0","0","1","0","2","N","","","","","","","","","","","","03","  ","","",""
"1050","1","0","0","0","0","0","0","0","0","1","0","","36","07","2017","2017067382","7","40.18","-76.1794","1050","08","0","0","0","0","0","2","0","0","1","0","0","0","10","1","5","00","2","40 10:48.088","3","00","76 10:45.725","8","0","0","0","36408","0","0","0","N","0","0","0","8","36408","0","","1","01","N","N","0","","0","0","2","0","0","Y","1050","5","3","0","0","0","5","0","2","0","3","N","","","","","","","","","","","","03","  ","","",""
"1540","0","0","0","0","0","0","0","0","0","1","0","","36","06","2017","2017067395","3","","","1535","08","0","0","0","0","0","0","1","0","2","0","0","0","15","1","0","00","1","","3","00","","0","0","0","0","36101","0","0","0","N","0","0","0","3","36101","0","","1","01","N","N","1","","0","0","1","0","0","N","1531","0","2","0","0","0","0","0","3","0","2","N","","","","","","","","","","","","03","  ","","",""
"0811","0","0","0","0","0","0","0","0","0","7","0","","36","06","2017","2017067399","2","40.2382","-76.1625","0807","08","0","0","0","0","0","0","0","0","1","0","0","0","08","1","0","00","1","40 14:17.628","3","00","76 09:45.100","0","0","0","0","36236","0","0","0","Y","0","0","0","1","36408","0","","5","01","N","N","1","","0","0","0","0","0","N","0807","0","1","0","0","0","0","0","1","0","1","N","","","","","","","","","","","","03","  ","","",""
"1407","2","0","0","0","0","0","0","0","0","1","0","","36","07","2017","2017067407","7","40.1865","-76.1885","1405","08","0","0","0","0","0","1","0","1","1","0","0","0","14","1","1","00","1","40 11:11.350","4","00","76 11:18.588","4","0","0","0","36408","0","0","0","N","0","0","0","5","36408","1","","1","01","N","N","0","","0","0","1","0","0","N","1405","1","3","0","0","0","0","0","2","0","3","N","","","","","","","","","","","","03","  ","","",""
"1231","1","0","0","0","0","0","0","0","0","4","0","","36","07","2017","2017067410","7","40.0532","-76.3242","1220","08","0","0","0","0","0","1","0","1","2","0","0","0","12","1","0","01","1","40 03:11.365","4","00","76 19:27.049","0","0","0","0","36101","0","0","0","N","0","0","0","2","36101","0","","1","01","N","N","0","","0","0","1","3","2","N","1217","0","2","0","0","0","0","0","3","0","2","N","","","","","","","","","","","","03","  ","","",""
"0723","1","0","0","0","0","0","0","0","0","1","0","","36","06","2017","2017067416","3","39.9843","-76.2906","0703","08","0","0","0","0","0","0","0","0","","0","0","0","07","1","0","00","0","39 59:03.443","","07","76 17:26.082","0","0","0","0","36228","0","0","0","N","0","0","0","2","36503","0","","1","01","N","N","1","","0","0","0","0","0","","0702","0","2","0","0","0","0","0","1","0","2","N","","","","","","","","","","","","03","  ","","",""
"1735","1","0","0","0","0","0","0","0","0","4","0","","36","06","2017","2017067437","6","40.1113","-76.4552","1725","08","0","0","0","0","0","0","1","0","","0","0","0","17","1","0","01","0","40 06:40.853","","00","76 27:18.594","0","0","0","0","36230","0","0","0","N","0","0","0","2","36410","0","","1","01","N","N","1","","0","0","0","3","3","","1725","0","2","0","0","0","0","0","1","0","2","N","","","","","","","","","","","","03","  ","","",""
"1816","0","0","0","0","0","0","0","0","0","4","0","","36","06","2017","2017067444","6","40.0265","-76.3036","1750","08","0","0","0","0","0","1","0","0","","0","0","0","17","1","0","02","0","40 01:35.297","","00","76 18:12.780","0","0","0","0","36301","0","0","0","N","0","0","0","4","36301","0","","1","01","N","N","0","","0","0","2","3","3","","1750","0","2","0","0","0","0","0","3","0","2","N","","","","","","","","","","","","03","  ","","",""
"1204","1","0","0","0","0","0","0","0","0","1","0","","36","06","2017","2017067491","6","40.1448","-76.6007","1200","08","0","1","0","0","0","0","0","0","","0","0","0","11","1","1","00","0","40 08:41.404","","00","76 36:02.399","3","0","0","0","36407","0","0","0","N","0","0","0","2","36407","0","","1","01","N","N","0","","1","0","1","0","0","","1157","1","2","0","0","0","0","0","2","0","2","N","","","","","","","","","","","","03","  ","","",""