"ARRIVAL_TM","AUTOMOBILE_COUNT","BELTED_DEATH_COUNT","BELTED_SUSP_SERIOUS_INJ_COUNT","BICYCLE_COUNT","BICYCLE_DEATH_COUNT","BICYCLE_SUSP_SERIOUS_INJ_COUNT","BUS_COUNT","CHLDPAS_DEATH_COUNT","CHLDPAS_SUSP_SERIOUS_INJ_COUNT","COLLISION_TYPE","COMM_VEH_COUNT","CONS_ZONE_SPD_LIM","COUNTY","CRASH_MONTH","CRASH_YEAR","CRN","DAY_OF_WEEK","DEC_LAT","DEC_LONG","DISPATCH_TM","DISTRICT","DRIVER_COUNT_16YR","DRIVER_COUNT_17YR","DRIVER_COUNT_18YR","DRIVER_COUNT_19YR","DRIVER_COUNT_20YR","DRIVER_COUNT_50_64YR","DRIVER_COUNT_65_74YR","DRIVER_COUNT_75PLUS","EST_HRS_CLOSED","FATAL_COUNT","HEAVY_TRUCK_COUNT","HORSE_BUGGY_COUNT","HOUR_OF_DAY","ILLUMINATION","INJURY_COUNT","INTERSECT_TYPE","LANE_CLOSED","LATITUDE","LN_CLOSE_DIR","LOCATION_TYPE","LONGITUDE","MAX_SEVERITY_LEVEL","MCYCLE_DEATH_COUNT","MCYCLE_SUSP_SERIOUS_INJ_COUNT","MOTORCYCLE_COUNT","MUNICIPALITY","NONMOTR_COUNT","NONMOTR_DEATH_COUNT","NONMOTR_SUSP_SERIOUS_INJ_COUNT","NTFY_HIWY_MAINT","PED_COUNT","PED_DEATH_COUNT","PED_SUSP_SERIOUS_INJ_COUNT","PERSON_COUNT","POLICE_AGCY","POSSIBLE_INJ_COUNT","RDWY_SURF_TYPE_CD","RELATION_TO_ROAD","ROAD_CONDITION","SCH_BUS_IND","SCH_ZONE_IND","SMALL_TRUCK_COUNT","SPEC_JURIS_CD","SUSP_MINOR_INJ_COUNT","SUSP_SERIOUS_INJ_COUNT","SUV_COUNT","TCD_FUNC_CD","TCD_TYPE","TFC_DETOUR_IND","TIME_OF_DAY","TOT_INJ_COUNT","TOTAL_UNITS","UNB_DEATH_COUNT","UNB_SUSP_SERIOUS_INJ_COUNT","UNBELTED_OCC_COUNT","UNK_INJ_DEG_COUNT","UNK_INJ_PER_COUNT","URBAN_RURAL","VAN_COUNT","VEHICLE_COUNT","WORK_ZONE_IND","WORK_ZONE_LOC","WORK_ZONE_TYPE","WORKERS_PRES","WZ_CLOSE_DETOUR","WZ_FLAGGER","WZ_LAW_OFFCR_IND","WZ_LN_CLOSURE","WZ_MOVING","WZ_OTHER","WZ_SHLDER_MDN","ROADWAY_CLEARED","WEATHER1","WEATHER2","WZ_WORKERS_INJ_KILLED","SECONDARY_CRASH","INTERSECTION_RELATED"
"1814","2","0","0","0","0","0","0","0","0","1","0","","36","07","2017","2017067493","1","40.0709","-76.3178","1811","08","0","0","0","0","0","1","0","0","1","0","0","0","18","1","3","00","1","40 04:15.074","2","00","76 19:04.078","3","0","0","0","36101","0","0","0","N","0","0","0","9","36101","0","","1","01","N","N","0","","3","0","1","0","0","N","1808","3","3","0","0","0","0","0","3","0","3","N","","","","","","","","","","","","03","  ","","",""
"1619","1","0","0","0","0","0","0","0","0","7","0","","36","06","2017","2017067511","2","40.1553","-76.2962","1616","08","0","0","0","0","0","0","1","0","1","0","0","0","16","1","0","00","1","40 09:19.249","3","00","76 17:46.218","0","0","0","0","36409","0","0","0","N","0","0","0","1","36409","0","","2","01","N","N","0","","0","0","0","0","0","N","1615","0","1","0","0","0","0","0","3","0","1","N","","","","","","","","","","","","03","  ","","",""
"0355","1","0","0","0","0","0","0","0","0","7","0","","36","06","2017","2017067515","6","40.0068","-76.2969","0348","08","0","0","0","0","0","0","0","0","2","0","0","0","03","3","0","00","1","40 00:24.477","2","00","76 17:48.731","0","0","0","0","36240","0","0","0","N","0","0","0","1","36240","0","","5","01","N","N","0","","0","0","0","0","0","N","0348","0","1","0","0","0","0","0","1","0","1","N","","","","","","","","","","","","03","  ","","",""
"0343","1","0","0","0","0","0","0","0","0","7","0","","36","07","2017","2017067531","7","40.0685","-76.3029","0340","08","0","0","0","0","0","0","0","0","","0","0","0","03","3","0","01","0","","","00","","0","0","0","0","36101","0","0","0","N","0","0","0","2","36101","0","","3","01","N","N","0","","0","0","0","3","3","","0337","0","1","0","0","0","0","0","3","0","1","N","","","","","","","","","","","","03","  ","","",""
"1815","1","0","0","0","0","0","0","0","0","7","0","","36","06","2017","2017067538","2","40.0952","-76.342","1801","08","0","0","0","0","0","1","0","0","","0","0","0","18","1","0","02","0","40 05:42.646","","00","76 20:31.261","0","0","0","0","36214","0","0","0","N","0","0","0","1","36101","0","","2","01","N","N","0","","0","0","0","0","0","","1801","0","1","0","0","0","0","0","3","0","1","N","","","","","","","","","","","","03","  ","","",""
"1933","1","0","0","1","0","0","0","0","0","4","0","","36","06","2017","2017067543","3","40.1687","-76.1954","1930","08","0","0","0","0","0","0","0","0","","0","0","0","19","1","1","02","0","40 10:07.400","","00","76 11:43.500","8","0","0","0","36408","1","0","0","N","0","0","0","2","36408","0","","1","01","N","N","0","","0","0","0","0","0","","1925","1","2","0","0","0","1","0","2","0","1","N","","","","","","","","","","","","03","  ","","",""
"1549","1","0","0","0","0","0","0","0","0","4","0","","36","07","2017","2017067553","7","40.1628","-76.2762","1549","08","0","0","0","0","0","1","0","0","1","0","0","0","15","1","0","01","1","40 09:46.015","7","00","76 16:34.301","0","0","0","0","36235","0","0","0","","0","0","0","2","36506","0","","1","09","N","N","0","","0","0","1","3","2","N","1549","0","2","0","0","0","0","0","1","0","2","N","","","","","","","","","","","","07","  ","","",""
"1123","0","0","0","0","0","0","0","0","0","1","0","","36","06","2017","2017067588","5","40.0459","-76.3028","1120","08","0","0","0","0","0","0","0","0","2","0","0","0","10","1","0","00","1","40 02:45.392","1","00","76 18:10.112","0","0","0","0","36301","0","0","0","N","0","0","0","1","36301","0","","6","01","N","N","1","","0","0","1","0","0","N","1030","0","3","0","0","0","0","0","3","1","3","N","","","","","","","","","","","","03","  ","","",""
"0734","0","0","0","0","0","0","0","0","0","7","0","","36","06","2017","2017067590","5","40.1703","-76.4533","0729","08","0","0","0","0","0","0","0","0","3","0","0","0","07","1","0","00","2","40 10:13.200","5","00","76 27:12.000","0","0","0","0","36230","0","0","0","Y","0","0","0","1","36410","0","","4","01","N","N","0","","0","0","1","0","0","Y","0725","0","1","0","0","0","0","0","1","0","1","N","","","","","","","","","","","","03","  ","","",""
"1552","1","0","0","0","0","0","0","0","0","1","0","","36","06","2017","2017067655","4","39.9702","-76.273","1545","08","0","0","0","0","0","0","0","0","","0","0","0","15","1","0","01","0","39 58:12.781","","00","76 16:22.916","0","0","0","0","36240","0","0","0","N","0","0","0","2","36240","0","","1","01","N","N","1","","0","0","0","3","2","","1543","0","2","0","0","0","0","0","1","0","2","N","","","","","","","","","","","","03","  ","","",""
"1638","2","0","1","0","0","0","0","0","0","2","0","","36","06","2017","2017067669","6","40.0659","-76.2725","1636","08","0","0","0","0","0","0","0","0","3","0","0","0","16","1","7","00","2","40 03:57.199","6","00","76 16:21.014","2","0","0","0","36101","0","0","0","N","0","0","0","7","36101","0","","1","01","N","N","0","","5","2","0","0","0","N","1634","7","2","0","1","1","0","0","3","0","2","N","","","","","","","","","","","","03","  ","","",""
"2339","1","0","0","0","0","0","0","0","0","0","0","","36","06","2017","2017068097","4","40.2207","-76.2339","2331","08","0","0","0","0","0","0","0","0","2","0","0","0","23","2","0","00","1","40 13:14.400","4","00","76 14:02.100","0","0","0","0","36204","0","0","0","","0","0","0","1","36506","0","","4","01","N","N","0","","0","0","0","0","0","N","2331","0","1","0","0","0","0","0","1","0","1","N","","","","","","","","","","","","03","  ","","",""
"1825","1","0","0","0","0","0","0","0","0","7","0","","36","04","2017","2017068104","5","40.2228","-76.3335","1740","08","0","0","1","0","0","0","0","0","","0","0","0","17","1","1","00","0","40 13:22.032","","00","76 20:00.704","3","0","0","0","36217","0","0","0","","0","0","0","1","68J01","0","","5","01","N","N","0","","1","0","0","0","0","","1739","1","1","0","0","0","0","0","1","0","1","N","","","","","","","","","","","","03","  ","","",""
"1903","2","0","0","0","0","0","0","0","0","4","0","","36","06","2017","2017068108","2","40.1507","-75.902","1850","08","0","0","0","0","0","1","0","0","","0","0","0","18","1","0","00","0","40 09:02.449","","00","75 54:07.271","0","0","0","0","36203","0","0","0","","0","0","0","2","68J01","0","","1","09","N","N","0","","0","0","0","0","0","","1812","0","2","0","0","0","0","0","1","0","2","N","","","","","","","","","","","","07","  ","","",""
"1748","1","0","0","0","0","0","0","0","0","7","0","","36","07","2017","2017068118","1","40.0271","-76.1482","1739","08","0","0","0","0","0","0","0","0","","0","0","0","17","1","1","00","0","40 01:37.630","","00","76 08:53.690","3","0","0","0","36221","0","0","0","","0","0","0","1","68J01","0","","4","01","N","N","0","","1","0","0","0","0","","1732","1","1","0","0","0","0","0","1","0","1","N","","","","","","","","","","","","03","  ","","",""
"1546","0","0","0","0","0","0","0","0","0","7","0","","36","06","2017","2017068137","6","40.038","-76.2445","1541","08","0","0","0","0","0","0","0","0","","0","0","0","15","1","0","00","0","40 02:16.693","","00","76 14:40.030","0","0","0","0","36215","0","0","0","N","0","0","0","1","36215","0","","2","01","N","N","0","","0","0","0","0","0","","1539","0","1","0","0","0","0","0","1","1","1","N","","","","","","","","","","","","03","  ","","",""
"2136","0","0","0","0","0","0","0","0","0","4","0","","36","04","2017","2017068165","7","39.9909","-76.0131","2119","08","0","0","0","0","0","0","0","0","2","0","0","0","21","2","1","02","1","39 59:27.149","3","00","76 00:47.118","8","0","0","1","36232","0","0","0","","0","0","0","2","68J01","0","","1","09","N","N","0","","0","0","1","0","0","N","2118","1","2","0","0","0","1","0","1","0","2","N","","","","","","","","","","","","03","  ","","",""
"2051","1","0","0","0","0","0","0","0","0","4","0","","36","04","2017","2017068166","1","39.9615","-76.1028","2041","08","0","0","0","0","0","0","0","0","","0","0","0","20","4","0","01","0","39 57:41.266","","00","76 06:10.058","0","0","0","0","36226","0","0","0","","0","0","0","4","68J01","0","","1","01","N","N","0","","0","0","1","3","3","","2040","0","2","0","0","0","0","0","1","0","2","N","","","","","","","","","","","","03","  ","","",""
"1325","2","0","0","0","0","0","0","0","0","1","0","","36","05","2017","2017068167","5","40.2236","-76.2918","1309","08","0","0","0","0","0","1","0","0","2","0","0","0","13","1","2","02","1","40 13:24.883","6","00","76 17:30.473","3","0","0","0","36217","0","0","0","","0","0","0","2","68J01","1","","1","09","N","N","0","","1","0","0","0","0","N","1306","2","2","0","0","0","0","0","1","0","2","N","","","","","","","","","","","","07","  ","","",""
"0628","0","0","0","0","0","0","0","0","0","7","0","","36","05","2017","2017068169","6","39.9673","-76.1755","0620","08","0","0","0","0","1","0","0","0","","0","0","0","06","1","0","00","0","39 58:02.281","","00","76 10:31.896","0","0","0","0","36233","0","0","0","","0","0","0","1","68J01","0","","2","01","N","N","1","","0","0","0","0","0","","0611","0","1","0","0","1","0","0","1","0","1","N","","","","","","","","","","","","03","  ","","",""
"0741","1","0","0","0","0","0","0","0","0","1","0","","36","06","2017","2017068177","3","39.9303","-76.2528","0735","08","1","0","0","0","0","0","0","0","2","0","0","0","07","1","0","02","1","39 55:49.229","1","00","76 15:10.037","0","0","0","0","36229","0","0","0","","0","0","0","4","68J01","0","","1","01","N","N","1","","0","0","0","0","0","N","0732","0","2","0","0","0","0","0","1","0","2","N","","","","","","","","","","","","03","  ","","",""
"1304","2","0","0","0","0","0","0","0","0","1","0","","36","06","2017","2017068179","6","39.7797","-76.1146","1251","08","0","0","0","0","0","2","0","0","","0","0","0","12","1","0","00","0","39 46:46.748","","00","76 06:52.474","0","0","0","0","36222","0","0","0","","0","0","0","2","68J01","0","","1","01","N","N","0","","0","0","0","0","0","","1245","0","2","0","0","0","0","0","1","0","2","N","","","","","","","","","","","","03","  ","","",""
"1703","1","0","0","0","0","0","0","0","0","7","0","","36","06","2017","2017068182","7","39.8143","-76.2894","1643","08","0","0","0","0","0","0","0","0","2","0","0","0","16","1","1","00","2","39 48:51.470","6","00","76 17:21.710","3","0","0","0","36208","0","0","0","","0","0","0","1","68J01","0","","4","01","N","N","0","","1","0","0","0","0","N","1640","1","1","0","0","0","0","0","1","0","1","N","","","","","","","","","","","","03","  ","","",""
"1029","1","0","0","0","0","0","0","0","0","6","0","","36","06","2017","2017068184","1","39.9347","-76.3182","1026","08","0","0","0","0","0","1","0","0","3","0","0","0","10","1","0","00","2","39 56:04.745","7","00","76 19:05.454","0","0","0","0","36224","0","0","0","","0","0","0","4","68J01","0","","1","01","N","N","0","","0","0","0","0","0","Y","1024","0","2","0","0","0","0","0","1","1","2","N","","","","","","","","","","","","03","  ","","",""
"1329","1","0","0","0","0","0","0","0","0","4","0","","36","06","2017","2017068194","4","39.8607","-76.0914","1310","08","0","0","0","0","0","0","0","0","","0","0","0","13","1","0","01","0","39 51:38.462","","00","76 05:28.941","0","0","0","0","36205","0","0","0","","0","0","0","4","68J01","0","","1","01","N","N","0","","0","0","1","3","3","","1305","0","2","0","0","0","0","0","1","0","2","N","","","","","","","","","","","","03","  ","","",""
"0919","0","0","0","0","0","0","0","0","0","7","0","","36","06","2017","2017068200","7","39.7316","-76.1372","0839","08","0","0","0","0","0","0","0","0","2","0","0","0","08","1","2","02","1","39 43:53.911","6","00","76 08:13.747","3","0","0","0","36219","0","0","0","","0","0","0","5","68J01","0","","4","01","N","N","0","","2","0","1","0","0","N","0815","2","1","0","0","0","0","0","1","0","1","N","","","","","","","","","","","","03","  ","","",""
"1806","1","0","0","0","0","0","0","0","0","4","0","","36","06","2017","2017068209","4","40.0648","-76.0204","1748","08","0","0","0","0","0","0","1","0","2","0","0","0","17","1","0","03","1","40 03:53.452","2","00","76 01:13.265","0","0","0","0","36232","0","0","0","","0","0","0","4","68J01","0","","1","01","N","N","1","","0","0","0","3","3","N","1746","0","2","0","0","0","0","0","1","0","2","N","","","","","","","","","","","","03","  ","","",""
"1634","1","0","0","0","0","0","0","0","0","7","0","","36","06","2017","2017068211","5","39.9979","-76.057","1624","08","0","0","0","0","0","0","0","0","3","0","0","0","16","1","0","00","1","39 59:52.412","4","00","76 03:25.183","9","0","0","0","36232","0","0","0","","0","0","0","1","68J01","0","","4","01","N","N","0","","0","0","0","0","0","N","1622","0","1","0","0","0","0","1","1","0","1","N","","","","","","","","","","","","03","  ","","",""
"1715","1","0","0","0","0","0","0","0","0","7","0","","36","06","2017","2017068212","5","39.9009","-76.2413","1642","08","0","1","0","0","0","0","0","0","","0","0","0","16","1","0","00","0","39 54:03.192","","00","76 14:28.718","0","0","0","0","36229","0","0","0","","0","0","0","1","68J01","0","","2","01","N","N","0","","0","0","0","0","0","","1637","0","1","0","0","0","0","0","1","0","1","N","","","","","","","","","","","","03","  ","","",""
"2029","0","0","0","0","0","0","0","0","0","7","0","","36","06","2017","2017068219","6","40.2212","-76.2625","2011","08","0","0","1","0","0","0","0","0","3","0","0","0","20","4","1","00","2","40 13:16.199","3","00","76 15:44.875","3","0","0","0","36217","0","0","0","","0","0","0","1","68J01","0","","4","09","N","N","0","","1","0","1","0","0","Y","2007","1","1","0","0","0","0","0","1","0","1","N","","","","","","","","","","","","07","  ","","",""
"1553","1","0","0","0","0","0","0","0","0","4","0","","36","07","2017","2017068222","7","40.0384","-76.109","1545","08","0","1","0","0","0","1","0","0","","0","0","0","15","1","0","01","0","40 02:18.347","","00","76 06:32.465","0","0","0","0","36221","0","0","0","","0","0","0","2","68J01","0","","1","01","N","N","1","","0","0","0","0","0","","1516","0","2","0","0","0","0","0","1","0","2","N","","","","","","","","","","","","03","  ","","",""
"1557","1","0","0","0","0","0","0","0","0","1","0","","36","06","2017","2017068235","2","40.0401","-76.2344","1546","08","0","0","0","0","0","0","0","0","3","0","0","0","15","1","2","00","2","40 02:24.438","4","00","76 14:03.959","4","0","0","0","36215","0","0","0","N","0","0","0","2","36215","2","","1","01","N","N","1","","0","0","0","0","0","N","1544","2","2","0","0","0","0","0","1","0","2","N","","","","","","","","","","","","03","  ","","",""
"1249","0","0","0","0","0","0","0","0","0","1","1","","36","06","2017","2017068242","6","40.0234","-76.1978","1240","08","0","0","0","0","0","0","0","0","1","0","1","0","12","1","0","00","2","40 01:24.367","3","00","76 11:52.233","0","0","0","0","36215","0","0","0","N","0","0","0","2","36215","0","","1","01","N","N","0","","0","0","1","0","0","N","1238","0","2","0","0","0","0","0","1","0","2","N","","","","","","","","","","","","03","  ","","",""
"2151","2","0","0","0","0","0","0","0","0","1","0","","36","06","2017","2017068260","6","40.2124","-76.1288","2148","08","0","0","1","0","0","0","0","0","","0","0","0","21","3","0","01","0","40 12:49.356","","00","76 07:35.127","0","0","0","0","36210","0","0","0","N","0","0","0","2","36210","0","","1","09","N","N","0","","0","0","0","3","2","","2146","0","2","0","0","0","0","0","1","0","2","N","","","","","","","","","","","","07","  ","","",""
"1850","1","0","0","0","0","0","0","0","0","7","0","","36","07","2017","2017068267","2","40.0769","-76.2962","1846","08","0","0","0","0","0","0","0","1","1","0","0","0","18","1","1","02","1","40 04:36.787","2","00","76 17:46.336","4","0","0","0","36101","0","0","0","N","0","0","0","2","36101","1","","2","01","N","N","0","","0","0","0","3","2","N","1846","1","1","0","0","0","0","0","3","0","1","N","","","","","","","","","","","","03","  ","","",""
"0454","0","0","0","0","0","0","0","0","0","7","0","","36","07","2017","2017068284","3","40.0532","-76.3912","0453","08","0","0","0","0","0","0","0","0","","0","0","0","04","2","0","00","0","40 03:11.504","","00","76 23:28.153","0","0","0","0","36214","0","0","0","Y","0","0","0","1","36214","0","","3","01","N","N","0","","0","0","1","0","0","","0448","0","1","0","0","0","0","0","3","0","1","N","","","","","","","","","","","","03","  ","","",""
"1446","1","0","0","0","0","0","0","0","0","4","1","","36","07","2017","2017068376","2","40.1202","-76.0441","1442","08","0","0","0","0","0","0","0","1","2","0","1","0","14","1","2","02","2","40 07:12.685","6","00","76 02:38.891","3","0","0","0","36213","0","0","0","N","0","0","0","3","36213","0","","1","01","N","N","0","","1","0","0","3","3","Y","1440","2","2","0","0","0","1","0","1","0","2","N","","","","","","","","","","","","03","  ","","",""
"1340","1","0","0","0","0","0","0","0","0","1","0","","36","07","2017","2017068402","3","40.0424","-76.2938","1338","08","0","0","0","0","0","0","0","0","1","0","0","0","13","1","1","01","1","40 02:32.780","3","00","76 17:37.618","3","0","0","0","36301","0","0","0","N","0","0","0","2","36301","0","","1","01","N","N","1","","1","0","0","3","3","N","1338","1","2","0","0","0","0","0","3","0","2","N","","","","","","","","","","","","03","  ","","",""
"2009","1","0","0","0","0","0","0","0","0","7","0","","36","06","2017","2017068452","6","40.206","-76.1163","2007","08","0","0","0","0","0","0","0","0","2","0","0","0","20","1","1","00","1","40 12:21.762","2","00","76 06:58.506","3","0","0","0","36210","0","0","0","N","0","0","0","5","36210","0","","4","09","N","N","0","","1","0","0","0","0","N","2005","1","1","0","0","0","0","0","1","0","1","N","","","","","","","","","","","","07","  ","","",""
"0758","1","0","0","0","0","0","0","0","0","1","0","","36","06","2017","2017068454","3","40.0409","-76.3918","0758","08","0","0","0","0","0","0","0","0","1","0","0","0","07","1","1","00","1","40 02:27.336","3","00","76 23:30.318","4","0","0","0","36223","0","0","0","","0","0","0","2","36223","1","","1","01","N","N","0","","0","0","1","0","0","N","0756","1","2","0","0","0","0","0","1","0","2","N","","","","","","","","","","","","03","  ","","",""
"0230","1","0","0","0","0","0","0","0","0","7","0","","36","07","2017","2017068500","4","40.0888","-76.3296","0230","08","0","0","0","0","0","0","0","0","","0","0","0","02","2","0","00","0","40 05:19.791","","00","76 19:46.404","0","0","0","0","36101","0","0","0","Y","0","0","0","1","36101","0","","5","01","N","N","0","","0","0","0","0","0","","0230","0","1","0","0","0","0","0","3","0","1","N","","","","","","","","","","","","03","  ","","",""
"2201","0","0","0","0","0","0","0","0","0","8","1","","36","07","2017","2017068515","3","40.1577","-76.6113","2200","08","0","0","0","0","0","1","0","0","2","0","1","0","22","3","1","02","1","40 09:27.781","1","00","76 36:40.776","8","0","0","0","36407","1","0","0","N","1","0","0","2","36407","0","","1","01","N","N","0","","0","0","0","3","7","Y","2200","1","2","0","0","0","1","0","2","0","1","N","","","","","","","","","","","","03","  ","","",""
"2012","1","0","0","0","0","0","0","0","0","7","0","","36","06","2017","2017068601","7","40.1057","-76.5105","2012","08","0","0","0","0","0","1","0","0","3","0","0","0","20","1","0","00","2","40 06:20.615","6","00","76 30:37.666","0","0","0","0","36413","0","0","0","N","0","0","0","1","36413","0","","4","09","N","N","0","","0","0","0","0","0","Y","2010","0","1","0","0","0","0","0","2","0","1","N","","","","","","","","","","","","07","  ","","",""
"1711","0","0","0","0","0","0","0","0","0","4","0","","36","06","2017","2017068631","1","40.0426","-76.4937","1708","08","0","0","0","0","0","1","0","0","2","0","0","0","17","1","2","01","2","40 02:33.372","7","00","76 29:37.278","2","0","1","1","36404","0","0","0","N","0","0","0","4","36404","0","","1","01","N","N","0","","1","1","1","3","3","Y","1708","2","2","0","0","0","0","0","3","0","2","N","","","","","","","","","","","","03","  ","","",""
"1228","0","0","0","0","0","0","0","0","0","4","0","","36","07","2017","2017068651","4","40.1148","-76.0352","1214","08","0","0","0","0","0","0","1","0","","0","0","0","12","1","0","00","0","40 06:53.178","","07","76 02:06.766","0","0","0","0","36213","0","0","0","N","0","0","0","2","36213","0","","1","01","N","N","0","","0","0","2","0","0","","1210","0","2","0","0","0","0","0","1","0","2","N","","","","","","","","","","","","03","  ","","",""
"1534","1","0","0","0","0","0","0","0","0","4","0","","36","07","2017","2017068672","4","40.05","-76.3499","1524","08","0","0","0","0","0","0","0","1","1","0","0","0","15","1","0","02","1","40 03:00.175","3","00","76 20:59.543","0","0","0","0","36214","0","0","0","N","0","0","0","2","36214","0","","1","01","N","N","0","","0","0","1","0","0","N","1520","0","2","0","0","0","0","0","3","0","2","N","","","","","","","","","","","","03","  ","","",""
"1923","1","0","0","0","0","0","0","0","0","4","0","","36","06","2017","2017068708","7","39.9842","-76.0734","1905","08","0","0","0","0","0","0","0","0","2","0","0","0","18","1","3","01","2","39 59:03.297","3","00","76 04:24.374","3","0","0","0","36226","0","0","0","","0","0","0","3","68J01","0","","1","01","N","N","0","","3","0","1","3","3","N","1859","3","2","0","0","0","0","0","1","0","2","N","","","","","","","","","","","","03","  ","","",""
"1444","0","0","0","0","0","0","0","0","0","7","0","","36","06","2017","2017068711","1","39.9231","-76.2692","1426","08","0","0","0","0","0","0","0","0","","0","0","0","14","1","2","00","0","39 55:23.050","","00","76 16:08.940","3","0","0","1","36229","0","0","0","","0","0","0","2","68J01","0","","4","01","N","N","0","","1","0","0","0","0","","1424","2","1","0","0","0","1","0","1","0","1","N","","","","","","","","","","","","03","  ","","",""
"1554","1","0","0","0","0","0","0","0","0","1","0","","36","07","2017","2017068728","2","40.0354","-76.3478","1553","08","0","0","0","0","0","0","2","0","","0","0","0","15","1","1","00","0","40 02:07.300","","07","76 20:51.900","3","0","0","0","36223","0","0","0","","0","0","0","3","36223","0","","1","01","N","N","0","","1","0","0","0","0","","1552","1","2","0","0","0","0","0","1","1","2","N","","","","","","","","","","","","03","  ","","",""
"1235","0","0","0","0","0","0","0","0","0","7","0","","36","06","2017","2017068729","5","39.984","-76.1722","1230","08","0","0","0","0","0","0","0","0","","0","0","0","12","1","0","00","0","39 59:02.299","","00","76 10:19.851","0","0","0","0","36417","0","0","0","","0","0","0","1","36417","0","","5","01","N","N","1","","0","0","0","0","0","","1215","0","1","0","0","0","0","0","1","0","1","N","","","","","","","","","","","","03","  ","","",""
"2142","1","0","0","0","0","0","0","0","0","1","0","","36","07","2017","2017068730","3","39.9886","-76.1777","2140","08","0","0","0","0","0","0","0","0","","0","0","0","21","3","0","01","0","39 59:18.913","","00","76 10:39.650","0","0","0","0","36417","0","0","0","","0","0","0","2","36417","0","","1","01","N","N","0","","0","0","1","3","2","","2136","0","2","0","0","0","0","0","1","0","2","N","","","","","","","","","","","","03","  ","","",""
"1254","0","0","0","0","0","0","0","0","0","7","0","","36","06","2017","2017068744","3","40.0316","-76.0003","1243","08","0","0","0","0","0","0","0","0","2","0","0","0","12","1","0","00","1","40 01:53.831","2","00","76 00:01.039","0","0","0","0","36232","0","0","0","","0","0","0","1","68J01","0","","2","01","N","N","1","","0","0","0","0","0","N","1222","0","1","0","0","0","0","0","1","0","1","N","","","","","","","","","","","","03","  ","","",""
"2150","0","0","0","0","0","0","0","0","0","4","0","","36","06","2017","2017068773","4","40.2171","-76.118","2138","08","0","0","0","0","0","1","0","0","","0","0","0","21","3","0","01","0","40 13:01.603","","00","76 07:04.862","0","0","0","0","36210","0","0","0","","0","0","0","2","68J01","0","","1","01","N","N","0","","0","0","2","3","2","","2138","0","2","0","0","0","0","0","1","0","2","N","","","","","","","","","","","","03","  ","","",""
"0205","1","0","0","0","0","0","0","0","0","7","0","","36","07","2017","2017068777","7","40.2069","-76.0333","0142","08","0","0","1","0","0","0","0","0","2","0","0","0","01","2","0","00","2","40 12:25.015","6","00","76 01:59.943","0","0","0","0","36202","0","0","0","","0","0","0","1","68J01","0","","4","01","N","N","0","","0","0","0","0","0","Y","0132","0","1","0","0","0","0","0","1","0","1","N","","","","","","","","","","","","03","  ","","",""
"0646","1","0","0","0","0","0","0","0","0","7","0","","36","07","2017","2017068796","4","40.1491","-75.9707","0614","08","0","0","0","0","0","0","0","0","","0","0","0","01","2","1","00","0","40 08:56.790","","00","75 58:14.540","3","0","0","0","36203","0","0","0","","0","0","0","1","68J01","0","","4","01","N","N","0","","1","0","0","0","0","","0130","1","1","0","0","0","0","0","1","0","1","N","","","","","","","","","","","","03","  ","","",""
"2000","1","0","0","0","0","0","0","0","0","4","0","","36","07","2017","2017068818","4","40.0229","-76.3048","1949","08","0","0","0","0","0","1","1","0","2","0","0","0","19","1","0","05","1","40 01:22.439","4","00","76 18:17.112","0","0","0","0","36220","0","0","0","N","0","0","0","2","36101","0","","1","01","N","N","1","","0","0","0","3","2","N","1948","0","2","0","0","0","0","0","3","0","2","N","","","","","","","","","","","","03","  ","","",""
"0456","1","0","0","0","0","0","0","0","0","7","0","","36","07","2017","2017068832","7","40.0377","-76.3078","0454","08","0","0","0","0","1","0","0","0","","0","0","0","04","3","0","01","0","40 02:15.851","","00","76 18:28.000","0","0","0","0","36301","0","0","0","N","0","0","0","1","36301","0","","4","01","N","N","0","","0","0","0","3","2","","0437","0","1","0","0","0","0","0","3","0","1","N","","","","","","","","","","","","03","  ","","",""
"1656","2","0","0","0","0","0","0","0","0","4","1","","36","06","2017","2017068836","3","40.0579","-76.2808","1647","08","0","0","0","0","0","1","0","0","2","0","1","0","16","1","1","01","1","40 03:28.292","3","00","76 16:50.947","4","0","0","0","36101","0","0","0","N","0","0","0","4","36101","1","","1","01","N","N","0","","0","0","0","3","2","N","1646","1","3","0","0","0","0","0","3","0","3","N","","","","","","","","","","","","03","  ","","",""
"0124","0","0","0","0","0","0","0","0","0","7","0","","36","06","2017","2017068838","4","40.1439","-76.5923","0123","08","0","0","1","0","0","0","0","0","4","0","0","0","01","3","0","00","2","40 08:38.200","5","00","76 35:32.100","0","0","0","0","36407","0","0","0","N","0","0","0","2","36407","0","","4","01","N","N","1","","0","0","0","0","0","Y","0121","0","1","0","0","0","0","0","2","0","1","N","","","","","","","","","","","","03","  ","","",""
"0059","1","0","0","0","0","0","0","0","0","7","0","","36","07","2017","2017068843","1","","","0053","08","0","0","0","0","0","0","0","0","4","0","0","0","00","6","0","00","2","","6","00","","0","0","0","0","36301","0","0","0","N","0","0","0","1","36301","0","","4","01","N","N","0","","0","0","0","0","0","N","0044","0","1","0","0","0","0","0","3","0","1","N","","","","","","","","","","","","03","  ","","",""