"ARRIVAL_TM","AUTOMOBILE_COUNT","BELTED_DEATH_COUNT","BELTED_SUSP_SERIOUS_INJ_COUNT","BICYCLE_COUNT","BICYCLE_DEATH_COUNT","BICYCLE_SUSP_SERIOUS_INJ_COUNT","BUS_COUNT","CHLDPAS_DEATH_COUNT","CHLDPAS_SUSP_SERIOUS_INJ_COUNT","COLLISION_TYPE","COMM_VEH_COUNT","CONS_ZONE_SPD_LIM","COUNTY","CRASH_MONTH","CRASH_YEAR","CRN","DAY_OF_WEEK","DEC_LAT","DEC_LONG","DISPATCH_TM","DISTRICT","DRIVER_COUNT_16YR","DRIVER_COUNT_17YR","DRIVER_COUNT_18YR","DRIVER_COUNT_19YR","DRIVER_COUNT_20YR","DRIVER_COUNT_50_64YR","DRIVER_COUNT_65_74YR","DRIVER_COUNT_75PLUS","EST_HRS_CLOSED","FATAL_COUNT","HEAVY_TRUCK_COUNT","HORSE_BUGGY_COUNT","HOUR_OF_DAY","ILLUMINATION","INJURY_COUNT","INTERSECT_TYPE","LANE_CLOSED","LATITUDE","LN_CLOSE_DIR","LOCATION_TYPE","LONGITUDE","MAX_SEVERITY_LEVEL","MCYCLE_DEATH_COUNT","MCYCLE_SUSP_SERIOUS_INJ_COUNT","MOTORCYCLE_COUNT","MUNICIPALITY","NONMOTR_COUNT","NONMOTR_DEATH_COUNT","NONMOTR_SUSP_SERIOUS_INJ_COUNT","NTFY_HIWY_MAINT","PED_COUNT","PED_DEATH_COUNT","PED_SUSP_SERIOUS_INJ_COUNT","PERSON_COUNT","POLICE_AGCY","POSSIBLE_INJ_COUNT","RDWY_SURF_TYPE_CD","RELATION_TO_ROAD","ROAD_CONDITION","SCH_BUS_IND","SCH_ZONE_IND","SMALL_TRUCK_COUNT","SPEC_JURIS_CD","SUSP_MINOR_INJ_COUNT","SUSP_SERIOUS_INJ_COUNT","SUV_COUNT","TCD_FUNC_CD","TCD_TYPE","TFC_DETOUR_IND","TIME_OF_DAY","TOT_INJ_COUNT","TOTAL_UNITS","UNB_DEATH_COUNT","UNB_SUSP_SERIOUS_INJ_COUNT","UNBELTED_OCC_COUNT","UNK_INJ_DEG_COUNT","UNK_INJ_PER_COUNT","URBAN_RURAL","VAN_COUNT","VEHICLE_COUNT","WORK_ZONE_IND","WORK_ZONE_LOC","WORK_ZONE_TYPE","WORKERS_PRES","WZ_CLOSE_DETOUR","WZ_FLAGGER","WZ_LAW_OFFCR_IND","WZ_LN_CLOSURE","WZ_MOVING","WZ_OTHER","WZ_SHLDER_MDN","ROADWAY_CLEARED","WEATHER1","WEATHER2","WZ_WORKERS_INJ_KILLED","SECONDARY_CRASH","INTERSECTION_RELATED"
"0115","2","0","0","0","0","0","0","0","0","5","0","","36","07","2017","2017068845","7","40.0328","-76.3047","0115","08","0","0","0","0","0","0","0","0","","0","0","0","01","3","0","00","0","40 01:58.002","","00","76 18:16.964","0","0","0","0","36301","0","0","0","N","0","0","0","1","36301","0","","6","01","N","N","0","","0","0","0","0","0","","0114","0","3","0","0","0","0","0","3","1","3","N","","","","","","","","","","","","03","  ","","",""
"1422","0","0","0","0","0","0","0","0","0","4","0","","36","06","2017","2017068862","2","40.0573","-76.144","1406","08","0","0","0","0","0","0","0","0","2","0","0","0","14","1","0","02","1","40 03:26.406","3","00","76 08:38.543","0","0","0","0","36221","0","0","0","","0","0","0","5","68J01","0","","1","01","N","N","0","","0","0","2","3","3","N","1400","0","2","0","0","0","0","0","1","0","2","N","","","","","","","","","","","","03","  ","","",""
"1234","1","0","0","0","0","0","0","0","0","7","0","","36","06","2017","2017068888","3","40.0211","-76.1857","1227","08","0","0","0","0","0","0","0","0","2","0","0","0","12","1","1","00","1","40 01:15.845","4","00","76 11:08.517","4","0","0","0","36215","0","0","0","","0","0","0","1","36215","1","","5","01","N","N","0","","0","0","0","0","0","N","1226","1","1","0","0","0","0","0","1","0","1","N","","","","","","","","","","","","03","  ","","",""
"2248","1","0","0","0","0","0","0","0","0","4","0","","36","06","2017","2017068889","6","40.0556","-76.2688","2243","08","0","0","0","0","0","1","0","0","1","0","0","0","22","3","1","06","1","40 03:20.198","4","02","76 16:07.828","4","0","0","0","36215","0","0","0","","0","0","0","3","36215","1","","1","09","N","N","1","","0","0","0","3","4","N","2239","1","2","0","0","0","0","0","1","0","2","N","","","","","","","","","","","","07","  ","","",""
"0541","1","0","0","0","0","0","0","0","0","7","0","","36","06","2017","2017068890","1","40.0153","-76.1565","0534","08","0","0","0","0","1","0","0","0","2","0","0","0","05","1","2","00","2","40 00:55.021","4","00","76 09:23.387","3","0","0","0","36215","0","0","0","","0","0","0","2","36215","0","","5","01","N","N","0","","2","0","0","0","0","N","0534","2","1","0","0","0","0","0","1","0","1","N","","","","","","","","","","","","03","  ","","",""
"1205","1","0","0","0","0","0","0","0","0","4","0","","36","06","2017","2017068891","5","40.0761","-76.2032","1205","08","0","0","0","0","0","0","0","0","","0","0","0","12","1","1","01","0","40 04:33.868","","00","76 12:11.547","3","0","0","0","36234","0","0","0","","0","0","0","2","36215","0","","1","01","N","N","1","","1","0","0","3","3","","1203","1","2","0","0","0","0","0","1","0","2","N","","","","","","","","","","","","03","  ","","",""
"1550","1","0","0","0","0","0","0","0","0","1","0","","36","07","2017","2017068956","4","39.9955","-76.0431","1543","08","0","0","0","0","0","0","0","0","","0","0","0","15","1","0","00","0","39 59:43.636","","00","76 02:35.150","0","0","0","0","36232","0","0","0","","0","0","0","4","68J01","0","","1","01","N","N","0","","0","0","1","0","0","","1541","0","2","0","0","0","0","0","1","0","2","N","","","","","","","","","","","","03","  ","","",""
"1305","0","0","0","0","0","0","0","0","0","0","0","35","36","06","2017","2017068961","6","40.2012","-76.134","1256","08","0","0","0","0","0","1","0","0","","0","0","0","12","1","1","02","0","40 12:04.406","","00","76 08:02.400","3","0","0","1","36210","0","0","0","N","0","0","0","1","36210","0","","2","01","N","N","0","","1","0","0","3","3","","1251","1","1","0","0","0","0","0","1","0","1","Y","4","1","Y","","","N","","Y","","Y","","03","  ","","",""
"0756","2","0","0","0","0","0","0","0","0","4","0","","36","06","2017","2017068988","6","40.0708","-76.2928","0748","08","0","0","0","0","0","1","0","0","2","0","0","0","07","1","2","02","1","40 04:14.919","3","00","76 17:34.054","4","0","0","0","36101","0","0","0","N","0","0","0","2","36101","2","","1","01","N","N","0","","0","0","0","3","3","N","0746","2","2","0","0","0","0","0","3","0","2","N","","","","","","","","","","","","03","  ","","",""
"1244","1","0","1","0","0","0","0","0","0","7","0","","36","06","2017","2017068989","6","40.0623","-76.3426","1232","08","0","0","1","0","0","0","0","0","","0","0","0","12","1","2","00","0","40 03:44.442","","00","76 20:33.348","2","0","0","0","36101","0","0","0","N","0","0","0","2","36101","1","","3","01","N","N","0","","0","1","0","0","0","","1228","2","1","0","0","1","0","0","3","0","1","N","","","","","","","","","","","","03","  ","","",""
"1534","1","0","0","0","0","0","0","0","0","1","0","","36","07","2017","2017068990","4","40.022","-76.1906","1539","08","0","0","0","0","0","0","0","1","","0","0","0","15","1","1","00","0","40 01:19.168","","00","76 11:26.016","4","0","0","0","36215","0","0","0","N","0","0","0","2","36215","1","","1","01","N","N","1","","0","0","0","0","0","","1534","1","2","0","0","0","0","0","1","0","2","N","","","","","","","","","","","","03","  ","","",""
"1614","2","0","0","0","0","0","0","0","0","1","0","","36","07","2017","2017068994","7","40.0683","-76.3298","1607","08","0","0","0","0","0","1","0","0","","0","0","0","15","1","1","02","0","40 04:06.057","","00","76 19:47.312","4","0","0","0","36101","0","0","0","N","0","0","0","2","36101","1","","1","09","N","N","0","","0","0","0","3","2","","1551","1","2","0","0","0","0","0","3","0","2","N","","","","","","","","","","","","07","  ","","",""
"0741","2","0","0","0","0","0","0","0","0","1","0","","36","07","2017","2017068998","5","40.2413","-76.1745","0737","08","0","0","0","0","0","0","1","0","","0","0","0","07","1","1","01","0","40 14:28.829","","00","76 10:28.030","8","0","0","0","36236","0","0","0","N","0","0","0","2","36408","0","","1","09","N","N","0","","0","0","0","3","3","","0733","1","2","0","0","0","1","0","1","0","2","N","","","","","","","","","","","","07","  ","","",""
"1227","1","0","0","0","0","0","0","0","0","1","0","","36","07","2017","2017069027","5","40.2288","-76.128","1223","08","0","0","0","0","0","0","2","0","2","0","0","0","12","1","0","02","1","40 13:43.659","2","00","76 07:40.671","0","0","0","0","36405","0","0","0","N","0","0","0","3","36210","0","","1","01","N","N","0","","0","0","2","3","3","N","1221","0","3","0","0","0","0","0","1","0","3","N","","","","","","","","","","","","03","  ","","",""
"1450","2","0","0","0","0","0","0","0","0","4","0","","36","07","2017","2017069046","5","40.1057","-76.0884","1443","08","0","1","0","0","0","1","0","0","","0","0","0","14","1","0","02","0","40 06:20.654","","00","76 05:18.100","0","0","0","0","36415","0","0","0","N","0","0","0","2","36415","0","","1","09","N","N","0","","0","0","0","3","3","","1443","0","2","0","0","0","0","0","1","0","2","N","","","","","","","","","","","","07","  ","","",""
"1556","2","0","0","0","0","0","0","0","0","4","0","","36","07","2017","2017069062","5","40.0294","-76.3234","1543","08","0","1","0","0","0","0","0","0","","0","0","0","15","1","1","00","0","40 01:45.969","","07","76 19:24.415","4","0","0","0","36220","0","0","0","N","0","0","0","3","36101","1","","1","01","N","N","0","","0","0","0","0","0","","1534","1","2","0","0","0","0","0","3","0","2","N","","","","","","","","","","","","03","  ","","",""
"1330","2","0","0","0","0","0","0","0","0","1","0","","36","07","2017","2017069067","5","40.1476","-76.2094","1315","08","0","0","0","0","0","0","0","1","1","0","0","0","13","1","1","00","2","40 08:51.496","5","00","76 12:33.885","8","0","0","0","36238","0","0","0","N","0","0","0","2","36402","0","","1","01","N","N","0","","0","0","0","0","0","Y","1312","1","2","0","0","0","1","1","3","0","2","N","","","","","","","","","","","","03","  ","","",""
"1832","1","0","0","0","0","0","0","0","0","1","0","","36","07","2017","2017069229","5","40.1659","-76.1703","1832","08","0","0","0","0","0","0","0","0","","0","0","0","18","1","0","00","0","40 09:57.400","","00","76 10:12.900","0","0","0","0","36408","0","0","0","N","0","0","0","2","36408","0","","1","09","N","N","0","","0","0","1","0","0","","1830","0","2","0","0","0","0","0","2","0","2","N","","","","","","","","","","","","03","  ","","",""
"1755","2","0","0","0","0","0","0","0","0","2","0","","36","07","2017","2017069246","4","40.2445","-76.0526","1747","08","0","0","0","0","0","0","0","0","","0","0","0","17","1","0","00","0","40 14:40.200","","00","76 03:09.200","0","0","0","0","36401","0","0","0","N","0","0","0","1","36408","0","","6","01","N","N","0","","0","0","1","0","0","","1745","0","3","0","0","0","0","0","1","0","3","N","","","","","","","","","","","","03","  ","","",""
"1735","2","0","0","0","0","0","0","0","0","4","0","","36","07","2017","2017069251","5","40.0767","-76.3374","1726","08","0","0","0","0","0","0","0","1","2","0","0","0","17","1","1","02","2","40 04:35.663","1","00","76 20:14.981","8","0","0","0","36101","0","0","0","N","0","0","0","2","36101","0","","1","09","N","N","0","","0","0","0","3","2","N","1724","1","2","0","0","0","1","0","3","0","2","N","","","","","","","","","","","","03","  ","","",""
"2238","0","0","0","0","0","0","0","0","0","7","0","","36","07","2017","2017069255","5","40.1337","-76.1381","2231","08","0","0","0","0","0","0","0","0","","0","0","0","22","2","0","00","0","40 08:01.354","","00","76 08:17.187","0","0","0","0","36209","0","0","0","N","0","0","0","1","36415","0","","4","09","N","N","1","","0","0","0","0","0","","2231","0","1","0","0","0","0","0","1","0","1","N","","","","","","","","","","","","07","  ","","",""
"2333","2","0","0","0","0","0","0","0","0","1","0","","36","07","2017","2017069265","1","40.0724","-76.3347","2333","08","0","0","0","0","0","0","0","0","2","0","0","0","23","3","2","00","1","40 04:20.736","2","00","76 20:04.743","4","0","0","0","36101","0","0","0","N","0","0","0","3","36101","2","","1","01","N","N","0","","0","0","0","3","2","N","2330","2","2","0","0","0","0","0","3","0","2","N","","","","","","","","","","","","03","  ","","",""
"2127","1","0","0","0","0","0","0","0","0","7","0","","36","07","2017","2017069269","5","40.0804","-76.3833","2123","08","0","0","0","0","0","0","0","0","2","0","0","0","21","3","0","00","1","40 04:49.618","2","00","76 22:59.938","0","0","0","0","36214","0","0","0","N","0","0","0","1","36214","0","","5","09","N","N","0","","0","0","0","3","8","N","2120","0","1","0","0","0","0","0","3","0","1","N","","","","","","","","","","","","98","  ","","",""
"1602","1","0","0","0","0","0","0","0","0","7","0","","36","05","2017","2017069285","1","40.2411","-76.0402","1546","08","0","0","0","0","0","0","0","0","1","0","0","0","15","1","1","00","1","40 14:27.937","2","00","76 02:24.747","3","0","0","0","36202","0","0","0","","0","0","0","1","68J01","0","","2","01","N","N","0","","1","0","0","0","0","N","1542","1","1","0","0","1","0","0","1","0","1","N","","","","","","","","","","","","03","  ","","",""
"0247","0","0","0","0","0","0","0","0","0","7","0","","36","06","2017","2017069296","6","39.8621","-76.2275","0227","08","0","0","0","0","0","0","0","0","3","0","0","0","02","2","0","00","2","39 51:43.620","6","00","76 13:38.940","0","0","0","0","36208","0","0","0","","0","0","0","1","68J01","0","","4","01","N","N","1","","0","0","0","0","0","Y","0219","0","1","0","0","1","0","0","1","0","1","N","","","","","","","","","","","","03","  ","","",""
"0321","0","0","0","0","0","0","0","0","0","7","0","","36","07","2017","2017069317","1","40.1414","-76.6671","0254","08","0","0","0","0","0","0","0","0","","0","0","0","01","2","0","00","0","40 08:29.156","","00","76 40:01.628","0","0","0","0","36207","0","0","0","N","0","0","0","1","36504","0","","5","01","N","N","1","","0","0","0","0","0","","0115","0","1","0","0","0","0","0","1","0","1","N","","","","","","","","","","","","03","  ","","",""
"2048","2","0","0","0","0","0","0","0","0","1","0","","36","07","2017","2017069328","4","40.0401","-76.2349","2044","08","0","0","0","0","0","0","0","0","","0","0","0","20","3","0","00","0","40 02:24.476","","00","76 14:05.768","0","0","0","0","36215","0","0","0","","0","0","0","2","36215","0","","1","01","N","N","0","","0","0","0","0","0","","2044","0","2","0","0","0","0","0","1","0","2","N","","","","","","","","","","","","03","  ","","",""
"1502","0","0","0","0","0","0","0","0","0","1","0","","36","07","2017","2017069350","5","40.0288","-76.2692","1459","08","0","0","0","0","0","2","0","0","","0","0","0","14","1","0","00","0","40 01:43.791","","00","76 16:09.038","0","0","0","0","36240","0","0","0","N","0","0","0","3","36240","0","","1","01","N","N","1","","0","0","2","0","0","","1450","0","3","0","0","0","0","0","1","0","3","N","","","","","","","","","","","","03","  ","","",""
"1410","0","0","0","0","0","0","0","0","0","7","0","","36","07","2017","2017069356","3","40.1126","-76.0625","1404","08","0","0","0","0","0","0","0","0","3","0","0","0","14","1","0","00","2","40 06:45.302","6","00","76 03:45.005","0","0","0","0","36213","0","0","0","N","0","0","0","1","36213","0","","4","01","N","N","1","","0","0","0","0","0","Y","1402","0","1","0","0","0","0","0","1","0","1","N","","","","","","","","","","","","03","  ","","",""
"0704","1","0","0","0","0","0","0","0","0","4","0","","36","07","2017","2017069359","3","40.0569","-76.3112","0655","08","0","0","0","0","0","1","0","0","2","0","0","0","06","1","0","01","1","40 03:24.706","2","00","76 18:40.172","0","0","0","0","36101","0","0","0","N","0","0","0","2","36101","0","","1","01","N","N","0","","0","0","1","3","2","N","0653","0","2","0","0","0","0","0","3","0","2","N","","","","","","","","","","","","03","  ","","",""
"1518","1","0","0","0","0","0","0","0","0","5","0","","36","07","2017","2017069370","3","40.2031","-76.1191","1511","08","0","0","0","0","1","0","0","0","","0","0","0","15","1","1","00","0","40 12:11.013","","00","76 07:08.864","3","0","0","0","36210","0","0","0","Y","0","0","0","3","36210","0","","1","01","N","N","0","","1","0","0","0","0","","1505","1","2","0","0","1","0","0","1","1","2","N","","","","","","","","","","","","03","  ","","",""
"1112","1","0","0","0","0","0","0","0","0","4","0","","36","07","2017","2017069374","3","40.0329","-76.3246","1109","08","0","0","0","0","0","0","0","0","2","0","0","0","11","1","1","02","2","40 01:58.263","5","00","76 19:28.574","3","0","0","0","36220","0","0","0","N","0","0","0","4","36101","0","","1","01","N","N","0","","1","0","1","3","3","Y","1108","1","2","0","0","0","0","0","3","0","2","N","","","","","","","","","","","","03","  ","","",""
"1217","2","0","0","0","0","0","0","0","0","4","0","","36","07","2017","2017069388","3","40.044","-76.3096","1215","08","0","0","0","0","0","0","0","0","2","0","0","0","12","1","0","01","2","40 02:38.526","7","00","76 18:34.563","0","0","0","0","36301","0","0","0","N","0","0","0","3","36301","0","","1","01","N","N","0","","0","0","0","3","3","Y","1214","0","2","0","0","0","0","0","3","0","2","N","","","","","","","","","","","","03","  ","","",""
"0853","1","0","0","0","0","0","0","0","0","1","0","","36","07","2017","2017069409","6","40.0951","-76.3289","0853","08","0","0","0","0","0","1","0","0","","0","0","0","08","1","0","00","0","40 05:42.386","","00","76 19:44.035","0","0","0","0","36101","0","0","0","N","0","0","0","3","36101","0","","1","09","N","N","0","","0","0","1","0","0","","0848","0","3","0","0","0","0","0","3","1","3","N","","","","","","","","","","","","07","  ","","",""
"1510","2","0","0","0","0","0","0","0","0","4","0","","36","07","2017","2017069512","5","40.071","-76.4192","1508","08","0","0","0","0","0","0","0","0","1","0","0","0","15","1","2","02","2","40 04:15.671","5","00","76 25:09.281","3","0","0","0","36214","0","0","0","","0","0","0","2","36214","1","","1","09","N","N","0","","1","0","0","3","3","Y","1507","2","2","0","0","0","0","0","3","0","2","N","","","","","","","","","","","","07","  ","","",""
"1632","0","0","0","0","0","0","0","0","0","1","0","","36","07","2017","2017069513","5","40.0393","-76.362","1619","08","0","0","0","0","0","0","0","0","","0","0","0","16","1","0","00","0","40 02:21.522","","00","76 21:43.079","0","0","0","0","36214","0","0","0","","0","0","0","2","36214","0","","1","09","N","N","0","","0","0","2","0","0","","1608","0","2","0","0","0","0","0","3","0","2","N","","","","","","","","","","","","07","  ","","",""
"1856","1","0","0","0","0","0","0","0","0","2","0","","36","07","2017","2017069589","6","40.1075","-76.2484","1850","08","0","0","0","0","0","2","0","0","3","0","0","0","18","1","3","00","2","40 06:26.956","2","00","76 14:54.381","3","0","0","0","36101","0","0","0","N","0","0","0","5","36101","2","","1","09","N","N","0","","1","0","2","0","0","Y","1850","3","4","0","0","0","0","0","3","1","4","N","","","","","","","","","","","","07","  ","","",""
"1900","2","0","0","0","0","0","0","0","0","6","0","","36","07","2017","2017069594","6","40.2629","-76.1113","1853","08","0","0","0","0","0","0","0","0","2","0","0","0","18","1","0","00","1","40 15:46.498","5","00","76 06:40.687","0","0","0","0","36210","0","0","0","N","0","0","0","2","36210","0","","1","09","N","N","0","","0","0","0","0","0","N","1851","0","2","0","0","0","0","0","1","0","2","N","","","","","","","","","","","","07","  ","","",""
"0031","1","0","0","0","0","0","0","0","0","4","0","","36","07","2017","2017069622","7","40.1004","-76.4271","0024","08","0","0","0","1","0","1","0","0","1","0","0","0","00","2","0","03","1","40 06:01.605","2","00","76 25:37.549","0","0","0","0","36239","0","0","0","","0","0","0","3","36239","0","","1","09","","","0","","0","0","1","0","0","N","0023","0","2","0","0","0","0","0","3","0","2","N","","","","","","","","","","","","03","  ","","",""
"2020","1","0","0","0","0","0","0","0","0","1","0","","36","07","2017","2017069629","6","40.0599","-76.2777","2015","08","0","0","0","0","0","0","0","0","","0","0","0","20","1","0","01","0","40 03:34.350","","02","76 16:42.035","0","0","0","0","36101","0","0","0","N","0","0","0","8","36101","0","","1","09","N","N","1","","0","0","1","3","2","","2000","0","3","0","0","0","0","0","3","0","3","N","","","","","","","","","","","","03","  ","","",""
"2139","1","0","0","0","0","0","0","0","0","4","0","","36","07","2017","2017069633","3","39.972","-76.2737","2131","08","0","0","0","0","1","0","0","0","","0","0","0","21","3","0","02","0","39 58:19.248","","07","76 16:25.411","0","0","0","0","36240","0","0","0","N","0","0","0","3","36240","0","","1","01","N","N","0","","0","0","1","3","3","","2126","0","2","0","0","0","0","0","1","0","2","N","","","","","","","","","","","","03","  ","","",""
"0623","0","0","0","0","0","0","0","0","0","1","0","","36","06","2017","2017069641","4","40.1681","-76.5727","0619","08","0","0","0","0","0","0","0","0","3","0","0","0","06","1","1","00","1","40 10:05.071","3","00","76 34:21.842","3","0","0","1","36225","0","0","0","N","0","0","0","2","36505","0","","1","01","N","N","1","","1","0","0","0","0","N","0614","1","3","0","0","0","0","0","2","0","2","N","","","","","","","","","","","","03","  ","","",""
"2202","1","0","0","0","0","0","0","0","0","4","0","","36","07","2017","2017069690","5","40.0361","-76.257","2155","08","0","0","0","0","0","1","0","0","","0","0","0","21","3","0","01","0","40 02:09.980","","00","76 15:25.370","0","0","0","0","36215","0","0","0","","0","0","0","4","36215","0","","1","01","N","N","0","","0","0","1","3","3","","2154","0","2","0","0","0","0","0","1","0","2","N","","","","","","","","","","","","03","  ","","",""
"1340","1","0","0","0","0","0","0","0","0","4","0","","36","07","2017","2017069738","6","40.101","-76.2593","1337","08","0","0","0","0","0","1","1","0","","0","0","0","13","1","1","00","0","40 06:03.756","","00","76 15:33.561","4","0","0","0","36101","0","0","0","N","0","0","0","2","36101","1","","1","01","N","N","1","","0","0","0","0","0","","1337","1","2","0","0","0","0","0","3","0","2","N","","","","","","","","","","","","03","  ","","",""
"1730","0","0","0","0","0","0","0","0","0","4","0","","36","07","2017","2017069739","6","40.0268","-76.3278","1723","08","0","0","0","0","0","0","0","0","","0","0","0","17","1","0","02","0","40 01:36.533","","00","76 19:40.229","0","0","0","0","36220","0","0","0","N","0","0","0","2","36101","0","","1","01","N","N","0","","0","0","2","3","3","","1722","0","2","0","0","0","0","0","3","0","2","N","","","","","","","","","","","","03","  ","","",""
"1505","1","0","0","0","0","0","0","0","0","4","0","","36","07","2017","2017069740","6","40.0685","-76.3074","1459","08","0","0","0","0","1","0","0","1","2","0","0","0","14","1","1","01","1","40 04:06.527","1","00","76 18:26.750","4","0","0","0","36101","0","0","0","N","0","0","0","2","36101","1","","1","01","N","N","1","","0","0","0","3","2","N","1459","1","2","0","0","0","0","0","3","0","2","N","","","","","","","","","","","","03","  ","","",""
"1540","3","0","0","0","0","0","0","0","0","1","0","","36","07","2017","2017069751","6","40.0615","-76.306","1533","08","0","0","0","0","1","1","1","0","","0","0","0","15","1","1","00","0","40 03:41.475","","00","76 18:21.529","4","0","0","0","36101","0","0","0","N","0","0","0","3","36101","1","","1","01","N","N","0","","0","0","0","0","0","","1533","1","3","0","0","0","0","0","3","0","3","N","","","","","","","","","","","","03","  ","","",""
"1349","2","0","0","0","0","0","0","0","0","4","0","","36","07","2017","2017069752","6","40.0373","-76.4082","1335","08","0","1","0","0","0","1","0","0","2","0","0","0","13","1","0","01","1","40 02:14.323","4","00","76 24:29.659","0","0","0","0","36223","0","0","0","N","0","0","0","3","36214","0","","1","01","N","N","0","","0","0","0","3","2","N","1330","0","2","0","0","0","0","0","1","0","2","N","","","","","","","","","","","","03","  ","","",""
"1601","2","0","0","0","0","0","0","0","0","1","0","","36","06","2017","2017069794","5","40.1112","-76.5603","1557","08","0","0","0","0","0","0","0","0","2","0","0","0","15","1","0","00","1","40 06:40.200","1","07","76 33:36.900","0","0","0","0","36211","0","0","0","N","0","0","0","2","36504","0","","1","01","N","N","0","","0","0","0","0","0","N","1555","0","2","0","0","0","0","0","1","0","2","N","","","","","","","","","","","","03","  ","","",""
"1807","1","0","0","0","0","0","0","0","0","5","1","","36","07","2017","2017069887","6","40.0732","-76.3355","1748","08","0","0","0","0","0","1","1","0","","0","1","0","17","1","0","00","0","40 04:23.353","","00","76 20:07.720","0","0","0","0","36101","0","0","0","N","0","0","0","2","36101","0","","1","01","N","N","0","","0","0","0","0","0","","1745","0","2","0","0","0","0","0","3","0","2","N","","","","","","","","","","","","03","  ","","",""
"1954","0","0","0","0","0","0","0","0","0","7","0","","36","07","2017","2017069901","7","40.1694","-76.1315","1949","08","0","0","0","0","0","1","0","0","","0","0","0","19","1","1","00","0","40 10:09.918","","00","76 07:53.311","3","0","0","1","36218","0","0","0","N","0","0","0","1","36408","0","","4","01","N","N","0","","1","0","0","0","0","","1945","1","1","0","0","0","0","0","1","0","1","N","","","","","","","","","","","","03","  ","","",""
"0450","0","0","0","0","0","0","0","0","0","7","0","","36","07","2017","2017069902","7","40.039","-76.4345","0445","08","0","0","0","0","0","0","0","0","6","0","0","0","04","3","0","00","2","40 02:20.286","6","00","76 26:04.195","0","0","0","0","36414","0","0","0","N","0","0","0","2","36239","0","","2","09","N","N","0","","0","0","1","0","0","Y","0445","0","1","0","0","0","0","0","3","0","1","N","","","","","","","","","","","","03","  ","","",""
"0345","0","0","0","0","0","0","0","0","0","0","1","","36","07","2017","2017069907","4","40.2086","-76.1772","0340","08","0","0","0","0","0","1","0","0","4","0","1","0","03","2","0","00","2","40 12:31.027","6","00","76 10:38.023","0","0","0","0","36236","0","0","0","N","0","0","0","1","36408","0","","2","01","N","N","0","","0","0","0","0","0","Y","0340","0","1","0","0","0","0","0","1","0","1","N","","","","","","","","","","","","03","  ","","",""
"1858","1","0","0","0","0","0","0","0","0","2","1","","36","07","2017","2017069913","6","40.267","-76.115","1853","08","0","0","0","0","0","0","0","0","1","0","1","0","18","1","0","00","1","40 16:01.316","4","00","76 06:54.172","0","0","0","0","36236","0","0","0","N","0","0","0","2","36408","0","","1","09","N","N","0","","0","0","0","0","0","N","1851","0","2","0","0","0","0","0","1","0","2","N","","","","","","","","","","","","07","  ","","",""
"2013","1","0","0","0","0","0","0","0","0","4","0","","36","07","2017","2017069920","6","40.0313","-76.315","2013","08","0","0","0","0","0","0","0","0","1","0","0","0","20","1","2","01","1","40 01:52.847","4","00","76 18:53.947","3","0","0","0","36301","0","0","0","N","0","0","0","4","36301","1","","1","01","N","N","0","","1","0","1","3","3","Y","2004","2","2","0","0","0","0","0","3","0","2","N","","","","","","","","","","","","03","  ","","",""
"1900","1","0","0","0","0","0","0","0","0","7","0","","36","07","2017","2017069923","6","40.0926","-76.2624","1900","08","0","0","0","0","0","0","0","0","","0","0","0","19","1","0","00","0","40 05:33.216","","00","76 15:44.540","0","0","0","0","36101","0","0","0","N","0","0","0","1","36101","0","","4","09","N","N","0","","0","0","0","0","0","","1900","0","1","0","0","0","0","0","3","0","1","N","","","","","","","","","","","","07","  ","","",""
"2137","1","0","0","0","0","0","0","0","0","9","0","","36","05","2017","2017069945","3","40.2374","-76.0444","2111","08","0","0","0","0","0","1","0","0","","0","0","0","21","2","0","00","0","40 14:14.659","","00","76 02:39.865","0","0","0","0","36202","0","0","0","","0","0","0","1","68J01","0","","1","01","N","N","0","","0","0","0","0","0","","2110","0","1","0","0","0","0","0","1","0","1","N","","","","","","","","","","","","03","  ","","",""
"0232","1","0","0","0","0","0","0","0","0","5","1","","36","07","2017","2017069977","7","39.9292","-76.244","0218","08","0","0","0","0","0","1","0","0","1","0","1","0","02","2","0","00","2","39 55:45.280","6","00","76 14:38.460","0","0","0","0","36229","0","0","0","","0","0","0","3","68J01","0","","1","01","N","N","0","","0","0","0","0","0","N","0208","0","2","0","0","0","0","0","1","0","2","N","","","","","","","","","","","","03","  ","","",""
"1555","3","0","0","0","0","0","0","0","0","6","0","","36","07","2017","2017069981","6","40.1599","-76.391","1554","08","0","0","0","0","0","0","2","0","1","0","0","0","15","1","1","01","1","40 09:35.765","1","00","76 23:27.466","8","0","0","0","36410","0","0","0","N","0","0","0","5","36410","0","","1","01","N","N","0","","0","0","0","3","2","Y","1552","1","3","0","0","0","1","0","2","0","3","N","","","","","","","","","","","","03","  ","","",""
"1504","1","0","0","0","0","0","0","0","0","1","0","","36","07","2017","2017069983","6","40.0762","-76.3087","1457","08","0","0","0","0","0","0","0","0","1","0","0","0","14","1","1","00","1","40 04:34.306","1","00","76 18:31.401","8","0","0","0","36101","0","0","0","N","0","0","0","2","36101","0","","1","01","N","N","0","","0","0","1","0","0","N","1450","1","2","0","0","0","1","0","3","0","2","N","","","","","","","","","","","","03","  ","","",""
"0604","1","0","0","0","0","0","0","0","0","1","0","","36","07","2017","2017069993","1","40.216","-76.0902","0601","08","0","0","0","0","0","1","0","0","1","0","0","0","05","1","3","01","1","40 12:57.824","4","02","76 05:24.263","4","0","0","0","36210","0","0","0","N","0","0","0","3","36210","3","","1","01","N","N","1","","0","0","0","3","2","N","0557","3","2","0","0","0","0","0","1","0","2","N","","","","","","","","","","","","03","  ","","",""