"ARRIVAL_TM","AUTOMOBILE_COUNT","BELTED_DEATH_COUNT","BELTED_SUSP_SERIOUS_INJ_COUNT","BICYCLE_COUNT","BICYCLE_DEATH_COUNT","BICYCLE_SUSP_SERIOUS_INJ_COUNT","BUS_COUNT","CHLDPAS_DEATH_COUNT","CHLDPAS_SUSP_SERIOUS_INJ_COUNT","COLLISION_TYPE","COMM_VEH_COUNT","CONS_ZONE_SPD_LIM","COUNTY","CRASH_MONTH","CRASH_YEAR","CRN","DAY_OF_WEEK","DEC_LAT","DEC_LONG","DISPATCH_TM","DISTRICT","DRIVER_COUNT_16YR","DRIVER_COUNT_17YR","DRIVER_COUNT_18YR","DRIVER_COUNT_19YR","DRIVER_COUNT_20YR","DRIVER_COUNT_50_64YR","DRIVER_COUNT_65_74YR","DRIVER_COUNT_75PLUS","EST_HRS_CLOSED","FATAL_COUNT","HEAVY_TRUCK_COUNT","HORSE_BUGGY_COUNT","HOUR_OF_DAY","ILLUMINATION","INJURY_COUNT","INTERSECT_TYPE","LANE_CLOSED","LATITUDE","LN_CLOSE_DIR","LOCATION_TYPE","LONGITUDE","MAX_SEVERITY_LEVEL","MCYCLE_DEATH_COUNT","MCYCLE_SUSP_SERIOUS_INJ_COUNT","MOTORCYCLE_COUNT","MUNICIPALITY","NONMOTR_COUNT","NONMOTR_DEATH_COUNT","NONMOTR_SUSP_SERIOUS_INJ_COUNT","NTFY_HIWY_MAINT","PED_COUNT","PED_DEATH_COUNT","PED_SUSP_SERIOUS_INJ_COUNT","PERSON_COUNT","POLICE_AGCY","POSSIBLE_INJ_COUNT","RDWY_SURF_TYPE_CD","RELATION_TO_ROAD","ROAD_CONDITION","SCH_BUS_IND","SCH_ZONE_IND","SMALL_TRUCK_COUNT","SPEC_JURIS_CD","SUSP_MINOR_INJ_COUNT","SUSP_SERIOUS_INJ_COUNT","SUV_COUNT","TCD_FUNC_CD","TCD_TYPE","TFC_DETOUR_IND","TIME_OF_DAY","TOT_INJ_COUNT","TOTAL_UNITS","UNB_DEATH_COUNT","UNB_SUSP_SERIOUS_INJ_COUNT","UNBELTED_OCC_COUNT","UNK_INJ_DEG_COUNT","UNK_INJ_PER_COUNT","URBAN_RURAL","VAN_COUNT","VEHICLE_COUNT","WORK_ZONE_IND","WORK_ZONE_LOC","WORK_ZONE_TYPE","WORKERS_PRES","WZ_CLOSE_DETOUR","WZ_FLAGGER","WZ_LAW_OFFCR_IND","WZ_LN_CLOSURE","WZ_MOVING","WZ_OTHER","WZ_SHLDER_MDN","ROADWAY_CLEARED","WEATHER1","WEATHER2","WZ_WORKERS_INJ_KILLED","SECONDARY_CRASH","INTERSECTION_RELATED"
"1154","0","0","0","1","0","0","0","0","0","4","0","","36","07","2017","2017069997","7","40.1287","-76.5649","1150","08","0","0","0","0","0","1","0","0","","0","0","0","11","1","1","01","0","40 07:43.434","","00","76 33:53.722","3","0","0","0","36237","1","0","0","N","0","0","0","2","36505","0","","1","01","N","N","0","","1","0","1","3","3","","1140","1","2","0","0","0","0","0","1","0","1","N","","","","","","","","","","","","03","  ","","",""
"1148","1","0","0","0","0","0","0","0","0","1","1","","36","07","2017","2017070022","1","40.0614","-76.3596","1131","08","0","0","0","0","0","1","0","0","2","0","1","0","10","1","1","01","1","40 03:41.062","4","02","76 21:34.601","4","0","0","0","36214","0","0","0","N","0","0","0","5","36214","1","","1","01","N","N","0","","0","0","1","3","2","N","1025","1","3","0","0","0","0","0","3","0","3","N","","","","","","","","","","","","03","  ","","",""
"0927","0","0","0","0","0","0","0","0","0","4","1","","36","07","2017","2017070023","6","40.2203","-76.1006","0927","08","0","0","0","0","0","0","0","0","3","0","1","0","09","1","0","00","1","40 13:13.112","5","07","76 06:02.266","0","0","0","0","36210","0","0","0","N","0","0","0","3","36210","0","","1","09","N","N","1","","0","0","0","0","0","N","0927","0","2","0","0","0","0","0","1","0","2","N","","","","","","","","","","","","03","  ","","",""
"0826","2","0","0","0","0","0","0","0","0","4","0","","36","07","2017","2017070028","1","40.1644","-76.1554","0820","08","0","0","0","0","0","0","0","0","","0","0","0","08","1","0","00","0","40 09:51.980","","00","76 09:19.427","0","0","0","0","36218","0","0","0","N","0","0","0","3","36408","0","","1","01","N","N","0","","0","0","0","3","2","","0820","0","2","0","0","0","0","0","1","0","2","N","","","","","","","","","","","","03","  ","","",""
"0741","1","0","0","0","0","0","0","0","0","7","0","","36","07","2017","2017070037","6","40.2167","-76.0905","0735","08","0","0","0","0","0","0","0","0","2","0","0","0","07","1","1","00","2","40 13:00.204","2","03","76 05:25.942","4","0","0","0","36210","0","0","0","N","0","0","0","1","36210","1","","2","09","N","N","0","","0","0","0","0","0","N","0734","1","1","0","0","0","0","0","1","0","1","N","","","","","","","","","","","","07","  ","","",""
"0817","2","0","0","0","0","0","0","0","0","1","0","","36","07","2017","2017070053","1","40.0141","-76.3167","0811","08","0","0","0","0","0","0","0","0","2","0","0","0","08","1","0","00","2","40 00:50.800","5","00","76 19:00.200","0","0","0","0","36220","0","0","0","N","0","0","0","1","36101","0","","6","01","N","N","0","","0","0","0","0","0","N","0809","0","2","0","0","0","0","0","3","0","2","N","","","","","","","","","","","","03","  ","","",""
"2227","1","0","0","0","0","0","0","0","0","7","0","","36","07","2017","2017070058","7","40.1641","-76.5476","2223","08","0","0","0","0","0","0","0","0","3","0","0","0","22","2","1","00","2","40 09:50.900","6","00","76 32:51.200","8","0","0","0","36225","0","0","0","N","0","0","0","1","36505","0","","4","01","N","N","0","","0","0","0","0","0","Y","2221","1","1","0","0","0","1","0","2","0","1","N","","","","","","","","","","","","03","  ","","",""
"0038","0","0","0","0","0","0","0","0","0","7","0","","36","07","2017","2017070075","1","40.1035","-76.2564","0034","08","0","0","0","0","0","0","0","0","1","0","0","0","00","3","1","00","1","40 06:12.501","4","00","76 15:23.179","4","0","0","0","36101","0","0","0","Y","0","0","0","1","36101","1","","4","01","N","N","1","","0","0","0","0","0","N","0034","1","1","0","0","0","0","0","3","0","1","N","","","","","","","","","","","","03","  ","","",""
"1103","2","0","0","0","0","0","0","0","0","4","0","","36","07","2017","2017070082","1","40.1885","-76.2257","1050","08","0","0","0","0","0","0","0","1","","0","0","0","10","1","0","01","0","40 11:18.487","","00","76 13:32.585","0","0","0","0","36204","0","0","0","","0","0","0","2","36506","0","","1","01","N","N","0","","0","0","0","3","3","","1050","0","2","0","0","0","0","0","1","0","2","N","","","","","","","","","","","","03","  ","","",""
"2031","0","0","0","0","0","0","0","0","0","1","0","","36","07","2017","2017070175","7","40.1138","-76.2423","2026","08","0","0","0","0","0","0","0","0","3","0","0","0","20","4","1","00","2","40 06:49.572","2","00","76 14:32.393","4","0","0","0","36101","0","0","0","Y","0","0","0","3","36101","1","","1","01","N","N","0","","0","0","2","0","0","N","2026","1","2","0","0","0","0","0","3","0","2","N","","","","","","","","","","","","03","  ","","",""
"2225","1","0","0","0","0","0","0","0","0","7","0","","36","07","2017","2017070198","1","40.0661","-76.3731","2225","08","0","0","1","0","0","0","0","0","1","0","0","0","22","3","0","02","1","40 03:58.053","1","00","76 22:23.300","0","0","0","0","36214","0","0","0","N","0","0","0","1","36214","0","","4","01","N","N","0","","0","0","0","3","3","N","2225","0","1","0","0","0","0","0","3","0","1","N","","","","","","","","","","","","03","  ","","",""
"0056","1","0","0","0","0","0","0","0","0","7","0","","36","07","2017","2017070208","2","40.0709","-76.3238","0034","08","0","0","0","0","0","0","0","0","2","0","0","0","00","3","0","00","1","40 04:15.408","3","03","76 19:25.791","0","0","0","0","36101","0","0","0","Y","0","0","0","2","36101","0","","2","01","N","N","0","","0","0","0","0","0","N","0030","0","1","0","0","0","0","0","3","0","1","N","","","","","","","","","","","","03","  ","","",""
"1712","1","0","0","0","0","0","0","0","0","7","0","","36","07","2017","2017070214","1","40.0543","-76.3543","1703","08","0","0","0","0","0","1","0","0","","0","0","0","15","1","1","00","0","40 03:15.344","","00","76 21:15.476","8","0","0","0","36214","0","0","0","N","0","0","0","1","36214","0","","2","01","N","N","0","","0","0","0","0","0","","1551","1","1","0","0","0","1","0","3","0","1","N","","","","","","","","","","","","03","  ","","",""
"1350","1","0","0","0","0","0","0","0","0","4","0","","36","07","2017","2017070308","4","40.1896","-76.1619","1346","08","0","0","0","0","0","0","1","0","","0","0","0","13","1","0","01","0","40 11:22.416","","00","76 09:42.861","0","0","0","0","36218","0","0","0","N","0","0","0","3","36408","0","","1","01","N","N","0","","0","0","1","3","3","","1346","0","2","0","0","0","0","0","1","0","2","N","","","","","","","","","","","","03","  ","","",""
"1301","1","0","0","0","0","0","0","0","0","4","0","","36","07","2017","2017070354","2","40.0523","-76.3963","1253","08","0","0","0","0","0","0","0","0","","0","0","0","12","1","0","00","0","40 03:08.287","","00","76 23:46.718","0","0","0","0","36214","0","0","0","N","0","0","0","3","36214","0","","1","01","N","N","0","","0","0","1","0","0","","1250","0","2","0","0","0","0","0","3","0","2","N","","","","","","","","","","","","03","  ","","",""
"1639","2","0","0","0","0","0","0","0","0","1","0","","36","07","2017","2017070579","6","40.0302","-76.3222","1634","08","0","0","0","0","0","1","0","0","1","0","0","0","16","1","1","01","1","40 01:48.569","3","00","76 19:20.092","4","0","0","0","36301","0","0","0","","0","0","0","4","36301","1","","1","01","N","N","0","","0","0","0","3","2","N","1604","1","2","0","0","0","0","0","3","0","2","N","","","","","","","","","","","","03","  ","","",""
"2145","0","0","0","0","0","0","0","0","0","5","0","","36","06","2017","2017070604","7","40.0671","-76.1048","2140","08","0","1","0","0","0","0","0","0","3","0","0","0","21","2","2","00","2","40 04:01.650","5","00","76 06:17.160","2","0","2","1","36221","0","0","0","","0","0","0","6","68J03","0","","1","01","N","N","1","","0","2","0","0","0","Y","2139","2","3","0","0","1","0","0","1","0","2","N","","","","","","","","","","","","03","  ","","",""
"2156","1","0","0","1","0","0","0","0","0","4","0","","36","07","2017","2017070732","2","40.1772","-76.1753","2155","08","0","0","0","0","0","0","0","0","1","0","0","0","21","3","1","02","1","40 10:37.780","1","00","76 10:31.185","4","0","0","0","36408","1","0","0","N","0","0","0","2","36408","1","","1","01","N","N","0","","0","0","0","3","2","N","2154","1","2","0","0","0","0","0","2","0","1","N","","","","","","","","","","","","03","  ","","",""
"0108","1","0","0","0","0","0","0","0","0","7","0","","36","07","2017","2017070779","1","39.9818","-76.1677","0102","08","0","0","0","0","0","0","0","0","","0","0","0","01","2","0","00","0","39 58:54.583","","00","76 10:03.626","0","0","0","0","36233","0","0","0","","0","0","0","1","68J01","0","","4","01","N","N","0","","0","0","0","0","0","","0102","0","1","0","0","0","0","0","1","0","1","N","","","","","","","","","","","","03","  ","","",""
"1100","0","0","0","0","0","0","0","0","0","4","0","","36","07","2017","2017070903","2","40.16","-76.1414","1046","08","0","0","0","0","0","2","0","0","","0","0","0","10","1","0","00","0","40 09:36.008","","07","76 08:29.005","0","0","0","0","36209","0","0","0","N","0","0","0","2","36415","0","","1","01","N","N","0","","0","0","2","0","0","","1046","0","2","0","0","0","0","0","1","0","2","N","","","","","","","","","","","","03","  ","","",""
"1453","1","0","0","0","0","0","0","0","0","1","1","","36","06","2017","2017070785","5","40.0889","-76.1801","1440","08","0","0","0","0","0","1","0","0","","0","1","0","14","1","0","02","0","40 05:20.180","","00","76 10:48.323","0","0","0","0","36234","0","0","0","","0","0","0","2","36215","0","","1","01","N","N","0","","0","0","0","0","0","","1430","0","2","0","0","0","0","0","1","0","2","N","","","","","","","","","","","","03","  ","","",""
"1430","2","0","0","0","0","0","0","0","0","1","0","","36","05","2017","2017070792","6","39.9003","-76.1809","1409","08","0","0","0","1","0","0","0","0","2","0","0","0","13","1","0","02","1","39 54:01.034","5","00","76 10:51.228","0","0","0","0","36229","0","0","0","","0","0","0","2","68J01","0","","1","01","N","N","0","","0","0","0","0","0","N","1357","0","2","0","0","0","0","0","1","0","2","N","","","","","","","","","","","","03","  ","","",""
"1345","1","0","0","0","0","0","0","0","0","7","0","","36","06","2017","2017070804","4","40.1863","-75.9993","1339","08","0","0","0","0","0","0","0","0","","0","0","0","13","1","0","00","0","40 11:12.454","","00","75 59:59.273","0","0","0","0","36202","0","0","0","","0","0","0","2","68T06","0","","2","01","N","N","0","","0","0","0","0","0","","1335","0","1","0","0","0","0","0","1","0","1","N","","","","","","","","","","","","03","  ","","",""
"0641","0","0","0","0","0","0","0","0","0","1","0","","36","06","2017","2017070828","6","40.223","-76.4164","0611","08","0","0","0","0","0","1","0","0","","0","0","0","05","1","0","00","0","40 13:22.678","","00","76 25:02.490","0","0","0","0","36227","0","0","0","","0","0","0","5","68T06","0","","1","01","N","N","0","","0","0","1","0","0","","0545","0","2","0","0","0","0","0","1","0","2","N","","","","","","","","","","","","03","  ","","",""
"1736","0","0","0","0","0","0","0","0","0","4","0","","36","07","2017","2017070875","7","40.0008","-76.0802","1726","08","0","0","0","0","0","1","0","0","","0","1","0","17","1","2","01","0","40 00:02.941","","00","76 04:48.723","3","0","0","0","36226","0","0","0","","0","0","0","3","68J01","0","","1","01","N","N","0","","1","0","0","3","3","","1726","2","2","0","0","0","1","0","1","1","2","N","","","","","","","","","","","","03","  ","","",""
"0727","1","0","0","0","0","0","0","0","0","1","0","35","36","07","2017","2017070892","3","40.0461","-76.3631","0726","08","0","0","1","0","0","1","0","0","2","0","0","0","07","1","0","00","1","40 02:45.869","1","00","76 21:47.090","0","0","0","0","36214","0","0","0","N","0","0","0","3","36214","0","","1","01","N","N","1","","0","0","1","0","0","N","0725","0","3","0","0","0","0","0","3","0","3","Y","4","1","Y","","","N","","","","Y","","03","  ","","",""
"1618","1","0","0","0","0","0","0","0","0","1","0","","36","07","2017","2017070912","2","40.0382","-76.3403","1610","08","0","0","0","0","0","1","0","0","3","0","0","0","16","1","0","00","1","40 02:17.656","3","00","76 20:25.159","0","0","0","0","36220","0","0","0","N","0","0","0","3","36101","0","","1","01","N","N","0","","0","0","1","0","0","N","1607","0","3","0","0","0","0","0","3","1","3","N","","","","","","","","","","","","03","  ","","",""
"1452","1","0","0","0","0","0","0","0","0","4","1","","36","07","2017","2017070947","5","40.1876","-76.3094","1447","08","0","0","0","0","0","0","0","1","3","0","1","0","14","1","2","00","2","40 11:15.196","5","07","76 18:33.983","8","0","0","0","36235","0","0","0","","0","0","0","3","36506","0","","1","09","N","N","0","","0","0","0","0","0","Y","1447","2","2","0","0","0","2","0","1","0","2","N","","","","","","","","","","","","07","  ","","",""
"0953","1","0","0","0","0","0","0","0","0","5","0","","36","07","2017","2017070958","3","40.161","-76.3997","0952","08","0","0","0","0","0","0","0","0","2","0","0","0","09","1","1","00","2","40 09:39.446","6","00","76 23:58.958","8","0","0","0","36410","0","0","0","N","0","0","0","3","36410","0","","6","01","N","N","1","","0","0","0","0","0","Y","0952","1","2","0","0","0","1","0","2","0","2","N","","","","","","","","","","","","03","  ","","",""
"1119","1","0","0","0","0","0","0","0","0","4","0","","36","07","2017","2017070962","3","40.2124","-76.1288","1116","08","0","0","0","0","0","0","1","1","","0","0","0","11","1","0","01","0","40 12:49.356","","00","76 07:35.127","0","0","0","0","36210","0","0","0","N","0","0","0","2","36210","0","","1","01","N","N","1","","0","0","0","3","2","","1114","0","2","0","0","0","0","0","1","0","2","N","","","","","","","","","","","","03","  ","","",""
"1326","1","0","0","0","0","0","0","0","0","1","0","","36","07","2017","2017070976","3","40.0395","-76.3631","1323","08","0","0","0","0","1","0","0","0","1","0","0","0","13","1","1","00","1","40 02:22.131","4","00","76 21:47.270","8","0","0","0","36214","0","0","0","N","0","0","0","4","36214","0","","1","01","N","N","0","","0","0","1","0","0","N","1320","1","2","0","0","0","1","0","3","0","2","N","","","","","","","","","","","","03","  ","","",""
"1519","2","0","0","0","0","0","0","0","0","1","0","","36","07","2017","2017071002","3","40.0721","-76.3524","1517","08","0","0","0","0","0","0","0","0","","0","0","0","15","1","0","00","0","40 04:19.687","","00","76 21:08.755","0","0","0","0","36214","0","0","0","N","0","0","0","2","36214","0","","1","01","N","N","0","","0","0","0","0","0","","1511","0","2","0","0","0","0","0","3","0","2","N","","","","","","","","","","","","03","  ","","",""
"1410","0","0","0","0","0","0","0","0","0","7","0","","36","06","2017","2017071029","3","40.2353","-76.2906","1359","08","0","0","0","0","0","0","0","0","2","1","0","0","13","1","0","00","1","40 14:06.947","3","00","76 17:24.307","1","0","0","0","36217","0","0","0","Y","0","0","0","1","68T06","0","2","4","01","N","N","0","0","0","0","1","0","0","N","1357","0","1","1","0","1","0","0","1","0","1","N","","","","","","","","","","","","03","  ","","",""
"1644","0","0","0","0","0","0","0","0","0","4","0","","36","07","2017","2017071105","3","40.1059","-76.0254","1640","08","0","0","0","0","0","0","0","0","2","0","0","0","16","1","2","01","2","40 06:21.120","7","00","76 01:31.461","2","0","2","1","36213","0","0","0","N","0","0","0","4","36213","0","","1","01","N","N","0","","0","2","0","3","3","Y","1639","2","2","0","0","0","0","0","1","1","2","N","","","","","","","","","","","","03","  ","","",""
"0236","2","0","0","0","0","0","0","0","0","1","0","","36","07","2017","2017071142","7","40.1531","-76.6019","0232","08","0","0","1","0","0","0","0","0","2","0","0","0","02","2","2","00","1","40 09:11.142","6","00","76 36:06.776","3","0","0","0","36407","0","0","0","N","0","0","0","2","36407","0","","6","01","N","N","0","","2","0","1","0","0","N","0232","2","3","0","0","0","0","0","2","0","3","N","","","","","","","","","","","","03","  ","","",""
"1756","0","0","0","0","0","0","0","0","0","1","0","","36","07","2017","2017071143","5","40.0901","-76.3044","1734","08","0","0","0","1","0","0","0","0","2","0","0","0","17","1","0","00","1","40 05:24.277","2","00","76 18:15.938","0","0","0","0","36101","0","0","0","Y","0","0","0","2","36101","0","","1","09","N","N","1","","0","0","1","0","0","N","1733","0","2","0","0","0","0","0","3","0","2","N","","","","","","","","","","","","07","  ","","",""
"2207","1","0","0","0","0","0","0","0","0","1","0","","36","07","2017","2017071193","2","40.0426","-76.2468","2201","08","0","0","0","0","0","0","0","0","2","0","0","0","22","3","2","00","1","40 02:33.533","4","00","76 14:48.591","4","0","0","0","36215","0","0","0","","0","0","0","2","36215","2","","1","01","N","N","0","","0","0","1","0","0","N","2201","2","2","0","0","0","0","0","1","0","2","N","","","","","","","","","","","","03","  ","","",""
"1904","1","0","0","0","0","0","0","0","0","5","0","","36","07","2017","2017071194","5","39.9922","-76.4681","1900","08","0","0","0","0","0","0","0","0","1","0","0","0","18","1","0","00","1","39 59:32.066","4","00","76 28:05.281","0","0","0","0","36223","0","0","0","","0","0","0","1","36223","0","","6","01","N","N","0","","0","0","1","0","0","Y","1843","0","2","0","0","0","0","0","1","0","2","N","","","","","","","","","","","","03","  ","","",""
"1240","0","0","0","0","0","0","0","0","0","4","1","","36","06","2017","2017071195","6","40.0307","-76.3503","1237","08","0","0","0","0","0","1","0","0","","0","1","0","12","1","1","00","0","40 01:50.500","","07","76 21:01.000","4","0","0","0","36223","0","0","0","","0","0","0","2","36223","1","","1","01","N","N","0","","0","0","1","0","0","","1234","1","2","0","0","0","0","0","1","0","2","N","","","","","","","","","","","","03","  ","","",""
"0802","1","0","0","0","0","0","0","0","0","0","0","","36","07","2017","2017071196","5","39.9761","-76.3709","0752","08","0","1","0","0","0","0","0","0","","0","0","0","07","1","0","03","0","39 58:33.931","","00","76 22:15.215","0","0","0","0","36223","0","0","0","","0","0","0","1","36223","0","","4","09","N","N","0","","0","0","0","3","3","","0751","0","1","0","0","1","0","0","1","0","1","N","","","","","","","","","","","","07","  ","","",""
"0818","2","0","0","0","0","0","0","0","0","4","0","","36","07","2017","2017071272","4","40.1051","-76.3418","0813","08","0","0","0","1","0","1","0","0","2","0","0","0","08","1","1","03","2","40 06:18.314","6","00","76 20:30.631","3","0","0","0","36406","0","0","0","N","0","0","0","2","36101","0","","1","01","N","N","0","","1","0","0","3","3","Y","0809","1","2","0","0","0","0","0","3","0","2","N","","","","","","","","","","","","03","  ","","",""
"1245","1","0","0","0","0","0","0","0","0","4","0","","36","07","2017","2017071278","4","40.0606","-76.2768","1236","08","0","0","0","0","0","0","0","0","2","0","0","0","12","1","2","07","1","40 03:38.256","4","02","76 16:36.560","4","0","0","0","36101","0","0","0","N","0","0","0","5","36101","2","","1","01","N","N","0","","0","0","0","3","2","N","1233","2","2","0","0","0","0","0","3","1","2","N","","","","","","","","","","","","03","  ","","",""
"0923","0","0","0","0","0","0","0","0","0","4","0","","36","07","2017","2017071287","2","40.0938","-76.2842","0906","08","0","0","0","0","0","0","0","0","2","0","0","0","09","1","2","02","1","40 05:37.784","3","00","76 17:03.171","4","0","0","0","36101","0","0","0","N","0","0","0","2","36101","2","","1","01","N","N","1","","0","0","0","3","3","N","0905","2","2","0","0","0","0","0","3","1","2","N","","","","","","","","","","","","03","  ","","",""
"1517","1","0","0","0","0","0","0","0","0","7","0","","36","07","2017","2017071312","7","40.1054","-76.3412","1508","08","0","0","0","0","0","0","0","0","","0","0","0","15","1","1","00","0","40 06:19.584","","00","76 20:28.396","4","0","0","0","36406","0","0","0","N","0","0","0","1","36101","1","","4","01","N","N","0","","0","0","0","0","0","","1513","1","1","0","0","0","0","0","3","0","1","N","","","","","","","","","","","","03","  ","","",""
"1051","1","0","0","0","0","0","0","0","0","1","0","","36","07","2017","2017071330","6","40.1478","-76.1209","1045","08","0","0","0","0","0","2","0","0","","0","0","0","10","1","0","00","0","40 08:52.131","","07","76 07:15.268","0","0","0","0","36209","0","0","0","N","0","0","0","5","36415","0","","1","01","N","N","0","","0","0","1","0","0","","1040","0","2","0","0","0","0","0","1","0","2","N","","","","","","","","","","","","03","  ","","",""
"1726","1","0","0","0","0","0","0","0","0","2","0","","36","07","2017","2017071341","3","40.0996","-76.0993","1718","08","0","0","0","0","0","1","0","0","1","0","0","0","17","1","0","00","2","40 05:58.521","6","07","76 05:57.421","0","0","0","0","36415","0","0","0","N","0","0","0","2","36415","0","","1","01","N","N","0","","0","0","0","0","0","Y","1720","0","2","0","0","0","0","0","1","1","2","N","","","","","","","","","","","","03","  ","","",""
"","2","0","0","0","0","0","0","0","0","6","0","","36","02","2017","2017071346","4","40.0395","-76.3778","","08","0","0","0","0","0","0","0","0","","0","0","0","15","1","1","00","0","40 02:22.200","","00","76 22:40.200","8","0","0","0","36223","0","0","0","N","0","0","0","2","00000","0","","6","01","N","N","0","","0","0","0","0","0","","1540","1","2","0","0","0","1","0","1","0","2","N","","","","","","","","","","","","03","  ","","",""
"2207","2","0","0","0","0","0","0","0","0","4","0","","36","07","2017","2017071504","1","39.8677","-76.2846","2149","08","0","0","0","0","0","0","0","0","2","0","0","0","21","2","0","00","2","39 52:03.773","5","00","76 17:04.462","0","0","0","0","36224","0","0","0","","0","0","0","2","68J01","0","","1","01","N","N","0","","0","0","0","0","0","Y","2143","0","2","0","0","0","0","0","1","0","2","N","","","","","","","","","","","","03","  ","","",""
"0410","1","0","0","0","0","0","0","0","0","7","0","","36","05","2017","2017071529","1","40.1441","-76.6707","0357","08","0","0","0","1","0","0","0","0","1","0","0","0","03","2","0","02","2","40 08:38.821","5","00","76 40:14.401","0","0","0","0","36207","0","0","0","N","0","0","0","1","36504","0","","4","01","N","N","0","","0","0","0","9","3","N","0350","0","1","0","0","0","0","0","1","0","1","N","","","","","","","","","","","","03","  ","","",""
"2347","4","0","2","0","0","0","0","0","0","4","0","","36","07","2017","2017071534","1","40.0264","-76.3055","2343","08","0","0","0","0","0","0","0","0","3","0","0","0","23","3","3","01","2","40 01:35.077","2","00","76 18:19.941","2","0","0","0","36301","0","0","0","N","0","0","0","4","36301","0","","1","01","N","N","0","","0","3","0","3","2","Y","2343","3","4","0","0","0","0","1","3","0","4","N","","","","","","","","","","","","03","  ","","",""
"2049","0","0","0","0","0","0","0","0","0","7","0","","36","05","2017","2017071537","4","40.1084","-76.6566","2040","08","0","0","0","0","1","0","0","0","2","0","0","0","20","1","0","00","2","40 06:30.230","5","00","76 39:23.796","0","0","0","0","36207","0","0","0","Y","0","0","0","2","36504","0","","4","01","N","N","1","","0","0","0","0","0","Y","2035","0","1","0","0","0","0","0","1","0","1","N","","","","","","","","","","","","03","  ","","",""
"1557","1","0","0","0","0","0","0","0","0","7","0","","36","07","2017","2017071539","4","40.1301","-76.4825","1545","08","0","0","0","0","0","1","0","0","2","0","0","0","15","1","3","00","2","40 07:48.363","4","00","76 28:57.118","8","0","0","0","36230","0","0","0","N","0","0","0","3","36410","0","","2","01","N","N","0","","0","0","1","0","0","N","1545","3","2","0","0","0","3","0","1","0","2","N","","","","","","","","","","","","03","  ","","",""
"0245","1","0","0","0","0","0","0","0","0","7","0","","36","07","2017","2017071568","5","40.0554","-76.3983","0236","08","0","0","0","0","0","0","0","0","3","0","0","0","01","3","0","01","1","40 03:19.364","2","00","76 23:53.869","0","0","0","0","36214","0","0","0","N","0","0","0","1","36214","0","","5","01","N","N","0","","0","0","0","3","2","N","0130","0","1","0","0","0","0","0","3","0","1","N","","","","","","","","","","","","03","  ","","",""
"1236","0","0","0","0","0","0","0","0","0","4","0","","36","07","2017","2017071570","7","40.0379","-76.5042","1235","08","0","0","0","0","0","1","0","0","1","0","0","0","12","1","0","01","1","40 02:16.558","5","00","76 30:14.950","0","0","0","0","36404","0","0","0","N","0","0","0","2","36404","0","","1","01","N","N","0","","0","0","2","3","3","Y","1234","0","2","0","0","0","0","0","3","0","2","N","","","","","","","","","","","","03","  ","","",""
"2045","1","0","0","0","0","0","0","0","0","7","0","","36","06","2017","2017071579","3","40.0718","-76.5789","2044","08","0","0","0","0","0","0","0","1","1","0","0","0","20","1","1","00","1","40 04:18.615","1","00","76 34:44.157","4","0","0","0","36211","0","0","0","N","0","0","0","1","36504","1","","4","01","N","N","0","","0","0","0","0","0","N","2040","1","1","0","0","0","0","0","1","0","1","N","","","","","","","","","","","","03","  ","","",""
"2334","0","0","0","0","0","0","0","0","0","7","0","","36","07","2017","2017071583","4","40.1348","-76.3251","2329","08","0","0","0","0","0","1","0","0","1","0","0","0","23","3","0","00","1","40 08:05.123","3","00","76 19:30.341","0","0","0","0","36235","0","0","0","","0","0","0","1","36506","0","","4","01","N","N","0","","0","0","0","0","0","N","2329","0","1","0","0","0","0","0","1","1","1","N","","","","","","","","","","","","03","  ","","",""
"1245","2","0","0","0","0","0","0","0","0","4","0","","36","07","2017","2017071635","4","40.0351","-76.2984","1239","08","0","0","0","0","0","0","0","0","","0","0","0","12","1","1","01","0","40 02:06.522","","00","76 17:54.333","4","0","0","0","36301","0","0","0","N","0","0","0","3","36301","1","","1","01","N","N","0","","0","0","0","3","3","","1235","1","2","0","0","0","0","1","3","0","2","N","","","","","","","","","","","","03","  ","","",""
"1253","1","0","0","0","0","0","0","0","0","7","0","","36","07","2017","2017071688","3","39.9912","-76.3606","1252","08","0","0","0","0","0","0","0","0","2","0","0","0","12","1","0","00","1","39 59:28.200","4","00","76 21:38.300","0","0","0","0","36412","0","0","0","N","0","0","0","1","36412","0","","3","01","N","N","0","","0","0","0","0","0","Y","1245","0","1","0","0","0","0","0","3","0","1","N","","","","","","","","","","","","03","  ","","",""
"1106","2","0","0","0","0","0","0","0","0","4","0","","36","07","2017","2017071708","4","40.063","-76.3562","1101","08","0","0","0","0","0","1","0","0","","0","0","0","11","1","0","00","0","40 03:46.800","","07","76 21:22.300","0","0","0","0","36214","0","0","0","N","0","0","0","2","36214","0","","1","01","N","N","0","","0","0","0","0","0","","1101","0","2","0","0","0","0","0","3","0","2","N","","","","","","","","","","","","03","  ","","",""