"ARRIVAL_TM","AUTOMOBILE_COUNT","BELTED_DEATH_COUNT","BELTED_SUSP_SERIOUS_INJ_COUNT","BICYCLE_COUNT","BICYCLE_DEATH_COUNT","BICYCLE_SUSP_SERIOUS_INJ_COUNT","BUS_COUNT","CHLDPAS_DEATH_COUNT","CHLDPAS_SUSP_SERIOUS_INJ_COUNT","COLLISION_TYPE","COMM_VEH_COUNT","CONS_ZONE_SPD_LIM","COUNTY","CRASH_MONTH","CRASH_YEAR","CRN","DAY_OF_WEEK","DEC_LAT","DEC_LONG","DISPATCH_TM","DISTRICT","DRIVER_COUNT_16YR","DRIVER_COUNT_17YR","DRIVER_COUNT_18YR","DRIVER_COUNT_19YR","DRIVER_COUNT_20YR","DRIVER_COUNT_50_64YR","DRIVER_COUNT_65_74YR","DRIVER_COUNT_75PLUS","EST_HRS_CLOSED","FATAL_COUNT","HEAVY_TRUCK_COUNT","HORSE_BUGGY_COUNT","HOUR_OF_DAY","ILLUMINATION","INJURY_COUNT","INTERSECT_TYPE","LANE_CLOSED","LATITUDE","LN_CLOSE_DIR","LOCATION_TYPE","LONGITUDE","MAX_SEVERITY_LEVEL","MCYCLE_DEATH_COUNT","MCYCLE_SUSP_SERIOUS_INJ_COUNT","MOTORCYCLE_COUNT","MUNICIPALITY","NONMOTR_COUNT","NONMOTR_DEATH_COUNT","NONMOTR_SUSP_SERIOUS_INJ_COUNT","NTFY_HIWY_MAINT","PED_COUNT","PED_DEATH_COUNT","PED_SUSP_SERIOUS_INJ_COUNT","PERSON_COUNT","POLICE_AGCY","POSSIBLE_INJ_COUNT","RDWY_SURF_TYPE_CD","RELATION_TO_ROAD","ROAD_CONDITION","SCH_BUS_IND","SCH_ZONE_IND","SMALL_TRUCK_COUNT","SPEC_JURIS_CD","SUSP_MINOR_INJ_COUNT","SUSP_SERIOUS_INJ_COUNT","SUV_COUNT","TCD_FUNC_CD","TCD_TYPE","TFC_DETOUR_IND","TIME_OF_DAY","TOT_INJ_COUNT","TOTAL_UNITS","UNB_DEATH_COUNT","UNB_SUSP_SERIOUS_INJ_COUNT","UNBELTED_OCC_COUNT","UNK_INJ_DEG_COUNT","UNK_INJ_PER_COUNT","URBAN_RURAL","VAN_COUNT","VEHICLE_COUNT","WORK_ZONE_IND","WORK_ZONE_LOC","WORK_ZONE_TYPE","WORKERS_PRES","WZ_CLOSE_DETOUR","WZ_FLAGGER","WZ_LAW_OFFCR_IND","WZ_LN_CLOSURE","WZ_MOVING","WZ_OTHER","WZ_SHLDER_MDN","ROADWAY_CLEARED","WEATHER1","WEATHER2","WZ_WORKERS_INJ_KILLED","SECONDARY_CRASH","INTERSECTION_RELATED"
"0935","1","0","0","0","0","0","0","0","0","1","0","","36","07","2017","2017071717","5","40.1172","-76.5334","0925","08","0","0","0","0","0","0","0","0","","0","0","0","09","1","2","02","0","40 07:01.929","","00","76 32:00.232","8","0","0","0","36225","0","0","0","N","0","0","0","5","36505","0","","1","01","N","N","0","","0","0","0","3","3","","0925","2","2","0","0","0","2","0","2","1","2","N","","","","","","","","","","","","03","  ","","",""
"1614","2","0","0","0","0","0","0","0","0","5","0","","36","07","2017","2017071720","4","40.0413","-76.3861","1609","08","1","0","0","0","0","0","0","0","","0","0","0","16","1","0","00","0","40 02:28.832","","00","76 23:09.804","0","0","0","0","36214","0","0","0","N","0","0","0","4","36214","0","","1","01","N","N","0","","0","0","0","0","0","","1609","0","2","0","0","0","0","0","3","0","2","N","","","","","","","","","","","","03","  ","","",""
"0925","1","0","0","0","0","0","0","0","0","7","0","","36","07","2017","2017071722","5","40.1066","-76.2505","0911","08","0","0","0","0","0","0","0","0","1","0","0","0","09","1","0","00","1","40 06:23.586","2","00","76 15:01.731","0","0","0","0","36101","0","0","0","Y","0","0","0","2","36101","0","","3","01","N","N","0","","0","0","0","0","0","N","0909","0","1","0","0","0","0","0","3","0","1","N","","","","","","","","","","","","03","  ","","",""
"1222","2","0","0","0","0","0","0","0","0","1","0","","36","07","2017","2017071732","2","40.1397","-76.3034","1216","08","0","0","0","0","0","1","0","0","","0","0","0","12","1","1","00","0","40 08:22.799","","00","76 18:12.298","3","0","0","0","36235","0","0","0","","0","0","0","2","36506","0","","1","01","N","N","0","","1","0","0","0","0","","1214","1","2","0","0","0","0","0","1","0","2","N","","","","","","","","","","","","03","  ","","",""
"1613","2","0","0","0","0","0","0","0","0","1","0","","36","07","2017","2017071796","5","40.1139","-76.3056","1610","08","0","0","0","0","0","1","0","0","","0","0","0","16","1","2","00","0","40 06:50.104","","00","76 18:20.165","3","0","0","0","36101","0","0","0","N","0","0","0","2","36101","1","","1","01","N","N","0","","1","0","0","0","0","","1608","2","2","0","0","0","0","0","3","0","2","N","","","","","","","","","","","","03","  ","","",""
"1047","2","0","0","0","0","0","0","0","0","4","0","","36","07","2017","2017071816","5","40.1325","-76.3809","1036","08","0","0","0","0","0","1","0","1","2","0","0","0","10","1","3","00","1","40 07:56.984","1","00","76 22:51.237","3","0","0","0","36227","0","0","0","","0","0","0","3","36506","0","","1","01","N","N","0","","3","0","0","0","0","Y","1036","3","2","0","0","0","0","0","1","0","2","N","","","","","","","","","","","","03","  ","","",""
"0722","1","0","0","0","0","0","0","0","0","7","0","","36","07","2017","2017071887","6","40.2395","-76.1335","0722","08","0","0","0","0","0","0","0","0","","0","0","0","07","1","0","00","0","40 14:23.004","","00","76 08:02.936","0","0","0","0","36405","0","0","0","","0","0","0","1","68T06","0","","5","08","N","N","0","","0","0","0","0","0","","0710","0","1","0","0","0","0","0","1","0","1","N","","","","","","","","","","","","07","  ","","",""
"2003","2","0","0","0","0","0","0","0","0","4","0","","36","07","2017","2017071924","1","40.0323","-76.3246","2003","08","0","0","0","0","1","0","0","0","","0","0","0","20","1","1","01","0","40 01:56.136","","00","76 19:28.579","4","0","0","0","36220","0","0","0","N","0","0","0","2","36101","1","","1","01","N","N","0","","0","0","0","3","3","","2003","1","2","0","0","0","0","0","3","0","2","N","","","","","","","","","","","","03","  ","","",""
"2241","0","0","0","0","0","0","0","0","0","1","0","","36","07","2017","2017071929","4","40.035","-76.5274","2238","08","0","0","0","0","0","0","0","0","4","1","0","0","22","2","2","00","2","40 02:05.911","6","03","76 31:38.547","1","1","0","2","36239","0","0","0","N","0","0","0","3","36239","1","1","1","01","N","N","0","0","0","0","1","0","0","Y","2237","2","3","0","0","0","1","0","3","0","3","N","","","","","","","","","","","","03","  ","","",""
"0947","2","0","0","0","0","0","0","0","0","4","0","","36","07","2017","2017071934","2","40.036","-76.5072","0947","08","0","0","0","0","0","0","0","1","","0","0","0","09","1","0","01","0","40 02:09.560","","00","76 30:25.938","0","0","0","0","36404","0","0","0","N","0","0","0","2","36404","0","","1","01","N","N","0","","0","0","0","3","3","","0947","0","2","0","0","0","0","0","3","0","2","N","","","","","","","","","","","","03","  ","","",""
"1140","1","0","0","0","0","0","0","0","0","4","0","","36","07","2017","2017071939","2","40.0379","-76.5042","1140","08","0","0","0","0","0","1","1","0","1","0","0","0","11","1","0","01","1","40 02:16.558","1","00","76 30:14.950","0","0","0","0","36404","0","0","0","N","0","0","0","2","36404","0","","1","01","N","N","0","","0","0","1","3","3","Y","1140","0","2","0","0","0","0","0","3","0","2","N","","","","","","","","","","","","03","  ","","",""
"2134","1","0","0","0","0","0","0","0","0","1","0","","36","07","2017","2017071946","7","40.0645","-76.342","2128","08","0","0","0","0","0","0","0","0","2","0","0","0","21","3","0","00","1","40 03:52.154","3","00","76 20:31.043","0","0","0","0","36101","0","0","0","N","0","0","0","3","36101","0","","1","01","N","N","0","","0","0","1","0","0","N","2126","0","2","0","0","0","0","0","3","0","2","N","","","","","","","","","","","","03","  ","","",""
"1639","1","0","0","0","0","0","0","0","0","1","0","","36","07","2017","2017071957","3","40.1001","-76.4417","1634","08","0","1","0","0","0","0","0","0","","0","0","0","16","1","0","00","0","40 06:00.331","","07","76 26:30.249","0","0","0","0","36239","0","0","0","N","0","0","0","2","36239","0","","1","01","N","N","0","","0","0","1","0","0","","1631","0","2","0","0","1","0","0","3","0","2","N","","","","","","","","","","","","03","  ","","",""
"1407","1","0","0","0","0","0","0","0","0","4","0","","36","06","2017","2017071998","5","40.0761","-76.2032","1401","08","0","0","0","0","0","0","1","0","","0","0","0","13","1","1","01","0","40 04:33.868","","00","76 12:11.547","4","0","0","0","36234","0","0","0","","0","0","0","2","36215","1","","1","01","N","N","1","","0","0","0","2","3","","1358","1","2","0","0","0","0","0","1","0","2","N","","","","","","","","","","","","03","  ","","",""
"0328","0","0","0","0","0","0","0","0","0","7","0","","36","07","2017","2017072008","3","40.1441","-76.6957","0313","08","0","0","0","0","0","0","0","0","3","0","0","0","03","2","0","00","1","40 08:38.700","1","00","76 41:44.400","9","0","0","0","36207","0","0","0","N","0","0","0","2","36504","0","","4","01","N","N","0","","0","0","1","0","0","N","0305","0","1","0","0","0","0","2","1","0","1","N","","","","","","","","","","","","03","  ","","",""
"0720","1","0","0","0","0","0","0","0","0","5","0","","36","07","2017","2017072028","6","40.1952","-76.4175","0716","08","0","0","0","0","0","0","1","0","3","0","0","0","07","1","1","00","2","40 11:42.568","2","00","76 25:03.146","8","0","0","0","36230","0","0","0","N","0","0","0","2","36410","0","","1","09","N","N","1","","0","0","0","0","0","N","0715","1","2","0","0","1","1","0","1","0","2","N","","","","","","","","","","","","07","  ","","",""
"1409","0","0","0","0","0","0","0","0","0","4","0","","36","07","2017","2017072033","5","40.238","-76.1756","1401","08","1","0","0","0","0","0","1","0","2","0","0","0","14","1","0","03","1","40 14:16.831","2","00","76 10:32.319","0","0","0","0","36236","0","0","0","N","0","0","0","3","36408","0","","1","01","N","N","1","","0","0","0","3","3","Y","1400","0","2","0","0","0","0","0","1","1","2","N","","","","","","","","","","","","03","  ","","",""
"1037","0","0","0","0","0","0","0","0","0","7","0","","36","07","2017","2017072055","2","40.0581","-76.5297","1034","08","0","0","0","0","0","0","0","0","2","0","0","0","10","1","1","00","2","40 03:29.331","5","00","76 31:46.825","3","0","0","0","36211","0","0","0","Y","0","0","0","1","36504","0","","4","01","N","N","1","","1","0","0","0","0","Y","1033","1","1","0","0","1","0","0","1","0","1","N","","","","","","","","","","","","03","  ","","",""
"1000","0","0","0","0","0","0","0","0","0","6","1","","36","07","2017","2017072095","6","40.0591","-76.4629","0955","08","0","0","0","0","0","1","0","0","1","0","1","0","09","1","2","02","2","40 03:32.814","5","00","76 27:46.398","8","0","0","0","36239","0","0","0","N","0","0","0","4","36239","0","","1","09","N","N","0","","0","0","1","0","0","Y","0955","2","2","0","0","0","2","0","3","0","2","N","","","","","","","","","","","","03","  ","","",""
"1158","2","0","0","0","0","0","0","0","0","4","0","","36","07","2017","2017072098","6","40.0536","-76.3973","1154","08","0","0","0","0","0","0","0","0","2","0","0","0","11","1","0","00","1","40 03:12.938","2","07","76 23:50.348","0","0","0","0","36214","0","0","0","N","0","0","0","3","36214","0","","1","01","N","N","0","","0","0","0","0","0","N","1150","0","2","0","0","0","0","0","3","0","2","N","","","","","","","","","","","","03","  ","","",""
"0804","0","0","0","0","0","0","0","0","0","7","0","","36","07","2017","2017072125","2","40.1407","-76.5522","0800","08","0","0","0","0","0","0","0","0","","0","0","0","08","1","0","00","0","40 08:26.445","","00","76 33:07.769","0","0","0","0","36225","0","0","0","N","0","0","0","1","36505","0","","4","01","N","N","0","","0","0","1","0","0","","0800","0","1","0","0","0","0","0","2","0","1","N","","","","","","","","","","","","03","  ","","",""
"0734","2","0","0","0","0","0","0","0","0","4","0","","36","07","2017","2017072133","3","40.1421","-76.3172","0727","08","0","0","0","0","0","0","1","0","1","0","0","0","07","1","1","00","1","40 08:31.581","2","07","76 19:01.871","8","0","0","0","36235","0","0","0","","0","0","0","2","36506","0","","1","01","N","N","0","","0","0","0","0","0","N","0727","1","2","0","0","0","1","0","1","0","2","N","","","","","","","","","","","","03","  ","","",""
"1454","0","0","0","0","0","0","0","0","0","0","1","70","36","06","2017","2017072209","4","40.1719","-75.9765","1418","08","0","0","0","0","0","1","1","0","3","1","1","0","14","1","0","00","2","40 10:18.830","4","00","75 58:34.074","1","1","0","1","36202","0","0","0","","0","0","0","2","68T06","0","2","1","01","N","N","0","0","0","0","0","0","0","Y","1418","0","2","0","0","0","0","0","1","0","2","Y","4","2","Y","N","N","N","Y","Y","Y","Y","","03","  ","","",""
"1215","2","0","0","0","0","0","0","0","0","4","0","","36","07","2017","2017072244","7","40.1317","-76.2175","1210","08","0","0","1","0","0","0","0","0","","0","0","0","12","1","1","00","0","40 07:54.225","","07","76 13:03.128","4","0","0","0","36238","0","0","0","N","0","0","0","5","36238","1","","1","01","N","N","0","","0","0","0","0","0","","1210","1","2","0","0","0","0","0","3","0","2","N","","","","","","","","","","","","03","  ","","",""
"0517","2","0","0","0","0","0","0","0","0","1","0","","36","07","2017","2017072245","4","40.0452","-76.425","0511","08","0","0","0","0","0","0","0","0","","0","0","0","05","1","2","00","0","40 02:42.696","","00","76 25:30.159","4","0","0","0","36239","0","0","0","N","0","0","0","4","36239","1","","1","01","N","N","0","","0","0","0","0","0","","0505","2","2","0","0","0","1","0","3","0","2","N","","","","","","","","","","","","03","  ","","",""
"2221","1","0","0","0","0","0","0","0","0","5","0","","36","07","2017","2017072266","6","40.1706","-76.1697","2203","08","0","1","0","0","0","0","0","0","","0","0","0","22","3","0","00","0","40 10:14.109","","00","76 10:10.899","0","0","0","0","36408","0","0","0","N","0","0","0","3","36408","0","","6","01","N","N","0","","0","0","1","0","0","","2203","0","2","0","0","0","0","0","2","0","2","N","","","","","","","","","","","","03","  ","","",""
"1804","1","0","0","0","0","0","0","0","0","4","0","","36","07","2017","2017072268","6","40.0082","-76.3419","1801","08","0","0","0","0","0","0","0","0","2","0","0","0","17","1","0","00","1","40 00:29.354","4","00","76 20:30.940","0","0","0","0","36220","0","0","0","N","0","0","0","2","36101","0","","1","09","N","N","0","","0","0","1","0","0","N","1758","0","2","0","0","0","0","0","3","0","2","N","","","","","","","","","","","","03","  ","","",""
"1407","1","0","0","0","0","0","0","0","0","4","1","","36","07","2017","2017072428","6","40.0716","-76.6317","1348","08","0","0","0","0","0","1","0","0","2","0","1","0","13","1","1","00","1","40 04:17.935","2","00","76 37:54.173","4","0","0","0","36207","0","0","0","N","0","0","0","2","36504","1","","1","01","N","N","0","","0","0","0","0","0","N","1345","1","2","0","0","0","0","0","1","0","2","N","","","","","","","","","","","","03","  ","","",""
"1203","0","0","0","0","0","0","0","0","0","7","0","","36","07","2017","2017072444","7","40.1796","-76.1955","1200","08","0","0","0","0","0","1","0","0","3","0","0","0","11","1","1","00","2","40 10:46.424","5","00","76 11:43.905","8","0","0","0","36408","0","0","0","N","0","0","0","1","36408","0","","4","01","N","N","1","","0","0","0","0","0","Y","1159","1","1","0","0","1","1","0","2","0","1","N","","","","","","","","","","","","03","  ","","",""
"1445","2","0","0","0","0","0","0","0","0","4","0","","36","07","2017","2017072457","7","40.0475","-76.3629","1436","08","0","0","0","0","0","1","0","0","2","0","0","0","14","1","1","01","1","40 02:50.996","2","00","76 21:46.341","4","0","0","0","36214","0","0","0","N","0","0","0","2","36214","1","","1","01","N","N","0","","0","0","0","2","2","Y","1430","1","2","0","0","1","0","0","3","0","2","N","","","","","","","","","","","","03","  ","","",""
"2120","2","0","0","0","0","0","0","0","0","1","0","","36","07","2017","2017072461","5","40.1751","-76.1901","2115","08","0","0","0","0","0","0","0","0","1","0","0","0","21","3","1","00","2","40 10:30.300","1","00","76 11:24.400","8","0","0","0","36408","0","0","0","N","0","0","0","2","36408","0","","6","01","N","N","0","","0","0","1","0","0","N","2110","1","3","0","0","0","1","0","2","0","3","N","","","","","","","","","","","","03","  ","","",""
"1520","1","0","0","0","0","0","0","0","0","7","0","","36","07","2017","2017072477","6","40.0231","-76.2754","1514","08","0","0","0","0","0","0","0","0","2","0","0","0","15","1","1","00","2","40 01:23.213","6","00","76 16:31.347","8","0","0","0","36240","0","0","0","Y","0","0","0","1","36240","0","","2","09","N","N","0","","0","0","0","0","0","Y","1512","1","1","0","0","0","1","0","1","0","1","N","","","","","","","","","","","","03","  ","","",""
"0553","1","0","0","0","0","0","0","0","0","1","0","","36","06","2017","2017072517","5","40.0916","-76.1295","0546","08","0","0","0","0","0","0","0","0","1","0","0","0","05","1","0","02","1","40 05:29.605","3","00","76 07:46.311","0","0","0","0","36209","0","0","0","N","0","0","0","3","36215","0","","1","01","N","N","1","","0","0","1","0","0","N","0535","0","3","0","0","0","0","0","1","0","3","N","","","","","","","","","","","","03","  ","","",""
"1720","2","0","0","0","0","0","0","0","0","1","0","","36","07","2017","2017072529","5","40.0327","-76.2431","1712","08","0","0","1","0","0","0","0","0","1","0","0","0","17","1","0","02","1","40 01:57.679","2","02","76 14:34.933","0","0","0","0","36215","0","0","0","N","0","0","0","3","36215","0","","1","09","N","N","1","","0","0","0","3","2","N","1710","0","3","0","0","0","0","0","1","0","3","N","","","","","","","","","","","","07","  ","","",""
"1554","0","0","0","0","0","0","0","0","0","1","0","","36","06","2017","2017072549","4","39.9901","-76.2651","1550","08","0","0","0","0","0","1","0","0","2","0","0","0","15","1","0","02","1","39 59:24.536","6","00","76 15:54.473","0","0","0","0","36240","0","0","0","N","0","0","0","2","36240","0","","1","01","N","N","0","","0","0","1","0","0","Y","1550","0","2","0","0","0","0","0","1","1","2","N","","","","","","","","","","","","03","  ","","",""
"1642","1","0","0","0","0","0","0","0","0","4","0","","36","06","2017","2017072551","4","39.9869","-76.2796","1640","08","0","0","0","0","0","1","0","0","","0","0","0","16","1","1","00","0","39 59:12.682","","07","76 16:46.686","8","0","0","0","36240","0","0","0","N","0","0","0","2","36240","0","","1","01","N","N","0","","0","0","1","0","0","","1640","1","2","0","0","0","1","0","1","0","2","N","","","","","","","","","","","","03","  ","","",""
"0715","1","0","0","0","0","0","0","0","0","4","0","","36","07","2017","2017072598","5","40.1847","-76.6011","0709","08","0","0","0","0","1","0","0","0","","0","0","0","07","1","0","00","0","40 11:04.892","","07","76 36:04.000","0","0","0","0","36225","0","0","0","N","0","0","0","2","36505","0","","1","01","N","N","1","","0","0","0","0","0","","0709","0","2","0","0","0","0","0","2","0","2","N","","","","","","","","","","","","03","  ","","",""
"1047","2","0","0","0","0","0","0","0","0","4","0","","36","07","2017","2017072605","7","40.0606","-76.2768","1041","08","0","0","0","0","0","1","0","0","2","0","0","0","10","1","2","01","2","40 03:38.256","4","02","76 16:36.560","3","0","0","0","36101","0","0","0","Y","0","0","0","2","36101","1","","1","01","N","N","0","","1","0","0","3","2","Y","1040","2","2","0","0","1","0","0","3","0","2","N","","","","","","","","","","","","03","  ","","",""
"1410","2","0","0","0","0","0","0","0","0","4","0","","36","07","2017","2017072612","2","40.1642","-76.1543","1410","08","0","0","1","0","0","0","1","0","","0","0","0","14","1","0","02","0","40 09:51.097","","07","76 09:15.344","0","0","0","0","36218","0","0","0","N","0","0","0","3","36408","0","","1","01","N","N","0","","0","0","0","3","2","","1405","0","2","0","0","0","0","0","1","0","2","N","","","","","","","","","","","","03","  ","","",""
"0858","0","0","0","0","0","0","0","0","0","9","0","","36","07","2017","2017072625","6","40.0668","-76.6001","0855","08","0","0","0","1","0","0","0","0","","0","0","0","08","1","0","10","0","40 04:00.304","","01","76 36:00.485","0","0","0","0","36211","0","0","0","N","0","0","0","1","36504","0","","1","09","N","N","1","","0","0","0","0","0","","0854","0","1","0","0","0","0","0","1","0","1","N","","","","","","","","","","","","07","  ","","",""
"1207","1","0","0","0","0","0","0","0","0","1","0","","36","07","2017","2017072669","1","40.0968","-76.3288","1204","08","0","0","1","0","0","0","0","0","1","0","0","0","12","1","1","00","1","40 05:48.362","1","00","76 19:43.773","4","0","0","0","36101","0","0","0","N","0","0","0","4","36101","1","","1","01","N","N","0","","0","0","0","0","0","N","1201","1","3","0","0","0","0","0","3","1","2","N","","","","","","","","","","","","03","  ","","",""
"1743","1","0","0","0","0","0","0","0","0","4","0","","36","07","2017","2017072693","6","40.2341","-76.2377","1729","08","0","0","0","0","0","1","0","0","","0","0","0","17","1","0","01","0","40 14:02.705","","00","76 14:15.550","0","0","0","0","36204","0","0","0","","0","0","0","2","36506","0","","1","01","N","N","0","","0","0","0","3","3","","1729","0","2","0","0","0","0","0","1","1","2","N","","","","","","","","","","","","03","  ","","",""
"1611","0","0","0","0","0","0","0","0","0","7","1","","36","07","2017","2017072769","1","40.2535","-76.0855","1607","08","0","0","0","0","0","0","0","0","2","0","1","0","16","1","1","00","2","40 15:12.611","6","00","76 05:07.949","3","0","0","0","36210","0","0","0","Y","0","0","0","1","36210","0","","2","01","N","N","0","","1","0","0","0","0","Y","1606","1","1","0","0","0","0","0","1","0","1","N","","","","","","","","","","","","03","  ","","",""
"1822","1","0","0","0","0","0","0","0","0","7","0","","36","07","2017","2017072774","1","40.0447","-76.331","1812","08","0","0","0","0","0","0","0","0","4","0","0","0","18","1","1","01","2","40 02:40.744","6","00","76 19:51.446","4","0","0","0","36220","0","0","0","N","0","0","0","1","36101","1","","4","01","N","N","0","","0","0","0","0","0","Y","1810","1","1","0","0","0","0","0","3","0","1","N","","","","","","","","","","","","03","  ","","",""
"1905","1","0","0","0","0","0","0","0","0","4","0","","36","06","2017","2017072788","6","40.0364","-76.2944","1903","08","0","0","0","0","0","0","0","0","2","0","0","0","19","1","2","00","2","40 02:10.900","5","07","76 17:40.000","2","0","2","1","36301","0","0","0","N","0","0","0","3","36301","0","","1","01","N","N","0","","0","2","0","0","0","N","1902","2","2","0","0","0","0","0","3","0","2","N","","","","","","","","","","","","03","  ","","",""
"0157","0","0","0","0","0","0","0","0","0","7","0","","36","07","2017","2017072805","1","40.2359","-76.0744","0155","08","0","0","0","1","0","0","0","0","","0","0","0","01","3","0","00","0","40 14:09.389","","00","76 04:27.745","0","0","0","0","36401","0","0","0","N","0","0","0","1","36408","0","","4","01","N","N","0","","0","0","1","0","0","","0150","0","1","0","0","0","0","0","1","0","1","N","","","","","","","","","","","","03","  ","","",""
"2242","1","0","0","0","0","0","0","0","0","7","0","","36","07","2017","2017072811","7","40.2886","-76.2043","2238","08","0","0","0","0","0","0","0","0","2","0","0","0","22","2","0","00","1","40 17:18.871","3","00","76 12:15.502","0","0","0","0","36236","0","0","0","N","0","0","0","1","36408","0","","4","01","N","N","0","","0","0","0","0","0","N","2236","0","1","0","0","0","0","0","1","0","1","N","","","","","","","","","","","","03","  ","","",""
"2032","2","0","0","0","0","0","0","0","0","4","0","","36","07","2017","2017072812","7","40.2653","-76.1092","2027","08","1","0","0","1","0","0","0","0","2","0","0","0","20","4","0","01","1","40 15:55.151","2","00","76 06:33.119","0","0","0","0","36236","0","0","0","N","0","0","0","2","36408","0","","1","01","N","N","0","","0","0","0","3","3","N","2025","0","2","0","0","0","0","0","1","0","2","N","","","","","","","","","","","","03","  ","","",""
"1059","1","0","0","0","0","0","0","0","0","1","0","","36","07","2017","2017072883","6","40.0763","-76.3087","1055","08","0","0","0","0","0","1","1","1","","0","0","0","10","1","0","00","0","40 04:34.671","","00","76 18:31.438","0","0","0","0","36101","0","0","0","","0","0","0","3","36101","0","","1","09","N","N","0","","0","0","2","0","0","","1053","0","3","0","0","0","0","0","3","0","3","N","","","","","","","","","","","","07","  ","","",""
"1513","0","0","0","0","0","0","0","0","0","4","0","","36","07","2017","2017072898","5","40.0817","-76.1157","1512","08","0","0","0","0","0","0","1","0","2","0","0","0","15","1","1","01","1","40 04:54.116","5","00","76 06:56.550","3","0","0","0","36209","0","0","0","Y","0","0","0","3","36415","0","","1","01","N","N","1","","1","0","1","3","3","N","1511","1","2","0","0","0","0","2","1","0","2","N","","","","","","","","","","","","03","  ","","",""
"1201","1","0","0","0","0","0","0","0","0","6","1","","36","07","2017","2017072900","5","40.0612","-76.5695","1159","08","0","0","0","0","0","1","0","0","1","0","0","0","11","1","1","00","1","40 03:40.258","1","00","76 34:10.298","8","0","0","0","36211","0","0","0","N","0","0","0","2","36504","0","","1","01","N","N","0","","0","0","0","0","0","N","1155","1","2","0","0","0","1","0","1","1","2","N","","","","","","","","","","","","03","  ","","",""
"2032","0","0","0","0","0","0","0","0","0","7","0","","36","07","2017","2017073029","6","40.1472","-76.2326","2026","08","0","0","0","0","0","1","0","0","3","0","0","0","20","1","0","00","2","40 08:49.879","6","00","76 13:57.534","0","0","0","0","36235","0","0","0","","0","0","0","1","36506","0","","4","01","N","N","0","","0","0","1","0","0","Y","2026","0","1","0","0","0","0","0","1","0","1","N","","","","","","","","","","","","03","  ","","",""
"1600","0","0","0","0","0","0","0","0","0","7","0","","36","07","2017","2017073167","5","40.1754","-76.1375","1555","08","0","0","0","0","0","0","0","0","","0","0","0","15","1","1","00","0","40 10:31.534","","00","76 08:14.988","2","0","1","1","36218","0","0","0","N","0","0","0","1","36408","0","","2","01","N","N","0","","0","1","0","0","0","","1555","1","1","0","0","0","0","0","1","0","1","N","","","","","","","","","","","","03","  ","","",""
"2113","2","0","0","0","0","0","0","0","0","4","0","","36","07","2017","2017073166","2","40.0606","-76.2768","2112","08","0","0","0","0","0","0","0","0","2","0","0","0","21","3","0","01","1","40 03:38.397","4","00","76 16:37.303","0","0","0","0","36101","0","0","0","N","0","0","0","2","36101","0","","1","01","N","N","0","","0","0","0","3","2","N","2109","0","2","0","0","0","0","0","3","0","2","N","","","","","","","","","","","","03","  ","","",""
"2341","1","0","0","0","0","0","0","0","0","7","0","","36","07","2017","2017073179","2","40.0839","-76.4914","2326","08","1","0","0","0","0","0","0","0","","0","0","0","23","2","0","02","0","40 05:01.983","","00","76 29:29.016","0","0","0","0","36230","0","0","0","N","0","0","0","1","36410","0","","4","09","N","N","0","","0","0","0","0","0","","2326","0","1","0","0","0","0","0","1","0","1","N","","","","","","","","","","","","03","  ","","",""
"0010","1","0","0","0","0","0","0","0","0","4","1","","36","07","2017","2017073183","2","40.1544","-76.129","2352","08","0","0","0","0","0","0","0","0","2","0","1","0","23","3","0","00","2","40 09:15.793","4","00","76 07:44.358","0","0","0","0","36218","0","0","0","N","0","0","0","2","36408","0","","1","01","N","N","0","","0","0","0","0","0","N","2345","0","2","0","0","0","0","0","1","0","2","N","","","","","","","","","","","","03","  ","","",""
"0324","1","0","0","0","0","0","0","0","0","7","0","","36","06","2017","2017073211","6","40.2456","-76.1896","0321","08","0","0","0","0","0","1","0","0","1","0","0","0","03","2","0","00","1","40 14:44.178","3","00","76 11:23.290","0","0","0","0","36236","0","0","0","","0","0","0","1","68T06","0","","4","01","N","N","0","","0","0","0","0","0","N","0320","0","1","0","0","0","0","0","1","0","1","N","","","","","","","","","","","","03","  ","","",""
"1646","0","0","0","0","0","0","0","0","0","4","0","","36","07","2017","2017073291","7","40.0299","-76.2948","1645","08","0","0","0","0","0","0","0","0","2","0","0","0","16","1","2","01","2","40 01:47.729","3","00","76 17:41.305","3","0","0","0","36301","0","0","0","N","0","0","0","2","36301","0","","1","01","N","N","1","","2","0","1","3","2","Y","1645","2","2","0","0","0","0","0","3","0","2","N","","","","","","","","","","","","03","  ","","",""
"1523","0","0","0","0","0","0","0","0","0","4","0","","36","07","2017","2017073367","2","40.1381","-76.3026","1516","08","0","0","0","0","0","1","1","0","","0","0","0","15","1","0","00","0","40 08:17.100","","07","76 18:09.300","0","0","0","0","36235","0","0","0","","0","0","0","2","36506","0","","1","09","N","N","1","","0","0","1","0","0","","1516","0","2","0","0","0","0","0","1","0","2","N","","","","","","","","","","","","07","  ","","",""
"2118","0","0","0","0","0","0","0","0","0","1","0","","36","07","2017","2017073383","6","40.0813","-76.2383","2115","08","0","1","0","0","0","1","0","0","","0","0","0","21","2","1","00","0","40 04:52.568","","07","76 14:17.894","4","0","0","0","36234","0","0","0","N","0","0","0","3","36215","1","","1","01","N","N","0","","0","0","2","0","0","","2113","1","2","0","0","0","0","0","1","0","2","N","","","","","","","","","","","","03","  ","","",""