"ARRIVAL_TM","AUTOMOBILE_COUNT","BELTED_DEATH_COUNT","BELTED_SUSP_SERIOUS_INJ_COUNT","BICYCLE_COUNT","BICYCLE_DEATH_COUNT","BICYCLE_SUSP_SERIOUS_INJ_COUNT","BUS_COUNT","CHLDPAS_DEATH_COUNT","CHLDPAS_SUSP_SERIOUS_INJ_COUNT","COLLISION_TYPE","COMM_VEH_COUNT","CONS_ZONE_SPD_LIM","COUNTY","CRASH_MONTH","CRASH_YEAR","CRN","DAY_OF_WEEK","DEC_LAT","DEC_LONG","DISPATCH_TM","DISTRICT","DRIVER_COUNT_16YR","DRIVER_COUNT_17YR","DRIVER_COUNT_18YR","DRIVER_COUNT_19YR","DRIVER_COUNT_20YR","DRIVER_COUNT_50_64YR","DRIVER_COUNT_65_74YR","DRIVER_COUNT_75PLUS","EST_HRS_CLOSED","FATAL_COUNT","HEAVY_TRUCK_COUNT","HORSE_BUGGY_COUNT","HOUR_OF_DAY","ILLUMINATION","INJURY_COUNT","INTERSECT_TYPE","LANE_CLOSED","LATITUDE","LN_CLOSE_DIR","LOCATION_TYPE","LONGITUDE","MAX_SEVERITY_LEVEL","MCYCLE_DEATH_COUNT","MCYCLE_SUSP_SERIOUS_INJ_COUNT","MOTORCYCLE_COUNT","MUNICIPALITY","NONMOTR_COUNT","NONMOTR_DEATH_COUNT","NONMOTR_SUSP_SERIOUS_INJ_COUNT","NTFY_HIWY_MAINT","PED_COUNT","PED_DEATH_COUNT","PED_SUSP_SERIOUS_INJ_COUNT","PERSON_COUNT","POLICE_AGCY","POSSIBLE_INJ_COUNT","RDWY_SURF_TYPE_CD","RELATION_TO_ROAD","ROAD_CONDITION","SCH_BUS_IND","SCH_ZONE_IND","SMALL_TRUCK_COUNT","SPEC_JURIS_CD","SUSP_MINOR_INJ_COUNT","SUSP_SERIOUS_INJ_COUNT","SUV_COUNT","TCD_FUNC_CD","TCD_TYPE","TFC_DETOUR_IND","TIME_OF_DAY","TOT_INJ_COUNT","TOTAL_UNITS","UNB_DEATH_COUNT","UNB_SUSP_SERIOUS_INJ_COUNT","UNBELTED_OCC_COUNT","UNK_INJ_DEG_COUNT","UNK_INJ_PER_COUNT","URBAN_RURAL","VAN_COUNT","VEHICLE_COUNT","WORK_ZONE_IND","WORK_ZONE_LOC","WORK_ZONE_TYPE","WORKERS_PRES","WZ_CLOSE_DETOUR","WZ_FLAGGER","WZ_LAW_OFFCR_IND","WZ_LN_CLOSURE","WZ_MOVING","WZ_OTHER","WZ_SHLDER_MDN","ROADWAY_CLEARED","WEATHER1","WEATHER2","WZ_WORKERS_INJ_KILLED","SECONDARY_CRASH","INTERSECTION_RELATED"
"1702","2","0","0","0","0","0","0","0","0","1","0","","36","07","2017","2017073374","3","40.0632","-76.3057","1702","08","0","0","1","0","0","0","0","0","","0","0","0","16","1","1","00","0","40 03:47.393","","07","76 18:20.614","4","0","0","0","36101","0","0","0","N","0","0","0","2","36101","1","","1","01","N","N","0","","0","0","0","0","0","","1655","1","3","0","0","0","0","0","3","0","2","N","","","","","","","","","","","","03","  ","","",""
"1221","1","0","0","0","0","0","0","0","0","4","0","","36","07","2017","2017073378","3","40.1433","-76.3047","1219","08","0","1","0","0","0","1","0","0","","0","0","0","12","1","0","00","0","40 08:35.990","","00","76 18:16.872","0","0","0","0","36409","0","0","0","N","0","0","0","4","36409","0","","1","01","N","N","0","","0","0","1","0","0","","1219","0","2","0","0","0","0","0","3","0","2","N","","","","","","","","","","","","03","  ","","",""
"2008","4","0","0","0","0","0","0","0","0","5","0","","36","04","2017","2017073402","7","40.0387","-76.2984","2005","08","0","0","0","0","0","1","0","0","2","0","0","0","20","3","0","00","1","40 02:19.471","3","00","76 17:54.399","0","0","0","0","36301","0","0","0","N","0","0","0","1","36301","0","","6","01","N","N","0","","0","0","0","0","0","Y","2005","0","5","0","0","0","0","0","3","1","5","N","","","","","","","","","","","","03","  ","","",""
"0604","1","0","0","0","0","0","0","0","0","7","0","","36","07","2017","2017073415","3","40.1263","-76.4634","0559","08","0","0","0","0","0","1","0","0","4","0","0","0","05","5","0","00","2","40 07:34.681","6","00","76 27:48.139","0","0","0","0","36230","0","0","0","Y","0","0","0","2","36410","0","","4","01","N","N","0","","0","0","0","0","0","Y","0557","0","1","0","0","0","0","0","1","0","1","N","","","","","","","","","","","","03","  ","","",""
"1410","0","0","0","0","0","0","0","0","0","4","0","","36","07","2017","2017073467","3","40.1256","-76.6508","1359","08","0","0","0","0","0","0","0","1","2","0","0","0","13","1","0","01","1","40 07:32.192","1","00","76 39:03.031","0","0","0","0","36237","0","0","0","N","0","0","0","2","36505","0","","1","01","N","N","0","","0","0","2","3","3","N","1355","0","2","0","0","0","0","0","1","0","2","N","","","","","","","","","","","","03","  ","","",""
"1135","2","0","0","0","0","0","0","0","0","4","0","","36","07","2017","2017073469","3","40.0375","-76.4466","1130","08","0","0","0","0","0","0","2","0","2","0","0","0","11","1","1","01","2","40 02:15.040","4","00","76 26:47.880","8","0","0","0","36239","0","0","0","N","0","0","0","2","36239","0","","1","01","N","N","0","","0","0","0","0","0","N","1130","1","2","0","0","0","1","0","3","0","2","N","","","","","","","","","","","","03","  ","","",""
"0133","0","0","0","0","0","0","0","0","0","7","0","","36","07","2017","2017073479","1","40.0089","-76.3777","0129","08","0","0","0","0","0","0","0","0","","0","0","0","01","2","1","01","0","40 00:32.058","","00","76 22:39.662","4","0","0","1","36223","0","0","0","","0","0","0","1","36223","1","","4","01","N","N","0","","0","0","0","0","0","","0127","1","1","0","0","0","0","0","1","0","1","N","","","","","","","","","","","","03","  ","","",""
"0244","0","0","0","0","0","0","0","0","0","7","0","","36","07","2017","2017073480","1","40.0319","-76.361","0244","08","0","0","0","0","0","0","0","0","5","0","0","0","02","3","1","00","2","40 01:54.969","5","00","76 21:39.700","8","0","0","0","36223","0","0","0","","0","0","0","1","36223","0","","4","01","N","N","0","","0","0","1","0","0","Y","0244","1","1","0","0","0","1","0","1","0","1","N","","","","","","","","","","","","03","  ","","",""
"1418","2","0","0","0","0","0","0","0","0","4","0","","36","07","2017","2017073589","4","40.1683","-76.2024","1414","08","0","0","0","0","0","0","0","2","2","0","0","0","14","1","0","03","1","40 10:05.887","2","00","76 12:08.572","0","0","0","0","36218","0","0","0","N","0","0","0","3","36408","0","","1","01","N","N","0","","0","0","0","3","3","N","1412","0","2","0","0","0","0","0","1","0","2","N","","","","","","","","","","","","03","  ","","",""
"1440","2","0","0","0","0","0","0","0","0","4","0","","36","07","2017","2017073630","3","40.1665","-76.3186","1437","08","0","0","0","0","0","0","0","0","","0","0","0","14","1","1","01","0","40 09:59.332","","00","76 19:06.822","8","0","0","0","36235","0","0","0","","0","0","0","2","36506","0","","1","01","N","N","0","","0","0","0","0","0","","1435","1","2","0","0","0","1","0","1","0","2","N","","","","","","","","","","","","03","  ","","",""
"1244","2","0","0","0","0","0","0","0","0","1","0","","36","07","2017","2017073681","4","40.0428","-76.238","1235","08","0","0","0","0","1","0","0","0","","0","0","0","12","1","0","02","0","40 02:33.930","","00","76 14:16.852","0","0","0","0","36215","0","0","0","","0","0","0","5","36215","0","","1","01","N","N","0","","0","0","0","0","0","","1233","0","3","0","0","0","0","0","1","1","3","N","","","","","","","","","","","","03","  ","","",""
"1610","1","0","0","0","0","0","0","0","0","7","0","","36","07","2017","2017073757","6","40.0983","-76.2668","1558","08","0","0","1","0","0","0","0","0","","0","0","0","15","1","0","00","0","40 05:53.717","","07","76 16:00.556","0","0","0","0","36101","0","0","0","N","0","0","0","1","36101","0","","4","01","N","N","0","","0","0","0","0","0","","1556","0","1","0","0","0","0","0","3","0","1","N","","","","","","","","","","","","03","  ","","",""
"1211","0","0","0","0","0","0","0","0","0","1","0","","36","07","2017","2017073785","1","40.0608","-76.5367","1210","08","0","0","0","0","0","0","0","0","","0","0","0","12","1","1","02","0","40 03:39.018","","00","76 32:12.028","3","0","0","0","36211","0","0","0","N","0","0","0","3","36504","0","","1","01","N","N","0","","1","0","1","3","2","","1209","1","2","0","0","0","0","0","1","1","2","N","","","","","","","","","","","","03","  ","","",""
"1132","1","0","0","0","0","0","0","0","0","7","0","","36","07","2017","2017073817","7","40.1322","-76.6068","1126","08","1","0","0","0","0","0","0","0","1","0","0","0","11","1","0","00","1","40 07:55.900","1","00","76 36:24.500","0","0","0","0","36237","0","0","0","N","0","0","0","1","36505","0","","4","01","N","N","0","","0","0","0","0","0","N","1123","0","1","0","0","0","0","0","1","0","1","N","","","","","","","","","","","","03","  ","","",""
"0335","1","0","0","0","0","0","0","0","0","5","0","","36","07","2017","2017073965","7","40.0709","-76.3262","0331","08","0","0","0","0","1","1","0","0","","0","0","0","03","3","1","00","0","40 04:15.399","","03","76 19:34.147","3","0","0","0","36301","0","0","0","N","0","0","0","2","36301","0","","1","01","N","N","0","","1","0","1","0","0","","0331","1","2","0","0","0","0","0","3","0","2","N","","","","","","","","","","","","03","  ","","",""
"1802","1","0","0","0","0","0","0","0","0","4","0","","36","07","2017","2017073977","4","40.0592","-76.069","1753","08","0","0","0","0","0","1","0","0","2","0","0","0","17","1","0","01","1","40 03:33.201","2","00","76 04:08.417","0","0","0","0","36209","0","0","0","N","0","0","0","3","36415","0","","1","01","N","N","1","","0","0","0","3","3","Y","1753","0","2","0","0","0","0","0","1","0","2","N","","","","","","","","","","","","03","  ","","",""
"1320","0","0","0","0","0","0","0","0","0","4","1","","36","07","2017","2017073981","4","40.1117","-76.4525","1313","08","0","0","0","0","0","0","0","0","1","0","1","0","13","1","0","00","1","40 06:42.111","4","07","76 27:08.955","0","0","0","0","36230","0","0","0","N","0","0","0","2","36410","0","","1","01","N","N","1","","0","0","0","0","0","N","1313","0","2","0","0","1","0","0","1","0","2","N","","","","","","","","","","","","03","  ","","",""
"2235","1","0","0","0","0","0","0","0","0","7","0","","36","07","2017","2017073985","4","40.0018","-76.2115","2230","08","0","0","0","0","0","0","0","0","","0","0","0","22","2","0","00","0","40 00:06.361","","00","76 12:41.286","0","0","0","0","36240","0","0","0","N","0","0","0","1","36240","0","","4","01","N","N","0","","0","0","0","0","0","","2230","0","1","0","0","1","0","0","1","0","1","N","","","","","","","","","","","","03","  ","","",""
"1300","1","0","0","0","0","0","0","0","0","7","0","","36","07","2017","2017074072","4","40.0271","-76.2673","1254","08","0","0","0","0","0","0","0","0","2","0","0","0","12","1","1","02","1","40 01:37.675","2","07","76 16:02.402","4","0","0","0","36301","0","0","0","N","0","0","0","1","36240","1","","5","01","N","N","0","","0","0","0","3","3","N","1251","1","1","0","0","0","0","0","3","0","1","N","","","","","","","","","","","","03","  ","","",""
"1901","1","0","0","0","0","0","0","0","0","1","0","","36","07","2017","2017074117","6","40.075","-76.2858","1850","08","0","0","0","0","0","1","0","0","2","0","0","0","18","1","0","00","1","40 04:30.116","2","00","76 17:08.909","0","0","0","0","36101","0","0","0","N","0","0","0","3","36101","0","","1","01","N","N","0","","0","0","1","0","0","N","1835","0","2","0","0","0","0","0","3","0","2","N","","","","","","","","","","","","03","  ","","",""
"1123","2","0","0","0","0","0","0","0","0","1","0","","36","07","2017","2017074138","5","40.0383","-76.4241","1116","08","0","0","0","1","0","0","0","0","1","0","0","0","11","1","0","02","1","40 02:17.808","4","00","76 25:26.696","0","0","0","0","36414","0","0","0","N","0","0","0","3","36239","0","","1","01","N","N","0","","0","0","0","0","0","N","1116","0","2","0","0","0","0","0","3","0","2","N","","","","","","","","","","","","03","  ","","",""
"1530","0","0","0","0","0","0","0","0","0","1","0","","36","07","2017","2017074143","2","40.0633","-76.3239","1528","08","0","0","0","0","0","2","0","0","","0","0","0","13","1","0","00","0","40 03:47.786","","00","76 19:26.037","0","0","0","0","36301","0","0","0","N","0","0","0","2","36301","0","","1","01","N","N","1","","0","0","1","0","0","","1327","0","2","0","0","0","0","0","3","0","2","N","","","","","","","","","","","","03","  ","","",""
"1447","1","0","0","0","0","0","0","0","0","1","0","","36","07","2017","2017074164","5","40.0561","-76.3881","1436","08","0","0","0","0","0","0","1","0","","0","0","0","14","1","0","02","0","40 03:21.879","","00","76 23:17.219","0","0","0","0","36214","0","0","0","N","0","0","0","2","36214","0","","1","01","N","N","0","","0","0","1","0","0","","1430","0","2","0","0","0","0","0","3","0","2","N","","","","","","","","","","","","03","  ","","",""
"1134","1","0","0","0","0","0","0","0","0","7","0","","36","07","2017","2017074166","5","40.0516","-76.3274","1121","08","0","0","0","0","0","0","0","0","","0","0","0","11","1","0","00","0","40 03:05.900","","00","76 19:38.600","0","0","0","0","36101","0","0","0","N","0","0","0","1","36101","0","","2","01","N","N","0","","0","0","0","0","0","","1120","0","1","0","0","0","0","0","3","0","1","N","","","","","","","","","","","","03","  ","","",""
"1720","2","0","0","0","0","0","0","0","0","1","0","","36","07","2017","2017074172","3","40.1106","-76.3055","1657","08","0","0","0","0","0","0","0","0","","0","0","0","16","1","0","00","0","40 06:38.074","","00","76 18:19.958","0","0","0","0","36101","0","0","0","N","0","0","0","4","36101","0","","1","01","N","N","0","","0","0","0","0","0","","1655","0","2","0","0","0","0","0","3","0","2","N","","","","","","","","","","","","03","  ","","",""
"1612","0","0","0","0","0","0","0","0","0","5","0","","36","07","2017","2017074179","5","40.0573","-76.3966","1608","08","0","0","0","0","0","1","0","0","1","0","0","0","16","1","0","00","2","40 03:26.169","4","00","76 23:47.918","0","0","0","0","36214","0","0","0","N","0","0","0","2","36214","0","","6","01","N","N","1","","0","0","0","0","0","N","1607","0","2","0","0","0","0","0","3","1","2","N","","","","","","","","","","","","03","  ","","",""
"1924","0","0","0","0","0","0","0","0","0","5","0","","36","07","2017","2017074186","7","40.0346","-76.3206","1821","08","0","0","0","0","0","0","0","0","","0","0","0","18","1","0","00","0","40 02:04.700","","00","76 19:14.100","9","0","0","0","36301","0","0","0","N","0","0","0","1","36301","0","","6","01","N","N","0","","0","0","1","0","0","","1821","0","2","0","0","0","0","1","3","1","2","N","","","","","","","","","","","","03","  ","","",""
"1738","2","0","0","0","0","0","0","0","0","4","0","","36","07","2017","2017074303","5","40.214","-76.1583","1732","08","0","0","0","0","0","1","0","0","2","0","0","0","17","1","0","01","1","40 12:50.259","2","00","76 09:29.735","0","0","0","0","36210","0","0","0","N","0","0","0","2","36408","0","","1","01","N","N","0","","0","0","0","3","3","N","1729","0","2","0","0","0","0","0","1","0","2","N","","","","","","","","","","","","03","  ","","",""
"0309","1","0","0","0","0","0","0","0","0","7","0","","36","07","2017","2017074309","2","40.1116","-76.1082","0304","08","0","0","0","0","0","0","0","0","2","0","0","0","03","2","0","02","1","40 06:41.706","5","00","76 06:29.592","0","0","0","0","36209","0","0","0","N","0","0","0","1","36415","0","","5","01","N","N","0","","0","0","0","3","3","N","0304","0","1","0","0","0","0","0","1","0","1","N","","","","","","","","","","","","03","  ","","",""
"2010","0","0","0","0","0","0","0","0","0","7","0","","36","07","2017","2017074311","4","40.0381","-76.3215","2007","08","0","0","0","0","0","0","0","0","","0","0","0","20","1","0","01","0","40 02:17.091","","00","76 19:17.471","0","0","0","0","36301","0","0","0","N","0","0","0","2","36301","0","","4","01","N","N","0","","0","0","1","9","2","","2005","0","1","0","0","0","0","0","3","0","1","N","","","","","","","","","","","","03","  ","","",""
"1844","1","0","0","0","0","0","0","0","0","1","0","","36","07","2017","2017074329","5","40.0787","-76.3464","1834","08","0","0","0","1","0","0","0","1","","0","0","0","18","1","1","02","0","40 04:43.396","","02","76 20:46.905","4","0","0","0","36101","0","0","0","N","0","0","0","2","36101","1","","1","01","N","N","0","","0","0","1","3","3","","1830","1","2","0","0","0","0","0","3","0","2","N","","","","","","","","","","","","03","  ","","",""
"2346","1","0","0","0","0","0","0","0","0","5","0","","36","07","2017","2017074343","4","40.1038","-76.3599","2335","08","0","0","0","0","0","1","0","0","","0","0","0","23","2","0","00","0","40 06:13.800","","00","76 21:35.700","0","0","0","0","36406","0","0","0","N","0","0","0","1","36101","0","","6","01","N","N","0","","0","0","1","0","0","","2329","0","2","0","0","1","0","0","3","0","2","N","","","","","","","","","","","","03","  ","","",""
"1220","0","0","0","0","0","0","0","0","0","1","1","","36","07","2017","2017074389","3","40.1233","-76.3753","1215","08","0","0","0","0","1","1","0","0","1","0","1","0","12","1","0","01","1","40 07:23.702","3","00","76 22:31.147","0","0","0","0","36214","0","0","0","","0","0","0","2","36214","0","","1","01","N","N","1","","0","0","0","0","0","N","1210","0","2","0","0","0","0","0","3","0","2","N","","","","","","","","","","","","03","  ","","",""
"1647","1","0","0","0","0","0","0","0","0","5","0","","36","07","2017","2017074390","4","40.0349","-76.3547","1636","08","0","0","0","0","0","1","0","0","","0","0","0","16","1","0","00","0","40 02:05.520","","00","76 21:16.940","0","0","0","0","36223","0","0","0","","0","0","0","1","36223","0","","1","01","N","N","1","","0","0","0","0","0","","1634","0","2","0","0","0","0","0","1","0","2","N","","","","","","","","","","","","03","  ","","",""
"1352","1","0","0","0","0","0","0","0","0","1","0","","36","06","2017","2017074391","3","39.9993","-76.4264","1344","08","0","0","0","1","0","0","0","0","","0","0","0","13","1","0","03","0","39 59:57.518","","00","76 25:35.198","0","0","0","0","36223","0","0","0","","0","0","0","2","36223","0","","1","01","N","N","0","","0","0","1","0","0","","1344","0","2","0","0","0","0","0","1","0","2","N","","","","","","","","","","","","03","  ","","",""
"0814","2","0","0","0","0","0","0","0","0","4","0","","36","07","2017","2017074437","6","40.0792","-76.3465","0807","08","0","0","0","0","0","0","0","0","1","0","0","0","08","1","0","02","1","40 04:44.998","7","02","76 20:47.326","0","0","0","0","36101","0","0","0","N","0","0","0","2","36101","0","","1","01","N","N","0","","0","0","0","3","3","Y","0805","0","2","0","0","0","0","0","3","0","2","N","","","","","","","","","","","","03","  ","","",""
"1510","0","0","0","0","0","0","0","0","0","1","0","","36","07","2017","2017074500","3","40.0916","-76.129","1501","08","0","0","0","0","0","1","0","0","1","0","0","0","15","1","1","00","1","40 05:29.749","6","00","76 07:44.237","4","0","0","0","36209","0","0","0","N","0","0","0","2","36415","1","","1","01","N","N","1","","0","0","1","0","0","N","1501","1","2","0","0","0","0","0","1","0","2","N","","","","","","","","","","","","03","  ","","",""
"0909","0","0","0","0","0","0","0","0","0","4","0","","36","07","2017","2017074546","6","40.1451","-76.3622","0902","08","0","0","0","0","0","0","0","0","","0","0","0","09","1","1","01","0","40 08:42.294","","00","76 21:43.825","8","0","0","1","36227","0","0","0","","0","0","0","5","36506","0","","1","01","N","N","0","","0","0","1","3","3","","0902","1","2","0","0","0","1","0","1","0","2","N","","","","","","","","","","","","03","  ","","",""
"0119","1","0","0","0","0","0","0","0","0","7","0","","36","07","2017","2017074634","7","40.0525","-76.3951","0119","08","0","0","0","0","0","0","0","0","2","0","0","0","01","2","1","06","2","40 03:06.187","4","02","76 23:51.019","4","0","0","0","36214","0","0","0","N","0","0","0","1","36214","1","","5","01","N","N","0","","0","0","0","0","0","Y","0115","1","1","0","0","0","0","0","3","0","1","N","","","","","","","","","","","","03","  ","","",""
"0630","1","0","0","0","0","0","0","0","0","7","0","","36","07","2017","2017074707","7","39.9421","-76.3531","0627","08","0","1","0","0","0","0","0","0","1","0","0","0","06","1","0","00","1","39 56:31.512","1","00","76 21:11.202","0","0","0","0","36206","0","0","0","N","0","0","0","1","36503","0","","4","01","N","N","0","","0","0","0","0","0","Y","0625","0","1","0","0","0","0","0","1","0","1","N","","","","","","","","","","","","03","  ","","",""
"0758","2","0","0","0","0","0","0","0","0","5","0","","36","07","2017","2017074723","7","40.0495","-76.2927","0754","08","0","0","0","0","0","0","0","0","1","0","0","0","07","1","0","00","2","40 02:58.165","6","00","76 17:33.671","0","0","0","0","36301","0","0","0","N","0","0","0","1","36301","0","","6","01","N","N","0","","0","0","0","0","0","Y","0754","0","2","0","0","0","0","0","3","0","2","N","","","","","","","","","","","","03","  ","","",""
"1022","0","0","0","0","0","0","0","0","0","4","0","","36","07","2017","2017074727","2","40.0514","-76.2993","1016","08","0","0","0","0","0","0","0","0","2","0","0","0","10","1","2","01","2","40 03:04.870","5","00","76 17:57.631","3","0","0","0","36301","0","0","0","N","0","0","0","2","36301","1","","1","01","N","N","0","","1","0","2","3","3","Y","1016","2","2","0","0","0","0","0","3","0","2","N","","","","","","","","","","","","03","  ","","",""
"1747","1","0","0","0","0","0","0","0","0","4","1","","36","07","2017","2017074733","5","40.0792","-76.3465","1740","08","0","0","1","0","0","0","0","0","","0","0","0","17","1","1","02","0","40 04:44.985","","02","76 20:47.323","3","0","0","0","36101","0","0","0","N","0","0","0","2","36101","0","","1","01","N","N","0","","1","0","0","3","3","","1736","1","2","0","0","0","0","0","3","1","2","N","","","","","","","","","","","","03","  ","","",""
"1651","0","0","0","0","0","0","0","0","0","7","0","","36","07","2017","2017074746","2","40.1415","-76.2003","1645","08","0","0","0","0","0","0","0","0","2","0","0","0","16","1","0","00","1","40 08:29.471","1","00","76 12:00.990","0","0","0","0","36238","0","0","0","Y","0","0","0","2","36238","0","","3","01","N","N","1","","0","0","0","0","0","N","1642","0","1","0","0","0","0","0","3","0","1","N","","","","","","","","","","","","03","  ","","",""
"1107","1","0","0","0","0","0","0","0","0","4","0","","36","07","2017","2017074753","7","40.0405","-76.3641","1059","08","0","0","0","0","0","0","0","0","","0","0","0","10","1","0","00","0","40 02:25.629","","07","76 21:50.847","0","0","0","0","36214","0","0","0","N","0","0","0","3","36214","0","","1","01","N","N","1","","0","0","0","0","0","","1058","0","2","0","0","0","0","0","3","0","2","N","","","","","","","","","","","","03","  ","","",""
"2001","2","0","0","0","0","0","0","0","0","4","0","","36","07","2017","2017074773","6","40.0191","-76.3305","1959","08","0","0","0","0","0","1","0","0","3","0","0","0","19","1","2","02","2","40 01:08.644","7","00","76 19:49.720","4","0","0","0","36220","0","0","0","N","0","0","0","5","36101","2","","1","01","N","N","0","","0","0","0","3","3","Y","1957","2","2","0","0","0","0","0","3","0","2","N","","","","","","","","","","","","03","  ","","",""
"1150","0","0","0","0","0","0","0","0","0","4","0","","36","07","2017","2017074794","7","40.0609","-76.568","1147","08","0","0","0","0","0","0","0","1","2","0","0","0","11","1","1","01","1","40 03:39.357","5","00","76 34:04.694","8","0","0","1","36211","0","0","0","N","0","0","0","4","36504","0","","1","01","N","N","0","","0","0","1","3","2","Y","1145","1","2","0","0","0","1","0","1","0","2","N","","","","","","","","","","","","03","  ","","",""
"2119","0","0","0","0","0","0","0","0","0","9","0","","36","07","2017","2017074820","7","40.2353","-76.2907","2108","08","0","0","0","0","0","0","0","0","","0","0","0","21","2","0","00","0","40 14:06.956","","00","76 17:23.880","0","0","0","0","36217","0","0","0","","0","0","0","1","68T06","0","","1","01","N","N","0","","0","0","1","0","0","","2105","0","1","0","0","0","0","0","1","0","1","N","","","","","","","","","","","","03","  ","","",""
"1914","1","0","0","0","0","0","0","0","0","1","0","","36","07","2017","2017074857","3","40.1211","-76.2134","1904","08","0","0","0","1","0","0","0","1","2","0","0","0","19","1","2","00","2","40 07:15.939","4","00","76 12:48.193","3","0","0","0","36238","0","0","0","N","0","0","0","6","36238","0","","1","01","N","N","0","","2","0","0","0","0","Y","1900","2","2","0","0","0","0","0","3","1","2","N","","","","","","","","","","","","03","  ","","",""
"1506","0","0","0","0","0","0","0","0","0","7","0","","36","07","2017","2017074883","5","40.1854","-76.127","1458","08","0","0","0","0","0","0","0","0","2","0","0","0","14","1","1","00","1","40 11:07.349","1","00","76 07:37.242","3","0","0","0","36210","0","0","0","Y","0","0","0","1","36210","0","","3","01","N","N","0","","1","0","1","0","0","N","1456","1","1","0","0","0","0","0","1","0","1","N","","","","","","","","","","","","03","  ","","",""
"1817","0","0","0","0","0","0","0","0","0","4","1","","36","07","2017","2017074902","7","40.2123","-76.0821","1815","08","0","0","0","0","0","1","1","0","","0","1","0","18","1","1","02","0","40 12:44.155","","00","76 04:55.577","4","0","0","0","36210","0","0","0","N","0","0","0","5","36210","1","","1","01","N","N","0","","0","0","1","3","3","","1812","1","2","0","0","0","0","0","1","0","2","N","","","","","","","","","","","","03","  ","","",""
"1436","2","0","0","0","0","0","0","0","0","5","0","","36","07","2017","2017074999","6","40.161","-76.3077","1433","08","0","0","0","0","0","1","0","0","","0","0","0","14","1","0","00","0","40 09:39.451","","00","76 18:27.836","0","0","0","0","36409","0","0","0","N","0","0","0","1","36409","0","","6","01","N","N","0","","0","0","0","0","0","","1433","0","3","0","0","0","0","0","3","1","3","N","","","","","","","","","","","","03","  ","","",""
"1533","1","0","0","0","0","0","0","0","0","1","1","","36","07","2017","2017075016","7","40.0515","-76.29","1518","08","0","0","0","0","0","0","1","0","","0","1","0","15","1","0","01","0","40 03:05.310","","00","76 17:24.098","0","0","0","0","36301","0","0","0","N","0","0","0","4","36301","0","","1","01","N","N","0","","0","0","0","3","2","","1518","0","2","0","0","0","0","0","3","0","2","N","","","","","","","","","","","","03","  ","","",""
"1028","2","0","0","0","0","0","0","0","0","6","0","","36","07","2017","2017075025","1","40.0335","-76.4992","1025","08","0","0","0","0","0","0","0","0","","0","0","0","10","1","0","00","0","40 02:00.700","","00","76 29:57.100","0","0","0","0","36404","0","0","0","N","0","0","0","1","36404","0","","6","01","N","N","0","","0","0","1","0","0","","1028","0","3","0","0","0","0","0","3","0","3","N","","","","","","","","","","","","03","  ","","",""
"1214","2","0","0","0","0","0","0","0","0","1","0","","36","07","2017","2017075035","1","40.2184","-76.0919","1209","08","0","1","0","1","0","0","0","0","1","0","0","0","12","1","0","00","1","40 13:06.133","6","00","76 05:30.753","0","0","0","0","36210","0","0","0","N","0","0","0","2","36210","0","","1","01","N","N","0","","0","0","0","0","0","N","1205","0","2","0","0","0","0","0","1","0","2","N","","","","","","","","","","","","03","  ","","",""
"1258","1","0","0","0","0","0","0","0","0","4","0","","36","07","2017","2017075044","1","40.214","-76.1583","1254","08","0","0","0","0","0","0","0","0","2","0","0","0","12","1","0","01","1","40 12:50.259","4","00","76 09:29.735","0","0","0","0","36210","0","0","0","N","0","0","0","4","36408","0","","1","01","N","N","0","","0","0","0","3","3","Y","1250","0","2","0","0","0","0","0","1","1","2","N","","","","","","","","","","","","03","  ","","",""
"1436","0","0","0","0","0","0","0","0","0","7","0","","36","07","2017","2017075045","1","40.2172","-76.4511","1423","08","0","0","0","0","0","1","0","0","","0","0","0","14","1","1","00","0","40 13:01.778","","00","76 27:03.893","8","0","0","0","36230","0","0","0","N","0","0","0","1","36410","0","","4","01","N","N","1","","0","0","0","0","0","","1423","1","1","0","0","0","1","0","1","0","1","N","","","","","","","","","","","","03","  ","","",""
"1820","1","0","0","0","0","0","0","0","0","4","0","","36","07","2017","2017075150","3","40.2667","-76.1077","1815","08","0","0","0","0","0","0","1","0","","0","0","0","18","1","0","00","0","40 16:00.119","","07","76 06:27.829","0","0","0","0","36210","0","0","0","N","0","0","0","2","36210","0","","1","01","N","N","1","","0","0","0","0","0","","1809","0","2","0","0","0","0","0","1","0","2","N","","","","","","","","","","","","03","  ","","",""
"2038","2","0","0","0","0","0","0","0","0","1","0","","36","07","2017","2017075160","7","40.0287","-76.306","2038","08","0","0","0","0","0","1","0","0","3","0","0","0","20","1","1","00","1","40 01:43.486","2","00","76 18:21.584","3","0","0","0","36301","0","0","0","N","0","0","0","1","36301","0","","6","01","N","N","0","","1","0","2","0","0","N","2038","1","4","0","0","0","0","0","3","0","4","N","","","","","","","","","","","","03","  ","","",""
"1823","0","0","0","0","0","0","0","0","0","7","0","","36","07","2017","2017075163","1","40.0032","-76.3565","1820","08","0","0","0","0","0","0","0","0","2","0","0","0","18","1","0","00","1","40 00:11.509","1","00","76 21:23.330","0","0","0","0","36412","0","0","0","Y","0","0","0","1","36412","0","","2","09","N","N","1","","0","0","0","0","0","Y","1815","0","1","0","0","0","0","0","3","0","1","N","","","","","","","","","","","","07","  ","","",""