"ARRIVAL_TM","AUTOMOBILE_COUNT","BELTED_DEATH_COUNT","BELTED_SUSP_SERIOUS_INJ_COUNT","BICYCLE_COUNT","BICYCLE_DEATH_COUNT","BICYCLE_SUSP_SERIOUS_INJ_COUNT","BUS_COUNT","CHLDPAS_DEATH_COUNT","CHLDPAS_SUSP_SERIOUS_INJ_COUNT","COLLISION_TYPE","COMM_VEH_COUNT","CONS_ZONE_SPD_LIM","COUNTY","CRASH_MONTH","CRASH_YEAR","CRN","DAY_OF_WEEK","DEC_LAT","DEC_LONG","DISPATCH_TM","DISTRICT","DRIVER_COUNT_16YR","DRIVER_COUNT_17YR","DRIVER_COUNT_18YR","DRIVER_COUNT_19YR","DRIVER_COUNT_20YR","DRIVER_COUNT_50_64YR","DRIVER_COUNT_65_74YR","DRIVER_COUNT_75PLUS","EST_HRS_CLOSED","FATAL_COUNT","HEAVY_TRUCK_COUNT","HORSE_BUGGY_COUNT","HOUR_OF_DAY","ILLUMINATION","INJURY_COUNT","INTERSECT_TYPE","LANE_CLOSED","LATITUDE","LN_CLOSE_DIR","LOCATION_TYPE","LONGITUDE","MAX_SEVERITY_LEVEL","MCYCLE_DEATH_COUNT","MCYCLE_SUSP_SERIOUS_INJ_COUNT","MOTORCYCLE_COUNT","MUNICIPALITY","NONMOTR_COUNT","NONMOTR_DEATH_COUNT","NONMOTR_SUSP_SERIOUS_INJ_COUNT","NTFY_HIWY_MAINT","PED_COUNT","PED_DEATH_COUNT","PED_SUSP_SERIOUS_INJ_COUNT","PERSON_COUNT","POLICE_AGCY","POSSIBLE_INJ_COUNT","RDWY_SURF_TYPE_CD","RELATION_TO_ROAD","ROAD_CONDITION","SCH_BUS_IND","SCH_ZONE_IND","SMALL_TRUCK_COUNT","SPEC_JURIS_CD","SUSP_MINOR_INJ_COUNT","SUSP_SERIOUS_INJ_COUNT","SUV_COUNT","TCD_FUNC_CD","TCD_TYPE","TFC_DETOUR_IND","TIME_OF_DAY","TOT_INJ_COUNT","TOTAL_UNITS","UNB_DEATH_COUNT","UNB_SUSP_SERIOUS_INJ_COUNT","UNBELTED_OCC_COUNT","UNK_INJ_DEG_COUNT","UNK_INJ_PER_COUNT","URBAN_RURAL","VAN_COUNT","VEHICLE_COUNT","WORK_ZONE_IND","WORK_ZONE_LOC","WORK_ZONE_TYPE","WORKERS_PRES","WZ_CLOSE_DETOUR","WZ_FLAGGER","WZ_LAW_OFFCR_IND","WZ_LN_CLOSURE","WZ_MOVING","WZ_OTHER","WZ_SHLDER_MDN","ROADWAY_CLEARED","WEATHER1","WEATHER2","WZ_WORKERS_INJ_KILLED","SECONDARY_CRASH","INTERSECTION_RELATED"
"2035","1","0","0","0","0","0","0","0","0","9","0","","36","07","2017","2017075169","1","40.0805","-76.2779","2029","08","0","0","0","0","0","0","0","0","1","0","0","0","20","2","0","00","1","40 04:49.770","1","00","76 16:40.484","0","0","0","0","36101","0","0","0","N","0","0","0","1","36101","0","","1","09","N","N","0","","0","0","0","0","0","N","2027","0","1","0","0","0","0","0","3","0","1","N","","","","","","","","","","","","07","  ","","",""
"2011","0","0","0","0","0","0","0","0","0","5","0","","36","07","2017","2017075171","1","40.0415","-76.3189","2009","08","0","0","0","0","0","0","0","0","2","0","0","0","20","3","1","00","1","40 02:29.500","4","00","76 19:07.900","4","0","0","0","36301","0","0","0","N","0","0","0","1","36301","1","","6","09","N","N","0","","0","0","1","0","0","N","2009","1","2","0","0","0","0","0","3","1","2","N","","","","","","","","","","","","07","  ","","",""
"1944","0","0","0","0","0","0","0","0","0","7","0","","36","07","2017","2017075172","1","40.0277","-76.3011","1941","08","0","0","0","1","0","0","0","0","","0","0","0","19","1","2","00","0","40 01:39.600","","00","76 18:04.000","3","0","0","0","36301","0","0","0","N","0","0","0","3","36301","1","","2","09","N","N","0","","1","0","1","0","0","","1941","2","1","0","0","3","0","0","3","0","1","N","","","","","","","","","","","","07","  ","","",""
"1853","2","0","0","0","0","0","0","0","0","1","0","","36","07","2017","2017075180","1","40.038","-76.3057","1849","08","0","0","0","0","0","1","0","0","2","0","0","0","18","1","1","01","1","40 02:16.664","3","00","76 18:20.416","8","0","0","0","36301","0","0","0","N","0","0","0","3","36301","0","","1","09","N","N","0","","0","0","0","3","2","N","1849","1","2","0","0","1","1","0","3","0","2","N","","","","","","","","","","","","07","  ","","",""
"1829","1","0","0","0","0","0","0","0","0","4","0","","36","07","2017","2017075182","1","40.1293","-76.2191","1825","08","0","0","0","0","0","0","0","1","2","0","0","0","18","1","2","01","2","40 07:51.556","2","00","76 13:01.609","3","0","0","0","36238","0","0","0","N","0","0","0","2","36238","0","","1","09","N","N","1","","2","0","0","3","2","Y","1823","2","2","0","0","0","0","0","3","0","2","N","","","","","","","","","","","","07","  ","","",""
"2205","1","0","0","0","0","0","0","0","0","7","0","","36","07","2017","2017075185","1","40.0692","-76.4111","2158","08","0","1","0","0","0","0","0","0","1","0","0","0","21","2","0","00","1","40 04:09.101","1","00","76 24:39.920","0","0","0","0","36214","0","0","0","N","0","0","0","2","36214","0","","4","09","N","N","0","","0","0","0","0","0","N","2155","0","1","0","0","0","0","0","3","0","1","N","","","","","","","","","","","","07","  ","","",""
"0655","1","0","0","0","0","0","0","0","0","7","0","","36","07","2017","2017075258","2","40.162","-76.6651","0645","08","0","0","0","0","0","0","0","0","1","0","0","0","06","1","0","00","1","40 09:43.200","6","00","76 39:54.500","0","0","0","0","36237","0","0","0","N","0","0","0","1","36505","0","","2","09","N","N","0","","0","0","0","0","0","N","0640","0","1","0","0","0","0","0","1","0","1","N","","","","","","","","","","","","03","  ","","",""
"1053","2","0","0","0","0","0","0","0","0","4","0","","36","07","2017","2017075303","5","40.1266","-76.3051","1046","08","0","0","0","0","0","0","0","0","","0","0","0","10","1","0","01","0","40 07:35.600","","00","76 18:18.296","0","0","0","0","36235","0","0","0","","0","0","0","3","36506","0","","1","01","N","N","0","","0","0","0","3","2","","1046","0","2","0","0","0","0","0","1","0","2","N","","","","","","","","","","","","03","  ","","",""
"2316","1","0","0","0","0","0","0","0","0","1","0","","36","07","2017","2017075304","1","40.2128","-76.1862","2308","08","1","1","0","0","0","0","0","0","2","0","0","0","23","2","0","00","2","40 12:46.137","6","00","76 11:10.451","0","0","0","0","36236","0","0","0","","0","0","0","5","36506","0","","1","09","N","N","0","","0","0","1","0","0","Y","2303","0","2","0","0","1","0","0","1","0","2","N","","","","","","","","","","","","03","  ","","",""
"1613","2","0","0","0","0","0","0","0","0","1","0","","36","07","2017","2017075403","1","40.0902","-76.3044","1607","08","0","0","0","0","0","0","0","0","","0","0","0","16","1","0","00","0","40 05:24.598","","00","76 18:15.804","0","0","0","0","36101","0","0","0","N","0","0","0","2","36101","0","","1","01","N","N","0","","0","0","0","0","0","","1606","0","2","0","0","0","0","0","3","0","2","N","","","","","","","","","","","","03","  ","","",""
"2013","0","0","0","0","0","0","0","0","0","4","0","","36","07","2017","2017075557","3","40.025","-76.3053","2003","08","0","0","0","0","0","0","1","0","1","0","0","0","20","1","0","02","1","40 01:30.140","2","00","76 18:19.122","0","0","0","0","36301","0","0","0","N","0","0","0","6","36301","0","","1","01","N","N","0","","0","0","2","0","0","N","2000","0","2","0","0","0","0","0","3","0","2","N","","","","","","","","","","","","03","  ","","",""
"1725","2","0","0","0","0","0","0","0","0","1","0","","36","07","2017","2017075572","2","40.1664","-76.1631","1720","08","0","0","0","0","0","0","0","0","","0","0","0","17","1","1","00","0","40 09:59.106","","00","76 09:47.003","8","0","0","0","36218","0","0","0","N","0","0","0","3","36408","0","","1","01","N","N","0","","0","0","1","0","0","","1718","1","3","0","0","0","1","0","1","0","3","N","","","","","","","","","","","","03","  ","","",""
"1224","1","0","0","0","0","0","0","0","0","0","0","","36","07","2017","2017075623","2","40.0969","-76.4006","1216","08","0","0","0","0","0","0","0","0","","0","0","0","12","1","0","00","0","40 05:48.785","","00","76 24:02.006","0","0","0","0","36214","0","0","0","","0","0","0","1","36214","0","","1","01","N","N","0","","0","0","0","0","0","","1210","0","1","0","0","0","0","0","3","0","1","N","","","","","","","","","","","","03","  ","","",""
"0902","1","0","0","0","0","0","0","0","0","1","0","","36","07","2017","2017075624","6","40.0345","-76.1976","0900","08","0","0","0","0","0","1","0","0","2","0","0","0","08","1","0","00","1","40 02:04.181","1","00","76 11:51.186","0","0","0","0","36215","0","0","0","","0","0","0","2","36215","0","","1","09","N","N","1","","0","0","0","0","0","N","0859","0","2","0","0","0","0","0","1","0","2","N","","","","","","","","","","","","03","  ","","",""
"1927","2","0","0","0","0","0","0","0","0","4","0","","36","07","2017","2017075625","5","40.023","-76.1958","1924","08","0","0","0","0","0","1","0","0","","0","0","0","19","1","2","00","0","40 01:22.891","","00","76 11:45.053","4","0","0","0","36215","0","0","0","","0","0","0","3","36215","2","","1","01","N","N","0","","0","0","0","0","0","","1921","2","2","0","0","0","0","0","1","0","2","N","","","","","","","","","","","","03","  ","","",""
"1133","0","0","0","0","0","0","0","0","0","1","0","","36","06","2017","2017075626","5","40.1842","-76.4076","1127","08","0","0","0","0","0","0","0","1","2","0","0","0","11","1","0","00","2","40 11:03.136","5","00","76 24:27.399","0","0","0","0","36230","0","0","0","","0","0","0","2","36410","0","","1","01","N","N","1","","0","0","1","0","0","Y","1126","0","2","0","0","0","0","0","1","0","2","N","","","","","","","","","","","","03","  ","","",""
"1723","1","0","0","0","0","0","0","0","0","4","0","","36","06","2017","2017075627","2","40.2375","-76.4364","1715","08","0","0","0","0","0","0","1","0","","0","0","0","17","1","1","02","0","40 14:14.943","","00","76 26:10.884","4","0","0","0","36230","0","0","0","","0","0","0","4","36410","1","","1","01","N","N","0","","0","0","1","0","0","","1713","1","2","0","0","0","0","0","1","0","2","N","","","","","","","","","","","","03","  ","","",""
"0800","0","0","0","0","0","0","0","0","0","4","0","","36","07","2017","2017075665","3","40.1845","-76.601","0753","08","0","0","0","0","0","1","0","0","1","0","0","0","07","1","1","01","1","40 11:04.371","5","00","76 36:03.692","4","0","0","0","36225","0","0","0","N","0","0","0","2","36505","1","","1","01","N","N","0","","0","0","1","0","0","N","0753","1","2","0","0","0","0","0","2","1","2","N","","","","","","","","","","","","03","  ","","",""
"0805","1","0","0","1","0","0","0","0","0","4","0","","36","07","2017","2017075675","3","40.0941","-76.3119","0754","08","0","0","0","0","0","0","0","0","","0","0","0","07","1","1","01","0","40 05:38.605","","00","76 18:42.660","3","0","0","0","36101","1","0","0","N","0","0","0","2","36101","0","","1","01","N","N","0","","1","0","0","3","3","","0745","1","2","0","0","0","0","0","3","0","1","N","","","","","","","","","","","","03","  ","","",""
"1100","2","0","0","0","0","0","0","0","0","4","0","","36","07","2017","2017075700","2","40.1268","-76.3063","1049","08","0","0","0","0","0","0","0","1","1","0","0","0","10","1","0","00","1","40 07:36.300","4","07","76 18:22.700","0","0","0","0","36235","0","0","0","","0","0","0","2","36506","0","","1","01","N","N","0","","0","0","0","3","3","Y","1049","0","2","0","0","0","0","0","1","0","2","N","","","","","","","","","","","","03","  ","","",""
"1347","0","0","0","0","0","0","0","0","0","7","0","","36","07","2017","2017075728","3","40.096","-76.3963","1337","08","0","0","0","0","0","0","0","0","1","0","0","0","13","1","1","00","1","40 05:45.457","3","00","76 23:46.826","4","0","0","0","36214","0","0","0","Y","0","0","0","2","36214","1","","3","01","N","N","0","","0","0","0","0","0","N","1335","1","1","0","0","0","0","0","3","1","1","N","","","","","","","","","","","","03","  ","","",""
"1049","1","0","0","0","0","0","0","0","0","7","0","","36","07","2017","2017075736","3","40.0244","-76.2581","1045","08","0","0","0","0","0","1","0","0","","0","0","0","10","1","0","00","0","40 01:28.000","","00","76 15:29.200","0","0","0","0","36240","0","0","0","N","0","0","0","1","36240","0","","4","01","N","N","0","","0","0","0","0","0","","1040","0","1","0","0","0","0","0","1","0","1","N","","","","","","","","","","","","03","  ","","",""
"1426","0","0","0","0","0","0","0","0","0","4","0","","36","07","2017","2017075737","3","40.0668","-76.3067","1419","08","0","0","0","0","0","0","0","1","","0","0","0","14","1","0","00","0","40 04:00.600","","07","76 18:24.000","0","0","0","0","36101","0","0","0","N","0","0","0","2","36101","0","","1","01","N","N","0","","0","0","2","3","3","","1417","0","2","0","0","0","0","0","3","0","2","N","","","","","","","","","","","","03","  ","","",""
"1702","1","0","0","0","0","0","0","0","0","7","0","","36","07","2017","2017075794","2","40.0283","-76.0811","1653","08","0","0","0","0","0","0","0","0","","0","0","0","16","1","0","00","0","40 01:41.745","","00","76 04:51.869","0","0","0","0","36221","0","0","0","","0","0","0","2","68J01","0","","4","08","N","N","0","","0","0","0","0","0","","1649","0","1","0","0","0","0","0","1","0","1","N","","","","","","","","","","","","07","  ","","",""
"2336","1","0","0","0","0","0","0","0","0","9","0","","36","07","2017","2017075795","2","39.9709","-76.1287","2336","08","0","0","0","0","0","0","0","0","","0","0","0","23","2","1","01","0","39 58:15.305","","00","76 07:43.179","3","0","0","0","36226","0","0","0","","0","0","0","1","68J01","0","","1","01","N","N","0","","1","0","0","0","0","","2316","1","1","0","0","0","0","0","1","0","1","N","","","","","","","","","","","","03","  ","","",""
"1818","0","0","0","1","0","0","0","0","0","4","0","","36","07","2017","2017075815","7","40.0382","-76.354","1808","08","0","0","0","0","0","0","0","0","1","0","0","0","18","1","1","02","1","40 02:17.511","3","00","76 21:14.278","4","0","0","0","36223","1","0","0","","0","0","0","2","36223","1","","1","01","N","N","0","","0","0","1","0","0","N","1807","1","2","0","0","0","0","0","1","0","1","N","","","","","","","","","","","","03","  ","","",""
"0726","1","0","0","0","0","0","0","0","0","6","0","","36","07","2017","2017075816","7","40.0087","-76.3817","0721","08","0","0","0","0","0","0","0","0","2","0","0","0","07","1","1","00","2","40 00:31.477","6","00","76 22:54.008","3","0","0","0","36223","0","0","0","","0","0","0","3","36223","0","","1","01","N","N","0","","1","0","1","0","0","Y","0720","1","2","0","0","0","0","0","1","0","2","N","","","","","","","","","","","","03","  ","","",""
"0517","1","0","0","0","0","0","0","0","0","1","0","","36","06","2017","2017075832","6","39.8213","-76.2","0452","08","0","0","0","0","0","1","0","0","2","0","0","0","04","5","0","00","2","39 49:16.628","5","00","76 11:59.871","0","0","0","0","36208","0","0","0","","0","0","0","3","68J01","0","","1","01","N","N","2","","0","0","0","0","0","Y","0448","0","3","0","0","0","0","0","1","0","3","N","","","","","","","","","","","","03","  ","","",""
"1209","0","0","0","0","0","0","0","0","0","5","0","","36","06","2017","2017075838","6","40.0001","-76.0741","1202","08","0","0","0","0","0","0","0","0","1","0","1","1","11","1","1","00","2","40 00:00.215","6","00","76 04:26.921","3","0","0","0","36226","1","0","0","","0","0","0","2","68J01","0","","1","01","N","N","0","","1","0","0","0","0","Y","1159","1","2","0","0","0","0","0","1","0","1","N","","","","","","","","","","","","03","  ","","",""
"1543","0","0","0","0","0","0","0","0","0","0","0","","36","07","2017","2017075854","1","39.9853","-76.0184","1531","08","0","0","0","0","0","0","1","0","1","0","0","0","15","1","1","00","2","39 59:06.951","6","00","76 01:06.173","2","0","1","1","36232","0","0","0","","0","0","0","1","68J01","0","","1","01","N","N","0","","0","1","0","0","0","N","1528","1","1","0","0","0","0","0","1","0","1","N","","","","","","","","","","","","03","  ","","",""
"0425","1","0","0","0","0","0","0","0","0","7","0","","36","07","2017","2017075857","2","39.9786","-76.0023","0350","08","0","0","0","0","0","0","0","0","","0","0","0","03","2","1","00","0","39 58:43.138","","00","76 00:08.325","8","0","0","0","36231","0","0","0","","0","0","0","1","68J01","0","","5","01","N","N","0","","0","0","0","0","0","","0347","1","1","0","0","0","1","0","1","0","1","N","","","","","","","","","","","","03","  ","","",""
"1119","0","0","0","0","0","0","0","0","0","4","0","","36","07","2017","2017075880","4","39.9047","-76.1831","1109","08","0","0","0","0","0","1","0","0","","0","0","0","11","1","1","01","0","39 54:16.098","","00","76 10:58.613","3","0","0","0","36229","0","0","0","","0","0","0","2","68J01","0","","1","01","N","N","1","","1","0","1","0","0","","1106","1","2","0","0","0","0","0","1","0","2","N","","","","","","","","","","","","03","  ","","",""
"1735","1","0","0","0","0","0","0","0","0","7","0","","36","07","2017","2017075901","1","40.2257","-76.0648","1722","08","0","0","0","0","0","0","0","0","2","0","0","0","17","1","1","00","2","40 13:32.637","5","00","76 03:53.274","3","0","0","0","36202","0","0","0","","0","0","0","2","68J01","0","","4","01","N","N","0","","1","0","0","0","0","Y","1722","1","1","0","0","0","0","0","1","0","1","N","","","","","","","","","","","","03","  ","","",""
"2238","1","0","0","0","0","0","0","0","0","4","0","","36","07","2017","2017075924","6","40.0669","-76.3436","2229","08","0","0","0","0","1","0","0","0","","0","0","0","21","3","2","02","0","40 04:00.700","","00","76 20:36.800","8","0","0","0","36301","0","0","0","N","0","0","0","4","36301","0","","1","01","N","N","0","","0","0","1","3","2","","2131","2","2","0","0","0","2","0","3","0","2","N","","","","","","","","","","","","03","  ","","",""
"1225","0","0","0","0","0","0","0","0","0","3","0","","36","07","2017","2017075959","1","39.8882","-76.3663","1225","08","0","0","0","0","0","1","1","0","","0","0","0","12","1","0","00","0","39 53:17.400","","00","76 21:58.600","0","0","0","0","36206","0","0","0","N","0","0","0","2","36503","0","","1","01","N","N","2","","0","0","0","0","0","","1210","0","2","0","0","0","0","0","1","0","2","N","","","","","","","","","","","","03","  ","","",""
"0006","1","0","0","0","0","0","0","0","0","4","0","","36","06","2017","2017075963","1","39.8999","-76.3473","0006","08","0","0","0","1","0","0","0","0","","0","1","0","00","6","0","00","0","39 53:59.536","","00","76 20:50.183","0","0","0","0","36206","0","0","0","N","0","0","0","1","36503","0","","4","01","N","N","0","","0","0","0","0","0","","0006","0","2","0","0","0","0","0","1","0","2","N","","","","","","","","","","","","03","  ","","",""
"1805","1","0","0","0","0","0","0","0","0","4","0","","36","07","2017","2017075967","3","40.1066","-76.0676","1759","08","0","0","0","0","0","0","0","1","2","0","0","0","17","1","0","01","1","40 06:23.763","6","00","76 04:03.457","0","0","0","0","36415","0","0","0","N","0","0","0","5","36415","0","","1","01","N","N","0","","0","0","1","3","3","N","1759","0","2","0","0","0","0","0","1","0","2","N","","","","","","","","","","","","03","  ","","",""
"0809","0","0","0","0","0","0","0","0","0","1","1","","36","07","2017","2017075989","2","40.1995","-76.0108","0759","08","0","0","0","0","0","0","0","0","2","0","0","0","07","1","2","00","1","40 11:58.539","3","00","76 00:39.241","8","0","0","0","36202","0","0","0","","0","0","0","3","68T06","0","","1","01","N","N","1","","0","0","1","0","0","N","0757","2","2","0","0","0","2","0","1","0","2","N","","","","","","","","","","","","03","  ","","",""
"2332","0","0","0","0","0","0","0","0","0","9","0","","36","07","2017","2017076017","4","39.9751","-76.4213","2325","08","0","0","0","0","0","1","0","0","","0","0","0","23","2","1","00","0","39 58:30.440","","00","76 25:16.750","3","0","0","1","36223","0","0","0","","0","0","0","1","36223","0","","1","01","N","N","0","","1","0","0","0","0","","2324","1","1","0","0","0","0","0","1","0","1","N","","","","","","","","","","","","03","  ","","",""
"1112","0","0","0","0","0","0","0","0","0","7","0","","36","07","2017","2017076037","2","40.1353","-76.5633","1112","08","0","0","0","0","0","0","0","0","","0","0","0","12","1","1","00","0","40 08:07.074","","00","76 33:47.704","4","0","0","0","36225","0","0","0","N","0","0","0","2","36505","1","","4","01","N","N","0","","0","0","1","0","0","","1200","1","1","0","0","0","0","0","2","0","1","N","","","","","","","","","","","","03","  ","","",""
"2311","1","0","0","0","0","0","0","0","0","7","0","","36","07","2017","2017076070","5","40.1534","-76.3692","2300","08","0","0","0","0","0","0","0","0","","0","0","0","23","3","0","00","0","40 09:12.387","","00","76 22:09.216","0","0","0","0","36227","0","0","0","","0","0","0","1","36506","0","","4","01","N","N","0","","0","0","0","0","0","","2300","0","1","0","0","0","0","0","1","0","1","N","","","","","","","","","","","","03","  ","","",""
"1106","1","0","0","0","0","0","0","0","0","7","0","","36","07","2017","2017076071","3","40.1339","-76.2852","1102","08","0","1","0","0","0","0","0","0","1","0","0","0","10","1","0","00","1","40 08:02.200","6","00","76 17:06.700","0","0","0","0","36235","0","0","0","","0","0","0","1","36506","0","","4","01","N","N","0","","0","0","0","0","0","N","1059","0","1","0","0","0","0","0","1","0","1","N","","","","","","","","","","","","03","  ","","",""
"0307","0","0","0","0","0","0","0","0","0","7","0","","36","07","2017","2017076482","2","40.0378","-76.0362","0256","08","0","0","0","0","0","0","0","0","","0","0","0","02","2","0","00","0","40 02:16.164","","00","76 02:10.374","9","0","0","1","36232","0","0","0","","0","0","0","1","68J01","0","","4","09","N","N","0","","0","0","0","0","0","","0246","0","1","0","0","0","0","1","1","0","1","N","","","","","","","","","","","","07","  ","","",""
"1628","2","0","2","0","0","0","0","0","0","2","0","","36","07","2017","2017076514","4","40.0619","-76.4988","1625","08","0","0","0","0","0","1","0","0","3","0","0","0","16","1","3","01","2","40 03:42.752","7","00","76 29:55.590","2","0","0","0","36239","0","0","0","N","0","0","0","4","36239","0","","1","01","N","N","1","","1","2","0","0","0","Y","1625","3","3","0","0","0","0","0","3","0","3","N","","","","","","","","","","","","03","  ","","",""
"1753","0","0","0","0","0","0","0","0","0","1","0","","36","07","2017","2017076521","6","40.0982","-76.3532","1748","08","0","0","0","0","0","0","0","0","","0","0","0","17","1","0","00","0","40 05:53.375","","00","76 21:11.511","9","0","0","0","36406","0","0","0","N","0","0","0","2","36101","0","","1","01","N","N","0","","0","0","2","0","0","","1747","0","3","0","0","0","0","1","3","0","2","N","","","","","","","","","","","","03","  ","","",""
"2210","1","0","0","0","0","0","0","0","0","7","0","","36","07","2017","2017076522","4","40.108","-76.4435","2200","08","0","0","1","0","0","0","0","0","2","0","0","0","22","2","0","00","2","40 06:28.700","6","00","76 26:36.500","0","0","0","0","36239","0","0","0","N","0","0","0","2","36239","0","","2","01","N","N","0","","0","0","0","0","0","Y","2200","0","1","0","0","0","0","0","3","0","1","N","","","","","","","","","","","","03","  ","","",""
"1911","1","0","0","0","0","0","0","0","0","5","0","","36","07","2017","2017076528","4","40.0488","-76.3097","1903","08","0","0","0","0","0","0","2","0","1","0","0","0","19","1","1","00","1","40 02:55.662","2","00","76 18:34.932","4","0","0","0","36301","0","0","0","N","0","0","0","2","36301","1","","1","01","N","N","0","","0","0","1","0","0","N","1903","1","2","0","0","0","0","0","3","0","2","N","","","","","","","","","","","","03","  ","","",""
"1953","1","0","0","0","0","0","0","0","0","7","0","","36","07","2017","2017076534","1","40.0543","-76.3543","1947","08","0","0","0","0","0","0","0","0","1","0","0","0","19","1","0","02","1","40 03:15.591","2","00","76 21:15.375","0","0","0","0","36214","0","0","0","Y","0","0","0","1","36214","0","","2","09","N","N","0","","0","0","0","0","0","N","1945","0","1","0","0","0","0","0","3","0","1","N","","","","","","","","","","","","03","  ","","",""
"0150","0","0","0","0","0","0","0","0","0","7","0","","36","07","2017","2017076536","2","40.1422","-76.4639","0141","08","0","0","0","0","0","0","0","0","2","0","0","0","01","2","1","00","2","40 08:32.000","5","00","76 27:49.900","8","0","0","0","36230","0","0","0","N","0","0","0","1","36410","0","","1","09","N","N","1","","0","0","0","0","0","Y","0141","1","1","0","0","0","1","0","1","0","1","N","","","","","","","","","","","","07","  ","","",""
"1246","1","0","0","0","0","0","0","0","0","1","0","","36","07","2017","2017076597","1","40.0579","-76.2808","1239","08","0","0","0","0","0","0","0","0","","0","0","0","12","1","1","00","0","40 03:28.292","","00","76 16:50.947","4","0","0","0","36101","1","0","0","","0","0","0","2","36101","1","","2","01","N","N","0","","0","0","0","0","0","","1236","1","2","0","0","0","0","0","3","1","2","N","","","","","","","","","","","","03","  ","","",""
"1931","0","0","0","0","0","0","0","0","0","7","0","","36","07","2017","2017076598","2","40.0814","-76.1515","1918","08","0","0","0","0","0","0","0","0","","0","0","0","19","1","1","00","0","40 04:53.050","","00","76 09:05.370","4","0","0","0","36234","0","0","0","","0","0","0","2","36215","1","","5","09","N","N","0","","0","0","1","0","0","","1915","1","1","0","0","0","0","0","1","0","1","N","","","","","","","","","","","","03","  ","","",""
"0910","1","0","0","0","0","0","0","0","0","4","0","","36","07","2017","2017076601","1","40.052","-76.2593","0910","08","0","0","0","0","1","0","0","0","1","0","0","0","09","1","2","00","1","40 03:07.098","4","07","76 15:33.512","3","0","0","0","36301","0","0","0","N","0","0","0","2","36301","0","","1","01","N","N","0","","2","0","1","3","2","N","0910","2","2","0","0","1","0","0","3","0","2","N","","","","","","","","","","","","03","  ","","",""
"1524","1","0","0","0","0","0","0","0","0","1","0","","36","07","2017","2017076628","4","40.0634","-76.3057","1521","08","0","0","0","0","0","2","0","0","2","0","0","0","15","1","3","00","1","40 03:48.295","1","00","76 18:20.479","4","0","0","0","36101","0","0","0","N","0","0","0","3","36101","3","","1","01","N","N","1","","0","0","1","0","0","N","1518","3","3","0","0","0","0","0","3","0","3","N","","","","","","","","","","","","03","  ","","",""
"1601","2","0","0","0","0","0","0","0","0","1","0","","36","07","2017","2017076645","4","40.1706","-76.3841","1556","08","0","0","1","0","0","1","0","0","1","0","0","0","15","1","1","02","1","40 10:14.012","3","00","76 23:02.638","8","0","0","0","36227","0","0","0","","0","0","0","2","36506","0","","1","01","N","N","0","","0","0","0","0","0","N","1556","1","2","0","0","0","1","0","1","0","2","N","","","","","","","","","","","","03","  ","","",""
"1522","0","0","0","0","0","0","0","0","0","4","0","","36","01","2017","2017076674","6","40.044","-76.3096","1510","08","0","0","0","0","0","1","0","0","1","0","0","0","15","1","1","01","1","40 02:38.526","4","00","76 18:34.563","3","0","0","0","36301","0","0","0","N","0","0","0","2","36301","0","","1","01","N","N","1","","1","0","1","3","3","N","1510","1","2","0","0","0","0","0","3","0","2","N","","","","","","","","","","","","99","  ","","",""
"0634","1","0","0","0","0","0","0","0","0","9","0","","36","06","2017","2017076715","6","40.231","-76.1242","0620","08","0","0","0","0","0","0","0","0","","0","0","0","06","1","1","00","0","40 13:51.847","","00","76 07:28.061","8","0","0","0","36210","0","0","0","","0","0","0","1","68T06","0","","1","01","N","N","0","","0","0","0","0","0","","0610","1","1","0","0","0","1","0","1","0","1","N","","","","","","","","","","","","03","  ","","",""
"1748","0","0","0","0","0","0","0","0","0","7","0","","36","07","2017","2017076813","5","40.0759","-76.4078","1744","08","0","0","0","0","1","0","0","0","3","0","0","0","17","1","1","00","2","40 04:33.084","5","00","76 24:28.153","4","0","0","0","36214","0","0","0","N","0","0","0","1","36214","1","","5","01","N","N","1","","0","0","0","0","0","Y","1740","1","1","0","0","0","0","0","3","0","1","N","","","","","","","","","","","","03","  ","","",""
"0100","1","0","0","0","0","0","0","0","0","4","1","","36","07","2017","2017076834","6","40.0357","-76.3143","0056","08","0","0","0","0","0","0","1","0","2","0","1","0","00","3","1","01","2","40 02:08.544","4","00","76 18:51.312","3","0","0","0","36301","0","0","0","N","0","0","0","2","36301","0","","1","01","N","N","0","","1","0","0","3","3","Y","0056","1","2","0","0","1","0","0","3","0","2","N","","","","","","","","","","","","03","  ","","",""
"1601","0","0","0","0","0","0","0","0","0","5","0","","36","07","2017","2017076843","3","40.0326","-76.4956","1558","08","0","0","0","0","0","1","0","0","1","0","0","0","15","1","0","00","1","40 01:57.394","4","00","76 29:44.051","0","0","0","0","36404","0","0","0","N","0","0","0","1","36404","0","","6","01","N","N","2","","0","0","0","0","0","N","1556","0","2","0","0","0","0","0","3","0","2","N","","","","","","","","","","","","03","  ","","",""
"2020","0","0","0","0","0","0","0","0","0","7","0","","36","06","2017","2017076862","4","39.9446","-76.2174","2015","08","0","0","0","0","0","0","0","0","2","0","0","0","20","1","1","00","2","39 56:40.449","5","00","76 13:02.616","3","0","0","0","36233","0","0","0","","0","0","0","1","68J01","0","","2","01","N","N","1","","1","0","0","0","0","Y","2012","1","1","0","0","0","0","0","1","0","1","N","","","","","","","","","","","","03","  ","","",""