"ARRIVAL_TM","AUTOMOBILE_COUNT","BELTED_DEATH_COUNT","BELTED_SUSP_SERIOUS_INJ_COUNT","BICYCLE_COUNT","BICYCLE_DEATH_COUNT","BICYCLE_SUSP_SERIOUS_INJ_COUNT","BUS_COUNT","CHLDPAS_DEATH_COUNT","CHLDPAS_SUSP_SERIOUS_INJ_COUNT","COLLISION_TYPE","COMM_VEH_COUNT","CONS_ZONE_SPD_LIM","COUNTY","CRASH_MONTH","CRASH_YEAR","CRN","DAY_OF_WEEK","DEC_LAT","DEC_LONG","DISPATCH_TM","DISTRICT","DRIVER_COUNT_16YR","DRIVER_COUNT_17YR","DRIVER_COUNT_18YR","DRIVER_COUNT_19YR","DRIVER_COUNT_20YR","DRIVER_COUNT_50_64YR","DRIVER_COUNT_65_74YR","DRIVER_COUNT_75PLUS","EST_HRS_CLOSED","FATAL_COUNT","HEAVY_TRUCK_COUNT","HORSE_BUGGY_COUNT","HOUR_OF_DAY","ILLUMINATION","INJURY_COUNT","INTERSECT_TYPE","LANE_CLOSED","LATITUDE","LN_CLOSE_DIR","LOCATION_TYPE","LONGITUDE","MAX_SEVERITY_LEVEL","MCYCLE_DEATH_COUNT","MCYCLE_SUSP_SERIOUS_INJ_COUNT","MOTORCYCLE_COUNT","MUNICIPALITY","NONMOTR_COUNT","NONMOTR_DEATH_COUNT","NONMOTR_SUSP_SERIOUS_INJ_COUNT","NTFY_HIWY_MAINT","PED_COUNT","PED_DEATH_COUNT","PED_SUSP_SERIOUS_INJ_COUNT","PERSON_COUNT","POLICE_AGCY","POSSIBLE_INJ_COUNT","RDWY_SURF_TYPE_CD","RELATION_TO_ROAD","ROAD_CONDITION","SCH_BUS_IND","SCH_ZONE_IND","SMALL_TRUCK_COUNT","SPEC_JURIS_CD","SUSP_MINOR_INJ_COUNT","SUSP_SERIOUS_INJ_COUNT","SUV_COUNT","TCD_FUNC_CD","TCD_TYPE","TFC_DETOUR_IND","TIME_OF_DAY","TOT_INJ_COUNT","TOTAL_UNITS","UNB_DEATH_COUNT","UNB_SUSP_SERIOUS_INJ_COUNT","UNBELTED_OCC_COUNT","UNK_INJ_DEG_COUNT","UNK_INJ_PER_COUNT","URBAN_RURAL","VAN_COUNT","VEHICLE_COUNT","WORK_ZONE_IND","WORK_ZONE_LOC","WORK_ZONE_TYPE","WORKERS_PRES","WZ_CLOSE_DETOUR","WZ_FLAGGER","WZ_LAW_OFFCR_IND","WZ_LN_CLOSURE","WZ_MOVING","WZ_OTHER","WZ_SHLDER_MDN","ROADWAY_CLEARED","WEATHER1","WEATHER2","WZ_WORKERS_INJ_KILLED","SECONDARY_CRASH","INTERSECTION_RELATED"
"1439","1","0","0","0","0","0","0","0","0","4","0","","36","06","2017","2017076864","7","39.9593","-76.0996","1439","08","0","0","0","0","0","1","0","0","2","0","0","0","14","1","4","01","2","39 57:33.444","7","00","76 05:58.443","4","0","0","0","36226","0","0","0","","0","0","0","7","68J01","4","","1","01","N","N","0","","0","0","2","3","3","Y","1436","4","3","0","0","0","0","0","1","0","3","N","","","","","","","","","","","","03","  ","","",""
"1700","1","0","0","0","0","0","0","0","0","7","0","","36","06","2017","2017076865","7","40.0084","-76.1219","1654","08","0","0","0","0","0","0","1","0","1","0","0","0","16","1","1","00","1","40 00:30.211","4","00","76 07:18.905","3","0","0","0","36226","0","0","0","","0","0","0","1","68J01","0","","2","01","N","N","0","","1","0","0","0","0","N","1653","1","1","0","0","0","0","0","1","0","1","N","","","","","","","","","","","","03","  ","","",""
"1807","2","0","0","0","0","0","0","0","0","4","0","","36","06","2017","2017076867","2","40.2415","-76.3367","1745","08","0","0","0","0","0","1","0","0","1","0","0","0","17","1","2","03","1","40 14:29.504","6","00","76 20:12.300","3","0","0","0","36217","0","0","0","","0","0","0","4","68J01","0","","1","01","N","N","0","","1","0","0","3","3","N","1736","2","3","0","0","0","1","0","1","1","3","N","","","","","","","","","","","","03","  ","","",""
"0544","1","0","0","0","0","0","0","0","0","9","1","","36","06","2017","2017076868","3","40.2318","-76.0498","0519","08","0","0","0","1","0","0","0","0","","0","1","0","05","1","0","00","0","40 13:54.436","","00","76 02:59.344","0","0","0","0","36202","0","0","0","","0","0","0","2","68J01","0","","1","01","N","N","0","","0","0","0","0","0","","0519","0","2","0","0","0","0","0","1","0","2","N","","","","","","","","","","","","03","  ","","",""
"1103","0","0","0","0","0","0","0","0","0","4","0","","36","06","2017","2017076869","3","40.2177","-76.3018","1055","08","0","0","0","0","0","0","0","0","3","0","0","0","10","1","0","00","2","40 13:03.547","1","00","76 18:06.591","9","0","0","0","36217","0","0","0","","0","0","0","2","68J01","0","","1","01","N","N","1","","0","0","1","0","0","N","1054","0","2","0","0","0","0","1","1","0","2","N","","","","","","","","","","","","03","  ","","",""
"1816","1","0","0","0","0","0","0","0","0","4","0","","36","07","2017","2017076872","7","39.9887","-75.9846","1739","08","1","0","0","0","0","1","0","0","","0","0","0","17","1","1","02","0","39 59:19.228","","00","75 59:04.409","3","0","0","0","36232","0","0","0","","0","0","0","6","68J01","0","","1","01","N","N","0","","1","0","2","3","3","","1739","1","3","0","0","0","0","0","1","0","3","N","","","","","","","","","","","","03","  ","","",""
"1948","0","0","0","0","0","0","0","0","0","6","0","","36","06","2017","2017076918","7","39.8992","-76.2719","1937","08","0","0","0","0","0","0","0","0","3","0","1","0","19","4","1","00","2","39 53:57.041","5","00","76 16:18.740","2","0","1","1","36229","0","0","0","","0","0","0","2","68J01","0","","1","01","Y","Y","0","","0","1","0","0","0","Y","1936","1","2","0","0","0","0","0","1","0","2","N","","","","","","","","","","","","03","  ","","",""
"1918","0","0","0","0","0","0","0","0","0","1","0","","36","06","2017","2017076919","7","39.9946","-76.0272","1911","08","0","0","0","0","0","0","0","0","3","0","0","0","19","1","3","00","2","39 59:40.709","4","00","76 01:37.949","2","0","1","2","36232","0","0","0","","0","0","0","5","68J01","0","","1","01","N","N","0","","1","1","0","0","0","Y","1910","3","3","0","0","0","1","1","1","0","3","N","","","","","","","","","","","","03","  ","","",""
"1744","2","0","0","0","0","0","0","0","0","1","0","","36","07","2017","2017076921","2","40.0337","-76.0121","1731","08","0","0","0","0","0","1","1","0","2","0","0","0","17","1","1","00","2","40 02:01.459","6","00","76 00:43.623","3","0","0","0","36232","0","0","0","","0","0","0","2","68J01","0","","1","01","N","N","0","","1","0","0","0","0","Y","1729","1","2","0","0","0","0","0","1","0","2","N","","","","","","","","","","","","03","  ","","",""
"1425","1","0","0","0","0","0","0","0","0","4","0","","36","07","2017","2017076939","4","40.0319","-76.2398","1421","08","0","0","0","0","0","1","0","0","2","0","0","0","14","1","2","02","1","40 01:53.361","4","02","76 14:16.642","3","0","0","0","36215","0","0","0","N","0","0","0","2","36215","1","","1","01","N","N","1","","1","0","0","3","2","N","1421","2","2","0","0","0","0","0","1","0","2","N","","","","","","","","","","","","03","  ","","",""
"1641","1","0","0","0","0","0","0","0","0","1","0","","36","07","2017","2017076945","5","40.0367","-76.2719","1632","08","0","0","0","0","0","1","0","0","","0","0","0","16","1","0","00","0","40 02:12.084","","00","76 16:18.778","0","0","0","0","36240","0","0","0","N","0","0","0","2","36240","0","","1","01","N","N","0","","0","0","1","0","0","","1629","0","2","0","0","0","0","0","1","0","2","N","","","","","","","","","","","","03","  ","","",""
"0947","2","0","0","0","0","0","0","0","0","4","0","","36","07","2017","2017076982","6","40.0778","-76.4211","0943","08","0","0","0","0","0","1","0","0","","0","0","0","09","1","0","01","0","40 04:40.238","","00","76 25:15.952","0","0","0","0","36239","0","0","0","N","0","0","0","3","36239","0","","1","01","N","N","0","","0","0","0","3","3","","0933","0","2","0","0","0","0","0","3","0","2","N","","","","","","","","","","","","03","  ","","",""
"1712","0","0","0","0","0","0","0","0","0","7","0","","36","04","2017","2017077040","1","39.971","-76.1491","1702","08","0","0","0","0","0","0","0","0","","0","0","0","16","1","1","00","0","39 58:15.653","","00","76 08:56.617","8","0","0","0","36233","0","0","0","","0","0","0","2","68J01","0","","4","01","N","N","0","","0","0","1","0","0","","1659","1","1","0","0","1","1","1","1","0","1","N","","","","","","","","","","","","03","  ","","",""
"1035","1","0","0","0","0","0","0","0","0","1","0","","36","07","2017","2017077050","5","40.0387","-76.1102","1001","08","0","0","0","0","0","2","0","0","","0","0","0","10","1","2","00","0","40 02:19.162","","00","76 06:36.594","3","0","0","0","36221","0","0","0","","0","0","0","2","68J01","1","","1","01","N","N","0","","1","0","1","0","0","","1001","2","2","0","0","0","0","0","1","0","2","N","","","","","","","","","","","","03","  ","","",""
"1156","2","0","0","0","0","0","0","0","0","2","0","","36","07","2017","2017077054","6","39.9174","-76.2056","1149","08","0","0","1","0","0","1","0","0","2","0","0","0","11","1","2","00","2","39 55:02.800","6","00","76 12:20.260","3","0","0","0","36229","0","0","0","","0","0","0","4","68J01","0","","1","01","N","N","0","","1","0","0","0","0","Y","1149","2","2","0","0","0","1","0","1","0","2","N","","","","","","","","","","","","03","  ","","",""
"1538","0","0","0","0","0","0","0","0","0","7","0","","36","07","2017","2017077057","7","39.9939","-76.03","1538","08","0","0","0","0","0","0","0","0","1","0","0","0","15","1","1","00","1","39 59:38.102","4","00","76 01:48.070","3","0","0","1","36232","0","0","0","","0","0","0","1","68J01","0","","4","01","N","N","0","","1","0","0","0","0","N","1537","1","1","0","0","0","0","0","1","0","1","N","","","","","","","","","","","","03","  ","","",""
"2120","0","0","0","0","0","0","0","0","0","7","0","","36","07","2017","2017077058","7","39.8462","-76.1033","2115","08","0","0","0","0","0","0","0","0","2","0","0","0","21","2","0","00","2","39 50:46.410","3","00","76 06:12.030","0","0","0","0","36205","0","0","0","","0","0","0","1","68J01","0","","4","01","N","N","0","","0","0","1","0","0","N","2115","0","1","0","0","0","0","0","1","0","1","N","","","","","","","","","","","","03","  ","","",""
"1120","1","0","0","0","0","0","0","0","0","7","0","","36","07","2017","2017077065","4","39.888","-76.2439","1100","08","0","1","0","0","0","0","0","0","2","0","0","0","11","1","1","00","1","39 53:16.724","3","00","76 14:37.961","3","0","0","0","36229","0","0","0","","0","0","0","2","68J01","0","","4","01","N","N","0","","1","0","0","0","0","N","1117","1","1","0","0","0","0","0","1","0","1","N","","","","","","","","","","","","03","  ","","",""
"1847","0","0","0","0","0","0","0","0","0","4","0","","36","07","2017","2017077066","4","40.1885","-76.3253","1828","08","0","0","0","0","0","0","0","0","2","0","0","0","18","1","0","01","1","40 11:18.768","6","00","76 19:30.989","0","0","0","0","36217","0","0","0","","0","0","0","2","68J01","0","","1","01","N","N","1","","0","0","1","3","3","N","1827","0","2","0","0","0","0","0","1","0","2","N","","","","","","","","","","","","03","  ","","",""
"2006","1","0","0","0","0","0","0","0","0","7","0","","36","07","2017","2017077067","4","40.1678","-76.0079","1938","08","0","0","0","0","0","0","0","0","","0","0","0","19","1","0","00","0","40 10:04.006","","00","76 00:28.359","0","0","0","0","36202","0","0","0","","0","0","0","1","68J01","0","","4","01","N","N","0","","0","0","0","0","0","","1933","0","1","0","0","0","0","0","1","0","1","N","","","","","","","","","","","","03","  ","","",""
"1504","1","0","0","0","0","0","0","0","0","5","0","","36","07","2017","2017077071","7","40.0209","-76.068","1436","08","0","0","0","0","0","0","0","0","3","0","0","1","14","1","1","00","2","40 01:15.109","6","00","76 04:04.657","3","0","0","0","36221","2","0","0","","0","0","0","4","68J01","0","","4","01","N","N","0","","1","0","0","0","0","Y","1436","1","2","0","0","1","0","0","1","0","1","N","","","","","","","","","","","","03","  ","","",""
"0902","0","0","0","0","0","0","0","0","0","6","0","","36","07","2017","2017077081","3","39.8846","-76.1997","0836","08","1","0","0","0","0","0","0","0","2","0","0","0","08","1","0","00","1","39 53:04.397","6","00","76 11:58.988","0","0","0","0","36212","0","0","0","","0","0","0","2","68J01","0","","1","01","N","N","0","","0","0","1","3","8","N","0830","0","2","0","0","0","0","0","1","1","2","N","","","","","","","","","","","","03","  ","","",""
"0930","1","0","0","0","0","0","0","0","0","2","0","","36","07","2017","2017077120","6","39.9152","-76.1708","0921","08","0","0","0","0","0","0","1","0","2","0","0","0","09","1","1","00","2","39 54:54.769","1","00","76 10:14.907","4","0","0","0","36216","0","0","0","","0","0","0","2","68J01","1","","1","08","N","N","1","","0","0","0","0","0","N","0921","1","2","0","0","0","0","0","1","0","2","N","","","","","","","","","","","","07","  ","","",""
"1724","0","0","0","0","0","0","0","0","0","5","0","","36","07","2017","2017077121","6","39.8542","-76.3021","1714","08","0","0","0","0","0","1","0","0","2","0","0","0","17","1","1","00","2","39 51:15.267","6","00","76 18:07.735","3","0","0","0","36224","0","0","0","","0","0","0","2","68J01","0","","1","01","N","N","1","","1","0","1","0","0","Y","1714","1","2","0","0","1","0","0","1","0","2","N","","","","","","","","","","","","03","  ","","",""
"0628","0","0","0","0","0","0","0","0","0","6","0","","36","07","2017","2017077125","2","39.9272","-76.0999","0611","08","0","0","0","0","0","0","1","0","2","0","0","0","05","1","1","00","1","39 55:38.080","1","00","76 05:59.780","3","0","0","0","36201","0","0","0","","0","0","0","2","68J01","0","","1","01","N","N","0","","1","0","1","0","0","N","0551","1","2","0","0","0","0","0","1","1","2","N","","","","","","","","","","","","03","  ","","",""
"2341","0","0","0","0","0","0","0","0","0","0","0","","36","07","2017","2017077134","4","39.8709","-76.2281","2340","08","0","0","0","0","0","0","0","0","1","0","0","0","23","2","0","00","1","39 52:15.140","1","00","76 13:41.231","0","0","0","1","36212","0","0","0","","0","0","0","2","68J01","0","","1","01","N","N","0","","0","0","0","0","0","N","2334","0","1","0","0","0","0","0","1","0","1","N","","","","","","","","","","","","03","  ","","",""
"1155","1","0","0","0","0","0","0","0","0","6","0","","36","07","2017","2017077137","5","40.0573","-76.144","1151","08","0","0","0","0","0","0","1","0","","0","0","0","11","1","3","03","0","40 03:26.406","","00","76 08:38.543","3","0","0","0","36221","0","0","0","","0","0","0","7","68J01","0","","1","01","N","N","0","","3","0","1","0","0","","1147","3","2","0","0","0","0","0","1","0","2","N","","","","","","","","","","","","03","  ","","",""
"1740","1","0","0","0","0","0","0","0","0","1","0","","36","07","2017","2017077170","6","40.0796","-76.3273","1710","08","0","0","0","0","0","0","0","0","","0","0","0","17","1","1","00","0","40 04:46.598","","00","76 19:38.314","4","0","0","0","36101","0","0","0","N","0","0","0","2","36101","1","","1","09","N","N","0","","0","0","1","0","0","","1700","1","2","0","0","1","0","0","3","0","2","N","","","","","","","","","","","","07","  ","","",""
"0918","1","0","0","0","0","0","0","0","0","7","0","","36","07","2017","2017077197","3","40.1935","-76.4586","0912","08","0","0","0","0","0","0","0","0","","0","0","0","09","1","0","00","0","40 11:36.500","","00","76 27:31.100","0","0","0","0","36230","0","0","0","N","0","0","0","1","36410","0","","4","01","N","N","0","","0","0","0","0","0","","0910","0","1","0","0","0","0","0","1","0","1","N","","","","","","","","","","","","03","  ","","",""
"1030","1","0","0","0","0","0","0","0","0","3","0","","36","07","2017","2017077250","6","40.0953","-76.4103","1025","08","0","0","0","0","1","0","0","0","","0","0","0","10","1","0","01","0","40 05:43.016","","00","76 24:37.175","0","0","0","0","36214","0","0","0","","0","0","0","2","36214","0","","1","01","N","N","1","","0","0","0","3","2","","1024","0","2","0","0","0","0","0","3","0","2","N","","","","","","","","","","","","03","  ","","",""
"1424","1","0","0","0","0","0","0","0","0","7","0","","36","07","2017","2017077251","2","40.0534","-76.2137","1424","08","0","0","0","0","0","0","0","0","","0","0","0","14","1","0","00","0","40 03:12.086","","00","76 12:49.381","0","0","0","0","36215","0","0","0","","0","0","0","2","36215","0","","5","01","N","N","0","","0","0","0","0","0","","1420","0","1","0","0","0","0","0","1","0","1","N","","","","","","","","","","","","03","  ","","",""
"0750","0","0","0","0","0","0","0","0","0","4","0","","36","07","2017","2017077252","3","40.037","-76.2097","0748","08","0","0","1","0","0","0","0","0","1","0","0","0","07","1","0","02","1","40 02:13.236","2","00","76 12:34.970","0","0","0","0","36215","0","0","0","","0","0","0","4","36215","0","","1","01","N","N","0","","0","0","2","3","3","N","0746","0","2","0","0","0","0","0","1","0","2","N","","","","","","","","","","","","03","  ","","",""
"1319","2","0","0","0","0","0","0","0","0","4","0","","36","07","2017","2017077274","2","40.1436","-76.3048","1316","08","0","0","0","0","0","0","0","1","1","0","0","0","13","1","1","01","1","40 08:36.966","3","00","76 18:17.243","8","0","0","0","36409","0","0","0","N","0","0","0","2","36409","0","","1","01","N","N","0","","0","0","0","3","2","Y","1315","1","2","0","0","0","1","1","3","0","2","N","","","","","","","","","","","","03","  ","","",""
"0836","2","0","0","0","0","0","0","0","0","4","0","","36","07","2017","2017077300","3","40.0761","-76.6443","0820","08","1","0","0","0","0","0","0","0","2","0","0","0","08","1","0","02","1","40 04:33.923","2","00","76 38:39.647","0","0","0","0","36207","0","0","0","N","0","0","0","2","36504","0","","1","01","N","N","0","","0","0","0","0","0","N","0820","0","2","0","0","0","0","0","1","0","2","N","","","","","","","","","","","","03","  ","","",""
"1618","0","0","0","0","0","0","0","0","0","1","0","","36","07","2017","2017077406","6","40.0383","-76.3546","1611","08","0","0","0","1","0","0","0","0","1","0","0","0","16","1","3","00","1","40 02:17.814","4","00","76 21:16.531","3","0","0","0","36214","0","0","0","","0","0","0","5","36214","2","","1","09","N","N","0","","1","0","2","0","0","N","1609","3","2","0","0","0","0","0","3","0","2","N","","","","","","","","","","","","07","  ","","",""
"2248","1","0","0","0","0","0","0","0","0","6","0","","36","07","2017","2017077443","7","40.0363","-76.4554","2245","08","0","1","0","0","0","0","1","0","1","0","0","0","22","3","0","02","1","40 02:10.903","6","00","76 27:18.690","0","0","0","0","36239","0","0","0","N","0","0","0","3","36239","0","","1","01","N","N","0","","0","0","1","3","2","Y","2245","0","2","0","0","0","0","0","3","0","2","N","","","","","","","","","","","","03","  ","","",""
"0225","0","0","0","0","0","0","0","0","0","1","0","","36","07","2017","2017077447","1","40.1859","-76.1679","0220","08","0","0","0","0","0","0","0","0","1","0","0","0","02","3","0","00","1","40 11:09.100","1","00","76 10:04.600","0","0","0","0","36408","0","0","0","N","0","0","0","1","36408","0","","6","01","N","N","0","","0","0","2","0","0","N","0215","0","2","0","0","0","0","0","2","0","2","N","","","","","","","","","","","","03","  ","","",""
"2309","1","0","0","0","0","0","0","0","0","1","0","","36","07","2017","2017077449","6","40.151","-76.6056","2307","08","0","0","0","0","0","0","0","0","2","0","0","0","23","3","0","00","2","40 09:03.454","5","00","76 36:20.242","0","0","0","0","36407","0","0","0","N","0","0","0","1","36407","0","","6","09","N","N","0","","0","0","1","0","0","Y","2307","0","2","0","0","0","0","0","2","0","2","N","","","","","","","","","","","","07","  ","","",""
"0956","0","0","0","0","0","0","0","0","0","4","0","","36","07","2017","2017077488","7","40.181","-76.1813","0955","08","0","0","0","0","0","0","2","0","1","0","0","0","09","1","2","01","1","40 10:51.701","3","00","76 10:52.835","2","0","1","1","36408","0","0","0","N","0","0","0","3","36408","1","","1","01","N","N","0","","0","1","1","0","0","N","0953","2","2","0","0","0","0","0","2","0","2","N","","","","","","","","","","","","03","  ","","",""
"1328","0","0","0","0","0","0","0","0","0","1","1","","36","07","2017","2017077491","3","40.162","-76.2019","1324","08","0","0","0","0","0","1","0","1","2","0","1","0","13","1","1","00","1","40 09:43.078","2","00","76 12:06.804","3","0","0","0","36218","0","0","0","N","0","0","0","4","36408","0","","1","01","N","N","0","","1","0","2","0","0","N","1324","1","3","0","0","0","0","0","1","0","3","N","","","","","","","","","","","","03","  ","","",""
"0840","2","0","0","0","0","0","0","0","0","5","0","","36","07","2017","2017077507","1","40.0506","-76.2912","0838","08","0","0","0","0","0","0","0","0","1","0","0","0","08","1","1","00","1","40 03:02.258","4","00","76 17:28.149","4","0","0","0","36301","0","0","0","N","0","0","0","1","36301","1","","6","01","N","N","0","","0","0","0","0","0","Y","0836","1","2","0","0","0","0","0","3","0","2","N","","","","","","","","","","","","03","  ","","",""
"2008","1","0","0","0","0","0","0","0","0","9","0","","36","07","2017","2017077541","7","40.1253","-76.4704","1958","08","0","0","0","0","0","0","0","1","","0","0","0","19","1","0","00","0","40 07:30.910","","00","76 28:13.299","0","0","0","0","36230","0","0","0","N","0","0","0","1","36410","0","","1","01","N","N","0","","0","0","0","0","0","","1958","0","1","0","0","0","0","0","1","0","1","N","","","","","","","","","","","","03","  ","","",""
"1231","1","0","0","0","0","0","0","0","0","1","0","","36","07","2017","2017077555","1","40.0389","-76.4553","1223","08","0","0","0","0","0","1","0","0","","0","0","0","12","1","0","00","0","40 02:20.103","","00","76 27:19.012","0","0","0","0","36239","0","0","0","N","0","0","0","5","36239","0","","1","01","N","N","1","","0","0","0","0","0","","1221","0","2","0","0","0","0","0","3","0","2","N","","","","","","","","","","","","03","  ","","",""
"0022","1","0","0","0","0","0","0","0","0","7","0","","36","07","2017","2017077604","1","40.0234","-76.2625","0017","08","0","0","0","0","0","0","0","0","","0","0","0","00","2","0","00","0","40 01:24.317","","00","76 15:45.065","0","0","0","0","36240","0","0","0","N","0","0","0","1","36240","0","","4","01","N","N","0","","0","0","0","0","0","","0011","0","1","0","0","0","0","0","1","0","1","N","","","","","","","","","","","","03","  ","","",""
"2300","0","0","0","0","0","0","0","0","0","7","0","","36","05","2017","2017077633","2","40.0783","-76.5846","2257","08","0","0","0","0","0","0","0","0","2","0","0","0","22","3","0","00","2","40 04:41.987","5","00","76 35:04.503","9","0","0","0","36211","0","0","0","N","0","0","0","1","36504","0","","4","01","N","N","1","","0","0","0","0","0","Y","2255","0","1","0","0","0","0","1","1","0","1","N","","","","","","","","","","","","03","  ","","",""
"1131","1","0","0","1","0","0","0","0","0","4","0","","36","07","2017","2017077679","2","40.0789","-76.3272","1128","08","0","0","0","0","0","0","0","1","","0","0","0","11","1","1","02","0","40 04:44.107","","00","76 19:37.860","4","0","0","0","36101","1","0","0","N","0","0","0","2","36101","1","","1","01","N","N","0","","0","0","0","3","3","","1123","1","2","0","0","0","0","0","3","0","1","N","","","","","","","","","","","","03","  ","","",""
"1756","2","0","0","0","0","0","0","0","0","4","0","","36","07","2017","2017077751","1","40.1184","-76.5835","1751","08","1","0","0","0","0","1","0","0","","0","0","0","17","1","0","01","0","40 07:06.347","","00","76 35:00.610","0","0","0","0","36237","0","0","0","N","0","0","0","3","36505","0","","1","01","N","N","0","","0","0","0","3","3","","1748","0","2","0","0","0","0","0","1","0","2","N","","","","","","","","","","","","03","  ","","",""
"1828","1","0","0","0","0","0","0","0","0","2","0","","36","07","2017","2017077788","5","40.1732","-76.3772","1820","08","0","0","0","0","0","0","0","0","2","0","0","0","18","1","1","01","1","40 10:23.502","6","00","76 22:37.897","4","0","0","0","36227","0","0","0","","0","0","0","2","36506","1","","1","01","N","N","0","","0","0","1","3","2","N","1820","1","2","0","0","0","0","0","1","0","2","N","","","","","","","","","","","","03","  ","","",""
"1717","2","0","0","0","0","0","0","0","0","1","0","","36","07","2017","2017077789","3","40.1883","-76.3098","1712","08","0","0","0","0","1","1","0","0","2","0","0","0","17","1","1","00","1","40 11:17.913","2","00","76 18:35.108","4","0","0","0","36235","0","0","0","","0","0","0","2","36506","1","","1","01","N","N","0","","0","0","0","0","0","N","1712","1","2","0","0","0","0","0","1","0","2","N","","","","","","","","","","","","03","  ","","",""
"1320","2","0","0","0","0","0","0","0","0","1","0","","36","07","2017","2017077790","7","40.2048","-76.2139","1309","08","0","0","0","0","0","1","1","0","3","0","0","0","13","1","7","00","2","40 12:17.272","6","00","76 12:49.924","3","0","0","0","36204","0","0","0","","0","0","0","9","36506","5","","1","01","N","N","0","","2","0","1","0","0","Y","1309","7","4","0","0","4","0","0","1","1","4","N","","","","","","","","","","","","03","  ","","",""
"0553","1","0","0","0","0","0","0","0","0","7","0","","36","07","2017","2017077869","3","40.2447","-76.3388","0515","08","0","0","0","0","0","0","0","0","3","1","0","0","05","2","0","00","2","40 14:40.822","6","00","76 20:19.694","1","0","0","0","36217","0","0","0","","0","0","0","1","68J01","0","2","4","01","N","N","0","0","0","0","0","0","0","Y","0512","0","1","1","0","1","0","0","1","0","1","N","","","","","","","","","","","","03","  ","","",""
"0232","1","0","0","0","0","0","0","0","0","7","0","","36","07","2017","2017077886","1","39.8193","-76.2141","0212","08","0","0","0","1","0","0","0","0","","0","0","0","02","2","1","00","0","39 49:09.360","","00","76 12:50.850","8","0","0","0","36208","0","0","0","","0","0","0","1","68J01","0","","4","01","N","N","0","","0","0","0","0","0","","0211","1","1","0","0","0","1","0","1","0","1","N","","","","","","","","","","","","03","  ","","",""
"1441","1","0","0","0","0","0","0","0","0","1","0","","36","07","2017","2017078016","4","40.0872","-76.3287","1435","08","0","1","0","0","0","1","0","0","2","0","0","0","14","1","0","00","1","40 05:13.991","1","00","76 19:43.368","0","0","0","0","36101","0","0","0","N","0","0","0","5","36101","0","","1","09","N","N","0","","0","0","1","0","0","N","1433","0","2","0","0","0","0","0","3","0","2","N","","","","","","","","","","","","03","  ","","",""
"2141","0","0","0","0","0","0","0","0","0","0","0","","36","07","2017","2017078033","2","40.0169","-76.2481","2135","08","0","0","0","0","0","0","0","0","1","0","0","0","21","2","1","02","1","40 01:00.811","4","00","76 14:53.145","4","0","0","1","36240","0","0","0","N","0","0","0","1","36240","1","","1","01","N","N","0","","0","0","0","0","0","N","2135","1","1","0","0","0","0","0","1","0","1","N","","","","","","","","","","","","03","  ","","",""
"2258","1","0","0","0","0","0","0","0","0","5","0","","36","07","2017","2017078042","5","40.0261","-76.3207","2254","08","0","0","0","0","0","0","0","0","","0","0","0","22","3","0","00","0","40 01:33.900","","00","76 19:14.600","0","0","0","0","36301","0","0","0","N","0","0","0","2","36301","0","","6","01","Y","N","0","","0","0","1","0","0","","2247","0","2","0","0","0","0","0","3","0","2","N","","","","","","","","","","","","03","  ","","",""
"2115","0","0","0","0","0","0","0","0","0","7","0","","36","05","2017","2017078043","5","40.0465","-76.2967","2108","08","0","0","0","0","0","0","0","0","","0","0","0","21","3","0","00","0","40 02:47.343","","00","76 17:48.104","0","0","0","0","36301","0","0","0","N","0","0","0","1","36301","0","","4","01","N","N","0","","0","0","1","0","0","","2108","0","1","0","0","0","0","0","3","0","1","N","","","","","","","","","","","","03","  ","","",""
"0639","1","0","0","0","0","0","0","0","0","4","0","","36","07","2017","2017078044","2","40.1015","-76.1833","0632","08","0","0","0","0","0","1","0","0","1","0","0","0","06","1","1","01","1","40 06:05.360","5","00","76 11:00.041","8","0","0","0","36238","0","0","0","N","0","0","0","2","36238","0","","1","01","N","N","0","","0","0","0","3","3","N","0630","1","2","0","0","0","1","0","3","1","2","N","","","","","","","","","","","","03","  ","","",""
"1932","2","0","0","0","0","0","0","0","0","5","0","","36","07","2017","2017078045","4","40.0368","-76.313","1930","08","0","0","0","0","0","0","0","0","2","0","0","0","19","1","0","00","1","40 02:12.635","4","00","76 18:46.961","0","0","0","0","36301","0","0","0","N","0","0","0","1","36301","0","","6","01","N","N","0","","0","0","0","0","0","Y","1927","0","3","0","0","0","0","0","3","1","3","N","","","","","","","","","","","","03","  ","","",""
"1635","1","0","0","0","0","0","0","0","0","4","0","","36","07","2017","2017078046","4","40.0561","-76.2988","1632","08","0","0","0","0","0","1","0","0","","0","0","0","16","1","0","01","0","40 03:21.855","","00","76 17:55.661","0","0","0","0","36101","0","0","0","N","0","0","0","3","36101","0","","1","01","N","N","0","","0","0","1","0","0","","1623","0","2","0","0","0","0","0","3","0","2","N","","","","","","","","","","","","03","  ","","",""
"1619","1","0","0","0","0","0","0","0","0","4","0","","36","07","2017","2017078050","5","40.0615","-76.3133","1616","08","0","0","0","0","0","1","0","0","2","0","0","0","16","1","1","02","1","40 03:41.238","1","00","76 18:48.148","4","0","0","0","36101","0","0","0","N","0","0","0","3","36101","1","","1","01","N","N","1","","0","0","0","0","0","N","1615","1","2","0","0","0","0","0","3","0","2","N","","","","","","","","","","","","03","  ","","",""