"ARRIVAL_TM","AUTOMOBILE_COUNT","BELTED_DEATH_COUNT","BELTED_SUSP_SERIOUS_INJ_COUNT","BICYCLE_COUNT","BICYCLE_DEATH_COUNT","BICYCLE_SUSP_SERIOUS_INJ_COUNT","BUS_COUNT","CHLDPAS_DEATH_COUNT","CHLDPAS_SUSP_SERIOUS_INJ_COUNT","COLLISION_TYPE","COMM_VEH_COUNT","CONS_ZONE_SPD_LIM","COUNTY","CRASH_MONTH","CRASH_YEAR","CRN","DAY_OF_WEEK","DEC_LAT","DEC_LONG","DISPATCH_TM","DISTRICT","DRIVER_COUNT_16YR","DRIVER_COUNT_17YR","DRIVER_COUNT_18YR","DRIVER_COUNT_19YR","DRIVER_COUNT_20YR","DRIVER_COUNT_50_64YR","DRIVER_COUNT_65_74YR","DRIVER_COUNT_75PLUS","EST_HRS_CLOSED","FATAL_COUNT","HEAVY_TRUCK_COUNT","HORSE_BUGGY_COUNT","HOUR_OF_DAY","ILLUMINATION","INJURY_COUNT","INTERSECT_TYPE","LANE_CLOSED","LATITUDE","LN_CLOSE_DIR","LOCATION_TYPE","LONGITUDE","MAX_SEVERITY_LEVEL","MCYCLE_DEATH_COUNT","MCYCLE_SUSP_SERIOUS_INJ_COUNT","MOTORCYCLE_COUNT","MUNICIPALITY","NONMOTR_COUNT","NONMOTR_DEATH_COUNT","NONMOTR_SUSP_SERIOUS_INJ_COUNT","NTFY_HIWY_MAINT","PED_COUNT","PED_DEATH_COUNT","PED_SUSP_SERIOUS_INJ_COUNT","PERSON_COUNT","POLICE_AGCY","POSSIBLE_INJ_COUNT","RDWY_SURF_TYPE_CD","RELATION_TO_ROAD","ROAD_CONDITION","SCH_BUS_IND","SCH_ZONE_IND","SMALL_TRUCK_COUNT","SPEC_JURIS_CD","SUSP_MINOR_INJ_COUNT","SUSP_SERIOUS_INJ_COUNT","SUV_COUNT","TCD_FUNC_CD","TCD_TYPE","TFC_DETOUR_IND","TIME_OF_DAY","TOT_INJ_COUNT","TOTAL_UNITS","UNB_DEATH_COUNT","UNB_SUSP_SERIOUS_INJ_COUNT","UNBELTED_OCC_COUNT","UNK_INJ_DEG_COUNT","UNK_INJ_PER_COUNT","URBAN_RURAL","VAN_COUNT","VEHICLE_COUNT","WORK_ZONE_IND","WORK_ZONE_LOC","WORK_ZONE_TYPE","WORKERS_PRES","WZ_CLOSE_DETOUR","WZ_FLAGGER","WZ_LAW_OFFCR_IND","WZ_LN_CLOSURE","WZ_MOVING","WZ_OTHER","WZ_SHLDER_MDN","ROADWAY_CLEARED","WEATHER1","WEATHER2","WZ_WORKERS_INJ_KILLED","SECONDARY_CRASH","INTERSECTION_RELATED"
"1709","1","0","0","0","0","0","0","0","0","4","0","","36","07","2017","2017078051","2","40.1063","-76.3544","1708","08","0","0","0","0","0","1","1","0","1","0","0","0","16","1","1","01","2","40 06:22.809","7","00","76 21:16.002","3","0","0","0","36406","0","0","0","N","0","0","0","2","36101","0","","1","01","N","N","0","","1","0","1","3","2","Y","1658","1","2","0","0","0","0","0","3","0","2","N","","","","","","","","","","","","03","  ","","",""
"1611","0","0","0","0","0","0","1","0","0","4","1","","36","05","2017","2017078088","2","40.2259","-76.3094","1552","08","0","0","0","0","0","1","1","0","2","0","0","0","15","1","2","01","2","40 13:33.326","7","00","76 18:33.850","3","0","0","0","36217","0","0","0","","0","0","0","2","68J01","0","","1","09","Y","N","0","","1","0","1","3","3","Y","1544","2","2","0","0","0","1","0","1","0","2","N","","","","","","","","","","","","03","  ","","",""
"0157","1","0","0","0","0","0","0","0","0","7","0","","36","06","2017","2017078090","1","39.7536","-76.1282","0133","08","0","1","0","0","0","0","0","0","","0","0","0","01","3","1","00","0","39 45:13.073","","00","76 07:41.698","8","0","0","0","36222","0","0","0","","0","0","0","2","68J01","0","","4","01","N","N","0","","0","0","0","0","0","","0130","1","1","0","0","0","1","0","1","0","1","N","","","","","","","","","","","","03","  ","","",""
"1434","1","0","0","0","0","0","0","0","0","7","0","","36","07","2017","2017078093","2","40.2437","-76.1556","1424","08","0","0","0","1","0","0","0","0","2","0","0","0","14","1","1","00","1","40 14:36.842","4","00","76 09:17.938","3","0","0","0","36236","0","0","0","","0","0","0","2","68T06","0","","3","08","N","N","0","","1","0","0","0","0","N","1424","1","1","0","0","0","0","0","1","0","1","N","","","","","","","","","","","","07","  ","","",""
"1714","1","0","0","0","0","0","0","0","0","7","0","","36","06","2017","2017078109","1","40.0601","-76.2124","1708","08","0","0","0","0","0","0","0","0","","0","0","0","17","1","1","00","0","40 03:36.273","","00","76 12:44.505","8","0","0","0","36234","0","0","0","","0","0","0","1","36215","0","","5","01","N","N","0","","0","0","0","0","0","","1706","1","1","0","0","0","1","0","1","0","1","N","","","","","","","","","","","","03","  ","","",""
"1547","1","0","0","0","0","0","0","0","0","4","2","","36","07","2017","2017078110","3","40.0306","-76.2343","1542","08","0","0","0","0","0","2","0","0","","0","1","0","15","1","1","05","0","40 01:50.123","","00","76 14:03.641","4","0","0","0","36215","0","0","0","","0","0","0","3","36215","1","","1","01","N","N","1","","0","0","0","3","2","","1542","1","3","0","0","0","0","0","1","0","3","N","","","","","","","","","","","","03","  ","","",""
"2235","1","0","0","0","0","0","0","0","0","7","0","","36","07","2017","2017078111","1","40.0689","-76.207","2235","08","0","0","0","0","0","0","0","0","","0","0","0","22","2","0","00","0","40 04:08.145","","00","76 12:25.237","0","0","0","0","36234","0","0","0","","0","0","0","2","36215","0","","4","01","N","N","0","","0","0","0","0","0","","2222","0","1","0","0","0","0","0","1","0","1","N","","","","","","","","","","","","03","  ","","",""
"0937","0","0","0","0","0","0","0","0","0","5","0","","36","07","2017","2017078112","5","40.1104","-76.4409","0924","08","0","0","0","0","0","1","1","0","","0","0","0","09","1","0","00","0","40 06:37.526","","00","76 26:27.153","0","0","0","0","36230","0","0","0","","0","0","0","3","36410","0","","1","01","N","N","0","","0","0","1","3","4","","0921","0","2","0","0","0","0","0","1","1","2","N","","","","","","","","","","","","03","  ","","",""
"1819","0","0","0","0","0","0","0","0","0","7","0","","36","07","2017","2017078113","3","40.1195","-76.4912","1810","08","0","0","0","0","0","0","0","0","2","0","0","0","18","1","0","00","1","40 07:10.214","3","00","76 29:28.311","9","0","0","0","36230","0","0","0","","0","0","0","1","36410","0","","4","01","N","N","0","","0","0","0","0","0","N","1807","0","1","0","0","0","0","1","1","1","1","N","","","","","","","","","","","","03","  ","","",""
"1132","1","0","0","0","0","0","0","0","0","2","1","","36","07","2017","2017078114","6","40.1684","-76.3926","1128","08","0","0","0","0","0","0","0","0","2","0","1","0","11","1","0","00","2","40 10:06.300","2","00","76 23:33.200","0","0","0","0","36410","0","0","0","","0","0","0","2","36410","0","","1","01","N","N","0","","0","0","0","0","0","N","1126","0","2","0","0","0","0","0","2","0","2","N","","","","","","","","","","","","03","  ","","",""
"1420","0","0","0","0","0","0","0","0","0","7","0","","36","07","2017","2017078115","6","40.11","-76.4781","1412","08","0","0","0","0","0","0","0","0","2","0","0","0","14","1","2","00","2","40 06:35.846","6","00","76 28:41.257","8","0","0","0","36413","0","0","0","","0","0","0","2","36410","0","","5","01","N","N","0","","0","0","1","0","0","Y","1412","2","1","0","0","0","2","0","2","0","1","N","","","","","","","","","","","","03","  ","","",""
"1840","1","0","1","0","0","0","0","0","0","4","0","","36","07","2017","2017078116","6","40.1117","-76.4517","1829","08","0","0","0","0","1","0","0","0","2","0","0","0","18","3","3","01","1","40 06:42.051","7","00","76 27:06.004","2","0","0","0","36230","0","0","0","","0","0","0","4","36410","0","","1","09","N","N","0","","2","1","1","3","2","N","1827","3","2","0","0","0","0","0","1","0","2","N","","","","","","","","","","","","07","  ","","",""
"1751","2","0","0","0","0","0","0","0","0","1","0","","36","06","2017","2017078119","5","40.1317","-75.9767","1747","08","0","0","0","0","0","1","1","0","","0","0","0","17","1","0","00","0","40 07:54.114","","07","75 58:36.107","0","0","0","0","36203","0","0","0","","0","0","0","3","68J01","0","","1","01","N","N","0","","0","0","1","0","0","","1746","0","3","0","0","0","0","0","1","0","3","N","","","","","","","","","","","","03","  ","","",""
"1031","0","0","0","0","0","0","0","0","0","7","0","","36","06","2017","2017078121","3","39.9457","-76.2225","1023","08","0","0","0","0","0","0","1","0","1","0","0","0","10","1","2","00","1","39 56:44.420","5","00","76 13:20.820","3","0","0","0","36233","0","0","0","","0","0","0","2","68J01","0","","4","01","N","N","0","","2","0","1","0","0","N","1022","2","1","0","0","0","0","0","1","0","1","N","","","","","","","","","","","","03","  ","","",""
"0610","2","0","0","0","0","0","0","0","0","4","0","","36","06","2017","2017078123","6","40.1121","-75.9793","0546","08","0","0","0","0","1","0","1","0","1","0","0","0","05","5","1","00","1","40 06:43.694","3","07","75 58:45.570","8","0","0","0","36203","0","0","0","","0","0","0","2","68J01","0","","1","01","N","N","0","","0","0","0","0","0","N","0545","1","2","0","0","0","1","0","1","0","2","N","","","","","","","","","","","","03","  ","","",""
"0340","0","0","0","0","0","0","0","0","0","7","0","","36","07","2017","2017078135","6","39.9462","-75.9925","0331","08","1","0","0","0","0","0","0","0","2","0","0","0","03","2","0","00","1","39 56:46.365","2","00","75 59:32.956","0","0","0","0","36231","0","0","0","N","0","0","0","1","68J01","0","","4","01","N","N","0","","0","0","1","0","0","N","0329","0","1","0","0","0","0","0","1","0","1","N","","","","","","","","","","","","03","  ","","",""
"2021","1","0","0","0","0","0","0","0","0","7","0","","36","07","2017","2017078159","2","40.0056","-75.9797","2005","08","0","1","0","0","0","0","0","0","2","0","0","0","20","4","1","00","1","40 00:20.230","5","00","75 58:46.890","3","0","0","0","36232","0","0","0","","0","0","0","1","68J01","0","","4","08","N","N","0","","1","0","0","0","0","N","2001","1","1","0","0","0","0","0","1","0","1","N","","","","","","","","","","","","07","  ","","",""
"0133","0","0","0","0","0","0","0","0","0","7","0","","36","07","2017","2017078161","2","40.2602","-76.2803","0129","08","0","0","0","0","0","0","0","0","","0","0","0","23","2","0","00","0","40 15:36.610","","00","76 16:48.910","0","0","0","0","36204","0","0","0","","0","0","0","1","68J01","0","","4","2","N","N","0","","0","0","1","0","0","","2328","0","1","0","0","0","0","0","1","0","1","N","","","","","","","","","","","","03","  ","","",""
"1609","1","0","0","0","0","0","0","0","0","4","1","","36","07","2017","2017078172","6","40.2424","-76.039","1553","08","0","0","0","1","0","0","0","0","","0","1","0","15","1","0","00","0","40 14:32.802","","00","76 02:20.486","9","0","0","0","36202","0","0","0","","0","0","0","3","68J01","0","","1","01","N","N","0","","0","0","0","0","0","","1539","0","2","0","0","0","0","1","1","0","2","N","","","","","","","","","","","","03","  ","","",""
"0605","0","0","0","0","0","0","0","0","0","4","0","","36","07","2017","2017078176","7","40.1519","-75.9014","0541","08","0","0","0","0","0","1","0","0","2","0","0","0","05","2","0","01","1","40 09:06.984","3","00","75 54:04.898","0","0","0","0","36203","0","0","0","","0","0","0","2","68J01","0","","1","09","N","N","1","","0","0","1","0","0","N","0539","0","2","0","0","2","0","0","1","0","2","N","","","","","","","","","","","","07","  ","","",""
"1409","1","0","0","0","0","0","0","0","0","7","0","","36","07","2017","2017078204","2","40.1345","-76.6734","1405","08","0","1","0","0","0","0","0","0","","0","0","0","14","1","0","00","0","40 08:04.200","","00","76 40:24.200","0","0","0","0","36207","0","0","0","N","0","0","0","1","36504","0","","4","01","N","N","0","","0","0","0","0","0","","1405","0","2","0","0","0","0","0","1","0","1","N","","","","","","","","","","","","03","  ","","",""
"1854","2","0","0","0","0","0","0","0","0","4","0","","36","07","2017","2017078224","7","40.2144","-76.2423","1846","08","0","0","0","0","0","1","0","0","2","0","0","0","18","1","3","02","2","40 12:51.861","6","00","76 14:32.337","8","0","0","0","36204","0","0","0","","0","0","0","4","36506","0","","1","01","N","N","0","","0","0","0","3","3","Y","1845","3","3","0","0","0","3","1","1","1","3","N","","","","","","","","","","","","03","  ","","",""
"2144","1","0","0","0","0","0","0","0","0","4","0","","36","07","2017","2017078268","5","40.0767","-76.3374","2141","08","0","0","0","0","0","0","0","0","1","0","0","0","21","1","1","02","2","40 04:35.663","1","02","76 20:14.981","4","0","0","0","36101","0","0","0","N","0","0","0","2","36101","1","","1","01","N","N","0","","0","0","1","3","2","N","2138","1","2","0","0","0","0","0","3","0","2","N","","","","","","","","","","","","03","  ","","",""
"1419","1","0","0","0","0","0","0","0","0","1","0","","36","08","2017","2017078269","3","40.0758","-76.3087","1415","08","0","0","0","0","0","0","0","1","1","0","0","0","14","1","1","00","1","40 04:32.791","1","00","76 18:31.201","3","0","0","0","36101","0","0","0","N","0","0","0","5","36101","0","","1","01","N","N","0","","1","0","2","0","0","N","1414","1","3","0","0","1","0","0","3","0","3","N","","","","","","","","","","","","03","  ","","",""
"1259","1","0","0","1","0","0","0","0","0","4","0","","36","08","2017","2017078272","3","40.036","-76.3146","1252","08","0","0","0","0","0","0","0","0","","0","0","0","12","1","1","03","0","40 02:09.733","","00","76 18:52.581","3","0","0","0","36301","1","0","0","N","0","0","0","2","36301","0","","1","01","N","N","0","","1","0","0","0","0","","1252","1","2","0","0","0","0","1","3","0","1","N","","","","","","","","","","","","03","  ","","",""
"1443","2","0","0","0","0","0","0","0","0","5","0","","36","08","2017","2017078277","3","40.0188","-76.343","1440","08","0","0","0","0","0","0","0","1","3","0","0","0","14","1","3","00","2","40 01:07.739","3","00","76 20:34.766","3","0","0","0","36412","0","0","0","N","0","0","0","3","36412","2","","2","01","N","N","1","","1","0","0","0","0","N","1440","3","3","0","0","0","0","0","3","0","3","N","","","","","","","","","","","","03","  ","","",""
"1827","0","0","0","0","0","0","0","0","0","7","0","","36","06","2017","2017078372","5","40.189","-76.0159","1821","08","0","0","0","0","0","0","0","0","3","0","0","0","18","1","2","00","1","40 11:20.473","2","00","76 00:57.362","8","0","0","0","36202","0","0","0","","0","0","0","2","68J01","0","","4","01","N","N","1","","0","0","0","0","0","N","1808","2","1","0","0","0","2","0","1","0","1","N","","","","","","","","","","","","03","  ","","",""
"2040","2","0","0","0","0","0","0","0","0","1","0","","36","07","2017","2017078388","2","40.1354","-75.9027","2005","08","0","0","0","0","1","0","0","0","","0","0","0","19","1","0","02","0","40 08:07.380","","00","75 54:09.622","0","0","0","0","36203","0","0","0","","0","0","0","3","68J01","0","","1","01","N","N","0","","0","0","0","0","0","","1957","0","2","0","0","0","0","0","1","0","2","N","","","","","","","","","","","","03","  ","","",""
"2325","0","0","0","0","0","0","0","0","0","7","0","","36","07","2017","2017078398","1","40.0496","-76.1036","2315","08","0","0","0","0","0","0","0","0","","0","0","0","23","3","0","00","0","40 02:58.620","","00","76 06:13.120","0","0","0","0","36221","0","0","0","","0","0","0","1","68J01","0","","4","01","N","N","0","","0","0","1","0","0","","2310","0","1","0","0","0","0","0","1","0","1","N","","","","","","","","","","","","03","  ","","",""
"2031","2","0","0","0","0","0","0","0","0","4","0","","36","08","2017","2017078465","3","40.0416","-76.359","2028","08","0","0","0","0","0","0","1","0","1","0","0","0","20","4","0","00","1","40 02:29.800","2","07","76 21:32.400","0","0","0","0","36214","0","0","0","N","0","0","0","2","36214","0","","1","01","N","N","0","","0","0","0","0","0","N","2024","0","2","0","0","0","0","0","3","0","2","N","","","","","","","","","","","","03","  ","","",""
"2135","0","0","0","0","0","0","0","0","0","4","0","","36","08","2017","2017078468","3","40.1129","-76.0286","1722","08","0","0","0","0","0","0","0","0","2","0","0","0","17","1","0","02","1","40 06:46.374","6","00","76 01:43.085","0","0","0","0","36213","0","0","0","N","0","0","0","2","36213","0","","1","01","N","N","2","","0","0","0","3","3","N","1719","0","2","0","0","0","0","0","1","0","2","N","","","","","","","","","","","","03","  ","","",""
"1931","0","0","0","0","0","0","0","0","0","4","0","","36","08","2017","2017078476","3","40.032","-76.4688","1927","08","0","1","0","0","0","0","0","0","2","0","0","0","19","1","0","03","1","40 01:55.131","6","00","76 28:07.596","0","0","0","0","36239","0","0","0","N","0","0","0","2","36239","0","","1","01","N","N","0","","0","0","2","3","3","N","1926","0","2","0","0","0","0","0","3","0","2","N","","","","","","","","","","","","03","  ","","",""
"1046","0","0","0","0","0","0","0","0","0","4","0","","36","07","2017","2017078556","6","40.031","-76.2354","1043","08","0","0","0","0","0","0","0","0","1","0","0","0","10","1","0","02","1","40 01:50.123","3","00","76 14:03.641","9","0","0","0","36215","0","0","0","","0","0","0","3","36215","0","","1","01","N","N","0","","0","0","1","3","3","N","1040","0","2","0","0","1","0","1","1","1","2","N","","","","","","","","","","","","03","  ","","",""
"0944","1","0","0","0","0","0","0","0","0","1","0","","36","08","2017","2017078907","4","40.2088","-76.2253","0903","08","0","0","0","0","2","0","0","0","2","0","0","0","08","1","0","00","1","40 12:31.659","3","00","76 13:31.033","0","0","0","0","36204","0","0","0","","0","0","0","5","36506","0","","1","01","N","N","1","","0","0","0","0","0","N","0841","0","3","0","0","0","0","0","1","1","3","N","","","","","","","","","","","","03","  ","","",""
"1758","2","0","0","0","0","0","0","0","0","4","0","","36","08","2017","2017079037","3","40.2157","-76.1226","1753","08","0","0","0","0","0","2","0","0","3","0","0","0","17","1","2","01","2","40 12:56.502","5","00","76 07:21.267","2","0","1","1","36210","0","0","0","N","0","0","0","3","36210","0","","1","01","N","N","0","","1","1","0","0","0","Y","1751","2","3","0","0","0","0","0","1","0","3","N","","","","","","","","","","","","03","  ","","",""
"2209","0","0","0","0","0","0","0","0","0","0","0","","36","08","2017","2017079051","4","40.1251","-76.4944","2201","08","0","0","0","0","0","0","0","0","2","0","0","0","21","2","1","00","2","40 07:30.326","5","00","76 29:39.904","8","0","0","1","36230","0","0","0","N","0","0","0","1","36410","0","","5","01","N","N","0","","0","0","0","0","0","Y","2159","1","1","0","0","0","1","0","1","0","1","N","","","","","","","","","","","","03","  ","","",""
"0930","2","0","0","0","0","0","0","0","0","5","0","","36","07","2017","2017079062","4","40.0936","-76.3406","0923","08","0","0","0","0","0","0","0","0","2","0","0","0","09","1","0","00","1","40 05:36.845","3","00","76 20:26.333","0","0","0","0","36406","0","0","0","N","0","0","0","1","36101","0","","6","01","N","N","0","","0","0","0","0","0","N","0915","0","2","0","0","0","0","0","3","0","2","N","","","","","","","","","","","","03","  ","","",""
"1621","1","0","0","0","0","0","0","0","0","4","0","","36","08","2017","2017079069","4","40.1139","-76.3863","1611","08","0","0","0","0","0","0","0","1","1","0","0","0","16","1","0","01","2","40 06:50.151","6","00","76 23:10.518","0","0","0","0","36214","0","0","0","N","0","0","0","2","36214","0","","1","01","N","N","0","","0","0","1","3","3","Y","1611","0","2","0","0","0","0","0","3","0","2","N","","","","","","","","","","","","03","  ","","",""
"2209","1","0","1","0","0","0","0","0","0","0","0","","36","07","2017","2017079157","6","40.2413","-76.1427","2152","08","0","0","0","0","0","0","1","0","3","0","0","0","21","2","3","00","1","40 14:28.723","3","00","76 08:33.616","2","0","0","0","36236","0","0","0","","0","0","0","4","68T06","0","","1","08","N","N","1","","2","1","0","0","0","N","2151","3","2","0","0","0","0","0","1","0","2","N","","","","","","","","","","","","07","  ","","",""
"1157","1","0","0","0","0","0","0","0","0","7","0","","36","07","2017","2017079162","1","40.1748","-75.9641","1143","08","0","0","0","0","0","0","0","0","","0","0","0","11","1","2","00","0","40 10:29.384","","00","75 57:52.801","3","0","0","0","36203","0","0","0","","0","0","0","2","68T06","0","","4","01","N","N","0","","2","0","0","0","0","","1143","2","1","0","0","0","0","0","1","0","1","N","","","","","","","","","","","","03","  ","","",""
"0540","1","0","0","0","0","0","0","0","0","0","0","","36","08","2017","2017079177","4","40.0526","-76.3943","0534","08","0","0","0","0","0","0","0","0","","0","0","0","05","1","0","07","0","40 03:09.202","","02","76 23:39.595","0","0","0","0","36214","0","0","0","N","0","0","0","1","36214","0","","7","01","N","N","0","","0","0","0","0","0","","0520","0","2","0","0","0","0","0","3","0","1","N","","","","","","","","","","","","03","  ","","",""
"1615","1","0","0","0","0","0","0","0","0","1","0","","36","08","2017","2017079178","4","40.0818","-76.2346","1603","08","0","0","0","0","0","0","0","0","","0","0","0","16","1","1","00","0","40 04:54.356","","00","76 14:04.393","4","0","0","0","36234","0","0","0","N","0","0","0","2","36215","1","","1","09","N","N","0","","0","0","0","0","0","","1600","1","2","0","0","1","0","0","1","1","2","N","","","","","","","","","","","","07","  ","","",""
"1718","0","0","0","0","0","0","0","0","0","4","0","","36","08","2017","2017079188","4","40.036","-76.5046","1715","08","0","0","0","0","0","0","0","1","2","0","0","0","17","1","1","01","2","40 02:09.524","7","00","76 30:16.491","3","0","0","0","36404","0","0","0","N","0","0","0","2","36404","0","","1","01","N","N","1","","1","0","1","3","3","Y","1715","1","2","0","0","0","0","0","3","0","2","N","","","","","","","","","","","","03","  ","","",""
"1258","2","0","0","0","0","0","0","0","0","1","0","","36","07","2017","2017079203","3","40.0792","-76.3088","1256","08","0","0","1","0","0","0","0","1","","0","0","0","12","1","0","00","0","40 04:45.137","","00","76 18:31.836","0","0","0","0","36101","0","0","0","N","0","0","0","2","36101","0","","1","01","N","N","0","","0","0","0","0","0","","1254","0","2","0","0","0","0","0","3","0","2","N","","","","","","","","","","","","03","  ","","",""
"1723","0","0","0","0","0","0","0","0","0","1","0","","36","07","2017","2017079220","4","40.1292","-76.5575","1720","08","0","0","0","1","0","0","0","0","1","0","0","0","17","1","1","00","1","40 07:45.116","3","07","76 33:26.891","8","0","0","0","36225","0","0","0","N","0","0","0","2","36505","0","","1","01","N","N","1","","0","0","0","0","0","N","1715","1","2","0","0","0","1","0","2","1","2","N","","","","","","","","","","","","03","  ","","",""
"1707","1","0","0","0","0","0","0","0","0","4","0","","36","07","2017","2017079222","2","40.0651","-76.307","1654","08","0","0","0","0","0","0","0","0","","0","0","0","16","1","0","00","0","40 03:54.408","","07","76 18:25.301","0","0","0","0","36101","0","0","0","N","0","0","0","3","36101","0","","1","01","N","N","0","","0","0","1","0","0","","1625","0","2","0","0","0","0","0","3","0","2","N","","","","","","","","","","","","03","  ","","",""
"0931","2","0","0","0","0","0","0","0","0","4","0","","36","08","2017","2017079225","5","40.0933","-76.0411","0927","08","1","0","0","0","0","0","0","1","1","0","0","0","09","1","2","00","2","40 05:35.900","6","07","76 02:27.800","4","0","0","0","36213","0","0","0","N","0","0","0","3","36213","2","","1","01","N","N","0","","0","0","0","0","0","Y","0920","2","2","0","0","0","0","0","1","0","2","N","","","","","","","","","","","","03","  ","","",""
"0819","2","0","0","0","0","0","0","0","0","4","0","","36","08","2017","2017079226","4","39.9924","-76.2859","0813","08","0","0","0","0","0","0","0","1","","0","0","0","08","1","1","02","0","39 59:32.071","","00","76 17:09.342","8","0","0","0","36240","0","0","0","N","0","0","0","3","36240","0","","1","01","N","N","0","","0","0","0","3","2","","0813","1","2","0","0","0","1","0","1","0","2","N","","","","","","","","","","","","03","  ","","",""
"0835","1","0","0","0","0","0","0","0","0","4","0","","36","08","2017","2017079254","5","40.1761","-76.2249","0831","08","0","0","0","0","0","0","0","0","1","0","0","0","08","1","2","01","1","40 10:34.041","1","00","76 13:29.758","4","0","0","0","36218","0","0","0","N","0","0","0","2","36408","2","","1","01","N","N","0","","0","0","1","3","3","N","0831","2","2","0","0","0","0","0","1","0","2","N","","","","","","","","","","","","03","  ","","",""
"1329","2","0","0","0","0","0","0","0","0","4","0","","36","07","2017","2017079264","7","40.0695","-76.3076","1329","08","0","0","0","0","0","1","0","0","","0","0","0","13","1","1","01","0","40 04:10.226","","00","76 18:28.241","4","0","0","0","36101","0","0","0","N","0","0","0","3","36101","1","","1","01","N","N","0","","0","0","0","3","2","","1323","1","2","0","0","0","0","0","3","0","2","N","","","","","","","","","","","","03","  ","","",""
"0932","1","0","0","0","0","0","0","0","0","4","0","","36","08","2017","2017079268","5","40.0364","-76.4552","0929","08","0","0","0","0","0","0","0","0","1","0","0","0","09","1","1","01","1","40 02:10.903","3","00","76 27:18.690","8","0","0","0","36239","0","0","0","N","0","0","0","2","36239","0","","1","01","N","N","0","","0","0","1","3","2","Y","0929","1","2","0","0","0","1","0","3","0","2","N","","","","","","","","","","","","03","  ","","",""
"1531","1","0","0","0","0","0","0","0","0","4","0","","36","07","2017","2017079271","1","40.1019","-76.319","1519","08","0","2","0","0","0","0","0","0","","0","0","0","15","1","0","02","0","40 06:06.843","","07","76 19:08.381","0","0","0","0","36101","0","0","0","N","0","0","0","2","36101","0","","1","01","N","N","0","","0","0","1","3","3","","1516","0","2","0","0","0","0","0","3","0","2","N","","","","","","","","","","","","03","  ","","",""
"1357","1","0","0","0","0","0","0","0","0","7","0","","36","07","2017","2017079300","3","40.0446","-76.2882","1354","08","0","0","0","0","0","1","0","0","2","0","0","0","13","1","1","01","1","40 02:40.570","4","00","76 17:17.342","4","0","0","0","36301","0","0","0","N","0","0","0","2","36301","1","","4","01","N","N","0","","0","0","0","3","2","N","1351","1","1","0","0","0","0","0","3","0","1","N","","","","","","","","","","","","03","  ","","",""
"1622","1","0","0","0","0","0","0","0","0","1","0","","36","08","2017","2017079301","4","40.0112","-76.3547","1619","08","0","0","0","0","0","2","0","0","1","0","0","0","16","1","0","02","1","40 00:40.350","4","00","76 21:16.917","0","0","0","0","36412","0","0","0","N","0","0","0","2","36412","0","","1","09","N","N","1","","0","0","0","0","0","N","1614","0","2","0","0","0","0","0","3","0","2","N","","","","","","","","","","","","07","  ","","",""
"1600","1","0","0","0","0","0","0","0","0","4","0","","36","08","2017","2017079302","5","40.0796","-76.4595","1552","08","0","0","0","0","0","0","1","0","2","0","0","0","15","1","1","00","2","40 04:46.703","5","07","76 27:34.332","8","0","0","0","36239","0","0","0","N","0","0","0","2","36239","0","","1","01","N","N","0","","0","0","0","0","0","Y","1552","1","2","0","0","0","1","0","3","0","2","N","","","","","","","","","","","","03","  ","","",""
"1727","2","0","0","0","0","0","0","0","0","1","0","","36","07","2017","2017079362","1","40.0085","-76.3807","1720","08","0","0","0","0","0","1","0","1","","0","0","0","17","1","1","02","0","40 00:30.591","","00","76 22:50.458","4","0","0","0","36223","0","0","0","","0","0","0","2","36223","1","","1","01","N","N","0","","0","0","0","0","0","","1719","1","2","0","0","0","0","0","1","0","2","N","","","","","","","","","","","","03","  ","","",""
"2049","0","0","0","0","0","0","0","0","0","7","0","","36","08","2017","2017079432","4","40.1403","-76.5598","2045","08","0","0","0","0","0","0","0","0","","0","0","0","20","4","1","00","0","40 08:25.042","","00","76 33:35.231","4","0","0","0","36225","0","0","0","N","0","0","0","1","36505","1","","2","01","N","N","1","","0","0","0","0","0","","2040","1","1","0","0","0","0","0","2","0","1","N","","","","","","","","","","","","03","  ","","",""
"1910","2","0","0","0","0","0","0","0","0","4","0","","36","08","2017","2017079435","5","40.0606","-76.2768","1902","08","0","0","0","1","0","0","0","0","2","0","0","0","18","1","2","01","2","40 03:38.256","4","02","76 16:36.560","3","0","0","0","36101","0","0","0","Y","0","0","0","3","36101","0","","1","01","N","N","0","","2","0","0","3","2","N","1850","2","2","0","0","0","0","0","3","0","2","N","","","","","","","","","","","","03","  ","","",""
"1734","1","0","0","0","0","0","0","0","0","0","1","","36","08","2017","2017079443","4","40.142","-76.5577","1732","08","0","0","0","0","0","2","0","0","","0","1","0","17","1","0","00","0","40 08:31.125","","00","76 33:27.698","0","0","0","0","36225","0","0","0","N","0","0","0","3","36505","0","","1","01","N","N","0","","0","0","0","0","0","","1730","0","2","0","0","0","0","0","2","0","2","N","","","","","","","","","","","","03","  ","","",""
"2240","1","0","0","0","0","0","0","0","0","7","0","","36","07","2017","2017079447","1","40.166","-76.1851","2235","08","0","0","0","0","0","0","0","0","","0","0","0","22","2","0","00","0","40 09:57.700","","00","76 11:06.300","0","0","0","0","36218","0","0","0","N","0","0","0","1","36408","0","","4","01","N","N","0","","0","0","0","0","0","","2232","0","1","0","0","0","0","0","1","0","1","N","","","","","","","","","","","","03","  ","","",""
"1059","0","0","0","0","0","0","0","0","0","4","0","","36","08","2017","2017079496","3","","","1053","08","0","0","0","0","0","0","1","1","2","0","0","0","10","1","1","01","2","00 00:00.00","7","00","00 00:00.0","3","0","0","0","36101","0","0","0","N","0","0","0","2","36101","0","","1","01","N","N","0","","1","0","2","3","3","Y","1048","1","2","0","0","0","0","0","3","0","2","N","","","","","","","","","","","","03","  ","","",""