"ARRIVAL_TM","AUTOMOBILE_COUNT","BELTED_DEATH_COUNT","BELTED_SUSP_SERIOUS_INJ_COUNT","BICYCLE_COUNT","BICYCLE_DEATH_COUNT","BICYCLE_SUSP_SERIOUS_INJ_COUNT","BUS_COUNT","CHLDPAS_DEATH_COUNT","CHLDPAS_SUSP_SERIOUS_INJ_COUNT","COLLISION_TYPE","COMM_VEH_COUNT","CONS_ZONE_SPD_LIM","COUNTY","CRASH_MONTH","CRASH_YEAR","CRN","DAY_OF_WEEK","DEC_LAT","DEC_LONG","DISPATCH_TM","DISTRICT","DRIVER_COUNT_16YR","DRIVER_COUNT_17YR","DRIVER_COUNT_18YR","DRIVER_COUNT_19YR","DRIVER_COUNT_20YR","DRIVER_COUNT_50_64YR","DRIVER_COUNT_65_74YR","DRIVER_COUNT_75PLUS","EST_HRS_CLOSED","FATAL_COUNT","HEAVY_TRUCK_COUNT","HORSE_BUGGY_COUNT","HOUR_OF_DAY","ILLUMINATION","INJURY_COUNT","INTERSECT_TYPE","LANE_CLOSED","LATITUDE","LN_CLOSE_DIR","LOCATION_TYPE","LONGITUDE","MAX_SEVERITY_LEVEL","MCYCLE_DEATH_COUNT","MCYCLE_SUSP_SERIOUS_INJ_COUNT","MOTORCYCLE_COUNT","MUNICIPALITY","NONMOTR_COUNT","NONMOTR_DEATH_COUNT","NONMOTR_SUSP_SERIOUS_INJ_COUNT","NTFY_HIWY_MAINT","PED_COUNT","PED_DEATH_COUNT","PED_SUSP_SERIOUS_INJ_COUNT","PERSON_COUNT","POLICE_AGCY","POSSIBLE_INJ_COUNT","RDWY_SURF_TYPE_CD","RELATION_TO_ROAD","ROAD_CONDITION","SCH_BUS_IND","SCH_ZONE_IND","SMALL_TRUCK_COUNT","SPEC_JURIS_CD","SUSP_MINOR_INJ_COUNT","SUSP_SERIOUS_INJ_COUNT","SUV_COUNT","TCD_FUNC_CD","TCD_TYPE","TFC_DETOUR_IND","TIME_OF_DAY","TOT_INJ_COUNT","TOTAL_UNITS","UNB_DEATH_COUNT","UNB_SUSP_SERIOUS_INJ_COUNT","UNBELTED_OCC_COUNT","UNK_INJ_DEG_COUNT","UNK_INJ_PER_COUNT","URBAN_RURAL","VAN_COUNT","VEHICLE_COUNT","WORK_ZONE_IND","WORK_ZONE_LOC","WORK_ZONE_TYPE","WORKERS_PRES","WZ_CLOSE_DETOUR","WZ_FLAGGER","WZ_LAW_OFFCR_IND","WZ_LN_CLOSURE","WZ_MOVING","WZ_OTHER","WZ_SHLDER_MDN","ROADWAY_CLEARED","WEATHER1","WEATHER2","WZ_WORKERS_INJ_KILLED","SECONDARY_CRASH","INTERSECTION_RELATED"
"1625","2","0","0","0","0","0","0","0","0","4","0","","36","08","2017","2017079504","3","40.1694","-76.1714","1622","08","0","0","0","0","1","0","0","0","","0","0","0","16","1","0","00","0","40 10:09.900","","07","76 10:17.000","0","0","0","0","36408","0","0","0","N","0","0","0","3","36408","0","","1","01","N","N","0","","0","0","0","0","0","","1620","0","2","0","0","0","0","0","2","0","2","N","","","","","","","","","","","","03","  ","","",""
"1719","1","0","0","0","0","0","0","0","0","1","0","","36","08","2017","2017079525","3","40.1807","-76.1715","1715","08","0","0","0","0","0","0","0","0","","0","0","0","17","1","0","00","0","40 10:50.500","","00","76 10:17.300","0","0","0","0","36408","0","0","0","N","0","0","0","4","36408","0","","6","01","N","N","0","","0","0","0","0","0","","1715","0","2","0","0","0","0","0","2","1","2","N","","","","","","","","","","","","03","  ","","",""
"0707","1","0","0","0","0","0","0","0","0","7","0","","36","08","2017","2017079532","6","40.0679","-76.2877","0705","08","0","0","0","0","0","0","0","0","","0","0","0","06","1","0","00","0","40 04:04.511","","00","76 17:15.865","0","0","0","0","36101","0","0","0","Y","0","0","0","1","36101","0","","3","01","N","N","0","","0","0","0","0","0","","0650","0","1","0","0","0","0","0","3","0","1","N","","","","","","","","","","","","03","  ","","",""
"1616","2","0","0","0","0","0","0","0","0","4","0","","36","07","2017","2017079542","4","40.1009","-76.1027","1611","08","0","0","0","0","0","2","0","0","1","0","0","0","16","1","0","02","2","40 06:03.088","7","00","76 06:09.802","0","0","0","0","36415","0","0","0","N","0","0","0","3","36415","0","","1","01","N","N","0","","0","0","0","3","3","Y","1611","0","2","0","0","0","0","0","1","0","2","N","","","","","","","","","","","","03","  ","","",""
"2156","0","0","0","0","0","0","0","0","0","4","0","","36","06","2017","2017079570","1","40.0329","-76.5011","2156","08","0","0","0","0","0","0","0","0","","0","0","0","21","3","0","01","0","40 01:58.483","","00","76 30:03.841","0","0","0","0","36404","0","0","0","Y","0","0","0","2","36404","0","","1","01","N","N","0","","0","0","2","3","2","","2156","0","2","0","0","0","0","0","3","0","2","N","","","","","","","","","","","","03","  ","","",""
"1045","2","0","0","0","0","0","0","0","0","1","0","","36","08","2017","2017079585","6","40.0595","-76.3974","1035","08","0","0","0","0","0","0","1","0","1","0","0","0","10","1","0","00","1","40 03:34.100","2","07","76 23:50.700","0","0","0","0","36214","0","0","0","N","0","0","0","2","36214","0","","1","01","N","N","0","","0","0","0","0","0","N","1029","0","2","0","0","0","0","0","3","0","2","N","","","","","","","","","","","","03","  ","","",""
"1620","2","0","0","0","0","0","0","0","0","1","0","","36","08","2017","2017079586","3","40.0363","-76.4554","1620","08","0","0","0","0","0","1","0","0","2","0","0","0","16","1","1","02","1","40 02:10.903","4","00","76 27:18.690","4","0","0","0","36239","0","0","0","N","0","0","0","3","36239","1","","1","01","N","N","0","","0","0","0","3","2","N","1620","1","2","0","0","0","0","0","3","0","2","N","","","","","","","","","","","","03","  ","","",""
"1433","0","0","0","0","0","0","0","0","0","1","2","","36","08","2017","2017079612","6","40.0691","-76.3084","1411","08","0","0","0","0","0","0","0","0","3","0","2","0","14","1","0","00","2","40 04:08.580","3","00","76 18:30.201","0","0","0","0","36101","0","0","0","N","0","0","0","3","36101","0","","1","01","N","N","0","","0","0","0","0","0","N","1405","0","3","0","0","0","0","0","3","1","3","N","","","","","","","","","","","","03","  ","","",""
"1612","2","0","0","0","0","0","0","0","0","4","0","","36","07","2017","2017079721","3","39.9751","-76.2473","1607","08","1","0","0","0","0","0","0","0","2","0","0","0","16","1","0","01","2","39 58:30.378","7","00","76 14:50.447","0","0","0","0","36240","0","0","0","N","0","0","0","5","36240","0","","1","01","N","N","0","","0","0","0","3","2","Y","1600","0","2","0","0","0","0","0","1","0","2","N","","","","","","","","","","","","03","  ","","",""
"0002","0","0","0","0","0","0","0","0","0","7","0","","36","07","2017","2017079751","4","40.046","-76.3083","0000","08","0","0","0","0","0","0","0","0","3","0","0","0","23","3","1","00","2","40 02:45.700","5","00","76 18:29.700","4","0","0","0","36301","0","0","0","N","0","0","0","1","36301","1","","4","01","N","N","0","","0","0","1","0","0","Y","2359","1","1","0","0","1","0","0","3","0","1","N","","","","","","","","","","","","03","  ","","",""
"2012","1","0","0","1","0","0","0","0","0","4","0","","36","07","2017","2017079761","4","40.0293","-76.308","2008","08","0","0","0","0","0","1","0","0","","0","0","0","19","1","1","00","0","40 01:45.600","","07","76 18:28.800","3","0","0","0","36301","1","0","0","N","0","0","0","3","36301","0","","2","01","N","N","0","","1","0","0","0","0","","1915","1","2","0","0","0","0","0","3","0","1","N","","","","","","","","","","","","03","  ","","",""
"1216","1","0","0","0","0","0","0","0","0","4","0","","36","08","2017","2017079767","6","40.0635","-76.3589","1214","08","0","0","1","0","0","0","1","0","1","0","0","0","12","1","1","01","2","40 03:48.687","1","00","76 21:32.099","4","0","0","0","36214","0","0","0","N","0","0","0","2","36214","1","","1","01","N","N","0","","0","0","0","3","2","Y","1214","1","2","0","0","0","0","0","3","1","2","N","","","","","","","","","","","","03","  ","","",""
"1315","1","0","0","0","0","0","0","0","0","1","0","","36","08","2017","2017079836","3","40.0553","-76.384","1300","08","0","0","0","0","0","1","1","0","","0","0","0","13","1","0","00","0","40 03:19.132","","00","76 23:02.516","0","0","0","0","36214","0","0","0","N","0","0","0","2","36214","0","","1","01","N","N","0","","0","0","1","0","0","","1300","0","2","0","0","0","0","0","3","0","2","N","","","","","","","","","","","","03","  ","","",""
"1518","1","0","0","0","0","0","0","0","0","4","0","","36","08","2017","2017079838","3","40.1317","-76.2175","1516","08","0","0","0","0","0","1","1","0","2","0","0","0","15","1","2","00","1","40 07:54.171","3","07","76 13:03.097","3","0","0","0","36238","0","0","0","N","0","0","0","4","36238","0","","1","01","N","N","0","","2","0","0","0","0","N","1515","2","2","0","0","0","0","0","3","1","2","N","","","","","","","","","","","","03","  ","","",""
"0803","1","0","0","1","0","0","0","0","0","4","0","","36","08","2017","2017079840","7","40.1559","-76.0434","0759","08","0","0","0","0","0","0","1","0","1","0","0","0","07","1","1","01","1","40 09:21.104","1","00","76 02:36.199","3","0","0","0","36418","1","0","0","N","0","0","0","2","36213","0","","1","01","N","N","0","","1","0","0","3","3","N","0758","1","2","0","0","0","0","0","1","0","1","N","","","","","","","","","","","","03","  ","","",""
"0946","0","0","0","1","0","0","0","0","0","4","1","","36","07","2017","2017079852","4","40.0975","-76.6123","0940","08","0","0","0","0","0","1","0","0","1","0","0","0","09","1","1","03","1","40 05:50.920","1","00","76 36:44.319","3","0","0","0","36237","1","0","0","N","0","0","0","2","36505","0","","1","01","N","N","1","","1","0","0","0","0","N","0940","1","2","0","0","0","0","0","1","0","1","N","","","","","","","","","","","","03","  ","","",""
"1517","1","0","0","0","0","0","0","0","0","7","0","","36","08","2017","2017079866","6","40.0679","-76.2712","1513","08","0","0","0","0","0","1","0","0","1","0","0","0","15","1","1","00","1","40 04:04.416","4","00","76 16:16.255","3","0","0","0","36101","0","0","0","N","0","0","0","1","36101","0","","4","01","N","N","0","","1","0","0","0","0","N","1513","1","1","0","0","0","0","0","3","0","1","N","","","","","","","","","","","","03","  ","","",""
"1631","2","0","0","0","0","0","0","0","0","1","0","","36","08","2017","2017079878","6","40.0529","-76.3604","1628","08","0","0","0","0","0","1","0","0","2","0","0","0","16","1","2","00","1","40 03:10.605","3","00","76 21:37.540","3","0","0","0","36214","0","0","0","N","0","0","0","4","36214","1","","1","2","N","N","1","","1","0","0","0","0","N","1628","2","3","0","0","0","0","0","3","0","3","N","","","","","","","","","","","","03","  ","","",""
"1705","2","0","0","0","0","0","0","0","0","4","0","","36","08","2017","2017079889","6","40.0524","-76.3228","1659","08","0","0","0","0","0","1","0","0","1","0","0","0","16","1","0","02","1","40 03:08.907","1","00","76 19:22.357","0","0","0","0","36101","0","0","0","N","0","0","0","2","36101","0","","1","01","N","N","0","","0","0","0","0","0","N","1652","0","2","0","0","0","0","0","3","0","2","N","","","","","","","","","","","","03","  ","","",""
"1305","1","0","0","0","0","0","0","0","0","1","0","","36","08","2017","2017079904","7","40.0589","-76.3978","1300","08","0","0","0","0","0","2","0","0","2","0","0","0","12","1","0","00","2","40 03:32.205","2","00","76 23:51.946","0","0","0","0","36214","0","0","0","N","0","0","0","4","36214","0","","1","01","N","N","0","","0","0","2","0","0","N","1257","0","3","0","0","0","0","0","3","0","3","N","","","","","","","","","","","","03","  ","","",""
"0149","2","0","0","0","0","0","0","0","0","4","0","","36","08","2017","2017079993","1","40.0934","-76.3505","0145","08","0","0","0","0","0","0","0","0","1","0","0","0","01","3","0","01","1","40 05:36.355","3","00","76 21:01.669","9","0","0","0","36406","0","0","0","N","0","0","0","3","36101","0","","1","01","N","N","0","","0","0","0","3","2","N","0142","0","2","0","0","0","0","1","3","0","2","N","","","","","","","","","","","","03","  ","","",""
"1031","0","0","0","0","0","0","0","0","0","1","1","","36","08","2017","2017080095","1","40.1826","-76.1844","1028","08","0","0","0","0","0","0","1","0","2","0","1","0","10","1","0","00","1","40 10:57.406","3","00","76 11:03.999","0","0","0","0","36408","0","0","0","N","0","0","0","4","36408","0","","1","01","N","N","1","","0","0","1","0","0","Y","1026","0","3","0","0","0","0","0","2","0","3","N","","","","","","","","","","","","03","  ","","",""
"1314","1","0","0","0","0","0","0","0","0","4","0","","36","08","2017","2017080101","6","40.0429","-76.3046","1311","08","0","0","0","0","0","1","0","0","2","0","0","0","13","1","2","01","1","40 02:34.370","7","00","76 18:16.409","4","0","0","0","36301","0","0","0","N","0","0","0","2","36301","2","","1","01","N","N","0","","0","0","1","3","2","Y","1311","2","2","0","0","0","0","0","3","0","2","N","","","","","","","","","","","","03","  ","","",""
"1352","0","0","0","0","0","0","0","0","0","7","0","","36","08","2017","2017080135","6","40.272","-76.1313","1346","08","0","0","0","0","0","0","0","0","2","0","0","0","13","1","1","00","2","40 16:19.278","6","00","76 07:52.638","2","0","0","0","36236","0","0","0","N","0","0","0","1","36408","0","","4","01","N","N","1","","0","1","0","0","0","Y","1344","1","1","0","1","1","0","0","1","0","1","N","","","","","","","","","","","","03","  ","","",""
"1753","0","0","0","0","0","0","0","0","0","1","0","","36","08","2017","2017080148","6","40.1515","-76.2505","1743","08","0","0","0","0","0","0","0","0","1","0","0","0","17","1","0","00","1","40 09:05.250","6","00","76 15:01.703","0","0","0","0","36235","0","0","0","","0","0","0","4","36506","0","","1","01","N","N","1","","0","0","1","0","0","N","1743","0","2","0","0","1","0","0","1","0","2","N","","","","","","","","","","","","03","  ","","",""
"0219","1","0","0","0","0","0","0","0","0","4","0","","36","08","2017","2017080186","1","40.1003","-76.2606","0215","08","0","0","0","0","0","0","0","0","2","0","0","0","02","3","0","00","1","40 06:01.215","2","00","76 15:38.190","0","0","0","0","36101","0","0","0","N","0","0","0","3","36101","0","","1","01","N","N","0","","0","0","1","0","0","N","0215","0","2","0","0","0","0","0","3","0","2","N","","","","","","","","","","","","03","  ","","",""
"0344","0","0","0","0","0","0","0","0","0","7","0","","36","08","2017","2017080194","1","40.0912","-76.304","0344","08","0","0","0","0","1","0","0","0","2","0","0","0","03","3","0","00","2","40 05:28.283","7","00","76 18:14.358","0","0","0","0","36101","0","0","0","N","0","0","0","1","36101","0","","4","01","N","N","0","","0","0","1","0","0","Y","0344","0","1","0","0","0","0","0","3","0","1","N","","","","","","","","","","","","03","  ","","",""
"0933","1","0","0","1","0","0","0","0","0","4","0","","36","07","2017","2017080209","1","40.1298","-76.2166","0932","08","0","0","0","0","0","0","0","0","","0","0","0","09","1","1","01","0","40 07:47.994","","02","76 12:59.417","8","0","0","0","36238","1","0","0","N","0","0","0","2","36238","0","","1","01","N","N","0","","0","0","0","3","2","","0929","1","2","0","0","0","1","0","3","0","1","N","","","","","","","","","","","","03","  ","","",""
"2305","1","0","0","0","0","0","0","0","0","1","0","","36","08","2017","2017080218","1","40.2146","-76.1249","2305","08","0","0","0","0","0","1","0","0","","0","0","0","23","2","0","02","0","40 12:52.437","","00","76 07:29.540","0","0","0","0","36210","0","0","0","N","0","0","0","3","36210","0","","1","01","N","N","1","","0","0","0","3","3","","2303","0","2","0","0","0","0","0","1","0","2","N","","","","","","","","","","","","03","  ","","",""
"2311","1","0","0","0","0","0","0","0","0","0","0","","36","08","2017","2017080225","7","40.1603","-76.1238","2305","08","0","1","0","0","0","0","0","0","2","0","0","0","23","2","1","00","1","40 09:37.051","6","00","76 07:25.593","8","0","0","0","36218","0","0","0","N","0","0","0","1","36408","0","","4","01","N","N","0","","0","0","0","0","0","N","2300","1","1","0","0","0","1","0","1","0","1","N","","","","","","","","","","","","03","  ","","",""
"1945","0","0","0","0","0","0","0","0","0","7","0","","36","07","2017","2017080229","2","40.1514","-76.1648","1939","08","0","0","0","0","0","0","0","0","","0","0","0","19","1","1","00","0","40 09:04.903","","00","76 09:53.298","8","0","0","1","36238","0","0","0","N","0","0","0","1","36238","0","","3","01","N","N","0","","0","0","0","0","0","","1938","1","1","0","0","0","1","0","3","0","1","N","","","","","","","","","","","","03","  ","","",""
"1737","1","0","0","0","0","0","0","0","0","4","0","","36","08","2017","2017080248","1","40.2283","-76.4321","1730","08","0","0","0","0","0","0","1","0","1","0","0","0","17","1","0","00","1","40 13:42.054","1","07","76 25:55.643","0","0","0","0","36230","0","0","0","N","0","0","0","3","36410","0","","1","01","N","N","1","","0","0","0","3","2","N","1738","0","2","0","0","0","0","0","1","0","2","N","","","","","","","","","","","","03","  ","","",""
"1848","1","0","0","0","0","0","0","0","0","4","0","","36","08","2017","2017080251","1","40.2355","-76.2502","1844","08","0","0","0","0","0","1","0","0","1","0","0","0","18","1","3","03","2","40 14:07.625","6","00","76 15:00.637","8","0","0","0","36204","0","0","0","","0","0","0","3","36506","0","","1","01","N","N","1","","0","0","0","0","0","Y","1844","3","2","0","0","1","3","0","1","0","2","N","","","","","","","","","","","","03","  ","","",""
"1250","2","0","0","0","0","0","0","0","0","4","0","","36","08","2017","2017080324","1","40.119","-76.5376","1245","08","0","0","0","0","0","1","1","0","2","0","0","0","12","1","0","02","2","40 07:08.649","1","00","76 32:15.589","0","0","0","0","36225","0","0","0","N","0","0","0","2","36505","0","","1","01","N","N","0","","0","0","0","0","0","Y","1243","0","2","0","0","0","0","0","2","0","2","N","","","","","","","","","","","","03","  ","","",""
"1125","1","0","0","0","0","0","0","0","0","1","0","","36","08","2017","2017080331","7","40.1424","-76.5945","1123","08","0","0","0","1","0","0","0","0","1","0","0","0","11","1","0","00","1","40 08:32.466","1","00","76 35:40.252","0","0","0","0","36407","0","0","0","N","0","0","0","3","36407","0","","1","01","N","N","0","","0","0","1","0","0","N","1120","0","2","0","0","0","0","0","2","0","2","N","","","","","","","","","","","","03","  ","","",""
"1500","1","0","0","0","0","0","0","0","0","7","0","","36","08","2017","2017080415","2","40.0397","-76.409","1455","08","0","0","0","0","0","0","1","0","","0","0","0","14","1","0","00","0","40 02:22.800","","00","76 24:32.400","0","0","0","0","36239","0","0","0","N","0","0","0","1","36239","0","","4","09","N","N","0","","0","0","0","0","0","","1455","0","1","0","0","0","0","0","3","0","1","N","","","","","","","","","","","","07","  ","","",""
"1824","0","0","0","0","0","0","0","0","0","1","0","","36","06","2017","2017080442","3","39.9061","-76.1837","1819","08","0","0","0","0","0","0","0","0","3","0","0","0","18","1","0","00","2","39 54:21.962","5","07","76 11:01.444","0","0","0","0","36229","0","0","0","","0","0","0","3","68J01","0","","1","01","N","N","2","","0","0","0","0","0","Y","1818","0","2","0","0","0","0","0","1","0","2","N","","","","","","","","","","","","03","  ","","",""
"1116","2","0","0","0","0","0","0","0","0","4","0","","36","07","2017","2017080485","1","40.031","-76.2354","1116","08","0","0","1","0","0","0","1","0","2","0","0","0","11","1","1","05","2","40 01:50.123","3","00","76 14:03.641","4","0","0","0","36215","0","0","0","","0","0","0","4","36215","1","","1","01","N","N","0","","0","0","0","3","2","N","1116","1","2","0","0","0","0","0","1","0","2","N","","","","","","","","","","","","03","  ","","",""
"2137","2","0","0","0","0","0","0","0","0","4","0","","36","07","2017","2017080486","4","40.0405","-76.248","2133","08","0","0","0","0","0","0","0","0","","0","0","0","21","3","0","00","0","40 02:25.755","","00","76 14:52.731","0","0","0","0","36215","0","0","0","","0","0","0","2","36215","0","","4","01","N","N","0","","0","0","0","0","0","","2131","0","2","0","0","0","0","0","1","0","2","N","","","","","","","","","","","","03","  ","","",""
"2225","1","0","0","0","0","0","0","0","0","7","0","","36","07","2017","2017080487","7","40.0403","-76.2437","2222","08","0","0","1","0","0","0","0","0","1","0","0","0","22","3","1","00","2","40 02:25.100","7","00","76 14:37.499","4","0","0","0","36215","0","0","0","","0","0","0","2","36215","1","","4","01","N","N","0","","0","0","0","0","0","Y","2220","1","1","0","0","0","0","0","1","0","1","N","","","","","","","","","","","","03","  ","","",""
"1037","1","0","0","0","0","0","0","0","0","4","0","","36","08","2017","2017080488","6","40.044","-76.3242","1034","08","0","0","0","0","0","2","0","0","2","0","0","0","10","1","1","01","1","40 02:38.378","6","00","76 19:27.213","8","0","0","0","36301","0","0","0","","0","0","0","3","36301","0","","1","01","N","N","0","","0","0","1","3","2","Y","1033","1","2","0","0","0","1","0","3","0","2","N","","","","","","","","","","","","03","  ","","",""
"2008","2","0","0","0","0","0","0","0","0","4","0","","36","06","2017","2017080514","5","40.1519","-75.9014","1956","08","0","0","0","1","0","1","0","0","","0","0","0","19","4","0","01","0","40 09:06.984","","00","75 54:04.898","0","0","0","0","36203","0","0","0","","0","0","0","2","68J01","0","","1","01","N","N","0","","0","0","0","3","2","","1954","0","2","0","0","0","0","0","1","0","2","N","","","","","","","","","","","","03","  ","","",""
"1554","0","0","0","0","0","0","0","0","0","7","0","","36","06","2017","2017080515","2","39.9808","-76.0168","1544","08","0","0","0","0","0","1","0","0","","0","0","0","15","1","1","00","0","39 58:50.749","","00","76 01:00.326","8","0","0","0","36231","0","0","0","","0","0","0","2","68J01","0","","4","01","N","N","1","","0","0","0","0","0","","1542","1","1","0","0","0","1","0","1","0","1","N","","","","","","","","","","","","03","  ","","",""
"2023","1","0","0","0","0","0","0","0","0","5","1","","36","06","2017","2017080518","6","40.2239","-76.0652","2006","08","0","0","0","0","0","0","0","0","3","0","1","0","20","2","0","00","1","40 13:25.941","1","00","76 03:54.864","0","0","0","0","36202","0","0","0","","0","0","0","2","68J01","0","","1","01","N","N","0","","0","0","0","0","0","N","2006","0","3","0","0","1","0","0","1","0","2","N","","","","","","","","","","","","03","  ","","",""
"1239","0","0","0","0","0","0","0","0","0","2","0","","36","07","2017","2017080549","4","39.7648","-76.2203","1213","08","0","0","0","0","0","0","0","0","2","0","0","0","12","1","3","00","2","39 45:53.250","5","00","76 13:13.090","3","0","0","0","36219","0","0","0","","0","0","0","3","68J01","1","","1","01","N","N","0","","2","0","0","0","0","Y","1200","3","2","0","0","0","0","0","1","0","2","N","","","","","","","","","","","","03","  ","","",""
"1140","0","0","0","0","0","0","0","0","0","4","0","","36","08","2017","2017080586","5","40.006","-76.1163","1138","08","0","0","0","0","0","0","1","0","","0","0","0","11","1","1","00","0","40 00:21.680","","07","76 06:58.560","8","0","0","1","36226","0","0","0","","0","0","0","2","68J01","0","","1","01","N","N","1","","0","0","0","0","0","","1137","1","2","0","0","0","1","0","1","0","2","N","","","","","","","","","","","","03","  ","","",""
"1803","1","0","0","0","0","0","0","0","0","4","1","","36","08","2017","2017080588","5","40.0314","-75.9763","1744","08","0","0","0","0","0","1","0","0","2","0","1","0","17","1","0","02","1","40 01:53.196","3","00","75 58:34.671","0","0","0","0","36232","0","0","0","","0","0","0","2","68J01","0","","1","01","N","N","0","","0","0","0","0","0","N","1743","0","2","0","0","0","0","0","1","0","2","N","","","","","","","","","","","","03","  ","","",""
"2203","0","0","0","0","0","0","0","0","0","7","0","","36","08","2017","2017080591","5","39.777","-76.0779","2144","08","0","0","0","0","0","0","0","0","","0","0","0","21","2","0","00","0","39 46:37.361","","00","76 04:40.316","0","0","0","0","36222","0","0","0","","0","0","0","1","68J01","0","","4","09","N","N","0","","0","0","1","0","0","","2143","0","1","0","0","0","0","0","1","0","1","N","","","","","","","","","","","","07","  ","","",""
"2310","1","0","0","0","0","0","0","0","0","2","0","","36","08","2017","2017080635","1","40.2142","-76.2897","2258","08","0","1","0","0","0","0","1","0","","0","0","0","22","2","0","01","0","40 12:51.234","","00","76 17:22.756","0","0","0","0","36217","0","0","0","","0","0","0","2","68J01","0","","1","01","N","N","0","","0","0","1","3","3","","2257","0","2","0","0","0","0","0","1","0","2","N","","","","","","","","","","","","03","  ","","",""
"1747","0","0","0","0","0","0","0","0","0","1","0","","36","08","2017","2017080661","2","40.0704","-76.3169","1743","08","0","0","0","0","0","1","0","0","","0","0","0","17","1","0","00","0","40 04:13.538","","00","76 19:00.893","0","0","0","0","36101","0","0","0","N","0","0","0","2","36101","0","","1","01","N","N","1","","0","0","1","0","0","","1733","0","2","0","0","0","0","0","3","0","2","N","","","","","","","","","","","","03","  ","","",""
"1347","0","0","0","0","0","0","0","0","0","7","0","","36","07","2017","2017080679","1","40.0708","-76.2617","1339","08","0","0","0","0","0","0","1","0","2","0","0","0","13","1","0","00","1","40 04:15.000","2","00","76 15:42.200","0","0","0","0","36215","0","0","0","N","0","0","0","2","36215","0","","2","01","N","N","1","","0","0","0","0","0","N","1335","0","2","0","0","0","0","0","1","1","2","N","","","","","","","","","","","","03","  ","","",""
"0925","0","0","0","0","0","0","0","0","0","7","0","","36","08","2017","2017080703","7","40.2167","-76.4329","0920","08","0","0","0","0","0","0","1","0","3","0","0","0","09","1","0","00","2","40 13:00.295","5","00","76 25:58.536","9","0","0","0","36230","0","0","0","Y","0","0","0","1","36410","0","","2","01","N","N","0","","0","0","1","0","0","Y","0918","0","1","0","0","0","0","1","1","0","1","N","","","","","","","","","","","","03","  ","","",""
"0742","1","0","0","0","0","0","0","0","0","7","0","","36","07","2017","2017080737","2","40.1329","-75.9667","0718","08","0","0","1","0","0","0","0","0","","0","0","0","07","1","0","00","0","40 07:58.399","","00","75 58:00.009","0","0","0","0","36203","0","0","0","","0","0","0","1","68J01","0","","5","01","N","N","0","","0","0","0","0","0","","0702","0","1","0","0","0","0","0","1","0","1","N","","","","","","","","","","","","03","  ","","",""
"1358","1","0","0","0","0","0","0","0","0","4","0","","36","08","2017","2017080756","6","39.8865","-76.1504","1348","08","0","0","0","0","0","0","1","0","2","0","0","0","13","1","1","02","2","39 53:11.554","6","00","76 09:01.393","4","0","0","1","36212","0","0","0","","0","0","0","2","68J01","1","","1","01","N","N","0","","0","0","0","3","3","N","1340","1","2","0","0","0","0","0","1","0","2","N","","","","","","","","","","","","03","  ","","",""
"1733","1","0","0","0","0","0","0","0","0","1","0","","36","07","2017","2017080771","4","40.0561","-76.2698","1733","08","0","0","0","0","0","0","0","0","","0","0","0","17","1","0","00","0","40 03:21.881","","00","76 16:11.190","0","0","0","0","36215","0","0","0","","0","0","0","2","36215","0","","1","01","N","N","0","","0","0","1","0","0","","1733","0","2","0","0","0","0","0","1","0","2","N","","","","","","","","","","","","03","  ","","",""
"2231","1","0","0","0","0","0","0","0","0","7","0","","36","07","2017","2017080772","1","40.0496","-76.255","2228","08","0","0","0","0","0","0","0","0","","0","0","0","22","2","1","07","0","40 02:58.707","","02","76 15:17.880","8","0","0","0","36215","0","0","0","","0","0","0","1","36215","0","","5","01","N","N","0","","0","0","0","0","0","","2225","1","1","0","0","0","1","0","1","0","1","N","","","","","","","","","","","","03","  ","","",""
"2123","1","0","0","0","0","0","0","0","0","4","0","","36","08","2017","2017080773","3","40.0319","-76.2398","2119","08","0","0","0","0","0","1","0","1","1","0","0","0","21","3","0","02","1","40 01:54.765","6","02","76 14:23.331","9","0","0","0","36215","0","0","0","","0","0","0","4","36215","0","","1","01","N","N","0","","0","0","1","3","2","Y","2115","0","2","0","0","0","0","1","1","0","2","N","","","","","","","","","","","","03","  ","","",""
"1051","1","0","0","0","0","0","0","0","0","1","0","","36","08","2017","2017080774","6","40.0307","-76.2337","1045","08","0","0","0","0","0","1","0","0","","0","0","0","10","1","1","00","0","40 01:50.364","","00","76 14:01.151","3","0","0","0","36215","0","0","0","","0","0","0","3","36215","0","","1","01","N","N","0","","1","0","1","3","2","","1043","1","2","0","0","0","0","0","1","0","2","N","","","","","","","","","","","","03","  ","","",""
"2052","1","0","0","0","0","0","0","0","0","1","0","","36","08","2017","2017080775","6","40.0857","-76.2081","2052","08","0","1","0","0","0","1","0","0","1","0","0","0","20","3","0","00","1","40 05:08.393","3","07","76 12:29.036","0","0","0","0","36234","0","0","0","","0","0","0","3","36215","0","","1","01","N","N","0","","0","0","2","0","0","N","2052","0","3","0","0","0","0","0","1","0","3","N","","","","","","","","","","","","03","  ","","",""
"1612","1","0","0","0","0","0","0","0","0","1","0","","36","08","2017","2017080776","7","40.0237","-76.1992","1556","08","0","0","1","0","0","0","0","0","","0","0","0","15","1","1","00","0","40 01:25.329","","00","76 11:57.038","4","0","0","0","36215","0","0","0","","0","0","0","10","36215","1","","1","01","N","N","0","","0","0","2","3","2","","1556","1","3","0","0","0","0","0","1","0","3","N","","","","","","","","","","","","03","  ","","",""