"ARRIVAL_TM","AUTOMOBILE_COUNT","BELTED_DEATH_COUNT","BELTED_SUSP_SERIOUS_INJ_COUNT","BICYCLE_COUNT","BICYCLE_DEATH_COUNT","BICYCLE_SUSP_SERIOUS_INJ_COUNT","BUS_COUNT","CHLDPAS_DEATH_COUNT","CHLDPAS_SUSP_SERIOUS_INJ_COUNT","COLLISION_TYPE","COMM_VEH_COUNT","CONS_ZONE_SPD_LIM","COUNTY","CRASH_MONTH","CRASH_YEAR","CRN","DAY_OF_WEEK","DEC_LAT","DEC_LONG","DISPATCH_TM","DISTRICT","DRIVER_COUNT_16YR","DRIVER_COUNT_17YR","DRIVER_COUNT_18YR","DRIVER_COUNT_19YR","DRIVER_COUNT_20YR","DRIVER_COUNT_50_64YR","DRIVER_COUNT_65_74YR","DRIVER_COUNT_75PLUS","EST_HRS_CLOSED","FATAL_COUNT","HEAVY_TRUCK_COUNT","HORSE_BUGGY_COUNT","HOUR_OF_DAY","ILLUMINATION","INJURY_COUNT","INTERSECT_TYPE","LANE_CLOSED","LATITUDE","LN_CLOSE_DIR","LOCATION_TYPE","LONGITUDE","MAX_SEVERITY_LEVEL","MCYCLE_DEATH_COUNT","MCYCLE_SUSP_SERIOUS_INJ_COUNT","MOTORCYCLE_COUNT","MUNICIPALITY","NONMOTR_COUNT","NONMOTR_DEATH_COUNT","NONMOTR_SUSP_SERIOUS_INJ_COUNT","NTFY_HIWY_MAINT","PED_COUNT","PED_DEATH_COUNT","PED_SUSP_SERIOUS_INJ_COUNT","PERSON_COUNT","POLICE_AGCY","POSSIBLE_INJ_COUNT","RDWY_SURF_TYPE_CD","RELATION_TO_ROAD","ROAD_CONDITION","SCH_BUS_IND","SCH_ZONE_IND","SMALL_TRUCK_COUNT","SPEC_JURIS_CD","SUSP_MINOR_INJ_COUNT","SUSP_SERIOUS_INJ_COUNT","SUV_COUNT","TCD_FUNC_CD","TCD_TYPE","TFC_DETOUR_IND","TIME_OF_DAY","TOT_INJ_COUNT","TOTAL_UNITS","UNB_DEATH_COUNT","UNB_SUSP_SERIOUS_INJ_COUNT","UNBELTED_OCC_COUNT","UNK_INJ_DEG_COUNT","UNK_INJ_PER_COUNT","URBAN_RURAL","VAN_COUNT","VEHICLE_COUNT","WORK_ZONE_IND","WORK_ZONE_LOC","WORK_ZONE_TYPE","WORKERS_PRES","WZ_CLOSE_DETOUR","WZ_FLAGGER","WZ_LAW_OFFCR_IND","WZ_LN_CLOSURE","WZ_MOVING","WZ_OTHER","WZ_SHLDER_MDN","ROADWAY_CLEARED","WEATHER1","WEATHER2","WZ_WORKERS_INJ_KILLED","SECONDARY_CRASH","INTERSECTION_RELATED"
"1724","1","0","0","0","0","0","0","0","0","4","0","","36","08","2017","2017080808","3","40.0105","-76.1324","1716","08","0","0","0","0","1","0","0","1","3","0","0","0","17","1","3","02","2","40 00:37.874","4","00","76 07:56.531","4","0","0","0","36226","0","0","0","","0","0","0","3","68J01","3","","1","01","N","N","0","","0","0","0","3","3","Y","1712","3","2","0","0","0","0","0","1","1","2","N","","","","","","","","","","","","03","  ","","",""
"1129","2","0","0","0","0","0","0","0","0","4","0","","36","08","2017","2017080865","3","40.1128","-76.3965","1126","08","0","0","0","0","0","0","1","2","2","0","0","0","11","1","1","01","2","40 06:45.982","6","00","76 23:47.576","4","0","0","0","36214","0","0","0","N","0","0","0","5","36214","1","","1","01","N","N","0","","0","0","1","3","3","Y","1120","1","3","0","0","1","0","0","3","0","3","N","","","","","","","","","","","","03","  ","","",""
"0651","1","0","0","0","0","0","0","0","0","7","0","","36","08","2017","2017080870","2","40.2167","-76.0905","0640","08","0","0","0","0","0","0","0","0","","0","0","0","06","1","0","00","0","40 13:00.204","","03","76 05:25.942","0","0","0","0","36210","0","0","0","Y","0","0","0","1","36210","0","","2","09","N","N","0","","0","0","0","0","0","","0636","0","1","0","0","0","0","0","1","0","1","N","","","","","","","","","","","","07","  ","","",""
"1837","1","0","0","0","0","0","0","0","0","7","0","","36","06","2017","2017080928","5","39.8963","-76.2721","1827","08","0","0","0","0","0","0","0","0","2","0","0","0","18","1","1","03","2","39 53:46.792","5","00","76 16:19.548","8","0","0","0","36224","0","0","0","","0","0","0","1","68J01","0","","5","01","N","N","0","","0","0","0","0","0","Y","1824","1","1","0","0","1","1","0","1","0","1","N","","","","","","","","","","","","03","  ","","",""
"1129","1","0","0","0","0","0","0","0","0","4","0","","36","08","2017","2017080956","1","40.0441","-76.2836","1125","08","0","0","0","0","0","2","0","0","2","0","0","0","11","1","1","01","2","40 02:38.911","7","00","76 17:01.053","4","0","0","0","36220","0","0","0","","0","0","0","2","36101","1","","1","01","N","N","0","","0","0","1","3","3","Y","1123","1","2","0","0","0","0","0","3","0","2","N","","","","","","","","","","","","03","  ","","",""
"1350","1","0","0","0","0","0","0","0","0","7","0","","36","07","2017","2017081037","3","40.1526","-76.5681","1338","08","0","0","0","0","0","0","0","0","2","0","0","0","13","1","1","00","2","40 09:09.471","3","00","76 34:05.252","4","0","0","0","36225","0","0","0","N","0","0","0","1","36505","1","","4","01","N","N","0","","0","0","0","0","0","N","1338","1","1","0","0","0","0","0","2","0","1","N","","","","","","","","","","","","03","  ","","",""
"2056","1","0","0","0","0","0","0","0","0","7","0","","36","08","2017","2017081051","3","40.138","-76.161","2050","08","0","0","1","0","0","0","0","0","2","0","0","0","20","2","0","00","2","40 08:16.820","6","00","76 09:39.480","0","0","0","0","36238","0","0","0","N","0","0","0","1","36238","0","","5","01","N","N","0","","0","0","0","0","0","Y","2049","0","1","0","0","0","0","0","3","0","1","N","","","","","","","","","","","","03","  ","","",""
"1721","2","0","0","0","0","0","0","0","0","4","0","","36","08","2017","2017081060","4","40.0685","-76.3074","1719","08","0","0","0","1","0","0","0","0","2","0","0","0","17","1","1","01","1","40 04:06.605","7","00","76 18:27.559","4","0","0","0","36101","0","0","0","N","0","0","0","3","36101","1","","1","01","N","N","0","","0","0","0","3","2","N","1715","1","2","0","0","0","0","0","3","0","2","N","","","","","","","","","","","","03","  ","","",""
"2237","2","0","0","0","0","0","0","0","0","2","0","","36","07","2017","2017081074","1","40.1341","-76.3272","2231","08","0","1","0","0","0","0","0","0","2","0","0","0","22","2","1","00","2","40 08:02.691","5","00","76 19:37.809","8","0","0","0","36235","0","0","0","","0","0","0","2","36506","0","","1","01","N","N","0","","0","0","0","0","0","Y","2222","1","2","0","0","0","1","0","1","0","2","N","","","","","","","","","","","","03","  ","","",""
"1500","2","0","0","0","0","0","0","0","0","4","0","","36","07","2017","2017081085","6","39.897","-76.1779","1445","08","0","0","0","0","0","0","0","0","3","0","0","0","14","1","1","01","2","39 53:49.176","1","00","76 10:40.444","8","0","0","0","36229","0","0","0","","0","0","0","3","68J01","0","","1","01","N","N","0","","0","0","0","3","3","N","1433","1","2","0","0","1","1","0","1","0","2","N","","","","","","","","","","","","03","  ","","",""
"1926","0","0","0","0","0","0","0","0","0","8","0","","36","06","2017","2017081118","7","39.9944","-76.0293","1926","08","0","0","0","0","0","1","0","0","1","0","0","0","19","1","1","00","2","39 59:39.991","4","00","76 01:45.302","3","0","0","0","36232","1","0","0","","1","0","0","3","68J01","0","","1","01","N","N","0","","1","0","1","3","7","N","1925","1","2","0","0","0","0","0","1","0","1","N","","","","","","","","","","","","03","  ","","",""
"1521","1","0","0","0","0","0","0","0","0","7","0","","36","08","2017","2017081188","1","40.0662","-76.2913","1508","08","0","0","0","0","0","0","0","0","","0","0","0","15","1","0","00","0","40 03:58.474","","02","76 17:28.627","0","0","0","0","36101","0","0","0","N","0","0","0","5","36101","0","","4","01","N","N","0","","0","0","0","0","0","","1505","0","1","0","0","0","0","0","3","0","1","N","","","","","","","","","","","","03","  ","","",""
"1731","0","0","0","0","0","0","0","0","0","7","0","","36","07","2017","2017081197","1","40.0609","-76.2766","1724","08","0","0","0","0","0","1","0","0","2","0","0","0","17","1","2","06","2","40 03:39.778","3","02","76 16:35.159","4","0","0","0","36101","0","0","0","N","0","0","0","3","36101","2","","1","01","N","N","0","","0","0","2","3","4","Y","1724","2","3","0","0","0","0","0","3","1","3","N","","","","","","","","","","","","03","  ","","",""
"0740","1","0","0","0","0","0","0","0","0","7","0","","36","07","2017","2017081200","1","39.9921","-76.2408","0737","08","0","0","0","1","0","0","0","0","2","0","0","0","07","1","0","00","1","39 59:31.711","1","00","76 14:26.947","0","0","0","0","36240","0","0","0","N","0","0","0","1","36240","0","","2","01","N","N","0","","0","0","0","0","0","N","0735","0","1","0","0","0","0","0","1","0","1","N","","","","","","","","","","","","03","  ","","",""
"1255","1","0","0","0","0","0","0","0","0","4","0","","36","07","2017","2017081207","5","39.99","-76.2568","1249","08","0","0","0","0","0","1","0","0","1","0","0","0","12","1","1","00","1","39 59:24.057","1","07","76 15:24.653","4","0","0","0","36240","0","0","0","N","0","0","0","2","36240","1","","1","01","N","N","1","","0","0","0","0","0","N","1247","1","2","0","0","0","0","0","1","0","2","N","","","","","","","","","","","","03","  ","","",""
"0843","1","0","0","0","0","0","0","0","0","7","0","","36","08","2017","2017081215","1","40.1531","-76.4285","0838","08","0","0","0","0","0","0","0","0","2","0","0","0","08","1","1","00","2","40 09:11.300","5","00","76 25:42.500","8","0","0","0","36230","0","0","0","N","0","0","0","1","36410","0","","4","01","N","N","0","","0","0","0","0","0","Y","0835","1","1","0","0","0","1","0","1","0","1","N","","","","","","","","","","","","03","  ","","",""
"1735","1","0","0","0","0","0","0","0","0","7","0","","36","08","2017","2017081226","1","40.1812","-76.4617","1730","08","1","0","0","0","0","0","0","0","3","0","0","0","17","1","1","00","2","40 10:52.200","5","00","76 27:42.100","4","0","0","0","36230","0","0","0","N","0","0","0","1","36410","1","","4","01","N","N","0","","0","0","0","0","0","Y","1728","1","1","0","0","0","0","0","1","0","1","N","","","","","","","","","","","","03","  ","","",""
"1747","0","0","0","0","0","0","0","0","0","1","0","","36","08","2017","2017081254","3","40.1703","-76.6047","1738","08","0","0","0","0","0","1","0","0","2","0","0","0","17","1","2","00","2","40 10:13.016","2","00","76 36:16.946","3","0","0","0","36225","0","0","0","N","0","0","0","2","36505","1","","1","01","N","N","0","","1","0","2","0","0","N","1738","2","2","0","0","0","0","0","2","0","2","N","","","","","","","","","","","","03","  ","","",""
"1225","1","0","0","0","0","0","0","0","0","8","0","","36","08","2017","2017081269","4","40.1787","-76.1673","1221","08","0","0","0","0","0","0","1","0","1","0","0","0","12","1","1","02","1","40 10:43.154","6","00","76 10:02.308","3","0","0","0","36408","1","0","0","N","1","0","0","2","36408","0","","1","01","N","N","0","","1","0","0","0","0","Y","1220","1","2","0","0","0","0","0","2","0","1","N","","","","","","","","","","","","03","  ","","",""
"1256","2","0","0","0","0","0","0","0","0","4","0","","36","07","2017","2017081276","4","40.0459","-76.3072","1256","08","0","0","0","0","0","1","0","0","1","0","0","0","12","1","2","01","1","40 02:45.142","1","00","76 18:25.864","4","0","0","0","36301","0","0","0","N","0","0","0","3","36301","2","","1","01","N","N","0","","0","0","1","3","2","Y","1256","2","3","0","0","0","0","0","3","0","3","N","","","","","","","","","","","","03","  ","","",""
"0028","2","0","0","0","0","0","0","0","0","1","0","","36","08","2017","2017081284","7","40.0494","-76.3035","0026","08","0","0","0","0","0","0","0","0","1","0","0","0","00","3","2","01","1","40 02:57.790","1","00","76 18:12.495","3","0","0","0","36301","0","0","0","N","0","0","0","3","36301","0","","1","09","N","N","0","","2","0","0","3","2","N","0024","2","2","0","0","0","0","1","3","0","2","N","","","","","","","","","","","","07","  ","","",""
"1758","0","0","0","0","0","0","0","0","0","1","0","","36","08","2017","2017081419","4","40.0616","-76.3483","1754","08","0","0","0","0","0","0","0","0","","0","0","0","17","1","1","00","0","40 03:41.723","","00","76 20:53.745","4","0","0","0","36214","0","0","0","","0","0","0","2","36214","1","","1","01","","","0","","0","0","1","0","0","","1750","1","2","0","0","0","0","0","3","1","2","N","","","","","","","","","","","","03","  ","","",""
"2143","2","0","0","0","0","0","0","0","0","4","0","","36","08","2017","2017081451","1","40.2416","-76.1756","2137","08","0","0","1","0","0","0","0","0","1","0","0","0","21","3","0","01","1","40 14:29.725","1","00","76 10:32.248","0","0","0","0","36236","0","0","0","N","0","0","0","4","36408","0","","1","01","N","N","0","","0","0","0","3","3","N","2135","0","2","0","0","0","0","0","1","0","2","N","","","","","","","","","","","","03","  ","","",""
"0131","0","0","0","0","0","0","0","0","0","7","0","","36","08","2017","2017081452","2","40.1707","-76.1487","0128","08","0","0","0","1","0","0","0","0","2","0","0","0","01","2","0","00","1","40 10:14.675","1","00","76 08:55.266","0","0","0","0","36218","0","0","0","Y","0","0","0","2","36408","0","","3","01","N","N","0","","0","0","1","0","0","N","0125","0","1","0","0","0","0","0","1","0","1","N","","","","","","","","","","","","03","  ","","",""
"0943","1","0","0","0","0","0","0","0","0","4","0","","36","08","2017","2017081524","7","40.0889","-76.1801","0939","08","0","0","0","0","0","0","1","1","2","0","0","0","09","1","2","02","1","40 05:20.180","3","00","76 10:48.323","3","0","0","0","36234","0","0","0","","0","0","0","4","36215","1","","1","01","N","N","0","","1","0","1","0","0","Y","0938","2","2","0","0","0","0","0","1","0","2","N","","","","","","","","","","","","03","  ","","",""
"0718","0","0","0","0","0","0","1","0","0","4","1","","36","08","2017","2017081525","3","40.0364","-76.3054","0714","08","0","0","0","0","0","1","0","0","2","0","0","0","07","1","1","01","2","40 02:10.941","6","00","76 18:19.324","8","0","0","0","36301","0","0","0","","0","0","0","3","36301","0","","1","01","N","N","0","","0","0","1","3","2","Y","0714","1","2","0","0","0","1","0","3","0","2","N","","","","","","","","","","","","03","  ","","",""
"1706","2","0","0","0","0","0","0","0","0","4","0","","36","08","2017","2017081554","4","40.0295","-76.3233","1700","08","0","0","1","0","0","1","0","0","2","0","0","0","16","1","0","00","2","40 01:46.251","3","00","76 19:23.934","0","0","0","0","36220","0","0","0","N","0","0","0","2","36101","0","","1","01","N","N","0","","0","0","0","0","0","N","1655","0","2","0","0","0","0","0","3","0","2","N","","","","","","","","","","","","03","  ","","",""
"1339","1","0","0","0","0","0","0","0","0","4","0","","36","07","2017","2017081559","1","39.9707","-76.2732","1334","08","0","0","0","0","0","0","0","0","2","0","0","0","13","1","0","00","2","39 58:14.561","1","07","76 16:23.622","0","0","0","0","36240","0","0","0","N","0","0","0","2","36240","0","","1","01","N","N","0","","0","0","1","0","0","Y","1333","0","2","0","0","0","0","0","1","0","2","N","","","","","","","","","","","","03","  ","","",""
"1405","2","0","2","0","0","0","0","0","0","2","0","","36","08","2017","2017081562","2","40.0231","-76.2752","1400","08","0","0","0","1","0","0","0","1","3","0","0","0","13","1","2","00","2","40 01:23.066","6","00","76 16:30.832","2","0","0","0","36240","0","0","0","N","0","0","0","2","36240","0","","1","09","N","N","0","","0","2","0","0","0","Y","1358","2","2","0","0","0","0","0","1","0","2","N","","","","","","","","","","","","07","  ","","",""
"1429","0","0","0","0","0","0","0","0","0","4","1","","36","08","2017","2017081565","3","40.012","-76.2263","1423","08","0","0","0","0","0","0","0","1","","0","1","0","14","1","0","01","0","40 00:43.379","","00","76 13:34.666","0","0","0","0","36240","0","0","0","N","0","0","0","2","36240","0","","1","01","N","N","0","","0","0","1","3","3","","1421","0","2","0","0","0","0","0","1","0","2","N","","","","","","","","","","","","03","  ","","",""
"1706","0","0","0","0","0","0","0","0","0","4","0","","36","08","2017","2017081567","3","40.1018","-76.6727","1657","08","0","0","0","0","0","2","0","0","3","0","0","0","16","1","1","01","1","40 06:06.624","2","00","76 40:21.755","8","0","0","0","36207","0","0","0","Y","0","0","0","2","36504","0","","1","01","N","N","2","","0","0","0","3","3","N","1650","1","2","0","0","0","1","0","1","0","2","N","","","","","","","","","","","","03","  ","","",""
"1724","1","0","0","0","0","0","0","0","0","4","0","","36","08","2017","2017081602","5","40.0626","-76.3137","1717","08","0","0","0","0","0","2","0","0","2","0","0","0","17","1","1","02","2","40 03:45.168","1","00","76 18:49.822","2","0","1","1","36101","0","0","0","N","0","0","0","2","36101","0","","1","01","N","N","0","","0","1","0","3","2","Y","1711","1","2","0","0","0","0","0","3","0","2","N","","","","","","","","","","","","03","  ","","",""
"1540","0","0","0","0","0","0","0","0","0","8","0","","36","08","2017","2017081620","5","40.1399","-76.3853","1540","08","0","0","0","0","0","0","0","0","","0","0","0","15","1","1","00","0","40 08:23.600","","07","76 23:07.100","3","0","0","0","36227","1","0","0","","1","0","0","2","36506","0","","1","01","N","N","0","","1","0","1","3","8","","1537","1","2","0","0","0","0","0","1","0","1","N","","","","","","","","","","","","03","  ","","",""
"1330","1","0","0","0","0","0","0","0","0","4","0","","36","08","2017","2017081621","4","40.0432","-76.3182","1323","08","0","0","1","0","0","0","0","0","2","0","0","0","13","1","0","01","2","40 02:35.469","1","00","76 19:05.620","0","0","0","0","36301","0","0","0","N","0","0","0","3","36301","0","","1","01","N","N","0","","0","0","1","3","3","Y","1320","0","2","0","0","0","0","0","3","0","2","N","","","","","","","","","","","","03","  ","","",""
"1533","2","0","0","0","0","0","0","0","0","5","0","","36","08","2017","2017081628","1","40.0476","-76.3075","1533","08","0","0","0","0","0","1","0","0","2","0","0","0","15","1","0","00","2","40 02:51.291","1","00","76 18:27.023","0","0","0","0","36301","0","0","0","N","0","0","0","1","36301","0","","6","01","N","N","1","","0","0","2","0","0","N","1530","0","6","0","0","0","0","0","3","1","6","N","","","","","","","","","","","","03","  ","","",""
"1738","1","0","0","0","0","0","0","0","0","0","0","","36","08","2017","2017081637","4","40.0654","-76.3352","1732","08","0","0","1","0","0","0","0","0","1","0","0","0","17","1","0","00","1","40 03:55.398","3","00","76 20:06.573","0","0","0","0","36101","0","0","0","N","0","0","0","1","36101","0","","1","01","N","N","0","","0","0","0","0","0","N","1724","0","1","0","0","0","0","0","3","0","1","N","","","","","","","","","","","","03","  ","","",""
"1350","2","0","0","0","0","0","0","0","0","4","0","","36","08","2017","2017081655","5","40.1315","-76.2121","1348","08","0","0","0","1","0","0","0","0","2","0","0","0","13","1","1","02","1","40 07:53.561","5","00","76 12:43.524","4","0","0","0","36238","0","0","0","N","0","0","0","2","36238","1","","1","01","N","N","0","","0","0","0","3","3","Y","1347","1","2","0","0","1","0","0","3","0","2","N","","","","","","","","","","","","03","  ","","",""
"1729","1","0","0","0","0","0","0","0","0","7","0","","36","06","2017","2017081696","4","39.9998","-76.1583","1703","08","0","0","0","0","0","0","0","0","","0","0","0","16","1","1","00","0","39 59:59.420","","00","76 09:29.890","3","0","0","0","36233","0","0","0","","0","0","0","1","68J01","0","","4","01","N","N","0","","1","0","0","0","0","","1658","1","1","0","0","0","0","0","1","0","1","N","","","","","","","","","","","","03","  ","","",""
"2018","0","0","0","0","0","0","0","0","0","7","0","","36","06","2017","2017081700","1","39.9143","-76.2394","2015","08","0","0","0","0","0","0","0","0","","0","0","0","20","4","1","00","0","39 54:51.390","","00","76 14:21.670","2","0","1","1","36229","0","0","0","","0","0","0","1","68J01","0","","4","01","N","N","0","","0","1","0","0","0","","2014","1","1","0","0","0","0","0","1","0","1","N","","","","","","","","","","","","03","  ","","",""
"1713","1","0","2","0","0","0","0","0","0","1","0","45","36","08","2017","2017081712","3","39.9052","-76.0332","1652","08","0","0","1","0","0","0","0","1","2","0","0","0","16","1","5","00","2","39 54:18.837","5","00","76 01:59.574","2","0","0","0","36201","0","0","0","","0","0","0","12","68J01","0","","1","01","N","N","2","","3","2","0","0","0","Y","1652","5","3","0","0","0","0","0","1","0","3","Y","1","2","Y","N","Y","N","Y","N","N","N","","03","  ","","",""
"1009","1","0","0","0","0","0","0","0","0","7","0","","36","07","2017","2017081784","1","40.1868","-76.1084","0955","08","0","0","0","0","0","0","0","1","","0","0","0","09","1","0","00","0","40 11:12.493","","00","76 06:30.152","0","0","0","0","36210","0","0","0","N","0","0","0","1","36210","0","","4","01","N","N","0","","0","0","0","0","0","","0953","0","1","0","0","1","0","0","1","0","1","N","","","","","","","","","","","","03","  ","","",""
"0222","1","0","0","0","0","0","0","0","0","7","0","","36","07","2017","2017081797","1","39.9852","-76.3131","0217","08","0","1","0","0","0","0","0","0","","0","0","0","02","2","0","00","0","39 59:06.800","","00","76 18:47.300","0","0","0","0","36228","0","0","0","N","0","0","0","2","36503","0","","4","01","N","N","0","","0","0","0","0","0","","0215","0","1","0","0","0","0","0","1","0","1","N","","","","","","","","","","","","03","  ","","",""
"1846","0","0","0","1","0","1","0","0","0","4","0","","36","08","2017","2017081803","5","40.1104","-76.5032","1845","08","0","0","0","0","0","0","0","0","1","0","0","0","16","1","1","01","2","40 06:37.573","7","00","76 30:11.541","2","0","0","0","36413","1","0","1","N","0","0","0","8","36413","0","","1","01","N","N","0","","0","1","1","3","3","Y","1645","1","2","0","0","0","0","0","2","0","1","N","","","","","","","","","","","","03","  ","","",""
"0617","0","0","0","0","0","0","0","0","0","4","0","","36","08","2017","2017081832","2","40.043","-76.2879","0614","08","0","0","0","0","0","1","0","0","2","0","0","0","06","5","2","01","2","40 02:34.960","5","00","76 17:16.322","8","0","0","0","36301","0","0","0","N","0","0","0","2","36301","0","","1","09","N","N","0","","0","0","3","3","2","Y","0613","2","3","0","0","0","2","0","3","0","3","N","","","","","","","","","","","","07","  ","","",""
"1446","1","0","0","0","0","0","0","0","0","5","0","","36","07","2017","2017081924","1","40.0514","-76.3048","1437","08","0","0","0","0","0","0","0","0","","0","0","0","14","1","0","00","0","40 03:04.900","","00","76 18:17.400","0","0","0","0","36301","0","0","0","N","0","0","0","1","36301","0","","6","01","N","N","1","","0","0","0","0","0","","1401","0","2","0","0","0","0","0","3","0","2","N","","","","","","","","","","","","03","  ","","",""
"0647","1","0","0","0","0","0","0","0","0","2","0","","36","08","2017","2017081932","5","40.1437","-76.3817","0647","08","0","0","0","0","0","1","0","0","","0","0","0","06","1","1","01","0","40 08:37.371","","00","76 22:53.969","8","0","0","0","36227","0","0","0","","0","0","0","2","36506","0","","1","01","N","N","1","","0","0","0","3","2","","0647","1","2","0","0","0","1","0","1","0","2","N","","","","","","","","","","","","03","  ","","",""
"0820","1","0","0","0","0","0","0","0","0","7","0","","36","08","2017","2017081933","6","40.0532","-76.3881","0814","08","0","0","0","0","0","0","0","0","2","0","0","0","08","1","1","00","2","40 03:11.673","3","00","76 23:17.181","3","0","0","0","36214","0","0","0","Y","0","0","0","1","36214","0","","2","01","N","N","0","","1","0","0","0","0","N","0811","1","2","0","0","0","0","0","3","0","1","N","","","","","","","","","","","","03","  ","","",""
"0544","1","0","0","0","0","0","0","0","0","4","0","","36","08","2017","2017081962","6","40.0682","-76.3929","0541","08","0","0","0","0","0","0","0","0","2","0","0","0","05","3","0","00","1","40 04:05.545","2","00","76 23:34.548","0","0","0","0","36214","0","0","0","N","0","0","0","3","36214","0","","1","01","N","N","1","","0","0","1","0","0","Y","0540","0","3","0","0","0","0","0","3","0","3","N","","","","","","","","","","","","03","  ","","",""
"2038","1","0","0","0","0","0","0","0","0","7","0","","36","08","2017","2017082091","6","40.0327","-76.243","2035","08","0","0","0","0","0","1","0","0","1","0","0","0","20","3","0","02","1","40 01:57.806","2","02","76 14:34.879","0","0","0","0","36215","0","0","0","N","0","0","0","1","36215","0","","2","09","N","N","0","","0","0","0","3","2","N","2033","0","1","0","0","0","0","0","1","0","1","N","","","","","","","","","","","","07","  ","","",""
"0121","1","0","0","0","0","0","0","0","0","7","0","","36","08","2017","2017082103","4","40.1689","-76.1824","0117","08","0","0","0","0","0","0","0","0","1","0","0","0","01","2","0","00","1","40 10:08.022","1","00","76 10:56.510","0","0","0","0","36218","0","0","0","N","0","0","0","1","36408","0","","5","01","N","N","0","","0","0","0","0","0","N","0115","0","1","0","0","0","0","0","1","0","1","N","","","","","","","","","","","","03","  ","","",""
"0112","0","0","0","0","0","0","0","0","0","7","0","","36","08","2017","2017082110","4","40.1686","-76.1882","0108","08","0","0","0","0","0","0","0","0","","0","0","0","01","2","0","00","0","40 10:06.924","","00","76 11:17.347","0","0","0","1","36408","0","0","0","N","0","0","0","1","36408","0","","5","09","N","N","0","","0","0","0","0","0","","0108","0","1","0","0","0","0","0","2","0","1","N","","","","","","","","","","","","03","  ","","",""
"1526","1","0","0","0","0","0","0","0","0","1","1","","36","07","2017","2017082178","5","40.1113","-76.4429","1514","08","0","0","0","0","0","1","0","0","1","0","1","0","15","1","1","00","1","40 06:40.837","3","00","76 26:34.540","8","0","0","0","36230","0","0","0","","0","0","0","2","36410","0","","1","01","N","N","0","","0","0","0","0","0","N","1514","1","2","0","0","0","1","0","1","0","2","N","","","","","","","","","","","","03","  ","","",""
"1440","1","0","1","0","0","0","0","0","0","4","0","","36","08","2017","2017082179","2","40.1905","-76.4806","1435","08","0","0","0","0","0","1","0","0","2","0","0","0","14","1","2","02","2","40 11:25.666","5","00","76 28:50.019","2","0","0","0","36230","0","0","0","","0","0","0","3","36410","1","","1","09","N","N","1","","0","1","0","3","3","N","1433","2","2","0","0","0","0","0","1","0","2","N","","","","","","","","","","","","03","  ","","",""
"1151","1","0","0","0","0","0","0","0","0","1","1","","36","08","2017","2017082192","2","40.0709","-76.3176","1142","08","0","0","0","0","0","2","0","0","2","0","1","0","11","1","0","01","2","40 04:15.386","1","00","76 19:03.337","0","0","0","0","36101","0","0","0","N","0","0","0","4","36101","0","","1","09","N","N","2","","0","0","0","3","2","N","1136","0","4","0","0","0","0","0","3","0","4","N","","","","","","","","","","","","07","  ","","",""
"1701","1","0","0","0","0","0","0","0","0","1","0","","36","08","2017","2017082196","3","40.0274","-76.3034","1700","08","0","0","0","0","0","0","0","0","1","0","0","0","16","1","1","00","1","40 01:38.771","4","00","76 18:12.316","8","0","0","0","36301","0","0","0","N","0","0","0","4","36301","0","","1","01","N","N","1","","0","0","0","3","2","N","1657","1","2","0","0","0","1","1","3","0","2","N","","","","","","","","","","","","03","  ","","",""
"0850","0","0","0","0","0","0","0","0","0","7","0","","36","08","2017","2017082283","6","40.2098","-76.0323","0840","08","0","0","0","0","0","1","0","0","2","0","0","0","08","1","0","00","1","40 12:35.277","3","00","76 01:56.335","0","0","0","0","36202","0","0","0","","0","0","0","4","68T06","0","","3","01","N","N","0","","0","0","1","0","0","N","0840","0","1","0","0","0","0","0","1","0","1","N","","","","","","","","","","","","03","  ","","",""
"0045","0","0","0","0","0","0","0","0","0","7","0","","36","08","2017","2017082285","6","40.2283","-76.4545","2345","08","0","0","0","0","0","0","0","0","2","0","0","0","23","2","0","00","2","40 13:41.837","3","00","76 27:15.548","0","0","0","0","36230","0","0","0","","0","0","0","1","68T06","0","","3","08","N","N","1","","0","0","0","0","0","N","2345","0","1","0","0","0","0","0","1","0","1","N","","","","","","","","","","","","07","  ","","",""
"1927","2","0","0","0","0","0","0","0","0","4","0","","36","08","2017","2017082330","7","40.2304","-76.1413","1923","08","1","0","0","0","0","0","0","0","","0","0","0","19","1","0","02","0","40 13:49.386","","00","76 08:28.599","0","0","0","0","36405","0","0","0","N","0","0","0","2","36210","0","","1","09","N","N","0","","0","0","0","0","0","","1920","0","2","0","0","0","0","0","1","0","2","N","","","","","","","","","","","","03","  ","","",""
"1225","1","0","0","0","0","0","0","0","0","7","0","","36","08","2017","2017082356","7","40.1663","-76.0841","1219","08","0","0","0","0","0","0","0","0","3","0","0","0","12","1","0","02","2","40 09:58.658","7","00","76 05:02.720","0","0","0","0","36209","0","0","0","N","0","0","0","1","36415","0","","4","01","N","N","0","","0","0","0","0","0","Y","1225","0","1","0","0","0","0","0","1","0","1","N","","","","","","","","","","","","03","  ","","",""