"ARRIVAL_TM","AUTOMOBILE_COUNT","BELTED_DEATH_COUNT","BELTED_SUSP_SERIOUS_INJ_COUNT","BICYCLE_COUNT","BICYCLE_DEATH_COUNT","BICYCLE_SUSP_SERIOUS_INJ_COUNT","BUS_COUNT","CHLDPAS_DEATH_COUNT","CHLDPAS_SUSP_SERIOUS_INJ_COUNT","COLLISION_TYPE","COMM_VEH_COUNT","CONS_ZONE_SPD_LIM","COUNTY","CRASH_MONTH","CRASH_YEAR","CRN","DAY_OF_WEEK","DEC_LAT","DEC_LONG","DISPATCH_TM","DISTRICT","DRIVER_COUNT_16YR","DRIVER_COUNT_17YR","DRIVER_COUNT_18YR","DRIVER_COUNT_19YR","DRIVER_COUNT_20YR","DRIVER_COUNT_50_64YR","DRIVER_COUNT_65_74YR","DRIVER_COUNT_75PLUS","EST_HRS_CLOSED","FATAL_COUNT","HEAVY_TRUCK_COUNT","HORSE_BUGGY_COUNT","HOUR_OF_DAY","ILLUMINATION","INJURY_COUNT","INTERSECT_TYPE","LANE_CLOSED","LATITUDE","LN_CLOSE_DIR","LOCATION_TYPE","LONGITUDE","MAX_SEVERITY_LEVEL","MCYCLE_DEATH_COUNT","MCYCLE_SUSP_SERIOUS_INJ_COUNT","MOTORCYCLE_COUNT","MUNICIPALITY","NONMOTR_COUNT","NONMOTR_DEATH_COUNT","NONMOTR_SUSP_SERIOUS_INJ_COUNT","NTFY_HIWY_MAINT","PED_COUNT","PED_DEATH_COUNT","PED_SUSP_SERIOUS_INJ_COUNT","PERSON_COUNT","POLICE_AGCY","POSSIBLE_INJ_COUNT","RDWY_SURF_TYPE_CD","RELATION_TO_ROAD","ROAD_CONDITION","SCH_BUS_IND","SCH_ZONE_IND","SMALL_TRUCK_COUNT","SPEC_JURIS_CD","SUSP_MINOR_INJ_COUNT","SUSP_SERIOUS_INJ_COUNT","SUV_COUNT","TCD_FUNC_CD","TCD_TYPE","TFC_DETOUR_IND","TIME_OF_DAY","TOT_INJ_COUNT","TOTAL_UNITS","UNB_DEATH_COUNT","UNB_SUSP_SERIOUS_INJ_COUNT","UNBELTED_OCC_COUNT","UNK_INJ_DEG_COUNT","UNK_INJ_PER_COUNT","URBAN_RURAL","VAN_COUNT","VEHICLE_COUNT","WORK_ZONE_IND","WORK_ZONE_LOC","WORK_ZONE_TYPE","WORKERS_PRES","WZ_CLOSE_DETOUR","WZ_FLAGGER","WZ_LAW_OFFCR_IND","WZ_LN_CLOSURE","WZ_MOVING","WZ_OTHER","WZ_SHLDER_MDN","ROADWAY_CLEARED","WEATHER1","WEATHER2","WZ_WORKERS_INJ_KILLED","SECONDARY_CRASH","INTERSECTION_RELATED"
"1814","0","0","0","0","0","0","0","0","0","8","0","","36","08","2017","2017082368","7","40.0478","-76.3407","1804","08","0","0","0","0","0","0","0","0","2","0","0","0","18","4","1","00","1","40 02:51.988","4","00","76 20:26.423","3","0","0","0","36220","1","0","0","N","1","0","0","3","36101","0","","1","09","N","N","0","","1","0","1","0","0","Y","1801","1","2","0","0","0","0","0","3","0","1","N","","","","","","","","","","","","07","  ","","",""
"1700","1","0","0","0","0","0","0","0","0","1","0","","36","08","2017","2017082374","6","40.0606","-76.3063","1653","08","0","0","0","0","0","1","0","0","2","0","0","0","16","1","0","00","1","40 03:38.254","2","00","76 18:22.514","0","0","0","0","36101","0","0","0","","0","0","0","2","36101","0","","1","01","N","N","0","","0","0","1","0","0","N","1651","0","2","0","0","0","0","0","3","0","2","N","","","","","","","","","","","","03","  ","","",""
"0743","0","0","0","0","0","0","0","0","0","7","1","","36","08","2017","2017082408","3","40.1884","-76.1442","0740","08","0","0","1","0","0","0","0","0","2","0","1","0","07","1","0","00","2","40 11:18.410","6","00","76 08:39.078","0","0","0","0","36218","0","0","0","N","0","0","0","1","36408","0","","4","01","N","N","0","","0","0","0","0","0","Y","0735","0","1","0","0","0","0","0","1","0","1","N","","","","","","","","","","","","03","  ","","",""
"1441","2","0","0","0","0","0","0","0","0","1","0","","36","08","2017","2017082416","3","40.0397","-76.2913","1438","08","0","0","0","0","0","1","0","0","","0","0","0","14","1","1","01","0","40 02:22.957","","00","76 17:28.796","3","0","0","0","36301","0","0","0","N","0","0","0","3","36301","0","","1","01","N","N","0","","1","0","0","3","3","","1436","1","2","0","0","0","0","0","3","0","2","N","","","","","","","","","","","","03","  ","","",""
"1251","1","0","0","0","0","0","0","0","0","1","0","","36","08","2017","2017082418","2","40.1251","-76.3052","1246","08","0","0","0","0","0","1","0","0","","0","0","0","12","1","0","00","0","40 07:30.448","","00","76 18:18.608","0","0","0","0","36101","0","0","0","N","0","0","0","2","36101","0","","1","09","N","N","0","","0","0","1","0","0","","1243","0","2","0","0","0","0","0","3","0","2","N","","","","","","","","","","","","07","  ","","",""
"0748","1","0","0","0","0","0","0","0","0","4","0","","36","08","2017","2017082442","1","40.0087","-76.343","0748","08","0","0","0","0","0","2","0","0","1","0","0","0","07","1","0","01","1","40 00:31.485","1","00","76 20:34.745","0","0","0","0","36220","0","0","0","N","0","0","0","2","36412","0","","1","01","N","N","1","","0","0","0","3","2","N","0743","0","2","0","0","0","0","0","3","0","2","N","","","","","","","","","","","","03","  ","","",""
"1144","1","0","0","1","0","0","0","0","0","5","0","","36","08","2017","2017082461","2","40.0855","-76.4397","1144","08","0","0","0","0","0","0","0","0","","0","0","0","07","1","1","00","0","40 05:07.800","","00","76 26:23.000","3","0","0","0","36239","1","0","0","N","0","0","0","2","36239","0","","1","09","N","N","0","","1","0","0","0","0","","0715","1","2","0","0","0","0","0","3","0","1","N","","","","","","","","","","","","07","  ","","",""
"1430","2","0","0","0","0","0","0","0","0","1","0","","36","08","2017","2017082478","1","40.0277","-76.3382","1426","08","0","0","0","0","1","0","0","0","1","0","0","0","14","1","0","00","1","40 01:39.647","1","07","76 20:17.340","0","0","0","0","36220","0","0","0","N","0","0","0","3","36101","0","","1","01","N","N","0","","0","0","0","0","0","N","1424","0","2","0","0","0","0","0","3","0","2","N","","","","","","","","","","","","03","  ","","",""
"1726","3","0","0","0","0","0","0","0","0","1","0","","36","08","2017","2017082487","2","40.0628","-76.3418","1700","08","0","0","0","0","0","0","0","0","3","0","0","0","16","1","0","00","1","40 03:46.101","4","00","76 20:30.374","0","0","0","0","36101","0","0","0","N","0","0","0","6","36101","0","","1","01","N","N","0","","0","0","0","0","0","N","1655","0","3","0","0","0","0","0","3","0","3","N","","","","","","","","","","","","03","  ","","",""
"1846","0","0","0","0","0","0","0","0","0","7","0","","36","08","2017","2017082524","7","40.2352","-76.2982","1755","08","0","0","0","0","0","0","0","0","","0","0","0","17","1","0","00","0","40 14:06.590","","00","76 17:54.116","0","0","0","0","36217","0","0","0","","0","0","0","1","68T06","0","","3","09","N","N","0","","0","0","1","0","0","","1755","0","1","0","0","0","0","0","1","0","1","N","","","","","","","","","","","","07","  ","","",""
"0538","0","0","0","0","0","0","0","0","0","1","1","","36","08","2017","2017082551","4","40.1097","-76.439","0530","08","0","0","0","0","0","0","0","0","3","0","1","0","05","2","2","00","2","40 06:35.050","3","00","76 26:20.572","2","0","0","0","36230","0","0","0","N","0","0","0","3","36410","1","","1","01","N","N","0","","0","1","1","0","0","Y","0523","2","2","0","1","2","0","0","1","0","2","N","","","","","","","","","","","","03","  ","","",""
"2124","0","0","0","0","0","0","0","0","0","7","0","","36","08","2017","2017082564","3","40.2669","-76.1148","2120","08","0","0","0","0","0","0","0","0","","0","0","0","21","3","0","00","0","40 16:00.967","","00","76 06:53.259","9","0","0","0","36236","0","0","0","N","0","0","0","1","36408","0","","5","01","N","N","0","","0","0","1","0","0","","2119","0","1","0","0","0","0","1","1","0","1","N","","","","","","","","","","","","03","  ","","",""
"1848","2","0","0","0","0","0","0","0","0","4","0","","36","08","2017","2017082569","5","39.9965","-76.2892","1845","08","0","0","0","0","0","0","0","0","2","0","0","0","18","1","2","00","2","39 59:47.284","5","07","76 17:21.016","4","0","0","0","36240","0","0","0","N","0","0","0","4","36240","2","","1","01","N","N","0","","0","0","0","0","0","Y","1843","2","2","0","0","3","0","0","1","0","2","N","","","","","","","","","","","","03","  ","","",""
"1634","1","0","0","0","0","0","0","0","0","7","0","","36","07","2017","2017082570","1","40.0763","-76.2321","1629","08","0","1","0","0","0","0","0","0","3","0","0","0","16","1","1","00","2","40 04:34.600","7","00","76 13:55.400","4","0","0","0","36215","0","0","0","N","0","0","0","2","36215","1","","4","01","N","N","0","","0","0","0","0","0","Y","1627","1","1","0","0","0","0","0","1","0","1","N","","","","","","","","","","","","03","  ","","",""
"1601","0","0","0","0","0","0","0","0","0","7","0","","36","08","2017","2017082574","4","40.0231","-76.2754","1557","08","0","0","0","0","0","0","0","0","3","0","0","0","15","1","0","00","2","40 01:23.205","6","00","76 16:31.310","0","0","0","0","36240","0","0","0","N","0","0","0","2","36240","0","","4","09","N","N","1","","0","0","0","0","0","Y","1555","0","1","0","0","2","0","0","1","0","1","N","","","","","","","","","","","","07","  ","","",""
"2131","1","0","0","0","0","0","0","0","0","1","0","","36","08","2017","2017082575","1","40.1941","-76.1731","2129","08","0","0","0","1","0","0","0","0","2","0","0","0","21","3","0","00","2","40 11:38.809","1","07","76 10:23.329","0","0","0","0","36218","0","0","0","N","0","0","0","2","36408","0","","1","01","N","N","0","","0","0","1","3","2","N","2126","0","2","0","0","0","0","0","1","0","2","N","","","","","","","","","","","","03","  ","","",""
"0204","1","0","1","0","0","0","0","0","0","7","0","","36","08","2017","2017082580","1","40.0992","-76.4435","0200","08","0","0","0","1","0","0","0","0","3","0","0","0","01","2","2","00","2","40 05:57.153","5","00","76 26:36.765","2","0","0","0","36239","0","0","0","N","0","0","0","2","36239","0","","4","01","N","N","0","","0","2","0","0","0","Y","0155","2","1","0","1","1","0","0","3","0","1","N","","","","","","","","","","","","05","  ","","",""
"2025","1","0","1","0","0","0","0","0","0","4","0","","36","08","2017","2017082586","1","40.2436","-76.1194","2022","08","0","0","0","0","0","0","0","0","2","0","0","0","20","4","3","00","2","40 14:37.018","5","07","76 07:09.912","2","0","0","0","36210","0","0","0","N","0","0","0","5","36210","0","","1","01","N","N","1","","2","1","1","0","0","Y","2021","3","3","0","0","1","0","0","1","0","3","N","","","","","","","","","","","","03","  ","","",""
"1832","0","0","0","0","0","0","0","0","0","5","0","","36","08","2017","2017082594","7","40.1823","-76.1305","1822","08","0","0","0","0","0","0","0","0","","0","0","0","18","1","0","00","0","40 10:56.165","","00","76 07:49.677","0","0","0","0","36218","0","0","0","N","0","0","0","5","36408","0","","1","09","N","N","0","","0","0","2","0","0","","1822","0","2","0","0","0","0","0","1","0","2","N","","","","","","","","","","","","07","  ","","",""
"1457","1","0","0","0","0","0","0","0","0","4","0","","36","08","2017","2017082607","7","40.1559","-76.3435","1451","08","0","0","0","0","0","0","0","1","1","0","0","0","14","1","1","01","1","40 09:21.374","4","00","76 20:36.774","4","0","0","0","36227","0","0","0","","0","0","0","3","36506","1","","1","01","N","N","0","","0","0","1","3","3","N","1451","1","2","0","0","0","0","0","1","0","2","N","","","","","","","","","","","","03","  ","","",""
"1415","1","0","0","0","0","0","0","0","0","4","0","","36","08","2017","2017082686","4","40.1297","-76.3113","1411","08","0","0","0","0","0","0","1","0","1","0","0","0","14","1","0","02","1","40 07:46.855","2","00","76 18:40.680","0","0","0","0","36235","0","0","0","","0","0","0","4","36506","0","","1","01","N","N","0","","0","0","1","3","3","N","1411","0","2","0","0","0","0","0","1","0","2","N","","","","","","","","","","","","03","  ","","",""
"1835","1","0","0","0","0","0","0","0","0","1","0","","36","08","2017","2017082687","1","40.1834","-76.2632","1830","08","0","0","0","0","0","0","0","0","1","0","0","0","18","1","0","00","1","40 11:00.289","4","07","76 15:47.400","0","0","0","0","36204","0","0","0","","0","0","0","2","36506","0","","1","01","N","N","0","","0","0","1","0","0","N","1830","0","2","0","0","0","0","0","1","0","2","N","","","","","","","","","","","","03","  ","","",""
"0921","2","0","0","0","0","0","0","0","0","1","0","","36","08","2017","2017082688","2","40.1514","-76.251","0914","08","0","0","0","0","0","1","0","0","1","0","0","0","09","1","1","02","1","40 09:05.150","4","00","76 15:03.745","8","0","0","0","36235","0","0","0","","0","0","0","2","36506","0","","1","01","N","N","0","","0","0","0","3","2","N","0914","1","2","0","0","0","1","0","1","0","2","N","","","","","","","","","","","","03","  ","","",""
"1203","2","0","0","0","0","0","0","0","0","4","0","","36","07","2017","2017082770","3","40.226","-76.3022","1148","08","0","0","0","0","0","0","0","1","2","0","0","0","11","1","0","00","1","40 13:33.742","6","07","76 18:08.011","0","0","0","0","36217","0","0","0","","0","0","0","2","68J01","0","","1","01","N","N","0","","0","0","0","0","0","N","1147","0","2","0","0","0","0","0","1","0","2","N","","","","","","","","","","","","03","  ","","",""
"2242","1","0","0","0","0","0","0","0","0","0","0","","36","08","2017","2017082837","6","39.8422","-76.264","2233","08","0","0","0","1","0","0","0","0","3","0","0","0","22","2","2","00","2","39 50:31.870","5","00","76 15:50.540","3","0","0","0","36208","0","0","0","","0","0","0","3","68J01","0","","2","01","N","N","0","","1","0","0","0","0","N","2219","2","1","0","0","1","1","0","1","0","1","N","","","","","","","","","","","","03","  ","","",""
"1113","2","0","1","0","0","0","0","0","0","1","0","","36","08","2017","2017082839","7","39.8581","-76.2227","1056","08","0","0","0","0","0","0","1","1","2","0","0","0","10","1","3","00","2","39 51:29.276","5","07","76 13:21.543","2","0","0","0","36212","0","0","0","","0","0","0","3","68J01","1","","1","01","N","N","0","","1","1","0","0","0","Y","1045","3","2","0","0","1","0","0","1","0","2","N","","","","","","","","","","","","03","  ","","",""
"2024","0","0","0","0","0","0","0","0","0","0","0","","36","08","2017","2017082845","1","40.0863","-76.3751","2024","08","0","0","0","0","0","0","1","0","","0","0","0","20","2","0","00","0","40 05:10.564","","00","76 22:30.389","0","0","0","0","36214","0","0","0","","0","0","0","3","68J01","0","","1","01","N","N","0","","0","0","1","0","0","","2023","0","2","0","0","0","0","0","3","1","2","N","","","","","","","","","","","","03","  ","","",""
"1642","1","0","0","0","0","0","0","0","0","4","0","","36","08","2017","2017082847","2","40.0759","-75.9873","1614","08","1","0","0","0","0","0","0","0","","0","0","0","16","1","0","02","0","40 04:33.157","","00","75 59:14.208","0","0","0","0","36232","0","0","0","","0","0","0","2","68J01","0","","1","09","N","N","0","","0","0","0","3","3","","1610","0","2","0","0","0","0","0","1","1","2","N","","","","","","","","","","","","07","  ","","",""
"0526","1","0","1","0","0","0","0","0","0","4","0","","36","08","2017","2017082852","4","39.9824","-76.1678","0520","08","0","0","0","0","0","0","0","1","","0","0","0","05","3","2","01","0","39 58:56.556","","00","76 10:03.903","2","0","0","0","36233","0","0","0","","0","0","0","2","68J01","0","","1","01","N","N","1","","1","1","0","3","2","","0515","2","2","0","0","0","0","0","1","0","2","N","","","","","","","","","","","","03","  ","","",""
"1130","1","0","0","0","0","0","0","0","0","7","0","","36","08","2017","2017082854","4","39.8554","-76.2206","1108","08","0","0","0","0","0","0","0","1","","0","0","0","11","1","0","00","0","39 51:19.362","","00","76 13:14.194","0","0","0","0","36212","0","0","0","","0","0","0","1","68J01","0","","4","01","N","N","0","","0","0","0","0","0","","1101","0","1","0","0","0","0","0","1","0","1","N","","","","","","","","","","","","03","  ","","",""
"0552","0","0","0","0","0","0","0","0","0","9","0","","36","08","2017","2017082859","5","39.9821","-76.0966","0542","08","0","0","0","0","0","1","0","0","","0","0","0","05","2","1","00","0","39 58:55.414","","00","76 05:47.770","2","0","1","1","36226","0","0","0","","0","0","0","1","68J01","0","","1","01","N","N","0","","0","1","0","0","0","","0542","1","1","0","0","0","0","0","1","0","1","N","","","","","","","","","","","","03","  ","","",""
"1608","2","0","0","0","0","0","0","0","0","1","0","","36","08","2017","2017082865","5","39.9035","-76.2418","1508","08","0","0","0","0","0","0","0","0","","0","0","0","14","1","1","02","0","39 54:12.589","","00","76 14:30.554","3","0","0","0","36229","0","0","0","","0","0","0","2","68J01","0","","1","01","N","N","0","","1","0","0","0","0","","1424","1","2","0","0","0","0","0","1","0","2","N","","","","","","","","","","","","03","  ","","",""
"1512","0","0","0","0","0","0","0","0","0","7","0","","36","08","2017","2017082924","4","40.0665","-76.3735","1507","08","1","0","0","0","0","0","0","0","2","0","0","0","15","1","0","00","2","40 03:59.389","5","00","76 22:24.538","0","0","0","0","36214","0","0","0","N","0","0","0","2","36214","0","","5","01","N","N","0","","0","0","1","3","3","Y","1505","0","1","0","0","0","0","0","3","0","1","N","","","","","","","","","","","","03","  ","","",""
"2104","1","0","0","0","0","0","0","0","0","0","0","","36","08","2017","2017082932","2","40.1529","-76.658","2048","08","0","0","0","0","0","0","0","0","","0","0","0","20","2","0","00","0","40 09:10.400","","00","76 39:28.800","0","0","0","0","36237","0","0","0","N","0","0","0","1","36505","0","","4","09","N","N","0","","0","0","0","0","0","","2046","0","1","0","0","1","0","0","1","0","1","N","","","","","","","","","","","","07","  ","","",""
"1657","2","0","0","0","0","0","0","0","0","1","0","","36","08","2017","2017082941","4","40.0402","-76.3017","1650","08","0","0","0","0","0","1","0","0","1","0","0","0","16","1","0","00","1","40 02:24.692","1","00","76 18:06.036","0","0","0","0","36301","0","0","0","N","0","0","0","2","36301","0","","1","01","N","N","0","","0","0","0","0","0","N","1648","0","2","0","0","0","0","0","3","0","2","N","","","","","","","","","","","","03","  ","","",""
"0208","1","0","1","0","0","0","0","0","0","9","0","","36","08","2017","2017082948","1","40.1673","-76.1163","0202","08","0","0","0","0","0","0","0","0","3","0","0","0","01","2","2","00","2","40 10:02.164","5","00","76 06:58.752","2","0","0","0","36218","0","0","0","N","0","0","0","2","36408","0","","1","01","N","N","0","","1","1","0","0","0","Y","0157","2","1","0","0","1","0","0","1","0","1","N","","","","","","","","","","","","05","  ","","",""
"1234","2","0","0","0","0","0","0","0","0","4","0","","36","08","2017","2017083008","3","40.0733","-76.2046","1229","08","0","0","0","0","0","0","0","0","1","0","0","0","12","1","0","02","2","40 04:23.753","5","00","76 12:16.391","0","0","0","0","36234","0","0","0","","0","0","0","2","36215","0","","1","01","N","N","0","","0","0","0","3","3","Y","1227","0","2","0","0","0","0","0","1","0","2","N","","","","","","","","","","","","03","  ","","",""
"1119","1","0","0","0","0","0","0","0","0","1","0","","36","08","2017","2017083009","7","40.0161","-76.1606","1057","08","0","0","0","0","1","1","0","0","1","0","0","0","10","1","0","00","1","40 00:57.909","4","00","76 09:38.238","0","0","0","0","36215","0","0","0","","0","0","0","2","36215","0","","1","01","N","N","1","","0","0","0","0","0","N","1057","0","2","0","0","0","0","0","1","0","2","N","","","","","","","","","","","","03","  ","","",""
"1645","1","0","0","0","0","0","0","0","0","1","0","","36","08","2017","2017083048","2","40.0641","-76.2827","1640","08","0","0","0","0","0","1","0","0","2","0","0","0","16","2","1","00","1","40 03:50.813","4","00","76 16:57.571","4","0","0","0","36101","0","0","0","N","0","0","0","3","36101","1","","1","09","N","N","0","","0","0","2","0","0","N","1640","1","3","0","0","0","0","0","3","0","3","N","","","","","","","","","","","","03","  ","","",""
"1507","0","0","0","0","0","0","0","0","0","7","0","","36","08","2017","2017083089","2","40.0024","-76.3328","1412","08","0","0","0","0","0","0","1","0","3","0","0","0","14","1","0","00","2","40 00:08.715","5","00","76 19:58.091","0","0","0","0","36220","0","0","0","Y","0","0","0","1","36101","0","","2","01","N","N","0","","0","0","0","0","0","Y","1412","0","1","0","0","0","0","0","3","1","1","N","","","","","","","","","","","","03","  ","","",""
"0850","2","0","0","0","0","0","0","0","0","2","0","","36","08","2017","2017083107","3","40.0916","-76.3038","0847","08","0","0","0","0","1","0","1","0","3","0","0","0","08","1","1","00","1","40 05:29.789","5","00","76 18:13.766","4","0","0","0","36101","0","0","0","N","0","0","0","3","36101","1","","1","09","N","N","0","","0","0","0","0","0","Y","0843","1","3","0","0","0","0","0","3","1","3","N","","","","","","","","","","","","07","  ","","",""
"1401","2","0","0","0","0","0","0","0","0","1","0","","36","08","2017","2017083166","3","40.0804","-76.3275","1358","08","0","0","0","0","1","1","0","0","","0","0","0","13","1","0","00","0","40 04:49.588","","00","76 19:38.857","0","0","0","0","36101","0","0","0","N","0","0","0","2","36101","0","","1","01","N","N","0","","0","0","0","0","0","","1303","0","2","0","0","0","0","0","3","0","2","N","","","","","","","","","","","","03","  ","","",""
"1140","1","0","0","0","0","0","0","0","0","4","1","","36","08","2017","2017083178","3","39.98","-76.3111","1135","08","0","0","0","0","0","1","0","0","","0","1","0","11","1","0","01","0","39 58:48.043","","00","76 18:40.056","0","0","0","0","36228","0","0","0","N","0","0","0","3","36503","0","","1","01","N","N","0","","0","0","0","3","2","","1134","0","2","0","0","2","0","0","1","0","2","N","","","","","","","","","","","","07","  ","","",""
"1310","1","0","0","0","0","0","0","0","0","1","0","","36","08","2017","2017083192","3","40.0631","-76.4303","1309","08","0","0","0","0","0","1","1","0","2","0","0","0","13","1","1","00","1","40 03:47.028","3","07","76 25:49.238","3","0","0","0","36239","0","0","0","N","0","0","0","2","36239","0","","1","01","N","N","0","","1","0","1","0","0","N","1305","1","2","0","0","0","0","0","3","0","2","N","","","","","","","","","","","","03","  ","","",""
"1731","1","0","0","0","0","0","0","0","0","7","0","","36","07","2017","2017083255","2","40.2253","-76.0933","1730","08","0","0","0","0","0","0","0","0","","0","0","0","17","1","0","00","0","40 13:31.244","","07","76 05:35.944","0","0","0","0","36210","0","0","0","N","0","0","0","1","36210","0","","2","01","N","N","0","","0","0","0","0","0","","1726","0","2","0","0","0","0","0","1","0","1","N","","","","","","","","","","","","03","  ","","",""
"2141","0","0","0","0","0","0","0","0","0","0","0","","36","08","2017","2017083372","3","40.1263","-76.0881","2136","08","0","0","1","0","0","0","0","0","","0","0","0","21","2","1","00","0","40 07:34.700","","00","76 05:17.300","4","0","0","1","36209","0","0","0","N","0","0","0","1","36415","1","","1","01","N","N","0","","0","0","0","0","0","","2136","1","1","0","0","0","0","0","1","0","1","N","","","","","","","","","","","","03","  ","","",""
"2000","1","0","1","0","0","0","0","0","0","2","0","","36","07","2017","2017083429","1","40.012","-76.0472","1949","08","0","0","0","1","0","0","0","0","2","0","0","0","19","4","3","00","2","40 00:43.074","5","00","76 02:49.763","2","0","0","0","36232","0","0","0","","0","0","0","5","68J01","0","","1","08","N","N","0","","2","1","1","0","0","Y","1949","3","2","0","0","0","0","0","1","0","2","N","","","","","","","","","","","","07","  ","","",""
"1024","1","0","0","0","0","0","0","0","0","1","0","","36","08","2017","2017083448","6","39.9839","-76.1111","1006","08","0","0","0","0","0","1","0","0","","0","0","0","10","1","0","00","0","39 59:02.211","","00","76 06:40.046","0","0","0","0","36226","0","0","0","","0","0","0","4","68J01","0","","1","01","N","N","0","","0","0","1","0","0","","1004","0","2","0","0","0","0","0","1","0","2","N","","","","","","","","","","","","03","  ","","",""
"1442","1","0","0","0","0","0","0","0","0","4","0","","36","08","2017","2017083503","7","40.0406","-76.2875","1441","08","0","0","0","0","0","0","0","0","1","0","0","0","14","1","1","02","1","40 02:26.318","1","00","76 17:14.881","8","0","0","0","36301","0","0","0","N","0","0","0","4","36301","0","","1","01","N","N","0","","0","0","1","0","0","N","1425","1","2","0","0","0","1","0","3","0","2","N","","","","","","","","","","","","03","  ","","",""
"0155","1","0","0","0","0","0","0","0","0","4","1","","36","08","2017","2017083466","2","40.031","-76.2354","0152","08","0","0","0","0","0","0","1","0","2","0","1","0","01","3","0","02","1","40 01:50.123","3","00","76 14:03.641","0","0","0","0","36215","0","0","0","","0","0","0","2","36215","0","","1","01","N","N","0","","0","0","0","3","3","N","0150","0","2","0","0","0","0","0","1","0","2","N","","","","","","","","","","","","03","  ","","",""
"0220","1","0","0","0","0","0","0","0","0","7","0","","36","07","2017","2017083474","3","39.8309","-76.055","0202","08","0","0","0","0","0","0","0","0","1","0","0","0","02","3","0","00","1","39 49:51.413","1","00","76 03:18.060","0","0","0","0","36205","0","0","0","","0","0","0","1","68J01","0","","4","01","N","N","0","","0","0","0","0","0","N","0200","0","1","0","0","0","0","0","1","0","1","N","","","","","","","","","","","","03","  ","","",""
"1040","2","0","0","0","0","0","0","0","0","4","0","","36","08","2017","2017083532","5","40.0939","-76.3042","1037","08","0","0","0","0","0","0","0","1","2","0","0","0","10","1","1","02","2","40 05:37.914","5","00","76 18:15.156","4","0","0","0","36101","0","0","0","N","0","0","0","2","36101","1","","1","01","N","N","0","","0","0","0","3","3","Y","1035","1","2","0","0","0","0","0","3","0","2","N","","","","","","","","","","","","03","  ","","",""
"1455","2","0","0","0","0","0","0","0","0","2","0","","36","08","2017","2017083533","2","40.0778","-76.2957","1455","08","0","0","0","0","0","0","0","1","2","0","0","0","14","1","2","02","1","40 04:40.027","1","00","76 17:44.549","3","0","0","0","36101","0","0","0","N","0","0","0","3","36101","1","","1","01","N","N","0","","1","0","1","3","2","N","1452","2","3","0","0","0","0","0","3","0","3","N","","","","","","","","","","","","03","  ","","",""
"1151","2","0","0","0","0","0","0","0","0","4","0","","36","08","2017","2017083557","4","40.0586","-76.3336","1150","08","0","0","0","0","0","1","0","0","2","0","0","0","11","1","1","00","1","40 03:30.931","3","07","76 20:00.993","3","0","0","0","36101","0","0","0","N","0","0","0","3","36101","0","","1","01","N","N","0","","1","0","0","3","2","N","1146","1","2","0","0","0","0","0","3","0","2","N","","","","","","","","","","","","03","  ","","",""
"1315","1","0","0","0","0","0","0","0","0","1","0","","36","08","2017","2017083568","4","40.1107","-76.0667","1312","08","0","0","0","0","0","1","0","0","","0","0","0","13","1","2","01","0","40 06:38.461","","00","76 04:00.204","3","0","0","0","36415","0","0","0","N","0","0","0","3","36415","0","","1","01","N","N","1","","1","0","0","3","2","","1310","2","2","0","0","0","1","0","1","0","2","N","","","","","","","","","","","","03","  ","","",""
"0306","1","0","0","0","0","0","0","0","0","5","0","","36","08","2017","2017083771","2","40.1889","-76.1354","0303","08","0","0","0","1","0","0","0","0","","0","0","0","03","2","0","00","0","40 11:20.004","","00","76 08:07.357","0","0","0","0","36218","0","0","0","N","0","0","0","1","36408","0","","1","01","N","N","0","","0","0","0","0","0","","0302","0","2","0","0","0","0","0","1","1","2","N","","","","","","","","","","","","03","  ","","",""
"0057","1","0","0","0","0","0","0","0","0","7","0","","36","08","2017","2017083793","2","40.2238","-76.1172","0054","08","0","0","0","0","0","0","0","0","","0","0","0","00","3","0","00","0","40 13:25.800","","00","76 07:01.900","0","0","0","0","36210","0","0","0","N","0","0","0","1","36210","0","","5","01","N","N","0","","0","0","0","0","0","","0050","0","1","0","0","0","0","0","1","0","1","N","","","","","","","","","","","","03","  ","","",""
"1810","0","0","0","0","0","0","0","0","0","4","0","","36","08","2017","2017083795","4","39.8986","-76.1593","1807","08","0","0","0","0","0","0","1","0","3","0","1","0","18","1","1","02","2","39 53:54.870","7","00","76 09:33.620","8","0","0","0","36416","0","0","0","N","0","0","0","5","36416","0","","1","01","N","N","1","","0","0","0","3","3","Y","1806","1","2","0","0","2","1","0","1","0","2","N","","","","","","","","","","","","03","  ","","",""
"0314","1","0","0","0","0","0","0","0","0","7","0","","36","08","2017","2017083809","2","40.2136","-76.0984","0311","08","0","0","0","0","0","0","0","0","","0","0","0","03","2","0","00","0","40 12:48.966","","00","76 05:54.123","0","0","0","0","36210","0","0","0","N","0","0","0","1","36210","0","","3","01","N","N","0","","0","0","0","0","0","","0308","0","1","0","0","0","0","0","1","0","1","N","","","","","","","","","","","","03","  ","","",""
"1104","1","0","0","0","0","0","0","0","0","5","1","","36","07","2017","2017083813","6","40.132","-76.2177","1100","08","0","0","0","0","0","1","0","0","","0","1","0","11","1","1","00","0","40 07:55.093","","00","76 13:03.623","4","0","0","0","36238","0","0","0","N","0","0","0","2","36238","1","","1","01","N","N","0","","0","0","0","0","0","","1100","1","2","0","0","0","0","0","3","0","2","N","","","","","","","","","","","","03","  ","","",""