"ARRIVAL_TM","AUTOMOBILE_COUNT","BELTED_DEATH_COUNT","BELTED_SUSP_SERIOUS_INJ_COUNT","BICYCLE_COUNT","BICYCLE_DEATH_COUNT","BICYCLE_SUSP_SERIOUS_INJ_COUNT","BUS_COUNT","CHLDPAS_DEATH_COUNT","CHLDPAS_SUSP_SERIOUS_INJ_COUNT","COLLISION_TYPE","COMM_VEH_COUNT","CONS_ZONE_SPD_LIM","COUNTY","CRASH_MONTH","CRASH_YEAR","CRN","DAY_OF_WEEK","DEC_LAT","DEC_LONG","DISPATCH_TM","DISTRICT","DRIVER_COUNT_16YR","DRIVER_COUNT_17YR","DRIVER_COUNT_18YR","DRIVER_COUNT_19YR","DRIVER_COUNT_20YR","DRIVER_COUNT_50_64YR","DRIVER_COUNT_65_74YR","DRIVER_COUNT_75PLUS","EST_HRS_CLOSED","FATAL_COUNT","HEAVY_TRUCK_COUNT","HORSE_BUGGY_COUNT","HOUR_OF_DAY","ILLUMINATION","INJURY_COUNT","INTERSECT_TYPE","LANE_CLOSED","LATITUDE","LN_CLOSE_DIR","LOCATION_TYPE","LONGITUDE","MAX_SEVERITY_LEVEL","MCYCLE_DEATH_COUNT","MCYCLE_SUSP_SERIOUS_INJ_COUNT","MOTORCYCLE_COUNT","MUNICIPALITY","NONMOTR_COUNT","NONMOTR_DEATH_COUNT","NONMOTR_SUSP_SERIOUS_INJ_COUNT","NTFY_HIWY_MAINT","PED_COUNT","PED_DEATH_COUNT","PED_SUSP_SERIOUS_INJ_COUNT","PERSON_COUNT","POLICE_AGCY","POSSIBLE_INJ_COUNT","RDWY_SURF_TYPE_CD","RELATION_TO_ROAD","ROAD_CONDITION","SCH_BUS_IND","SCH_ZONE_IND","SMALL_TRUCK_COUNT","SPEC_JURIS_CD","SUSP_MINOR_INJ_COUNT","SUSP_SERIOUS_INJ_COUNT","SUV_COUNT","TCD_FUNC_CD","TCD_TYPE","TFC_DETOUR_IND","TIME_OF_DAY","TOT_INJ_COUNT","TOTAL_UNITS","UNB_DEATH_COUNT","UNB_SUSP_SERIOUS_INJ_COUNT","UNBELTED_OCC_COUNT","UNK_INJ_DEG_COUNT","UNK_INJ_PER_COUNT","URBAN_RURAL","VAN_COUNT","VEHICLE_COUNT","WORK_ZONE_IND","WORK_ZONE_LOC","WORK_ZONE_TYPE","WORKERS_PRES","WZ_CLOSE_DETOUR","WZ_FLAGGER","WZ_LAW_OFFCR_IND","WZ_LN_CLOSURE","WZ_MOVING","WZ_OTHER","WZ_SHLDER_MDN","ROADWAY_CLEARED","WEATHER1","WEATHER2","WZ_WORKERS_INJ_KILLED","SECONDARY_CRASH","INTERSECTION_RELATED"
"1754","1","0","0","0","0","0","0","0","0","1","0","","36","08","2017","2017083822","6","40.0683","-76.3301","1736","08","0","0","0","0","0","0","0","0","1","0","0","0","17","1","0","00","1","40 04:06.058","3","00","76 19:48.463","0","0","0","0","36101","0","0","0","N","0","0","0","3","36101","0","","1","01","N","N","1","","0","0","1","0","0","N","1729","0","3","0","0","0","0","0","3","0","3","N","","","","","","","","","","","","03","  ","","",""
"1354","1","0","0","0","0","0","0","0","0","7","0","","36","08","2017","2017083864","7","40.2306","-76.3452","1350","08","0","0","0","0","0","0","0","0","","0","0","0","13","1","1","00","0","40 13:50.037","","00","76 20:43.324","3","0","0","0","36217","0","0","0","","0","0","0","1","68T06","0","","4","01","N","N","0","","1","0","0","0","0","","1349","1","1","0","0","0","0","0","1","0","1","N","","","","","","","","","","","","03","  ","","",""
"0037","1","0","0","0","0","0","0","0","0","7","0","","36","08","2017","2017083867","2","40.2388","-76.1318","0025","08","0","0","0","0","0","0","0","0","3","0","0","0","00","2","2","00","2","40 14:20.020","3","00","76 07:55.164","8","0","0","0","36405","0","0","0","","0","0","0","2","68T06","0","","5","01","N","N","0","","0","0","0","0","0","N","0024","2","1","0","0","0","2","0","1","0","1","N","","","","","","","","","","","","03","  ","","",""
"1841","1","0","0","0","0","0","0","0","0","7","0","","36","08","2017","2017083898","7","40.2395","-76.1335","1819","08","0","0","0","0","0","0","0","0","","0","0","0","18","1","1","00","0","40 14:22.341","","00","76 08:00.432","4","0","0","0","36405","0","0","0","","0","0","0","1","68T06","1","","4","08","N","N","0","","0","0","0","0","0","","1816","1","1","0","0","0","0","0","1","0","1","N","","","","","","","","","","","","07","  ","","",""
"1226","1","0","0","0","0","0","0","0","0","4","0","","36","08","2017","2017083918","6","40.1184","-76.5835","1215","08","1","0","0","0","0","0","0","0","2","0","0","0","12","1","0","01","1","40 07:06.347","1","00","76 35:00.610","0","0","0","0","36237","0","0","0","N","0","0","0","3","36505","0","","1","01","N","N","0","","0","0","1","3","3","N","1210","0","2","0","0","0","0","0","1","0","2","N","","","","","","","","","","","","03","  ","","",""
"1032","1","0","0","0","0","0","0","0","0","4","0","","36","08","2017","2017083957","5","40.1221","-76.6822","1015","08","0","0","0","0","0","1","0","0","","0","0","0","10","1","0","00","0","40 07:19.400","","07","76 40:56.000","0","0","0","0","36207","0","0","0","N","0","0","0","2","36504","0","","1","01","N","N","1","","0","0","0","0","0","","1000","0","2","0","0","1","0","0","1","0","2","N","","","","","","","","","","","","03","  ","","",""
"0915","0","0","0","0","0","0","0","0","0","7","0","","36","08","2017","2017083958","5","40.1062","-76.4472","0900","08","0","0","0","0","0","0","0","0","","0","0","0","09","1","0","00","0","40 06:22.250","","00","76 26:49.775","0","0","0","0","36239","0","0","0","Y","0","0","0","1","36239","0","","4","01","N","N","0","","0","0","1","0","0","","0900","0","1","0","0","0","0","0","3","0","1","N","","","","","","","","","","","","03","  ","","",""
"1443","1","0","0","0","0","0","0","0","0","7","0","","36","08","2017","2017083967","4","40.1478","-76.2822","1441","08","0","0","0","1","0","0","0","0","","0","0","0","14","1","0","00","0","40 08:51.900","","00","76 16:55.900","0","0","0","0","36235","0","0","0","","0","0","0","2","36506","0","","4","01","N","N","0","","0","0","0","0","0","","1441","0","1","0","0","0","0","0","1","0","1","N","","","","","","","","","","","","03","  ","","",""
"1444","1","0","0","0","0","0","0","0","0","7","0","","36","08","2017","2017083980","4","40.1609","-76.6087","1438","08","0","0","0","0","0","1","0","0","","0","0","0","14","1","0","00","0","40 09:39.200","","00","76 36:31.200","0","0","0","0","36407","0","0","0","N","0","0","0","1","36407","0","","2","01","N","N","0","","0","0","0","0","0","","1436","0","1","0","0","0","0","0","2","0","1","N","","","","","","","","","","","","03","  ","","",""
"1408","1","0","0","0","0","0","0","0","0","0","0","","36","08","2017","2017083996","5","40.0099","-76.2988","1351","08","0","0","0","0","0","0","0","0","","0","0","0","13","1","0","02","0","40 00:35.678","","00","76 17:55.741","0","0","0","0","36240","0","0","0","N","0","0","0","1","36240","0","","1","01","N","N","0","","0","0","0","3","3","","1351","0","1","0","0","0","0","0","1","0","1","N","","","","","","","","","","","","03","  ","","",""
"1524","0","0","0","0","0","0","0","0","0","1","0","","36","08","2017","2017084006","4","40.0787","-76.3464","1515","08","0","0","0","0","0","0","1","0","","0","0","0","15","1","1","06","0","40 04:41.708","","02","76 20:46.688","4","0","0","0","36101","0","0","0","N","0","0","0","2","36101","1","","1","01","N","N","0","","0","0","2","3","3","","1511","1","2","0","0","0","0","0","3","0","2","N","","","","","","","","","","","","03","  ","","",""
"0545","1","0","0","0","0","0","0","0","0","1","0","","36","08","2017","2017084013","5","40.0711","-76.3215","0540","08","0","0","0","0","0","0","0","0","","0","0","0","05","2","1","00","0","40 04:15.981","","00","76 19:17.287","4","0","0","0","36101","0","0","0","N","0","0","0","2","36101","1","","1","01","N","N","0","","0","0","0","0","0","","0536","1","2","0","0","0","0","0","3","1","2","N","","","","","","","","","","","","03","  ","","",""
"0124","1","0","0","0","0","0","0","0","0","7","0","","36","08","2017","2017084023","7","40.2025","-76.1195","0121","08","0","0","0","0","0","1","0","0","","0","0","0","01","2","1","00","0","40 12:09.078","","00","76 07:10.217","3","0","0","0","36210","0","0","0","Y","0","0","0","1","36210","0","","4","09","N","N","0","","1","0","0","0","0","","0117","1","1","0","0","0","0","0","1","0","1","N","","","","","","","","","","","","07","  ","","",""
"1630","0","0","0","0","0","0","0","0","0","7","0","","36","08","2017","2017084092","5","40.1464","-76.1862","1625","08","0","0","0","0","0","0","0","0","","0","0","0","16","1","0","00","0","40 08:47.135","","00","76 11:10.423","0","0","0","0","36238","0","0","0","Y","0","0","0","1","36238","0","","3","01","N","N","1","","0","0","0","0","0","","1625","0","1","0","0","0","0","0","3","0","1","N","","","","","","","","","","","","03","  ","","",""
"1925","1","0","0","0","0","0","0","0","0","1","0","","36","08","2017","2017084136","1","40.0603","-76.5354","1919","08","0","0","0","0","1","0","1","0","","0","0","0","19","1","0","00","0","40 03:37.250","","00","76 32:07.439","0","0","0","0","36211","0","0","0","N","0","0","0","4","36504","0","","1","01","N","N","1","","0","0","0","0","0","","1900","0","2","0","0","0","0","0","1","0","2","N","","","","","","","","","","","","03","  ","","",""
"1608","1","0","0","0","0","0","0","0","0","5","0","","36","08","2017","2017084137","5","39.9803","-76.2769","1600","08","0","0","0","0","0","0","0","0","","0","0","0","15","1","0","00","0","39 58:49.143","","00","76 16:36.666","0","0","0","0","36240","0","0","0","N","0","0","0","4","36240","0","","1","01","N","N","0","","0","0","1","0","0","","1551","0","2","0","0","0","0","0","1","0","2","N","","","","","","","","","","","","03","  ","","",""
"1749","2","0","0","0","0","0","0","0","0","5","0","","36","08","2017","2017084159","4","40.0787","-76.3377","1746","08","0","0","0","0","0","1","1","0","4","0","0","0","17","1","3","00","2","40 04:43.473","6","00","76 20:15.788","4","0","0","0","36101","0","0","0","N","0","0","0","4","36101","2","","1","01","N","N","0","","0","0","0","0","0","Y","1744","3","2","0","0","1","1","0","3","0","2","N","","","","","","","","","","","","03","  ","","",""
"1859","0","0","0","0","0","0","0","0","0","7","0","","36","08","2017","2017084169","5","40.0686","-76.3039","1855","08","0","0","0","0","0","0","0","0","","0","0","0","18","1","0","00","0","40 04:07.021","","00","76 18:14.045","0","0","0","0","36101","0","0","0","N","0","0","0","2","36101","0","","3","01","N","N","1","","0","0","0","0","0","","1832","0","1","0","0","0","0","0","3","0","1","N","","","","","","","","","","","","03","  ","","",""
"1208","1","0","0","0","0","0","0","0","0","7","0","","36","08","2017","2017084178","3","40.0443","-76.4915","1208","08","0","0","0","0","0","0","0","0","","0","0","0","12","1","0","00","0","40 02:39.516","","00","76 29:29.318","0","0","0","0","36404","0","0","0","N","0","0","0","1","36404","0","","2","01","N","N","0","","0","0","0","0","0","","1208","0","1","0","0","0","0","0","3","0","1","N","","","","","","","","","","","","03","  ","","",""
"2223","1","0","0","0","0","0","0","0","0","1","0","","36","07","2017","2017084229","7","40.0488","-76.253","2219","08","0","0","0","0","0","1","0","0","2","0","0","0","22","3","2","00","2","40 02:55.749","3","00","76 15:10.859","3","0","0","0","36215","0","0","0","","0","0","0","2","36215","1","","1","01","N","N","0","","1","0","1","0","0","N","2219","2","2","0","0","0","0","0","1","0","2","N","","","","","","","","","","","","03","  ","","",""
"1708","1","0","0","0","0","0","0","0","0","4","0","","36","08","2017","2017084230","7","40.0207","-76.1922","1708","08","0","0","0","0","0","2","0","0","2","0","0","0","17","1","3","02","1","40 01:14.397","5","00","76 11:32.005","3","0","0","0","36215","0","0","0","","0","0","0","3","36215","2","","1","01","N","N","0","","1","0","1","3","2","N","1703","3","2","0","0","0","0","0","1","0","2","N","","","","","","","","","","","","03","  ","","",""
"1343","2","0","0","0","0","0","0","0","0","1","0","","36","08","2017","2017084231","1","40.0853","-76.2124","1336","08","0","0","0","1","0","0","1","0","1","0","0","0","13","1","0","02","1","40 05:07.094","3","00","76 12:44.587","0","0","0","0","36234","0","0","0","","0","0","0","3","36215","0","","1","01","N","N","0","","0","0","0","0","0","N","1336","0","2","0","0","1","0","0","1","0","2","N","","","","","","","","","","","","03","  ","","",""
"1638","1","0","0","0","0","0","0","0","0","1","0","","36","08","2017","2017084265","5","40.154","-76.2064","1636","08","0","0","0","1","0","0","0","0","2","0","0","0","16","1","0","00","2","40 09:14.507","1","00","76 12:22.985","0","0","0","0","36402","0","0","0","N","0","0","0","2","36402","0","","1","01","N","N","0","","0","0","1","0","0","N","1634","0","2","0","0","0","0","0","2","0","2","N","","","","","","","","","","","","03","  ","","",""
"1644","0","0","0","0","0","0","0","0","0","1","0","","36","08","2017","2017084269","5","40.1456","-76.1893","1635","08","0","0","0","0","0","1","0","0","3","0","0","0","16","1","0","00","1","40 08:44.201","2","00","76 11:21.512","0","0","0","0","36238","0","0","0","N","0","0","0","2","36238","0","","1","01","N","N","0","","0","0","2","0","0","N","1631","0","2","0","0","0","0","0","3","0","2","N","","","","","","","","","","","","03","  ","","",""
"0733","1","0","0","0","0","0","0","0","0","4","0","","36","08","2017","2017084274","6","40.0357","-76.3143","0728","08","0","0","0","0","0","1","0","0","","0","0","0","07","1","1","01","0","40 02:08.544","","00","76 18:51.312","8","0","0","0","36301","0","0","0","N","0","0","0","2","36301","0","","1","01","N","N","0","","0","0","1","3","3","","0728","1","2","0","0","0","1","0","3","0","2","N","","","","","","","","","","","","03","  ","","",""
"1558","2","0","0","0","0","0","0","0","0","1","0","","36","08","2017","2017084288","2","40.1383","-76.1002","1554","08","0","0","0","1","0","1","0","0","","0","0","0","15","1","0","01","0","40 08:17.897","","00","76 06:00.677","0","0","0","0","36209","0","0","0","N","0","0","0","2","36415","0","","1","01","N","N","0","","0","0","0","0","0","","1550","0","2","0","0","0","0","0","1","0","2","N","","","","","","","","","","","","03","  ","","",""
"1749","1","0","0","0","0","0","0","0","0","4","0","","36","08","2017","2017084296","2","40.1157","-76.5938","1742","08","0","0","1","0","0","0","0","0","","0","0","0","17","1","2","01","0","40 06:56.592","","00","76 35:37.703","3","0","0","0","36237","0","0","0","N","0","0","0","5","36505","0","","1","01","N","N","0","","2","0","1","3","3","","1740","2","2","0","0","0","0","0","1","0","2","N","","","","","","","","","","","","03","  ","","",""
"1608","2","0","0","0","0","0","0","0","0","4","0","","36","08","2017","2017084318","4","40.0346","-76.3072","1601","08","0","0","0","0","0","0","0","0","2","0","0","0","16","1","1","01","1","40 02:04.495","2","00","76 18:25.758","8","0","0","0","36301","0","0","0","N","0","0","0","2","36301","0","","1","01","N","N","0","","0","0","0","3","3","N","1601","1","2","0","0","0","1","0","3","0","2","N","","","","","","","","","","","","03","  ","","",""
"2151","1","0","0","0","0","0","0","0","0","4","0","","36","08","2017","2017084353","1","40.0517","-76.3214","2146","08","0","1","0","0","0","0","0","0","2","0","0","0","21","3","2","02","1","40 03:06.147","3","00","76 19:16.872","3","0","0","1","36301","0","0","0","N","0","0","0","5","36101","0","","1","01","N","N","0","","2","0","0","3","2","N","2144","2","2","0","0","3","0","0","3","0","2","N","","","","","","","","","","","","03","  ","","",""
"1509","2","0","0","0","0","0","0","0","0","2","0","","36","08","2017","2017084400","7","39.9475","-76.1936","1446","08","0","0","0","0","0","0","0","0","2","0","0","0","14","1","2","00","2","39 56:51.145","6","00","76 11:36.802","3","0","0","0","36233","0","0","0","","0","0","0","2","68J01","0","","1","01","N","N","0","","2","0","0","0","0","Y","1446","2","2","0","0","1","0","0","1","0","2","N","","","","","","","","","","","","03","  ","","",""
"0018","2","0","0","0","0","0","0","0","0","4","0","","36","08","2017","2017084405","3","40.2268","-76.3022","0001","08","0","0","0","0","0","1","0","0","2","0","0","0","00","2","1","00","1","40 13:36.530","1","00","76 18:07.979","8","0","0","0","36217","0","0","0","","0","0","0","3","68J01","0","","1","09","N","N","0","","0","0","0","0","0","N","0001","1","2","0","0","1","1","0","1","0","2","N","","","","","","","","","","","","07","  ","","",""
"0443","1","0","0","0","0","0","0","0","0","7","0","","36","08","2017","2017084466","1","40.0053","-76.1072","0357","08","0","0","0","1","0","0","0","0","","0","0","0","03","3","0","00","0","40 00:18.986","","00","76 06:25.759","0","0","0","0","36226","0","0","0","","0","0","0","4","68J01","0","","4","01","N","N","0","","0","0","0","0","0","","0342","0","1","0","0","0","0","0","1","0","1","N","","","","","","","","","","","","03","  ","","",""
"0117","1","0","0","0","0","0","0","0","0","1","0","","36","08","2017","2017084467","2","40.0083","-76.1213","0113","08","0","0","0","0","0","0","0","0","","0","0","1","01","2","0","00","0","40 00:29.746","","00","76 07:16.732","0","0","0","0","36226","1","0","0","","0","0","0","2","68J01","0","","1","01","N","N","0","","0","0","0","0","0","","0108","0","2","0","0","0","0","0","1","0","1","N","","","","","","","","","","","","03","  ","","",""
"1750","1","0","0","0","0","0","0","0","0","1","0","","36","08","2017","2017084470","3","40.2095","-76.3","1708","08","0","0","0","0","0","1","0","0","","0","0","0","17","1","0","01","0","40 12:34.020","","00","76 17:59.942","0","0","0","0","36217","0","0","0","","0","0","0","2","68J01","0","","1","01","N","N","1","","0","0","0","3","2","","1706","0","2","0","0","0","0","0","1","0","2","N","","","","","","","","","","","","03","  ","","",""
"0735","1","0","0","0","0","0","0","0","0","4","0","","36","08","2017","2017084471","4","39.9615","-76.1028","0716","08","0","0","0","0","0","0","0","1","3","0","0","0","07","1","2","01","1","39 57:41.266","7","00","76 06:10.058","8","0","0","0","36226","0","0","0","","0","0","0","3","68J01","0","","1","01","N","N","0","","0","0","1","3","3","Y","0713","2","3","0","0","0","2","0","1","1","3","N","","","","","","","","","","","","05","  ","","",""
"0722","0","0","0","0","0","0","0","0","0","4","0","","36","08","2017","2017084476","5","39.9887","-75.9846","0705","08","0","0","0","0","0","1","0","0","","0","0","0","06","1","0","01","0","39 59:19.228","","00","75 59:04.409","0","0","0","0","36232","0","0","0","","0","0","0","2","68J01","0","","1","01","N","N","0","","0","0","2","3","3","","0643","0","2","0","0","0","0","0","1","0","2","N","","","","","","","","","","","","03","  ","","",""
"1921","1","0","0","0","0","0","0","0","0","0","0","","36","08","2017","2017084509","6","40.1876","-76.1901","1918","08","0","0","0","0","0","0","0","0","2","0","0","0","19","1","0","00","1","40 11:15.512","4","00","76 11:24.530","0","0","0","0","36408","0","0","0","N","0","0","0","1","36408","0","","1","01","N","N","0","","0","0","0","0","0","Y","1917","0","1","0","0","0","0","0","2","0","1","N","","","","","","","","","","","","03","  ","","",""
"2135","1","0","0","0","0","0","0","0","0","4","0","","36","08","2017","2017084511","6","40.2007","-76.1718","2133","08","0","0","0","0","0","0","0","0","","0","0","0","21","3","0","01","0","40 12:02.510","","00","76 10:18.574","0","0","0","0","36218","0","0","0","N","0","0","0","2","36408","0","","1","01","N","N","1","","0","0","0","3","3","","2132","0","2","0","0","0","0","0","1","0","2","N","","","","","","","","","","","","03","  ","","",""
"1226","2","0","0","0","0","0","0","0","0","4","0","","36","04","2017","2017084520","5","40.1705","-76.1971","1222","08","0","0","0","0","0","0","0","0","","0","0","0","12","1","1","00","0","40 10:22.000","","07","76 11:47.400","3","0","0","0","36408","0","0","0","N","0","0","0","2","36408","0","","1","01","N","N","0","","1","0","0","0","0","","1221","1","2","0","0","0","0","1","2","0","2","N","","","","","","","","","","","","03","  ","","",""
"1515","1","0","0","0","0","0","0","0","0","0","0","","36","08","2017","2017084572","6","40.0145","-76.3264","1513","08","0","0","0","0","0","1","0","0","3","0","0","0","15","1","1","00","2","40 00:52.171","6","00","76 19:34.995","4","0","0","0","36220","0","0","0","N","0","0","0","1","36101","1","","1","01","N","N","0","","0","0","0","0","0","Y","1513","1","1","0","0","0","0","0","3","0","1","N","","","","","","","","","","","","03","  ","","",""
"1740","1","0","0","0","0","0","0","0","0","4","0","","36","08","2017","2017084582","4","40.0423","-76.3907","1733","08","0","0","1","0","0","0","0","0","1","0","0","0","17","1","0","00","1","40 02:32.220","3","07","76 23:26.430","0","0","0","0","36214","0","0","0","","0","0","0","2","36214","0","","1","01","N","N","0","","0","0","1","0","0","N","1730","0","2","0","0","0","0","0","3","0","2","N","","","","","","","","","","","","03","  ","","",""
"1044","2","0","0","0","0","0","0","0","0","0","1","","36","08","2017","2017084588","3","40.1805","-76.1338","1033","08","0","0","0","0","0","1","0","0","","0","1","0","10","1","0","00","0","40 10:49.737","","00","76 08:01.555","0","0","0","0","36218","0","0","0","N","0","0","0","3","36408","0","","1","01","N","N","0","","0","0","0","0","0","","1030","0","3","0","0","0","0","0","1","0","3","N","","","","","","","","","","","","03","  ","","",""
"0812","0","0","0","0","0","0","0","0","0","7","0","","36","08","2017","2017084591","3","40.1266","-76.4736","0806","08","0","0","0","0","1","0","0","0","","0","0","0","08","1","1","00","0","40 07:35.764","","00","76 28:25.063","3","0","0","0","36225","0","0","0","Y","0","0","0","2","36505","0","","3","01","N","N","0","","1","0","1","0","0","","0800","1","1","0","0","1","0","0","2","0","1","N","","","","","","","","","","","","03","  ","","",""
"1618","1","0","0","0","0","0","0","0","0","5","0","","36","08","2017","2017084594","6","40.1799","-76.1781","1615","08","0","0","0","0","0","1","0","0","1","0","0","0","16","1","1","00","2","40 10:47.653","5","00","76 10:41.102","4","0","0","0","36408","1","0","0","N","1","0","0","2","36408","1","","6","09","N","N","0","","0","0","1","0","0","Y","1615","1","3","0","0","1","0","0","2","0","2","N","","","","","","","","","","","","07","  ","","",""
"1427","1","0","0","0","0","0","0","0","0","7","0","","36","08","2017","2017084621","6","40.1937","-76.2215","1416","08","0","0","0","0","0","0","0","0","2","0","0","0","14","1","0","00","2","40 11:37.300","5","00","76 13:17.400","0","0","0","0","36204","0","0","0","","0","0","0","2","36506","0","","4","01","N","N","0","","0","0","0","0","0","Y","1416","0","1","0","0","2","0","0","1","0","1","N","","","","","","","","","","","","03","  ","","",""
"1021","0","0","0","0","0","0","0","0","0","4","1","","36","08","2017","2017084627","7","40.1535","-76.128","1017","08","0","0","0","0","0","0","0","0","1","0","1","0","10","1","2","02","1","40 09:12.745","3","07","76 07:40.970","3","0","0","0","36209","0","0","0","N","0","0","0","5","36415","0","","1","01","N","N","0","","2","0","0","3","2","N","1014","2","2","0","0","0","0","0","1","1","2","N","","","","","","","","","","","","03","  ","","",""
"0821","0","0","0","0","0","0","0","0","0","1","0","","36","08","2017","2017084642","7","40.1503","-76.124","0815","08","0","0","0","0","0","0","0","1","3","0","0","1","08","1","4","00","2","40 09:00.990","6","00","76 07:26.514","8","0","0","0","36209","1","0","0","N","0","0","0","4","36415","0","","1","01","N","N","0","","0","0","2","0","0","Y","0814","4","3","0","0","0","4","0","1","0","2","N","","","","","","","","","","","","03","  ","","",""
"1318","0","0","0","0","0","0","0","0","0","4","0","","36","08","2017","2017084665","7","40.1632","-76.1511","1311","08","0","0","0","0","0","1","0","0","","0","0","0","13","1","0","02","0","40 09:47.458","","02","76 09:03.786","0","0","0","0","36218","0","0","0","N","0","0","0","2","36408","0","","1","01","N","N","1","","0","0","0","0","0","","1310","0","2","0","0","0","0","0","1","1","2","N","","","","","","","","","","","","03","  ","","",""
"1934","1","0","0","0","0","0","0","0","0","1","0","","36","07","2017","2017084714","2","40.2293","-76.0838","1932","08","0","1","0","0","1","0","0","0","1","0","0","0","19","1","0","00","2","40 13:45.437","2","07","76 05:01.760","0","0","0","0","36210","0","0","0","N","0","0","0","2","36210","0","","1","01","N","N","1","","0","0","0","0","0","N","1930","0","2","0","0","0","0","0","1","0","2","N","","","","","","","","","","","","03","  ","","",""
"0239","1","0","0","0","0","0","0","0","0","7","0","","36","08","2017","2017084723","1","40.2504","-76.1255","0235","08","0","0","1","0","0","0","0","0","","0","0","0","02","3","1","00","0","40 15:01.502","","00","76 07:31.826","4","0","0","0","36210","0","0","0","N","0","0","0","1","36210","1","","4","01","N","N","0","","0","0","0","0","0","","0234","1","1","0","0","0","0","0","1","0","1","N","","","","","","","","","","","","03","  ","","",""
"0930","2","0","0","0","0","0","0","0","0","4","0","","36","08","2017","2017084745","5","40.1558","-76.0447","0922","08","0","0","0","0","0","1","1","0","","0","0","0","09","1","0","02","0","40 09:20.775","","00","76 02:40.972","0","0","0","0","36418","0","0","0","N","0","0","0","2","36213","0","","1","01","N","N","0","","0","0","0","3","3","","0921","0","2","0","0","0","0","0","1","0","2","N","","","","","","","","","","","","03","  ","","",""
"2250","2","0","0","0","0","0","0","0","0","4","0","","36","08","2017","2017084754","7","40.1139","-76.3863","2248","08","0","0","0","0","0","1","0","1","2","0","0","0","22","2","3","01","2","40 06:50.151","6","00","76 23:10.518","3","0","0","0","36214","0","0","0","N","0","0","0","4","36214","0","","1","01","N","N","0","","3","0","0","3","3","N","2245","3","2","0","0","0","0","0","3","0","2","N","","","","","","","","","","","","03","  ","","",""
"0954","1","0","0","0","0","0","0","0","0","1","0","","36","08","2017","2017084805","7","40.1082","-76.4183","0948","08","0","0","0","0","0","0","0","0","1","0","0","0","09","1","2","00","2","40 06:29.500","2","07","76 25:05.800","4","0","0","0","36214","0","0","0","N","0","0","0","2","36214","2","","1","01","N","N","0","","0","0","1","0","0","Y","0946","2","2","0","0","0","0","0","3","0","2","N","","","","","","","","","","","","03","  ","","",""
"0649","2","0","0","0","0","0","0","0","0","4","0","","36","08","2017","2017084822","1","40.1785","-76.1816","0645","08","0","0","0","0","0","1","0","0","","0","0","0","06","1","0","01","0","40 10:42.639","","00","76 10:53.713","0","0","0","0","36408","0","0","0","N","0","0","0","2","36408","0","","1","01","N","N","0","","0","0","0","3","3","","0645","0","2","0","0","0","0","0","2","0","2","N","","","","","","","","","","","","03","  ","","",""
"1705","1","0","0","0","0","0","0","0","0","1","0","","36","08","2017","2017084846","6","40.0705","-76.3173","1701","08","0","0","0","0","0","1","1","0","","0","0","0","16","1","0","00","0","40 04:13.729","","03","76 19:02.112","0","0","0","0","36101","0","0","0","N","0","0","0","12","36101","0","","1","09","N","N","0","","0","0","2","0","0","","1656","0","3","0","0","0","0","0","3","0","3","N","","","","","","","","","","","","07","  ","","",""
"2222","0","0","0","0","0","0","0","0","0","7","0","","36","08","2017","2017084849","1","40.1909","-76.195","2220","08","0","0","0","0","0","0","0","0","5","0","0","0","22","3","1","00","2","40 11:27.230","6","00","76 11:41.870","3","0","0","0","36408","0","0","0","N","0","0","0","2","36408","0","","2","01","N","N","0","","1","0","1","0","0","Y","2218","1","1","0","0","1","0","0","2","0","1","N","","","","","","","","","","","","03","  ","","",""
"0936","1","0","0","0","0","0","0","0","0","4","0","","36","08","2017","2017084852","3","40.222","-76.1701","0933","08","0","0","0","0","0","1","0","0","2","0","0","0","09","1","0","00","1","40 13:19.200","6","00","76 10:12.500","0","0","0","0","36236","0","0","0","N","0","0","0","4","36408","0","","1","01","N","N","0","","0","0","1","0","0","N","0931","0","2","0","0","0","0","0","1","0","2","N","","","","","","","","","","","","03","  ","","",""
"0503","0","0","0","0","0","0","0","0","0","5","0","","36","08","2017","2017084919","7","40.0292","-76.3092","0501","08","0","1","0","0","0","0","0","0","2","0","0","0","05","3","0","00","1","40 01:45.100","4","00","76 18:33.000","0","0","0","0","36301","0","0","0","N","0","0","0","1","36301","0","","6","01","N","N","1","","0","0","2","0","0","N","0501","0","3","0","0","0","0","0","3","0","3","N","","","","","","","","","","","","03","  ","","",""
"2119","0","0","0","0","0","0","0","0","0","7","1","","36","08","2017","2017084979","3","40.1336","-76.2117","2117","08","0","0","0","0","0","1","0","0","3","0","1","0","21","2","0","00","1","40 08:01.033","1","00","76 12:42.171","0","0","0","0","36238","0","0","0","Y","0","0","0","1","36238","0","","3","01","N","N","0","","0","0","0","0","0","Y","2115","0","1","0","0","0","0","0","3","0","1","N","","","","","","","","","","","","03","  ","","",""
"1403","1","0","0","0","0","0","0","0","0","4","0","","36","08","2017","2017084999","5","40.1505","-76.0281","1356","08","0","0","0","0","0","0","1","1","","0","0","0","13","1","1","01","0","40 09:01.638","","00","76 01:41.060","4","0","0","0","36213","0","0","0","N","0","0","0","2","36213","1","","1","01","N","N","1","","0","0","0","3","3","","1356","1","2","0","0","0","0","0","1","0","2","N","","","","","","","","","","","","03","  ","","",""