"ARRIVAL_TM","AUTOMOBILE_COUNT","BELTED_DEATH_COUNT","BELTED_SUSP_SERIOUS_INJ_COUNT","BICYCLE_COUNT","BICYCLE_DEATH_COUNT","BICYCLE_SUSP_SERIOUS_INJ_COUNT","BUS_COUNT","CHLDPAS_DEATH_COUNT","CHLDPAS_SUSP_SERIOUS_INJ_COUNT","COLLISION_TYPE","COMM_VEH_COUNT","CONS_ZONE_SPD_LIM","COUNTY","CRASH_MONTH","CRASH_YEAR","CRN","DAY_OF_WEEK","DEC_LAT","DEC_LONG","DISPATCH_TM","DISTRICT","DRIVER_COUNT_16YR","DRIVER_COUNT_17YR","DRIVER_COUNT_18YR","DRIVER_COUNT_19YR","DRIVER_COUNT_20YR","DRIVER_COUNT_50_64YR","DRIVER_COUNT_65_74YR","DRIVER_COUNT_75PLUS","EST_HRS_CLOSED","FATAL_COUNT","HEAVY_TRUCK_COUNT","HORSE_BUGGY_COUNT","HOUR_OF_DAY","ILLUMINATION","INJURY_COUNT","INTERSECT_TYPE","LANE_CLOSED","LATITUDE","LN_CLOSE_DIR","LOCATION_TYPE","LONGITUDE","MAX_SEVERITY_LEVEL","MCYCLE_DEATH_COUNT","MCYCLE_SUSP_SERIOUS_INJ_COUNT","MOTORCYCLE_COUNT","MUNICIPALITY","NONMOTR_COUNT","NONMOTR_DEATH_COUNT","NONMOTR_SUSP_SERIOUS_INJ_COUNT","NTFY_HIWY_MAINT","PED_COUNT","PED_DEATH_COUNT","PED_SUSP_SERIOUS_INJ_COUNT","PERSON_COUNT","POLICE_AGCY","POSSIBLE_INJ_COUNT","RDWY_SURF_TYPE_CD","RELATION_TO_ROAD","ROAD_CONDITION","SCH_BUS_IND","SCH_ZONE_IND","SMALL_TRUCK_COUNT","SPEC_JURIS_CD","SUSP_MINOR_INJ_COUNT","SUSP_SERIOUS_INJ_COUNT","SUV_COUNT","TCD_FUNC_CD","TCD_TYPE","TFC_DETOUR_IND","TIME_OF_DAY","TOT_INJ_COUNT","TOTAL_UNITS","UNB_DEATH_COUNT","UNB_SUSP_SERIOUS_INJ_COUNT","UNBELTED_OCC_COUNT","UNK_INJ_DEG_COUNT","UNK_INJ_PER_COUNT","URBAN_RURAL","VAN_COUNT","VEHICLE_COUNT","WORK_ZONE_IND","WORK_ZONE_LOC","WORK_ZONE_TYPE","WORKERS_PRES","WZ_CLOSE_DETOUR","WZ_FLAGGER","WZ_LAW_OFFCR_IND","WZ_LN_CLOSURE","WZ_MOVING","WZ_OTHER","WZ_SHLDER_MDN","ROADWAY_CLEARED","WEATHER1","WEATHER2","WZ_WORKERS_INJ_KILLED","SECONDARY_CRASH","INTERSECTION_RELATED"
"2128","1","0","1","0","0","0","0","0","0","1","0","","36","08","2017","2017085029","3","40.1361","-76.2089","2128","08","0","0","0","0","0","0","0","0","3","0","0","0","21","2","1","00","1","40 08:10.078","2","00","76 12:31.888","2","0","0","0","36238","0","0","0","N","0","0","0","1","36238","0","","1","01","N","N","0","","0","1","1","0","0","Y","2128","1","2","0","0","0","0","0","3","0","2","N","","","","","","","","","","","","03","  ","","",""
"0244","1","0","0","0","0","0","0","0","0","4","0","","36","08","2017","2017085035","1","40.0415","-76.3252","0244","08","0","0","0","0","0","0","0","0","2","0","0","0","02","3","0","01","1","40 02:29.263","4","00","76 19:30.575","0","0","0","0","36301","0","0","0","N","0","0","0","2","36301","0","","1","01","N","N","0","","0","0","1","3","2","Y","0230","0","2","0","0","0","0","0","3","0","2","N","","","","","","","","","","","","03","  ","","",""
"1708","1","0","0","0","0","0","0","0","0","4","0","","36","08","2017","2017085051","6","40.0819","-76.351","1658","08","0","0","0","0","1","0","0","0","","0","0","0","16","1","0","01","0","40 04:54.975","","02","76 21:03.454","0","0","0","0","36214","0","0","0","N","0","0","0","3","36214","0","","1","01","N","N","1","","0","0","0","3","2","","1655","0","2","0","0","0","0","0","3","0","2","N","","","","","","","","","","","","03","  ","","",""
"1951","1","0","0","0","0","0","0","0","0","5","0","","36","08","2017","2017085065","7","40.0263","-76.3195","1946","08","0","0","0","0","0","0","0","0","2","0","0","0","19","1","0","00","1","40 01:34.700","2","00","76 19:10.300","0","0","0","0","36301","0","0","0","N","0","0","0","1","36301","0","","6","01","N","N","0","","0","0","1","0","0","Y","1937","0","3","0","0","0","0","0","3","1","3","N","","","","","","","","","","","","03","  ","","",""
"1557","2","0","0","0","0","0","0","0","0","4","0","","36","08","2017","2017085171","6","40.1359","-76.2116","1548","08","0","0","1","0","0","0","1","0","","0","0","0","15","1","0","03","0","40 08:16.042","","00","76 12:40.498","0","0","0","0","36238","0","0","0","N","0","0","0","2","36238","0","","1","01","N","N","0","","0","0","0","3","3","","1555","0","2","0","0","0","0","0","3","0","2","N","","","","","","","","","","","","03","  ","","",""
"2140","1","0","0","0","0","0","0","0","0","1","0","","36","08","2017","2017085305","6","40.241","-76.1408","2120","08","0","0","0","0","0","0","0","0","","0","0","0","99","2","1","00","0","40 14:27.534","","03","76 08:27.138","3","0","0","0","36236","0","0","0","","0","0","0","2","68T06","0","","1","09","N","N","0","","1","0","0","0","0","","9999","1","2","0","0","1","0","1","1","0","2","N","","","","","","","","","","","","07","  ","","",""
"1718","1","0","0","0","0","0","0","0","0","4","0","","36","08","2017","2017085314","2","40.128","-76.0755","1714","08","0","0","0","0","0","1","0","0","1","0","0","0","17","1","0","02","1","40 07:40.783","4","07","76 04:31.924","0","0","0","0","36209","0","0","0","N","0","0","0","2","36415","0","","1","01","N","N","1","","0","0","0","0","0","N","1714","0","2","0","0","0","0","0","1","0","2","N","","","","","","","","","","","","03","  ","","",""
"1621","0","0","0","0","0","0","0","0","0","1","0","","36","08","2017","2017085396","6","40.0723","-76.3287","1612","08","0","0","0","0","0","1","1","0","","0","0","0","16","1","2","00","0","40 04:20.393","","00","76 19:43.171","8","0","0","0","36101","0","0","0","N","0","0","0","3","36101","0","","1","01","N","N","1","","0","0","1","0","0","","1612","2","2","0","0","0","2","0","3","0","2","N","","","","","","","","","","","","03","  ","","",""
"1901","1","0","0","0","0","0","0","0","0","7","0","","36","08","2017","2017085401","2","40.2229","-76.0687","1859","08","0","0","0","0","0","0","0","0","1","0","0","0","18","1","0","00","1","40 13:22.274","1","00","76 04:07.489","0","0","0","0","36210","0","0","0","Y","0","0","0","1","36210","0","","2","09","N","N","0","","0","0","0","0","0","N","1857","0","1","0","0","0","0","0","1","0","1","N","","","","","","","","","","","","03","  ","","",""
"1355","1","0","0","0","0","0","0","0","0","1","0","","36","08","2017","2017085403","3","40.1137","-76.3056","1344","08","0","0","0","0","0","1","0","0","","0","0","0","13","1","1","00","0","40 06:49.410","","00","76 18:20.145","8","0","0","0","36101","0","0","0","N","0","0","0","2","36101","0","","1","09","N","N","0","","0","0","0","0","0","","1339","1","2","0","0","0","1","0","3","1","2","N","","","","","","","","","","","","03","  ","","",""
"2130","1","0","0","0","0","0","0","0","0","7","0","","36","08","2017","2017085425","2","","","2120","08","0","0","1","0","0","0","0","0","5","0","0","0","21","2","0","00","2","","5","00","","0","0","0","0","36209","0","0","0","N","0","0","0","1","36415","0","","4","09","N","N","0","","0","0","0","0","0","Y","2120","0","1","0","0","0","0","0","1","0","1","N","","","","","","","","","","","","07","  ","","",""
"0942","4","1","0","0","0","0","0","0","0","2","1","","36","07","2017","2017085433","2","40.146","-76.3804","0917","08","0","0","0","0","0","0","0","0","6","1","1","0","09","1","2","00","2","40 08:45.701","5","00","76 22:49.611","1","0","0","0","36227","0","0","0","","0","0","0","4","36506","0","2","1","01","N","N","0","0","0","0","0","0","0","Y","0917","2","5","0","0","0","2","0","1","0","5","N","","","","","","","","","","","","03","  ","","",""
"0120","0","0","0","0","0","0","0","0","0","7","0","","36","08","2017","2017085519","4","40.2601","-76.1138","0115","08","0","0","0","0","0","0","0","0","2","0","0","0","01","2","0","00","1","40 15:36.451","4","00","76 06:49.824","0","0","0","0","36210","0","0","0","N","0","0","0","1","36210","0","","4","01","N","N","0","","0","0","1","0","0","N","0113","0","1","0","0","0","0","0","1","0","1","N","","","","","","","","","","","","03","  ","","",""
"1851","1","0","0","0","0","0","0","0","0","4","0","","36","08","2017","2017085559","5","40.2111","-76.1979","1836","08","0","0","1","0","0","1","0","0","2","0","0","0","18","1","1","02","2","40 12:39.800","7","00","76 11:52.600","8","0","0","1","36204","0","0","0","","0","0","0","5","36506","0","","1","01","N","N","0","","0","0","0","3","3","N","1836","1","2","0","0","0","1","0","1","0","2","N","","","","","","","","","","","","03","  ","","",""
"1739","0","0","0","0","0","0","0","0","0","7","0","","36","07","2017","2017085572","7","40.0685","-76.5453","1737","08","0","0","0","0","0","0","0","0","2","0","0","0","17","1","1","02","2","40 04:06.561","6","00","76 32:42.924","3","0","0","0","36211","0","0","0","N","0","0","0","1","36504","0","","4","01","N","N","0","","1","0","1","0","0","Y","1736","1","1","0","0","0","0","0","1","0","1","N","","","","","","","","","","","","03","  ","","",""
"1130","2","0","0","0","0","0","0","0","0","4","0","","36","08","2017","2017085584","3","40.1027","-76.4328","1122","08","0","0","0","0","0","0","1","1","2","0","0","0","11","1","1","01","1","40 06:09.698","5","00","76 25:58.025","4","0","0","0","36239","0","0","0","N","0","0","0","2","36239","1","","1","01","N","N","0","","0","0","0","3","3","Y","1122","1","2","0","0","0","0","0","3","0","2","N","","","","","","","","","","","","03","  ","","",""
"1831","0","0","0","0","0","0","0","0","0","7","0","","36","08","2017","2017085606","2","40.1058","-76.2513","1825","08","0","0","0","0","0","0","0","0","","0","0","0","18","1","1","00","0","40 06:20.929","","00","76 15:04.541","4","0","0","0","36101","0","0","0","Y","0","0","0","1","36101","1","","2","09","N","N","0","","0","0","1","0","0","","1820","1","1","0","0","0","0","0","3","0","1","N","","","","","","","","","","","","07","  ","","",""
"1620","0","0","0","0","0","0","0","0","0","7","0","","36","08","2017","2017085691","2","40.0247","-76.2864","1610","08","0","0","0","1","0","0","0","0","2","0","0","0","16","1","0","00","1","40 01:28.890","1","00","76 17:10.892","0","0","0","0","36220","0","0","0","","0","0","0","1","36101","0","","4","09","N","N","1","","0","0","0","0","0","N","1603","0","1","0","0","0","0","0","3","0","1","N","","","","","","","","","","","","07","  ","","",""
"0023","1","0","0","0","0","0","0","0","0","1","0","","36","07","2017","2017085692","1","40.0761","-76.2059","0017","08","0","0","0","0","0","0","0","0","2","0","0","0","00","2","0","01","1","40 04:34.113","2","00","76 12:21.249","0","0","0","0","36234","0","0","0","","0","0","0","5","36215","0","","1","01","N","N","0","","0","0","1","3","3","Y","0016","0","2","0","0","0","0","0","1","0","2","N","","","","","","","","","","","","03","  ","","",""
"1301","1","0","0","0","0","0","0","0","0","4","0","","36","08","2017","2017085693","5","40.0232","-76.224","1255","08","0","0","0","0","0","0","0","0","2","0","0","0","12","1","1","02","1","40 01:23.458","6","07","76 13:26.464","3","0","0","0","36215","0","0","0","","0","0","0","3","36215","0","","1","01","N","N","0","","1","0","1","3","3","N","1253","1","2","0","0","0","0","0","1","0","2","N","","","","","","","","","","","","03","  ","","",""
"1801","1","0","0","0","0","0","0","0","0","7","0","","36","07","2017","2017085726","2","39.9986","-76.0626","1750","08","0","0","0","0","0","0","0","0","","0","0","0","17","1","1","00","0","39 59:54.964","","00","76 03:45.513","8","0","0","0","36226","0","0","0","","0","0","0","1","68J01","0","","4","01","N","N","0","","0","0","0","0","0","","1735","1","1","0","0","0","1","0","1","0","1","N","","","","","","","","","","","","03","  ","","",""
"1231","1","0","0","0","0","0","0","0","0","4","0","","36","08","2017","2017085752","6","40.021","-75.9796","1222","08","0","0","0","0","0","0","1","0","3","0","0","0","12","1","1","01","2","40 01:15.560","1","00","75 58:46.686","3","0","0","0","36232","0","0","0","","0","0","0","2","68J01","0","","1","01","N","N","1","","1","0","0","3","3","N","1218","1","2","0","0","0","0","0","1","0","2","N","","","","","","","","","","","","03","  ","","",""
"2304","2","0","0","0","0","0","0","0","0","4","0","","36","08","2017","2017085755","6","39.9914","-76.0166","2252","08","0","0","0","1","0","0","1","0","","0","0","0","22","3","0","00","0","39 59:29.209","","00","76 00:59.744","0","0","0","0","36232","0","0","0","","0","0","0","2","68J01","0","","1","01","N","N","0","","0","0","0","0","0","","2230","0","2","0","0","0","0","0","1","0","2","N","","","","","","","","","","","","03","  ","","",""
"1249","1","0","0","0","0","0","0","0","0","1","0","","36","08","2017","2017085760","7","39.9975","-76.0536","1246","08","0","0","0","0","0","1","0","1","2","0","0","0","12","1","1","00","1","39 59:50.918","4","00","76 03:12.873","8","0","0","0","36232","0","0","0","","0","0","0","10","68J01","0","","1","01","N","N","0","","0","0","1","0","0","N","1244","1","3","0","0","1","1","0","1","1","3","N","","","","","","","","","","","","03","  ","","",""
"1924","2","0","0","0","0","0","0","0","0","4","0","","36","07","2017","2017085797","2","40.0313","-76.315","1922","08","0","1","0","0","0","0","0","0","","0","0","0","19","1","1","01","0","40 01:52.847","","00","76 18:53.947","4","0","0","0","36301","0","0","0","N","0","0","0","3","36301","1","","1","09","N","N","0","","0","0","0","3","3","","1919","1","2","0","0","0","0","0","3","0","2","N","","","","","","","","","","","","07","  ","","",""
"2008","1","0","0","0","0","0","0","0","0","2","0","","36","08","2017","2017085806","3","40.1116","-76.4434","2002","08","0","0","0","0","0","0","0","0","","0","0","0","20","2","0","00","0","40 06:41.660","","00","76 26:36.377","9","0","0","0","36230","0","0","0","N","0","0","0","2","36410","0","","1","09","N","N","0","","0","0","1","0","0","","2000","0","2","0","0","0","0","1","1","0","2","N","","","","","","","","","","","","07","  ","","",""
"0209","1","0","0","0","0","0","0","0","0","7","0","","36","08","2017","2017085823","4","40.0398","-76.306","0153","08","0","0","0","0","0","0","0","0","1","0","0","0","01","3","0","00","1","40 02:23.292","1","00","76 18:21.689","0","0","0","0","36301","0","0","0","N","0","0","0","1","36301","0","","4","09","N","N","0","","0","0","0","0","0","Y","0153","0","1","0","0","0","0","0","3","0","1","N","","","","","","","","","","","","03","  ","","",""
"1110","2","0","0","0","0","0","0","0","0","4","0","","36","08","2017","2017085911","3","40.1099","-76.4784","1108","08","0","0","0","1","0","0","0","0","","0","0","0","10","1","0","00","0","40 06:35.746","","07","76 28:42.309","0","0","0","0","36230","0","0","0","N","0","0","0","2","36410","0","","2","01","N","N","0","","0","0","0","0","0","","1058","0","2","0","0","0","0","0","1","0","2","N","","","","","","","","","","","","03","  ","","",""
"0540","1","0","0","0","0","0","0","0","0","7","0","","36","08","2017","2017085936","4","40.2288","-76.1276","0533","08","0","0","0","0","0","0","0","0","2","0","0","0","05","3","0","00","1","40 13:43.790","1","00","76 07:39.230","0","0","0","0","36405","0","0","0","N","0","0","0","1","36210","0","","5","09","N","N","0","","0","0","0","0","0","Y","0530","0","1","0","0","1","0","0","1","0","1","N","","","","","","","","","","","","03","  ","","",""
"1702","1","0","0","0","0","0","0","0","0","0","0","","36","08","2017","2017085952","1","40.0646","-76.4407","1700","08","0","0","0","0","0","0","1","0","","0","0","0","17","1","0","00","0","40 03:52.613","","00","76 26:26.479","0","0","0","0","36239","0","0","0","","0","0","0","5","36239","0","","1","01","","","0","","0","0","0","0","0","","1700","0","2","0","0","1","0","0","3","1","2","N","","","","","","","","","","","","03","  ","","",""
"1427","0","0","0","0","0","0","0","0","0","7","0","","36","08","2017","2017085959","6","40.0643","-76.4376","1422","08","0","0","0","0","0","0","0","0","1","0","0","0","14","1","0","00","2","40 03:51.636","4","00","76 26:15.230","0","0","0","0","36239","0","0","0","","0","0","0","1","36239","0","","4","01","","","0","","0","0","0","0","0","N","1422","0","1","0","0","0","0","0","3","1","1","N","","","","","","","","","","","","03","  ","","",""
"0804","1","0","0","0","0","0","0","0","0","5","0","","36","08","2017","2017085965","4","40.0376","-76.4965","0803","08","0","0","0","0","0","0","0","0","","0","0","0","08","1","0","00","0","40 02:15.500","","00","76 29:47.300","0","0","0","0","36404","0","0","0","N","0","0","0","1","36404","0","","6","01","N","N","1","","0","0","0","0","0","","0802","0","3","0","0","0","0","0","3","1","3","N","","","","","","","","","","","","03","  ","","",""
"1738","0","0","0","0","0","0","0","0","0","7","0","","36","08","2017","2017085980","1","40.224","-76.2191","1722","08","0","0","0","0","0","0","0","0","1","0","0","0","17","1","2","00","2","40 13:26.500","5","00","76 13:08.900","2","0","2","1","36204","0","0","0","","0","0","0","2","36506","0","","4","01","N","N","0","","0","2","0","0","0","N","1722","2","1","0","0","0","0","0","1","0","1","N","","","","","","","","","","","","03","  ","","",""
"1624","0","0","0","0","0","0","0","0","0","4","0","","36","08","2017","2017086218","4","40.1233","-76.3753","1619","08","0","0","0","0","0","1","0","0","1","0","0","0","16","1","2","01","1","40 07:23.702","1","00","76 22:31.147","3","0","0","1","36214","0","0","0","N","0","0","0","4","36214","1","","1","01","N","N","1","","1","0","0","3","3","N","1614","2","2","0","0","0","0","0","3","0","2","N","","","","","","","","","","","","03","  ","","",""
"1650","2","0","0","0","0","0","0","0","0","4","0","","36","08","2017","2017086429","3","40.1657","-76.392","1644","08","0","0","0","0","0","0","0","0","","0","0","0","99","1","0","01","0","40 09:56.448","","00","76 23:31.325","0","0","0","0","36410","0","0","0","N","0","0","0","2","36410","0","","1","01","N","N","0","","0","0","0","3","3","","9999","0","2","0","0","0","0","0","2","0","2","N","","","","","","","","","","","","03","  ","","",""
"1847","0","0","0","0","0","0","0","0","0","5","0","","36","08","2017","2017086513","7","40.0479","-76.4099","1836","08","0","0","0","0","0","1","0","0","2","0","0","0","18","1","1","00","1","40 02:52.529","4","00","76 24:35.758","8","0","0","0","36239","0","0","0","N","0","0","0","2","36239","0","","1","01","N","N","0","","0","0","2","0","0","N","1836","1","2","0","0","0","1","0","3","0","2","N","","","","","","","","","","","","03","  ","","",""
"0335","1","0","0","0","0","0","0","0","0","7","0","","36","08","2017","2017086526","4","40.1721","-76.1538","0330","08","0","0","0","0","1","0","0","0","1","0","0","0","03","3","0","00","1","40 10:19.400","1","00","76 09:13.800","0","0","0","0","36218","0","0","0","N","0","0","0","1","36408","0","","2","09","N","N","0","","0","0","0","0","0","N","0328","0","1","0","0","0","0","0","1","0","1","N","","","","","","","","","","","","03","  ","","",""
"1220","0","0","0","0","0","0","0","0","0","7","0","","36","08","2017","2017086544","4","40.0761","-76.3384","1214","08","0","0","0","0","0","0","0","0","","0","0","0","12","1","0","03","0","40 04:33.815","","02","76 20:18.410","0","0","0","0","36101","0","0","0","N","0","0","0","1","36101","0","","2","01","N","N","0","","0","0","1","0","0","","1208","0","1","0","0","0","0","0","3","0","1","N","","","","","","","","","","","","03","  ","","",""
"1622","1","0","0","0","0","0","0","0","0","1","0","","36","08","2017","2017086607","4","40.0388","-76.3585","1618","08","0","1","0","0","0","0","0","0","2","0","0","0","16","1","1","00","1","40 02:19.785","4","00","76 21:30.762","4","0","0","0","36214","0","0","0","N","0","0","0","3","36214","1","","1","01","N","N","0","","0","0","0","0","0","N","1618","1","2","0","0","0","0","0","3","1","2","N","","","","","","","","","","","","03","  ","","",""
"0955","1","0","0","0","0","0","0","0","0","7","0","","36","08","2017","2017086613","4","40.0713","-76.324","0945","08","0","0","0","0","0","0","1","0","","0","0","0","09","1","0","00","0","40 04:16.838","","00","76 19:26.512","0","0","0","0","36101","0","0","0","","0","0","0","2","36101","0","","1","01","N","N","0","","0","0","0","0","0","","0940","0","1","0","0","0","0","0","3","0","1","N","","","","","","","","","","","","03","  ","","",""
"1849","1","0","0","0","0","0","0","0","0","1","0","","36","08","2017","2017086614","3","40.09","-76.1748","1840","08","0","0","0","0","0","0","0","0","","0","0","0","18","1","0","00","0","40 05:23.856","","00","76 10:29.458","0","0","0","0","36234","0","0","0","","0","0","0","4","36215","0","","1","01","N","N","1","","0","0","1","0","0","","1833","0","3","0","0","0","0","0","1","0","3","N","","","","","","","","","","","","03","  ","","",""
"0828","1","0","0","0","0","0","0","0","0","7","0","","36","08","2017","2017086993","5","40.0873","-76.3657","0818","08","0","0","0","0","0","1","0","0","4","0","0","0","08","1","1","00","2","40 05:14.366","6","00","76 21:56.458","8","0","0","0","36214","0","0","0","N","0","0","0","1","36214","0","","5","01","N","N","0","","0","0","0","0","0","Y","0814","1","1","0","0","0","1","0","3","0","1","N","","","","","","","","","","","","03","  ","","",""
"1258","0","0","0","0","0","0","0","0","0","1","0","","36","08","2017","2017087004","4","40.1688","-76.1503","1253","08","0","0","0","0","0","1","2","0","2","0","0","0","12","1","0","00","2","40 10:07.762","2","00","76 09:01.135","0","0","0","0","36218","0","0","0","N","0","0","0","3","36408","0","","1","01","N","N","0","","0","0","3","0","0","N","1250","0","3","0","0","0","0","0","1","0","3","N","","","","","","","","","","","","03","  ","","",""
"1823","3","0","0","0","0","0","0","0","0","1","0","","36","08","2017","2017087005","4","40.0447","-76.2868","1818","08","0","0","0","0","0","0","0","0","2","0","0","0","17","1","1","00","1","40 02:41.072","4","00","76 17:12.624","8","0","0","0","36301","0","0","0","N","0","0","0","3","36301","0","","1","01","N","N","0","","0","0","1","0","0","N","1757","1","4","0","0","0","1","0","3","0","4","N","","","","","","","","","","","","03","  ","","",""
"1458","3","0","0","0","0","0","0","0","0","1","0","","36","08","2017","2017087009","4","40.0515","-76.2901","1454","08","0","0","1","0","0","0","0","1","","0","0","0","14","1","0","01","0","40 03:05.233","","00","76 17:24.198","0","0","0","0","36301","0","0","0","N","0","0","0","3","36301","0","","1","01","N","N","0","","0","0","0","3","2","","1454","0","3","0","0","0","0","0","3","0","3","N","","","","","","","","","","","","03","  ","","",""
"1727","0","0","0","1","0","0","0","0","0","2","1","","36","08","2017","2017087029","4","40.2091","-76.4217","1716","08","0","0","0","0","0","0","0","0","1","0","1","0","17","1","1","00","2","40 12:32.772","5","00","76 25:18.177","8","0","0","0","36227","1","0","0","","0","0","0","2","36506","0","","1","01","N","N","0","","0","0","0","0","0","Y","1716","1","2","0","0","0","1","0","1","0","1","N","","","","","","","","","","","","03","  ","","",""
"0615","1","0","0","0","0","0","0","0","0","2","0","","36","08","2017","2017087030","5","40.2068","-76.3864","0607","08","0","0","1","0","0","1","0","0","1","0","0","0","06","1","1","00","2","40 12:24.435","6","00","76 23:11.164","8","0","0","0","36227","0","0","0","","0","0","0","2","36506","0","","1","01","N","N","0","","0","0","1","0","0","N","0605","1","2","0","0","1","1","1","1","0","2","N","","","","","","","","","","","","03","  ","","",""
"1140","0","0","0","0","0","0","0","0","0","1","0","","36","08","2017","2017087036","4","40.2079","-76.1392","1134","08","1","0","1","0","0","0","0","0","","0","0","0","11","1","1","00","0","40 12:28.475","","07","76 08:21.166","3","0","0","0","36210","0","0","0","N","0","0","0","2","36210","0","","1","01","N","N","2","","1","0","0","0","0","","1130","1","2","0","0","0","0","0","1","0","2","N","","","","","","","","","","","","03","  ","","",""
"1109","0","0","0","0","0","0","0","0","0","7","0","","36","08","2017","2017087069","5","40.0615","-76.3065","1105","08","0","0","0","0","0","0","1","0","2","0","0","0","11","1","1","00","1","40 03:41.567","2","07","76 18:23.264","3","0","0","0","36101","0","0","0","Y","0","0","0","1","36101","0","","2","01","N","N","0","","1","0","1","0","0","N","1103","1","2","0","0","0","0","0","3","0","1","N","","","","","","","","","","","","03","  ","","",""
"1710","0","0","0","0","0","0","0","0","0","7","0","","36","08","2017","2017087082","4","40.1391","-76.0597","1705","08","0","0","0","0","0","1","0","0","2","0","0","0","16","1","0","00","1","40 08:20.800","4","00","76 03:35.000","9","0","0","0","36213","0","0","0","N","0","0","0","1","36213","0","","4","01","N","N","0","","0","0","0","0","0","N","1650","0","1","0","0","0","0","1","1","1","1","N","","","","","","","","","","","","03","  ","","",""
"0523","0","0","0","0","0","0","0","0","0","4","0","","36","08","2017","2017087214","5","40.1059","-76.0254","0517","08","0","0","0","0","0","2","0","0","2","0","0","0","05","2","1","01","1","40 06:21.120","2","00","76 01:31.461","4","0","0","0","36213","0","0","0","N","0","0","0","2","36213","1","","1","01","N","N","0","","0","0","2","3","3","N","0514","1","2","0","0","0","0","0","1","0","2","N","","","","","","","","","","","","03","  ","","",""
"2113","2","0","0","0","0","0","0","0","0","5","0","","36","08","2017","2017087222","7","40.1109","-76.3099","2106","08","0","0","0","0","0","0","0","0","","0","0","0","21","2","1","00","0","40 06:39.404","","00","76 18:35.513","3","0","0","0","36101","0","0","0","N","0","0","0","1","36101","0","","1","01","N","N","0","","1","0","0","0","0","","2103","1","2","0","0","0","0","0","3","0","2","N","","","","","","","","","","","","03","  ","","",""
"2005","1","0","0","0","0","0","0","0","0","1","0","","36","08","2017","2017087224","3","40.1508","-76.6074","2002","08","0","0","0","0","1","0","0","0","","0","0","0","20","3","1","00","0","40 09:02.800","","00","76 36:26.500","3","0","0","0","36407","0","0","0","N","0","0","0","3","36407","0","","6","09","N","N","0","","1","0","1","0","0","","2000","1","2","0","0","0","0","0","2","0","2","N","","","","","","","","","","","","07","  ","","",""
"1959","1","0","0","0","0","0","0","0","0","4","0","","36","08","2017","2017087227","4","40.1699","-76.602","1955","08","0","0","0","0","0","0","0","0","","0","0","0","19","1","0","00","0","40 10:11.778","","07","76 36:07.177","0","0","0","0","36407","0","0","0","N","0","0","0","3","36407","0","","1","01","N","N","0","","0","0","1","0","0","","1950","0","3","0","0","0","0","0","2","1","3","N","","","","","","","","","","","","03","  ","","",""
"1600","0","0","0","0","0","0","0","0","0","4","0","","36","08","2017","2017087272","4","40.1763","-76.185","1558","08","0","0","0","0","0","0","0","0","2","0","0","0","15","1","3","00","2","40 10:34.700","5","07","76 11:06.000","4","0","0","0","36408","0","0","0","N","0","0","0","4","36408","3","","1","01","N","N","0","","0","0","2","0","0","Y","1555","3","2","0","0","1","0","0","2","0","2","N","","","","","","","","","","","","03","  ","","",""
"2324","1","0","0","0","0","0","0","0","0","7","0","25","36","08","2017","2017087273","5","40.0689","-76.3165","2317","08","0","0","0","0","0","0","0","0","","0","0","0","23","2","0","00","0","40 04:08.165","","00","76 18:59.443","0","0","0","0","36101","0","0","0","N","0","0","0","1","36101","0","","3","01","N","N","0","","0","0","0","0","0","","2315","0","1","0","0","0","0","0","3","0","1","Y","4","1","N","","","N","Y","","","","","03","  ","","",""
"0046","1","0","0","0","0","0","0","0","0","7","0","","36","08","2017","2017087338","4","40.1823","-76.4028","0046","08","0","0","0","0","0","1","0","0","","0","0","0","21","6","0","02","0","40 10:56.413","","00","76 24:10.209","9","0","0","0","36230","0","0","0","","0","0","0","1","36410","0","","4","09","N","N","0","","0","0","0","9","3","","2100","0","1","0","0","0","0","1","1","0","1","N","","","","","","","","","","","","07","  ","","",""
"1247","1","0","0","0","0","0","0","0","0","7","0","","36","08","2017","2017087392","3","40.0392","-76.3088","1245","08","0","0","0","0","0","0","0","0","2","0","0","0","12","1","2","01","1","40 02:21.252","4","00","76 18:31.657","4","0","0","0","36301","0","0","0","N","0","0","0","3","36301","2","","5","01","N","N","0","","0","0","0","0","0","Y","1245","2","1","0","0","3","0","0","3","0","1","N","","","","","","","","","","","","03","  ","","",""
"1116","1","0","0","0","0","0","0","0","0","8","0","","36","08","2017","2017087461","6","40.039","-76.3038","1114","08","0","0","0","0","0","0","0","0","","0","0","0","11","1","1","01","0","40 02:20.362","","00","76 18:13.502","8","0","0","0","36301","1","0","0","N","1","0","0","4","36301","0","","1","01","N","N","0","","0","0","0","0","0","","1113","1","2","0","0","0","1","0","3","0","1","N","","","","","","","","","","","","03","  ","","",""
"1241","1","0","0","0","0","0","0","0","0","1","0","","36","08","2017","2017087539","3","40.1014","-76.3054","1236","08","0","0","0","0","0","1","0","0","1","0","0","0","12","1","0","00","1","40 06:05.007","2","00","76 18:19.340","0","0","0","0","36101","0","0","0","N","0","0","0","2","36101","0","","1","01","N","N","0","","0","0","1","0","0","N","1233","0","2","0","0","0","0","0","3","0","2","N","","","","","","","","","","","","03","  ","","",""
"1852","1","0","0","0","0","0","0","0","0","1","0","","36","08","2017","2017087557","6","40.0521","-76.3084","1849","08","0","0","0","0","0","2","0","0","1","0","0","0","18","1","4","00","1","40 03:07.507","1","00","76 18:30.081","3","0","0","0","36301","0","0","0","N","0","0","0","7","36301","0","","1","01","N","N","0","","4","0","1","3","2","N","1849","4","3","0","0","1","0","0","3","1","3","N","","","","","","","","","","","","03","  ","","",""