"ARRIVAL_TM","AUTOMOBILE_COUNT","BELTED_DEATH_COUNT","BELTED_SUSP_SERIOUS_INJ_COUNT","BICYCLE_COUNT","BICYCLE_DEATH_COUNT","BICYCLE_SUSP_SERIOUS_INJ_COUNT","BUS_COUNT","CHLDPAS_DEATH_COUNT","CHLDPAS_SUSP_SERIOUS_INJ_COUNT","COLLISION_TYPE","COMM_VEH_COUNT","CONS_ZONE_SPD_LIM","COUNTY","CRASH_MONTH","CRASH_YEAR","CRN","DAY_OF_WEEK","DEC_LAT","DEC_LONG","DISPATCH_TM","DISTRICT","DRIVER_COUNT_16YR","DRIVER_COUNT_17YR","DRIVER_COUNT_18YR","DRIVER_COUNT_19YR","DRIVER_COUNT_20YR","DRIVER_COUNT_50_64YR","DRIVER_COUNT_65_74YR","DRIVER_COUNT_75PLUS","EST_HRS_CLOSED","FATAL_COUNT","HEAVY_TRUCK_COUNT","HORSE_BUGGY_COUNT","HOUR_OF_DAY","ILLUMINATION","INJURY_COUNT","INTERSECT_TYPE","LANE_CLOSED","LATITUDE","LN_CLOSE_DIR","LOCATION_TYPE","LONGITUDE","MAX_SEVERITY_LEVEL","MCYCLE_DEATH_COUNT","MCYCLE_SUSP_SERIOUS_INJ_COUNT","MOTORCYCLE_COUNT","MUNICIPALITY","NONMOTR_COUNT","NONMOTR_DEATH_COUNT","NONMOTR_SUSP_SERIOUS_INJ_COUNT","NTFY_HIWY_MAINT","PED_COUNT","PED_DEATH_COUNT","PED_SUSP_SERIOUS_INJ_COUNT","PERSON_COUNT","POLICE_AGCY","POSSIBLE_INJ_COUNT","RDWY_SURF_TYPE_CD","RELATION_TO_ROAD","ROAD_CONDITION","SCH_BUS_IND","SCH_ZONE_IND","SMALL_TRUCK_COUNT","SPEC_JURIS_CD","SUSP_MINOR_INJ_COUNT","SUSP_SERIOUS_INJ_COUNT","SUV_COUNT","TCD_FUNC_CD","TCD_TYPE","TFC_DETOUR_IND","TIME_OF_DAY","TOT_INJ_COUNT","TOTAL_UNITS","UNB_DEATH_COUNT","UNB_SUSP_SERIOUS_INJ_COUNT","UNBELTED_OCC_COUNT","UNK_INJ_DEG_COUNT","UNK_INJ_PER_COUNT","URBAN_RURAL","VAN_COUNT","VEHICLE_COUNT","WORK_ZONE_IND","WORK_ZONE_LOC","WORK_ZONE_TYPE","WORKERS_PRES","WZ_CLOSE_DETOUR","WZ_FLAGGER","WZ_LAW_OFFCR_IND","WZ_LN_CLOSURE","WZ_MOVING","WZ_OTHER","WZ_SHLDER_MDN","ROADWAY_CLEARED","WEATHER1","WEATHER2","WZ_WORKERS_INJ_KILLED","SECONDARY_CRASH","INTERSECTION_RELATED"
"2200","0","0","0","0","0","0","0","0","0","0","0","","36","08","2017","2017087601","6","39.9022","-76.3509","2151","08","0","0","0","1","0","0","0","0","","0","0","0","21","2","0","00","0","39 54:07.900","","00","76 21:03.100","0","0","0","0","36206","0","0","0","N","0","0","0","1","36503","0","","4","01","N","N","0","","0","0","1","0","0","","2150","0","1","0","0","0","0","0","1","0","1","N","","","","","","","","","","","","03","  ","","",""
"2055","1","0","0","0","0","0","0","0","0","1","0","","36","07","2017","2017087641","4","40.0306","-76.2343","2052","08","0","0","0","0","0","1","0","0","","0","0","0","20","3","0","00","0","40 01:50.097","","00","76 14:03.490","0","0","0","0","36215","0","0","0","","0","0","0","3","36215","0","","1","01","N","N","0","","0","0","1","0","0","","2052","0","2","0","0","0","0","0","1","0","2","N","","","","","","","","","","","","03","  ","","",""
"1051","1","0","0","0","0","0","0","0","0","7","0","","36","08","2017","2017087642","4","40.0351","-76.2536","1051","08","0","0","0","1","0","0","0","0","2","0","0","0","10","1","1","02","2","40 02:06.210","7","00","76 15:12.978","8","0","0","0","36215","0","0","0","","0","0","0","1","36215","0","","5","01","N","N","0","","0","0","0","0","0","Y","1051","1","1","0","0","1","1","0","1","0","1","N","","","","","","","","","","","","03","  ","","",""
"0853","1","0","0","0","0","0","0","0","0","4","0","","36","08","2017","2017087643","6","40.031","-76.2354","0850","08","0","1","0","0","0","0","0","0","2","0","0","0","08","1","1","01","1","40 01:50.356","3","00","76 14:03.582","4","0","0","0","36215","0","0","0","","0","0","0","3","36215","1","","1","01","N","N","0","","0","0","1","3","2","N","0850","1","2","0","0","0","0","0","1","0","2","N","","","","","","","","","","","","03","  ","","",""
"0903","3","0","0","0","0","0","0","0","0","5","0","","36","08","2017","2017087661","6","40.0468","-76.3232","0902","08","0","0","0","0","0","0","0","0","","0","0","0","09","1","1","00","0","40 02:48.300","","00","76 19:23.600","8","0","0","0","36301","0","0","0","N","0","0","0","1","36301","0","","6","01","N","N","0","","0","0","0","0","0","","0902","1","3","0","0","0","1","0","3","0","3","N","","","","","","","","","","","","03","  ","","",""
"0842","1","0","0","0","0","0","0","0","0","4","0","","36","08","2017","2017087663","3","40.0685","-76.3074","0837","08","0","0","0","0","0","0","0","0","2","0","0","0","08","1","1","01","1","40 04:06.527","1","00","76 18:26.750","4","0","0","0","36101","0","0","0","N","0","0","0","2","36101","1","","1","01","N","N","0","","0","0","1","3","2","N","0832","1","2","0","0","0","0","0","3","0","2","N","","","","","","","","","","","","03","  ","","",""
"1338","2","0","0","0","0","0","0","0","0","4","0","","36","08","2017","2017087668","6","40.0346","-76.3024","1337","08","0","0","0","1","0","0","0","0","1","0","0","0","13","1","1","01","1","40 02:04.394","2","00","76 18:08.553","8","0","0","0","36301","0","0","0","N","0","0","0","6","36301","0","","1","01","N","N","0","","0","0","0","3","3","Y","1331","1","2","0","0","0","1","0","3","0","2","N","","","","","","","","","","","","03","  ","","",""
"0958","0","0","0","0","0","0","0","0","0","4","0","","36","08","2017","2017087677","7","40.0447","-76.3026","0957","08","0","0","0","0","0","1","0","0","","0","0","0","09","1","0","01","0","40 02:41.036","","00","76 18:09.292","0","0","0","0","36301","0","0","0","N","0","0","0","2","36301","0","","1","01","N","N","0","","0","0","1","3","2","","0955","0","2","0","0","0","0","0","3","1","2","N","","","","","","","","","","","","03","  ","","",""
"1717","0","0","0","0","0","0","0","0","0","1","0","","36","08","2017","2017087682","3","40.0835","-76.2901","1715","08","0","0","0","0","0","2","0","0","1","0","0","0","17","1","0","00","1","40 05:00.550","1","00","76 17:24.495","0","0","0","0","36101","0","0","0","N","0","0","0","3","36101","0","","1","01","N","N","1","","0","0","2","0","0","N","1710","0","3","0","0","0","0","0","3","0","3","N","","","","","","","","","","","","03","  ","","",""
"0330","0","0","0","0","0","0","0","0","0","4","0","","36","08","2017","2017087724","3","39.9841","-76.2913","0330","08","0","0","0","0","0","0","1","0","","0","0","0","03","3","0","01","0","39 59:02.813","","00","76 17:28.847","0","0","0","0","36240","0","0","0","N","0","0","0","4","36503","0","","1","01","N","N","1","","0","0","2","3","2","","0330","0","3","0","0","0","0","0","1","0","3","N","","","","","","","","","","","","03","  ","","",""
"1458","1","0","0","0","0","0","0","0","0","4","0","","36","08","2017","2017087730","7","40.0493","-76.2951","1454","08","0","0","0","0","0","1","0","0","1","0","0","0","14","1","1","01","2","40 02:57.379","2","00","76 17:42.226","4","0","0","0","36301","0","0","0","N","0","0","0","3","36301","1","","1","01","N","N","0","","0","0","1","3","3","N","1452","1","2","0","0","0","0","0","3","0","2","N","","","","","","","","","","","","03","  ","","",""
"1649","1","0","0","0","0","0","0","0","0","1","0","","36","08","2017","2017087739","7","40.1182","-76.0489","1644","08","0","0","0","0","0","1","0","0","2","0","0","0","16","1","0","00","1","40 07:05.429","3","00","76 02:55.921","0","0","0","0","36213","0","0","0","N","0","0","0","3","36213","0","","1","01","N","N","1","","0","0","0","0","0","N","1641","0","2","0","0","0","0","0","1","0","2","N","","","","","","","","","","","","03","  ","","",""
"0712","3","0","0","0","0","0","0","0","0","1","1","","36","08","2017","2017087797","6","40.0779","-76.2826","0702","08","1","0","0","0","0","1","0","0","2","0","1","0","06","1","3","00","2","40 04:40.339","2","00","76 16:57.276","3","0","0","0","36101","0","0","0","Y","0","0","0","6","36101","1","","1","01","N","N","0","","2","0","0","0","0","N","0657","3","4","0","0","1","0","0","3","0","4","N","","","","","","","","","","","","03","  ","","",""
"0927","1","0","0","0","0","0","0","0","0","7","0","","36","07","2017","2017087812","2","40.0354","-76.3435","0920","08","0","0","0","0","0","0","0","0","","0","0","0","09","1","0","00","0","40 02:07.270","","07","76 20:36.490","0","0","0","0","36223","0","0","0","","0","0","0","4","36223","0","","2","01","N","N","0","","0","0","2","0","0","","0914","0","3","0","0","0","0","0","1","0","3","N","","","","","","","","","","","","03","  ","","",""
"1610","2","0","0","0","0","0","0","0","0","1","0","","36","08","2017","2017087813","4","40.0258","-76.3628","1606","08","0","0","0","0","1","1","0","0","","0","0","0","16","1","0","10","0","40 01:32.856","","00","76 21:46.109","0","0","0","0","36223","0","0","0","","0","0","0","2","36223","0","","1","01","N","N","0","","0","0","0","0","0","","1600","0","2","0","0","0","0","0","1","0","2","N","","","","","","","","","","","","03","  ","","",""
"0703","1","0","0","0","0","0","0","0","0","2","0","","36","08","2017","2017087814","6","39.9987","-76.4317","0651","08","0","0","0","0","0","0","0","0","2","0","0","0","06","1","1","00","1","39 59:55.437","3","00","76 25:54.022","8","0","0","0","36223","0","0","0","","0","0","0","2","36223","0","","4","98","N","N","0","","0","0","1","0","0","N","0651","1","2","0","0","1","1","1","1","0","2","N","","","","","","","","","","","","99","  ","","",""
"1356","2","0","0","0","0","0","0","0","0","1","0","","36","08","2017","2017087815","3","40.0392","-76.361","1347","08","0","0","0","0","0","0","0","0","","0","0","0","13","1","5","02","0","40 02:21.025","","00","76 21:39.683","8","0","0","0","36214","0","0","0","","0","0","0","6","36223","0","","1","01","N","N","0","","0","0","0","3","3","","1338","5","2","0","0","0","5","1","3","0","2","N","","","","","","","","","","","","03","  ","","",""
"1752","2","0","0","0","0","0","0","0","0","4","0","","36","08","2017","2017087816","4","40.0366","-76.3612","1748","08","0","0","0","0","0","0","0","0","","0","0","0","17","1","1","01","0","40 02:11.648","","00","76 21:40.370","4","0","0","0","36223","0","0","0","","0","0","0","2","36223","1","","1","01","N","N","0","","0","0","0","3","3","","1732","1","2","0","0","0","0","0","1","0","2","N","","","","","","","","","","","","03","  ","","",""
"0733","1","0","0","0","0","0","0","0","0","2","0","","36","08","2017","2017087817","1","40.0093","-76.3945","0729","08","0","0","0","0","0","1","0","0","3","0","0","0","07","1","2","00","2","40 00:33.403","6","00","76 23:40.206","8","0","0","0","36223","0","0","0","","0","0","0","2","36223","0","","1","01","N","N","1","","0","0","0","0","0","Y","0728","2","2","0","0","0","2","0","1","0","2","N","","","","","","","","","","","","03","  ","","",""
"0338","0","0","0","0","0","0","0","0","0","4","1","","36","08","2017","2017087843","7","40.0362","-76.2719","0337","08","0","0","0","0","0","1","0","0","3","0","1","0","03","2","1","02","2","40 02:10.173","5","00","76 16:18.952","3","0","0","0","36240","0","0","0","N","0","0","0","3","36240","0","","1","01","N","N","0","","1","0","1","3","3","Y","0330","1","2","0","0","0","0","0","1","0","2","N","","","","","","","","","","","","03","  ","","",""
"0650","1","0","0","0","0","0","0","0","0","4","0","","36","08","2017","2017087901","7","40.0912","-76.3301","0647","08","0","0","0","0","0","1","0","0","2","0","0","0","06","1","1","00","2","40 05:28.490","5","07","76 19:48.534","2","0","1","1","36101","0","0","0","N","0","0","0","3","36101","0","","1","01","N","N","0","","0","1","0","0","0","N","0643","1","2","0","0","0","0","0","3","0","2","N","","","","","","","","","","","","03","  ","","",""
"1036","1","0","0","0","0","0","0","0","0","1","0","45","36","08","2017","2017087907","7","40.0915","-76.3864","1023","08","0","0","0","1","0","0","0","1","1","0","0","0","10","1","3","00","2","40 05:29.570","3","00","76 23:11.071","3","0","0","0","36214","0","0","0","N","0","0","0","3","36214","2","","1","01","N","N","1","","1","0","0","0","0","Y","1023","3","2","0","0","0","0","0","3","0","2","Y","2","1","N","","","N","Y","","","","","03","  ","","",""
"1359","2","0","0","0","0","0","0","0","0","5","0","","36","08","2017","2017087909","7","40.0635","-76.282","1355","08","0","0","0","0","0","0","0","0","","0","0","0","13","1","0","00","0","40 03:48.676","","00","76 16:55.237","0","0","0","0","36101","0","0","0","N","0","0","0","2","36101","0","","1","01","N","N","0","","0","0","0","0","0","","1354","0","3","0","0","0","0","0","3","0","2","N","","","","","","","","","","","","03","  ","","",""
"1141","2","0","0","0","0","0","0","0","0","4","0","","36","08","2017","2017087919","7","40.0963","-76.446","1136","08","0","0","0","0","0","1","0","1","2","0","0","0","11","1","4","01","2","40 05:46.625","5","00","76 26:45.726","8","0","0","0","36239","0","0","0","N","0","0","0","4","36239","0","","1","01","N","N","0","","0","0","0","3","3","Y","1132","4","2","0","0","0","4","0","3","0","2","N","","","","","","","","","","","","03","  ","","",""
"1445","0","0","0","0","0","0","0","0","0","1","0","","36","08","2017","2017088006","1","40.153","-76.2069","1443","08","0","0","0","0","0","2","0","0","1","0","0","0","14","1","1","00","2","40 09:10.782","2","07","76 12:24.940","8","0","0","1","36402","0","0","0","N","0","0","0","2","36402","0","","1","01","N","N","0","","0","0","0","0","0","N","1441","1","2","0","0","0","1","0","2","1","2","N","","","","","","","","","","","","03","  ","","",""
"1307","2","0","0","0","0","0","0","0","0","4","0","","36","08","2017","2017088008","3","40.1642","-76.1543","1254","08","0","0","0","0","0","0","0","1","1","0","0","0","12","1","0","02","1","40 09:51.097","4","07","76 09:15.344","0","0","0","0","36218","0","0","0","N","0","0","0","3","36408","0","","1","01","N","N","0","","0","0","0","3","2","N","1252","0","2","0","0","0","0","0","1","0","2","N","","","","","","","","","","","","03","  ","","",""
"0358","1","0","0","0","0","0","0","0","0","5","0","","36","08","2017","2017088053","6","40.0357","-76.3543","0353","08","0","0","1","0","0","0","0","0","","0","0","0","03","2","0","00","0","40 02:08.470","","00","76 21:15.550","0","0","0","0","36223","1","0","0","","0","0","0","3","36223","0","","6","01","N","N","0","","0","0","1","0","0","","0352","0","2","0","0","0","0","0","1","0","2","N","","","","","","","","","","","","03","  ","","",""
"0630","1","0","0","0","0","0","0","0","0","6","0","","36","06","2017","2017088071","3","40.1183","-76.0479","0619","08","0","0","0","0","0","0","0","0","","0","0","0","06","1","0","01","0","40 07:05.968","","00","76 02:52.589","0","0","0","0","36213","0","0","0","N","0","0","0","3","36213","0","","1","01","N","N","1","","0","0","0","3","2","","0615","0","2","0","0","0","0","0","1","0","2","N","","","","","","","","","","","","03","  ","","",""
"0335","0","0","0","0","0","0","0","0","0","4","0","","36","08","2017","2017088091","6","40.0342","-76.3186","0330","08","0","0","0","0","0","1","0","0","2","0","0","0","03","3","3","01","2","40 02:03.062","2","00","76 19:06.945","3","0","0","0","36301","0","0","0","N","0","0","0","5","36301","2","","1","01","N","N","0","","1","0","2","3","3","Y","0330","3","2","0","0","0","0","0","3","0","2","N","","","","","","","","","","","","03","  ","","",""
"2115","0","0","0","0","0","0","0","0","0","7","1","","36","08","2017","2017088096","2","40.1522","-76.1625","2108","08","0","0","0","0","0","0","0","0","3","0","1","0","21","2","1","00","1","40 09:07.779","1","00","76 09:45.015","4","0","0","0","36238","0","0","0","Y","0","0","0","1","36238","1","","3","08","N","N","0","","0","0","0","0","0","N","2101","1","1","0","0","0","0","0","3","0","1","N","","","","","","","","","","","","07","  ","","",""
"0533","3","0","0","0","0","0","0","0","0","5","0","","36","08","2017","2017088107","7","40.0385","-76.3153","0530","08","0","0","0","0","0","0","0","0","3","0","0","0","05","3","0","00","1","40 02:18.753","4","00","76 18:55.221","0","0","0","0","36301","0","0","0","N","0","0","0","1","36301","0","","6","01","N","N","0","","0","0","0","0","0","N","0528","0","4","0","0","1","0","0","3","1","4","N","","","","","","","","","","","","03","  ","","",""
"2345","1","0","0","0","0","0","0","0","0","7","0","","36","08","2017","2017088117","7","40.1767","-76.1747","2345","08","0","0","0","0","0","0","0","0","2","0","0","0","23","3","0","00","1","40 10:36.123","4","00","76 10:29.088","0","0","0","0","36408","0","0","0","N","0","0","0","1","36408","0","","2","01","N","N","0","","0","0","0","0","0","N","2340","0","1","0","0","0","0","0","2","0","1","N","","","","","","","","","","","","03","  ","","",""
"1903","1","0","0","0","0","0","0","0","0","5","0","","36","08","2017","2017088119","1","40.2059","-76.1754","1901","08","0","0","0","0","0","0","0","0","","0","0","0","18","1","0","00","0","40 12:21.379","","00","76 10:31.447","0","0","0","0","36218","0","0","0","N","0","0","0","4","36408","0","","1","01","N","N","0","","0","0","1","0","0","","1858","0","2","0","0","0","0","0","1","0","2","N","","","","","","","","","","","","03","  ","","",""
"1738","1","0","0","0","0","0","0","0","0","1","0","","36","08","2017","2017088169","5","40.0609","-76.3579","1730","08","0","0","0","0","0","0","0","0","2","0","0","0","17","1","1","00","2","40 03:39.417","4","00","76 21:28.534","4","0","0","0","36214","0","0","0","","0","0","0","3","36214","1","","1","01","N","N","0","","0","0","2","0","0","N","1725","1","3","0","0","0","0","0","3","0","3","N","","","","","","","","","","","","03","  ","","",""
"1155","2","0","0","0","0","0","0","0","0","1","0","","36","08","2017","2017088170","6","40.0884","-76.3806","1152","08","0","0","0","0","0","0","0","0","1","0","0","0","11","1","0","01","1","40 05:18.375","1","02","76 22:50.176","0","0","0","0","36214","0","0","0","","0","0","0","2","36214","0","","1","01","N","N","0","","0","0","0","3","2","N","1145","0","2","0","0","0","0","0","3","0","2","N","","","","","","","","","","","","03","  ","","",""
"1228","1","0","0","0","0","0","0","0","0","7","0","","36","08","2017","2017088171","6","40.0399","-76.3664","1224","08","0","0","0","0","0","0","0","0","1","0","0","0","12","1","1","02","2","40 02:23.790","6","00","76 21:58.954","4","0","0","0","36214","0","0","0","","0","0","0","1","36214","1","","2","01","N","N","0","","0","0","0","0","0","N","1222","1","1","0","0","0","0","0","3","0","1","N","","","","","","","","","","","","03","  ","","",""
"1242","1","0","0","0","0","0","0","0","0","1","0","45","36","08","2017","2017088172","7","40.1017","-76.4192","1236","08","0","0","0","0","1","1","0","0","2","0","0","0","12","1","2","00","1","40 06:06.290","3","00","76 25:09.119","4","0","0","0","36214","0","0","0","","0","0","0","4","36214","2","","1","01","N","N","0","","0","0","1","0","0","N","1233","2","2","0","0","0","0","0","3","0","2","Y","2","2","N","N","N","N","Y","N","N","N","","03","  ","","",""
"1347","0","0","0","0","0","0","0","0","0","1","0","45","36","08","2017","2017088173","7","40.0886","-76.3801","1342","08","0","0","0","0","0","1","0","0","","0","0","0","13","1","0","00","0","40 05:18.912","","00","76 22:48.205","0","0","0","0","36214","0","0","0","","0","0","0","3","36214","0","","1","01","N","N","0","","0","0","1","0","0","","1339","0","2","0","0","0","0","0","3","1","2","Y","2","2","Y","N","N","N","Y","N","N","N","","03","  ","","",""
"1523","1","0","0","0","0","0","0","0","0","7","0","","36","08","2017","2017088174","7","40.1049","-76.4269","1515","08","0","0","0","0","0","0","0","0","","0","0","0","15","1","0","07","0","40 06:17.491","","02","76 25:36.997","0","0","0","0","36214","0","0","0","","0","0","0","1","36214","0","","3","01","N","N","0","","0","0","0","0","0","","1510","0","1","0","0","0","0","0","3","0","1","N","","","","","","","","","","","","03","  ","","",""
"1032","1","0","0","0","0","0","0","0","0","1","0","","36","08","2017","2017088197","5","40.1751","-76.1731","1027","08","0","0","0","0","0","1","0","1","","0","0","0","10","1","0","00","0","40 10:30.213","","00","76 10:23.179","0","0","0","0","36408","0","0","0","N","0","0","0","3","36408","0","","1","09","N","N","1","","0","0","0","0","0","","1024","0","3","0","0","0","0","0","2","1","3","N","","","","","","","","","","","","03","  ","","",""
"1317","1","0","0","0","0","0","0","0","0","1","0","","36","08","2017","2017088288","2","40.1099","-76.5032","1317","08","0","0","0","0","0","0","1","0","1","0","0","0","13","1","0","01","1","40 06:35.512","4","00","76 30:11.698","0","0","0","0","36413","0","0","0","N","0","0","0","4","36413","0","","1","01","N","N","0","","0","0","1","3","2","Y","1317","0","2","0","0","0","0","0","2","0","2","N","","","","","","","","","","","","03","  ","","",""
"1605","1","0","0","0","0","0","0","0","0","7","0","","36","08","2017","2017088336","2","40.1603","-76.309","1600","08","0","0","0","0","0","0","0","0","","0","0","0","15","1","0","00","0","40 09:36.904","","00","76 18:32.305","0","0","0","0","36409","0","0","0","N","0","0","0","1","36409","0","","4","09","N","N","0","","0","0","0","0","0","","1555","0","1","0","0","0","0","0","3","0","1","N","","","","","","","","","","","","03","  ","","",""
"0057","1","0","0","0","0","0","0","0","0","2","0","","36","07","2017","2017088395","2","39.945","-76.2143","0045","08","0","0","0","0","0","0","0","0","3","0","0","0","00","2","3","02","2","39 56:41.914","7","00","76 12:51.628","8","0","0","0","36233","0","0","0","","0","0","0","3","68J01","0","","1","01","N","N","0","","0","0","1","0","0","Y","0019","3","2","0","0","1","3","0","1","0","2","N","","","","","","","","","","","","03","  ","","",""
"1556","1","1","0","0","0","0","0","0","0","2","0","","36","08","2017","2017088401","5","39.93","-76.3067","1532","08","0","0","0","0","0","0","1","0","3","1","0","0","15","1","2","00","2","39 55:48.032","5","00","76 18:24.117","1","0","0","0","36224","0","0","0","N","0","0","0","4","68J01","0","2","1","01","N","N","1","0","2","0","0","0","0","Y","1520","2","2","0","0","0","0","0","1","0","2","N","","","","","","","","","","","","03","  ","","",""
"1712","2","0","0","0","0","0","0","0","0","1","0","","36","08","2017","2017088445","2","40.0463","-76.3923","1706","08","0","0","0","1","0","1","0","0","","0","0","0","17","1","2","00","0","40 02:46.500","","00","76 23:32.300","4","0","0","0","36214","0","0","0","","0","0","0","6","36214","2","","1","01","","","0","","0","0","1","0","0","","1703","2","3","0","0","0","0","0","3","0","3","N","","","","","","","","","","","","03","  ","","",""
"1530","1","0","0","0","0","0","0","0","0","1","0","","36","08","2017","2017088460","5","40.036","-76.5223","1529","08","0","0","0","0","1","0","0","0","1","0","0","0","15","1","1","00","1","40 02:09.421","4","03","76 31:20.128","4","0","0","0","36239","0","0","0","N","0","0","0","2","36239","1","","1","01","N","N","1","","0","0","0","0","0","N","1527","1","2","0","0","0","0","0","3","0","2","N","","","","","","","","","","","","03","  ","","",""
"1703","3","0","0","0","0","0","0","0","0","1","0","","36","08","2017","2017088483","1","39.9859","-76.3154","1645","08","0","0","0","0","0","0","0","0","","0","0","0","16","1","0","00","0","39 59:09.100","","00","76 18:55.507","0","0","0","0","36228","0","0","0","N","0","0","0","3","36503","0","","1","01","N","N","0","","0","0","0","0","0","","1640","0","3","0","0","0","0","0","1","0","3","N","","","","","","","","","","","","03","  ","","",""
"1831","1","0","0","0","0","0","0","0","0","7","0","","36","08","2017","2017088487","2","40.2024","-76.4959","1811","08","0","0","0","0","1","0","0","0","","0","0","0","18","1","0","00","0","40 12:08.600","","00","76 29:45.400","0","0","0","0","36230","0","0","0","Y","0","0","0","1","36410","0","","4","01","N","N","0","","0","0","0","0","0","","1809","0","1","0","0","0","0","0","1","0","1","N","","","","","","","","","","","","03","  ","","",""
"1433","0","0","0","0","0","0","0","0","0","1","0","","36","08","2017","2017088496","5","40.1694","-76.198","1429","08","0","0","0","0","0","1","0","0","","0","0","0","14","1","1","00","0","40 10:09.743","","00","76 11:52.700","8","0","0","0","36408","0","0","0","N","0","0","0","2","36408","0","","1","2","N","N","0","","0","0","2","3","2","","1427","1","2","0","0","0","1","0","2","0","2","N","","","","","","","","","","","","03","  ","","",""
"1821","1","0","0","0","0","0","0","0","0","8","0","","36","08","2017","2017088497","2","40.039","-76.2964","1816","08","0","0","0","0","0","0","0","0","1","0","0","0","18","1","1","00","1","40 02:20.360","3","00","76 17:47.088","8","0","0","0","36301","1","0","0","N","1","0","0","2","36301","0","","1","01","N","N","0","","0","0","0","0","0","N","1816","1","2","0","0","0","1","0","3","0","1","N","","","","","","","","","","","","03","  ","","",""
"1856","2","0","0","0","0","0","0","0","0","1","0","","36","08","2017","2017088507","5","40.0485","-76.3226","1850","08","0","0","0","0","0","0","0","0","","0","0","0","18","1","1","00","0","40 02:54.600","","00","76 19:21.400","4","0","0","0","36301","0","0","0","N","0","0","0","1","36301","1","","6","01","N","N","0","","0","0","0","0","0","","1848","1","2","0","0","0","0","0","3","0","2","N","","","","","","","","","","","","03","  ","","",""
"1726","1","0","0","0","0","0","0","0","0","7","0","","36","08","2017","2017088558","3","40.022","-76.1906","1723","08","0","0","0","0","0","0","0","1","","0","0","0","17","1","1","00","0","40 01:19.187","","00","76 11:26.129","3","0","0","0","36215","0","0","0","","0","0","0","1","36215","0","","5","01","N","N","0","","1","0","0","0","0","","1720","1","1","0","0","0","0","0","1","0","1","N","","","","","","","","","","","","03","  ","","",""
"1533","0","0","0","0","0","0","0","0","0","4","0","","36","08","2017","2017088559","5","40.0724","-76.1309","1522","08","0","0","0","0","0","0","0","0","2","0","0","0","15","1","1","02","1","40 04:20.570","4","00","76 07:51.100","4","0","0","0","36234","0","0","0","","0","0","0","3","36215","1","","1","01","N","N","1","","0","0","1","3","3","N","1520","1","2","0","0","0","0","0","1","0","2","N","","","","","","","","","","","","03","  ","","",""
"1330","1","0","0","0","0","0","0","0","0","7","0","","36","08","2017","2017088560","6","40.0747","-76.2369","1324","08","0","0","0","0","0","0","0","0","2","0","0","0","13","1","1","00","2","40 04:28.890","7","00","76 14:12.680","4","0","0","0","36215","0","0","0","","0","0","0","1","36215","1","","4","01","N","N","0","","0","0","0","0","0","Y","1323","1","1","0","0","0","0","0","1","0","1","N","","","","","","","","","","","","03","  ","","",""
"0903","1","0","0","0","0","0","0","0","0","4","1","","36","08","2017","2017088623","2","40.1235","-76.4771","0859","08","0","0","0","0","0","3","0","0","","0","1","0","08","1","0","01","0","40 07:24.643","","00","76 28:37.387","0","0","0","0","36230","0","0","0","N","0","0","0","3","36410","0","","1","01","N","N","0","","0","0","1","3","2","","0857","0","3","0","0","0","0","0","1","0","3","N","","","","","","","","","","","","03","  ","","",""
"0815","2","0","0","0","0","0","0","0","0","5","0","","36","08","2017","2017088626","3","40.1102","-76.4122","0812","08","0","0","0","0","0","1","0","0","","0","0","0","08","1","0","00","0","40 06:36.626","","00","76 24:43.790","0","0","0","0","36214","0","0","0","N","0","0","0","2","36214","0","","1","09","N","N","0","","0","0","0","0","0","","0812","0","2","0","0","0","0","0","3","0","2","N","","","","","","","","","","","","07","  ","","",""
"0850","1","0","0","0","0","0","0","0","0","1","1","","36","08","2017","2017088637","3","40.0777","-76.2829","0841","08","0","0","0","0","0","1","0","0","","0","1","0","08","1","0","00","0","40 04:39.583","","00","76 16:58.493","0","0","0","0","36101","0","0","0","N","0","0","0","3","36101","0","","1","09","N","N","0","","0","0","1","0","0","","0838","0","3","0","0","0","0","0","3","0","3","N","","","","","","","","","","","","07","  ","","",""
"0831","0","0","0","0","0","0","0","0","0","1","0","","36","08","2017","2017088643","3","40.1815","-76.4048","0828","08","0","0","0","0","0","1","0","0","","0","0","0","08","1","0","00","0","40 10:53.398","","00","76 24:17.277","0","0","0","0","36230","0","0","0","N","0","0","0","2","36410","0","","1","09","N","N","1","","0","0","0","0","0","","0825","0","2","0","0","0","0","0","1","1","2","N","","","","","","","","","","","","07","  ","","",""
"0747","1","0","0","0","0","0","0","0","0","4","0","","36","08","2017","2017088646","3","40.0435","-76.29","0735","08","0","0","0","0","0","0","0","0","","0","0","0","07","1","1","02","0","40 02:36.567","","00","76 17:24.025","3","0","0","0","36301","0","0","0","N","0","0","0","2","36301","0","","1","09","N","N","0","","1","0","1","3","3","","0735","1","2","0","0","0","0","0","3","0","2","N","","","","","","","","","","","","07","  ","","",""
"1450","1","0","0","0","0","0","0","0","0","4","0","","36","08","2017","2017088648","2","40.0426","-76.4937","1448","08","0","0","0","0","0","1","0","0","1","0","0","0","14","1","0","01","1","40 02:33.372","3","00","76 29:37.278","0","0","0","0","36404","0","0","0","N","0","0","0","4","36404","0","","1","01","N","","0","","0","0","0","3","3","N","1447","0","2","0","0","0","0","0","3","1","2","N","","","","","","","","","","","","03","  ","","",""