"ARRIVAL_TM","AUTOMOBILE_COUNT","BELTED_DEATH_COUNT","BELTED_SUSP_SERIOUS_INJ_COUNT","BICYCLE_COUNT","BICYCLE_DEATH_COUNT","BICYCLE_SUSP_SERIOUS_INJ_COUNT","BUS_COUNT","CHLDPAS_DEATH_COUNT","CHLDPAS_SUSP_SERIOUS_INJ_COUNT","COLLISION_TYPE","COMM_VEH_COUNT","CONS_ZONE_SPD_LIM","COUNTY","CRASH_MONTH","CRASH_YEAR","CRN","DAY_OF_WEEK","DEC_LAT","DEC_LONG","DISPATCH_TM","DISTRICT","DRIVER_COUNT_16YR","DRIVER_COUNT_17YR","DRIVER_COUNT_18YR","DRIVER_COUNT_19YR","DRIVER_COUNT_20YR","DRIVER_COUNT_50_64YR","DRIVER_COUNT_65_74YR","DRIVER_COUNT_75PLUS","EST_HRS_CLOSED","FATAL_COUNT","HEAVY_TRUCK_COUNT","HORSE_BUGGY_COUNT","HOUR_OF_DAY","ILLUMINATION","INJURY_COUNT","INTERSECT_TYPE","LANE_CLOSED","LATITUDE","LN_CLOSE_DIR","LOCATION_TYPE","LONGITUDE","MAX_SEVERITY_LEVEL","MCYCLE_DEATH_COUNT","MCYCLE_SUSP_SERIOUS_INJ_COUNT","MOTORCYCLE_COUNT","MUNICIPALITY","NONMOTR_COUNT","NONMOTR_DEATH_COUNT","NONMOTR_SUSP_SERIOUS_INJ_COUNT","NTFY_HIWY_MAINT","PED_COUNT","PED_DEATH_COUNT","PED_SUSP_SERIOUS_INJ_COUNT","PERSON_COUNT","POLICE_AGCY","POSSIBLE_INJ_COUNT","RDWY_SURF_TYPE_CD","RELATION_TO_ROAD","ROAD_CONDITION","SCH_BUS_IND","SCH_ZONE_IND","SMALL_TRUCK_COUNT","SPEC_JURIS_CD","SUSP_MINOR_INJ_COUNT","SUSP_SERIOUS_INJ_COUNT","SUV_COUNT","TCD_FUNC_CD","TCD_TYPE","TFC_DETOUR_IND","TIME_OF_DAY","TOT_INJ_COUNT","TOTAL_UNITS","UNB_DEATH_COUNT","UNB_SUSP_SERIOUS_INJ_COUNT","UNBELTED_OCC_COUNT","UNK_INJ_DEG_COUNT","UNK_INJ_PER_COUNT","URBAN_RURAL","VAN_COUNT","VEHICLE_COUNT","WORK_ZONE_IND","WORK_ZONE_LOC","WORK_ZONE_TYPE","WORKERS_PRES","WZ_CLOSE_DETOUR","WZ_FLAGGER","WZ_LAW_OFFCR_IND","WZ_LN_CLOSURE","WZ_MOVING","WZ_OTHER","WZ_SHLDER_MDN","ROADWAY_CLEARED","WEATHER1","WEATHER2","WZ_WORKERS_INJ_KILLED","SECONDARY_CRASH","INTERSECTION_RELATED"
"0950","2","0","0","0","0","0","0","0","0","4","0","","36","08","2017","2017088655","3","40.0499","-76.3079","0945","08","0","0","0","0","0","1","0","0","2","0","0","0","09","1","1","01","2","40 02:59.610","3","00","76 18:28.586","4","0","0","0","36301","0","0","0","N","0","0","0","4","36301","1","","1","09","N","N","0","","0","0","0","3","2","Y","0937","1","2","0","0","0","0","0","3","0","2","N","","","","","","","","","","","","07","  ","","",""
"1717","1","0","0","0","0","0","0","0","0","4","0","","36","08","2017","2017088715","3","40.0344","-76.5028","1716","08","0","0","0","0","0","1","0","0","2","0","0","0","17","1","1","01","1","40 02:03.670","1","00","76 30:09.903","4","0","0","0","36404","0","0","0","N","0","0","0","3","36404","1","","1","01","N","N","1","","0","0","0","0","0","N","1714","1","2","0","0","0","0","0","3","0","2","N","","","","","","","","","","","","03","  ","","",""
"0759","0","0","0","0","0","0","0","0","0","1","0","","36","08","2017","2017089039","2","40.026","-76.3805","0748","08","0","0","0","0","0","0","0","0","3","0","0","0","07","1","1","00","1","40 01:33.760","5","07","76 22:49.920","8","0","0","0","36223","0","0","0","","0","0","0","2","36223","0","","1","01","N","N","0","","0","0","2","0","0","N","0746","1","2","0","0","0","1","0","1","0","2","N","","","","","","","","","","","","03","  ","","",""
"1628","1","0","0","0","0","0","0","0","0","4","0","","36","08","2017","2017089134","3","40.0302","-76.293","1622","08","0","0","0","0","0","0","0","0","","0","0","0","16","1","1","01","0","40 01:48.723","","00","76 17:34.850","3","0","0","0","36301","0","0","0","N","0","0","0","2","36301","0","","1","09","N","N","0","","1","0","0","3","3","","1619","1","2","0","0","0","0","0","3","1","2","N","","","","","","","","","","","","07","  ","","",""
"1849","2","0","0","0","0","0","0","0","0","4","0","","36","08","2017","2017089181","7","40.0316","-76.3107","1846","08","0","0","0","0","0","0","0","0","","0","0","0","18","1","0","01","0","40 01:53.684","","00","76 18:38.671","0","0","0","0","36301","0","0","0","N","0","0","0","2","36301","0","","1","01","N","N","0","","0","0","0","3","3","","1824","0","2","0","0","0","0","0","3","0","2","N","","","","","","","","","","","","03","  ","","",""
"1708","0","0","0","0","0","0","0","0","0","1","0","","36","08","2017","2017089195","5","40.1616","-76.273","1702","08","0","0","0","0","0","2","0","0","1","0","0","0","17","1","1","00","2","40 09:41.675","6","00","76 16:22.946","8","0","0","0","36235","0","0","0","","0","0","0","2","36506","0","","1","01","N","N","2","","0","0","0","3","8","Y","1702","1","2","0","0","0","1","0","1","0","2","N","","","","","","","","","","","","03","  ","","",""
"1725","0","0","0","0","0","0","0","0","0","7","0","","36","08","2017","2017089201","2","40.0361","-76.2141","1717","08","1","0","0","0","0","0","0","0","","0","0","0","17","1","0","00","0","40 02:09.800","","07","76 12:50.700","0","0","0","0","36215","0","0","0","","0","0","0","2","36215","0","","2","01","N","N","0","","0","0","1","0","0","","1715","0","1","0","0","0","0","0","1","0","1","N","","","","","","","","","","","","03","  ","","",""
"1129","1","0","0","0","0","0","0","0","0","1","0","","36","08","2017","2017089202","6","40.0858","-76.2067","1122","08","0","0","1","0","0","0","0","0","","0","0","0","11","1","0","00","0","40 05:08.812","","00","76 12:24.123","0","0","0","0","36234","0","0","0","","0","0","0","2","36215","0","","1","01","N","N","0","","0","0","1","0","0","","1119","0","2","0","0","0","0","0","1","0","2","N","","","","","","","","","","","","03","  ","","",""
"1713","0","0","0","0","0","0","0","0","0","4","0","","36","08","2017","2017089203","7","40.0214","-76.1988","1708","08","0","0","0","0","0","0","0","0","2","0","0","0","17","1","0","02","1","40 01:17.200","6","00","76 11:55.800","0","0","0","0","36215","0","0","0","","0","0","0","6","36215","0","","1","01","N","N","0","","0","0","1","3","3","Y","1705","0","2","0","0","0","0","0","1","1","2","N","","","","","","","","","","","","03","  ","","",""
"0720","1","0","0","0","0","0","0","0","0","1","0","","36","08","2017","2017089238","4","40.0727","-76.3348","0716","08","0","0","0","0","0","0","0","0","2","0","0","0","06","1","0","00","2","40 04:21.550","1","00","76 20:05.119","0","0","0","0","36101","0","0","0","N","0","0","0","2","36101","0","","1","01","N","N","0","","0","0","1","0","0","N","0654","0","2","0","0","0","0","0","3","0","2","N","","","","","","","","","","","","03","  ","","",""
"0915","0","0","0","0","0","0","0","0","0","4","0","","36","08","2017","2017089294","4","40.0379","-76.5042","0912","08","0","0","0","0","0","0","0","1","","0","0","0","09","1","0","01","0","40 02:16.558","","00","76 30:14.950","0","0","0","0","36404","0","0","0","N","0","0","0","4","36404","0","","1","01","N","N","0","","0","0","2","3","3","","0912","0","2","0","0","0","0","0","3","0","2","N","","","","","","","","","","","","03","  ","","",""
"0800","1","0","0","0","0","0","0","0","0","1","0","","36","08","2017","2017089326","4","40.024","-76.3314","0756","08","0","0","0","0","0","0","0","0","2","0","0","0","07","1","0","02","1","40 01:26.518","4","00","76 19:52.956","0","0","0","0","36220","0","0","0","N","0","0","0","2","36101","0","","1","01","N","N","0","","0","0","1","0","0","N","0750","0","2","0","0","0","0","0","3","0","2","N","","","","","","","","","","","","03","  ","","",""
"1239","1","0","0","0","0","0","0","0","0","1","0","","36","08","2017","2017089339","7","40.1306","-76.2829","1224","08","0","0","0","0","1","0","0","0","1","0","0","0","12","1","1","00","1","40 07:50.300","2","07","76 16:58.600","4","0","0","0","36235","0","0","0","","0","0","0","4","36506","1","","1","01","N","N","1","","0","0","0","0","0","N","1224","1","2","0","0","0","0","0","1","0","2","N","","","","","","","","","","","","03","  ","","",""
"1458","1","0","0","0","0","0","0","0","0","1","0","","36","08","2017","2017089340","7","40.1257","-76.3051","1450","08","0","0","0","0","0","0","1","0","2","0","0","0","14","1","1","00","1","40 07:32.627","1","00","76 18:18.472","4","0","0","0","36235","0","0","0","","0","0","0","4","36506","1","","1","01","N","N","0","","0","0","1","0","0","N","1450","1","2","0","0","0","0","0","1","0","2","N","","","","","","","","","","","","03","  ","","",""
"2347","1","0","0","0","0","0","0","0","0","6","0","","36","08","2017","2017089556","2","40.0152","-76.2525","2340","08","0","0","0","0","0","0","0","0","","0","0","0","23","6","0","00","0","40 00:54.800","","00","76 15:08.900","0","0","0","0","36240","0","0","0","N","0","0","0","1","36240","0","","6","09","N","N","1","","0","0","0","0","0","","2340","0","2","0","0","0","0","0","1","0","2","N","","","","","","","","","","","","07","  ","","",""
"0702","0","0","0","0","0","0","0","0","0","7","0","","36","08","2017","2017089558","4","40.1095","-76.6552","0656","08","0","0","0","0","0","0","0","0","3","0","0","0","06","1","0","00","2","40 06:34.379","5","00","76 39:18.885","0","0","0","0","36207","0","0","0","N","0","0","0","1","36504","0","","4","01","N","N","0","","0","0","0","0","0","Y","0655","0","1","0","0","0","0","0","1","1","1","N","","","","","","","","","","","","03","  ","","",""
"1259","1","0","0","0","0","0","0","0","0","1","0","","36","08","2017","2017089601","1","40.0732","-76.409","1254","08","0","1","0","0","0","1","0","0","2","0","0","0","12","1","0","02","2","40 04:23.533","1","00","76 24:32.256","0","0","0","0","36214","0","0","0","","0","0","0","2","36214","0","","1","01","N","N","0","","0","0","1","0","0","N","1251","0","2","0","0","0","0","0","3","0","2","N","","","","","","","","","","","","03","  ","","",""
"0805","1","0","0","0","0","0","0","0","0","1","0","","36","08","2017","2017089602","4","40.0617","-76.3467","0748","08","0","0","0","0","0","0","0","0","1","0","0","0","07","1","0","00","1","40 03:42.196","3","00","76 20:48.009","0","0","0","0","36214","0","0","0","","0","0","0","2","36214","0","","1","01","N","N","0","","0","0","1","0","0","N","0747","0","2","0","0","0","0","0","3","0","2","N","","","","","","","","","","","","03","  ","","",""
"0314","1","0","0","0","0","0","0","0","0","7","0","","36","08","2017","2017089603","3","40.0395","-76.2078","0256","08","0","0","0","0","0","0","0","0","","0","0","0","02","3","0","00","0","40 02:22.293","","07","76 12:27.961","0","0","0","0","36215","0","0","0","","0","0","0","1","36215","0","","5","01","N","N","0","","0","0","0","0","0","","0256","0","1","0","0","0","0","0","1","0","1","N","","","","","","","","","","","","03","  ","","",""
"1117","3","0","0","0","0","0","0","0","0","1","0","","36","08","2017","2017089604","7","40.0402","-76.2398","1113","08","0","0","0","0","0","3","0","2","1","0","0","0","11","1","3","00","2","40 02:24.782","4","00","76 14:23.208","4","0","0","0","36215","0","0","0","","0","0","0","9","36215","2","","1","01","N","N","0","","0","0","2","0","0","N","1110","3","5","0","0","0","1","0","1","0","5","N","","","","","","","","","","","","03","  ","","",""
"1321","1","0","0","0","0","0","0","0","0","4","0","","36","08","2017","2017089605","4","40.0378","-76.2707","1316","08","0","0","0","0","0","3","0","0","1","0","0","0","13","1","3","01","1","40 02:16.133","3","00","76 16:14.670","8","0","0","0","36215","0","0","0","","0","0","0","6","36215","0","","1","01","N","N","1","","0","0","1","3","2","Y","1313","3","3","0","0","1","3","1","1","0","3","N","","","","","","","","","","","","03","  ","","",""
"0237","0","0","0","0","0","0","0","0","0","1","0","","36","08","2017","2017089606","3","40.0271","-76.2196","0234","08","0","0","0","0","0","0","0","0","2","0","0","0","02","3","1","00","1","40 01:37.688","4","00","76 13:10.634","4","0","0","0","36215","0","0","0","","0","0","0","4","36215","1","","1","01","N","N","0","","0","0","2","3","2","N","0232","1","2","0","0","0","0","0","1","0","2","N","","","","","","","","","","","","03","  ","","",""
"1058","1","0","0","0","0","0","0","0","0","7","0","","36","08","2017","2017089607","5","40.1668","-76.3919","1031","08","0","0","0","0","0","0","0","0","","0","0","0","22","2","0","00","0","40 10:00.300","","00","76 23:30.800","0","0","0","0","36410","0","0","0","","0","0","0","1","36410","0","","4","01","N","N","0","","0","0","0","0","0","","2200","0","1","0","0","0","0","0","2","0","1","N","","","","","","","","","","","","03","  ","","",""
"1401","0","0","0","0","0","0","0","0","0","5","0","","36","08","2017","2017089627","4","40.0339","-76.3009","1358","08","0","0","0","0","0","1","0","0","1","0","0","0","13","1","1","00","1","40 02:02.207","3","00","76 18:03.187","8","0","0","0","36301","0","0","0","N","0","0","0","2","36301","0","","1","01","N","N","1","","0","0","1","0","0","Y","1348","1","2","0","0","0","1","0","3","0","2","N","","","","","","","","","","","","03","  ","","",""
"1941","2","0","1","0","0","0","0","0","0","5","0","","36","08","2017","2017089631","4","40.137","-76.5472","1936","08","0","0","0","0","0","1","0","0","2","0","0","0","19","1","1","00","1","40 08:13.308","3","00","76 32:50.095","2","0","0","0","36225","0","0","0","N","0","0","0","2","36505","0","","1","01","N","N","0","","0","1","0","0","0","N","1930","1","2","0","0","0","0","1","2","0","2","N","","","","","","","","","","","","03","  ","","",""
"1914","1","0","0","0","0","0","0","0","0","7","0","","36","08","2017","2017089689","5","40.1892","-76.5744","1906","08","0","0","0","0","0","0","0","0","2","0","0","0","19","4","1","00","1","40 11:21.139","3","00","76 34:27.727","3","0","0","0","36225","0","0","0","N","0","0","0","1","36505","0","","4","01","N","N","0","","1","0","0","0","0","N","1904","1","1","0","0","1","0","0","2","0","1","N","","","","","","","","","","","","03","  ","","",""
"1751","1","0","0","0","0","0","0","0","0","4","0","","36","08","2017","2017089698","6","40.0279","-76.3038","1741","08","0","0","0","0","0","0","0","0","2","0","0","0","17","1","0","02","1","40 01:40.341","1","00","76 18:13.746","0","0","0","0","36301","0","0","0","N","0","0","0","2","36301","0","","1","01","N","N","0","","0","0","3","0","0","N","1741","0","4","0","0","0","0","0","3","0","4","N","","","","","","","","","","","","03","  ","","",""
"1241","2","0","0","0","0","0","0","0","0","1","0","","36","08","2017","2017089704","4","40.1306","-76.5618","1236","08","0","0","0","0","0","0","0","2","","0","0","0","12","1","1","00","0","40 07:50.128","","00","76 33:42.395","4","0","0","0","36225","0","0","0","N","0","0","0","5","36505","1","","1","01","N","N","0","","0","0","0","0","0","","1232","1","2","0","0","1","0","0","2","0","2","N","","","","","","","","","","","","03","  ","","",""
"1618","0","0","0","0","0","0","0","0","0","1","0","","36","08","2017","2017089733","4","40.1091","-76.4939","1614","08","0","1","0","0","0","0","0","0","","0","0","0","16","1","0","00","0","40 06:32.647","","00","76 29:38.111","0","0","0","0","36413","0","0","0","N","0","0","0","2","36413","0","","6","01","N","N","0","","0","0","1","0","0","","1613","0","2","0","0","0","0","0","2","1","2","N","","","","","","","","","","","","03","  ","","",""
"0831","1","0","0","0","0","0","0","0","0","1","0","","36","08","2017","2017089818","4","40.085","-76.3812","0821","08","0","0","0","0","0","0","0","0","2","0","0","0","08","1","0","02","1","40 05:06.122","1","00","76 22:52.204","0","0","0","0","36214","0","0","0","","0","0","0","2","36214","0","","1","01","N","N","0","","0","0","1","3","2","N","0815","0","2","0","0","0","0","0","3","0","2","N","","","","","","","","","","","","03","  ","","",""
"0450","1","0","0","0","0","0","0","0","0","1","0","","36","08","2017","2017089967","2","40.0245","-76.3136","0440","08","0","0","0","0","0","0","0","0","","0","0","0","04","3","0","00","0","40 01:28.300","","00","76 18:48.800","9","0","0","0","36301","0","0","0","N","0","0","0","1","36301","0","","6","01","N","N","0","","0","0","1","0","0","","0440","0","2","0","0","0","0","1","3","0","2","N","","","","","","","","","","","","03","  ","","",""
"1535","1","0","0","0","0","0","0","0","0","4","0","","36","08","2017","2017089935","5","40.1539","-76.5997","1535","08","0","0","0","0","0","0","1","0","2","0","0","0","15","1","0","01","1","40 09:14.162","1","00","76 35:58.842","0","0","0","0","36407","0","0","0","N","0","0","0","4","36407","0","","1","01","N","N","0","","0","0","0","3","3","N","1534","0","2","0","0","0","0","0","2","1","2","N","","","","","","","","","","","","03","  ","","",""
"1825","1","0","0","0","0","0","0","0","0","4","0","","36","08","2017","2017089959","4","40.0394","-76.2933","1820","08","0","0","0","0","0","0","0","0","2","0","0","0","18","1","0","01","1","40 02:21.963","3","00","76 17:35.707","0","0","0","0","36301","0","0","0","N","0","0","0","2","36301","0","","1","01","N","N","0","","0","0","1","3","3","N","1820","0","2","0","0","0","0","0","3","0","2","N","","","","","","","","","","","","03","  ","","",""
"2312","0","0","0","0","0","0","0","0","0","9","0","","36","08","2017","2017089963","5","40.1762","-76.1152","2310","08","0","0","0","0","0","1","0","0","1","0","0","0","23","2","0","00","1","40 10:34.409","5","00","76 06:54.553","0","0","0","0","36218","0","0","0","N","0","0","0","1","36408","0","","1","01","N","N","1","","0","0","0","0","0","N","2305","0","1","0","0","0","0","0","1","0","1","N","","","","","","","","","","","","03","  ","","",""
"1407","1","0","0","0","0","0","0","0","0","4","0","","36","07","2017","2017089978","7","40.0392","-76.0644","1355","08","0","0","0","0","0","0","1","0","2","0","0","0","13","1","2","01","1","40 02:21.008","3","00","76 03:51.801","8","0","0","0","36221","0","0","0","","0","0","0","7","68J01","0","","1","01","N","N","0","","0","0","1","3","3","N","1353","2","2","0","0","0","2","0","1","0","2","N","","","","","","","","","","","","03","  ","","",""
"1856","3","0","0","0","0","0","0","0","0","4","0","","36","07","2017","2017089980","4","39.9883","-76.0227","1853","08","0","0","0","0","0","0","0","0","","0","0","0","18","1","4","00","0","39 59:18.040","","00","76 01:21.680","8","0","0","0","36232","0","0","0","","0","0","0","4","68J01","0","","4","01","N","N","0","","0","0","0","0","0","","1851","4","3","0","0","0","4","0","1","0","3","N","","","","","","","","","","","","03","  ","","",""
"0739","1","0","0","0","0","0","0","0","0","4","0","","36","07","2017","2017089983","7","39.984","-76.0973","0732","08","0","0","0","0","0","0","0","0","1","0","0","0","07","5","4","01","1","39 59:02.474","6","00","76 05:50.433","3","0","0","0","36226","0","0","0","","0","0","0","11","68J01","0","","1","01","N","N","0","","4","0","0","3","2","N","0726","4","2","0","0","0","0","0","1","1","2","N","","","","","","","","","","","","03","  ","","",""
"1839","1","0","0","0","0","0","0","0","0","7","0","","36","08","2017","2017089990","5","39.8673","-76.1167","1824","08","0","0","0","0","0","0","0","0","2","0","0","0","18","1","0","00","1","39 52:02.227","1","00","76 07:00.174","0","0","0","0","36205","0","0","0","","0","0","0","1","68J01","0","","4","01","N","N","0","","0","0","0","0","0","N","1822","0","1","0","0","0","0","0","1","0","1","N","","","","","","","","","","","","03","  ","","",""
"1826","0","0","0","0","0","0","0","0","0","4","0","","36","08","2017","2017089991","6","40.0186","-76.0638","1752","08","0","0","0","0","0","1","0","0","3","0","0","0","17","1","2","02","1","40 01:07.020","4","00","76 03:49.852","3","0","0","0","36221","0","0","0","","0","0","0","2","68J01","0","","1","08","N","N","1","","2","0","1","3","3","N","1749","2","2","0","0","1","0","0","1","0","2","N","","","","","","","","","","","","07","  ","","",""
"1728","1","0","0","0","0","0","0","0","0","7","0","","36","08","2017","2017090005","1","39.8303","-76.2632","1707","08","0","0","0","0","0","0","0","1","2","0","0","0","17","1","1","00","1","39 49:48.930","2","00","76 15:47.500","8","0","0","0","36208","0","0","0","","0","0","0","1","68J01","0","","4","01","N","N","0","","0","0","0","0","0","N","1706","1","1","0","0","0","1","0","1","0","1","N","","","","","","","","","","","","03","  ","","",""
"0739","0","0","0","0","0","0","0","0","0","0","0","","36","08","2017","2017090007","2","39.9008","-76.2997","0710","08","0","0","0","0","0","0","0","0","","0","0","0","07","5","1","00","0","39 54:02.812","","00","76 17:58.777","3","0","0","1","36224","0","0","0","","0","0","0","1","68J01","0","","1","01","N","N","0","","1","0","0","0","0","","0700","1","1","0","0","0","0","0","1","0","1","N","","","","","","","","","","","","03","  ","","",""
"0942","0","0","0","0","0","0","0","0","0","7","0","","36","08","2017","2017090014","4","40.2232","-76.2729","0931","08","0","0","0","0","0","0","0","0","","0","0","0","09","1","0","00","0","40 13:23.514","","00","76 16:22.599","0","0","0","0","36217","0","0","0","","0","0","0","1","68J01","0","","5","01","N","N","0","","0","0","1","0","0","","0930","0","1","0","0","0","0","0","1","0","1","N","","","","","","","","","","","","03","  ","","",""
"2058","0","0","0","0","0","0","0","0","0","9","0","","36","08","2017","2017090015","4","40.0242","-76.0721","2050","08","0","0","0","0","0","0","0","0","1","0","0","0","20","2","2","00","2","40 01:27.127","6","00","76 04:19.470","3","0","0","0","36221","0","0","0","","0","0","0","3","68J01","0","","1","01","N","N","0","","2","0","0","0","0","N","2045","2","1","0","0","0","0","0","1","1","1","N","","","","","","","","","","","","03","  ","","",""
"1810","2","0","0","0","0","0","0","0","0","1","0","","36","08","2017","2017090020","3","40.1003","-76.2577","1748","08","0","0","0","0","0","0","1","0","","0","0","0","17","1","0","10","0","40 06:01.020","","00","76 15:27.646","0","0","0","0","36101","0","0","0","","0","0","0","3","36101","0","","1","09","N","N","0","","0","0","1","0","0","","1729","0","3","0","0","0","0","0","3","0","3","N","","","","","","","","","","","","07","  ","","",""
"1741","2","0","0","0","0","0","0","0","0","1","0","","36","08","2017","2017090021","7","40.0298","-76.2304","1739","08","0","0","0","0","0","2","0","1","1","0","0","0","17","1","1","00","2","40 01:47.317","3","00","76 13:49.467","8","0","0","0","36215","0","0","0","","0","0","0","6","36215","0","","1","01","N","N","0","","0","0","1","0","0","N","1733","1","3","0","0","0","1","0","1","0","3","N","","","","","","","","","","","","03","  ","","",""
"1423","2","0","0","0","0","0","0","0","0","4","0","","36","08","2017","2017090031","3","40.0499","-76.3079","1420","08","0","0","0","0","0","1","0","0","","0","0","0","14","1","2","01","0","40 02:59.590","","00","76 18:28.582","8","0","0","0","36301","1","0","0","Y","1","0","0","3","36301","0","","1","01","N","N","0","","0","0","0","3","2","","1419","2","3","0","0","0","2","0","3","0","2","N","","","","","","","","","","","","03","  ","","",""
"1550","2","0","0","0","0","0","0","0","0","1","0","","36","08","2017","2017090036","2","40.0585","-76.2799","1548","08","0","0","0","0","0","0","1","0","2","0","0","0","15","1","0","00","1","40 03:30.663","4","00","76 16:47.506","0","0","0","0","36101","0","0","0","N","0","0","0","2","36101","0","","1","01","N","N","0","","0","0","0","0","0","N","1548","0","2","0","0","0","0","0","3","0","2","N","","","","","","","","","","","","03","  ","","",""
"0640","0","0","0","0","0","0","0","0","0","4","1","","36","09","2017","2017090037","6","40.087","-76.4093","0637","08","0","0","0","0","0","1","0","0","1","0","0","0","06","1","0","01","1","40 05:13.131","2","00","76 24:33.479","0","0","0","0","36214","0","0","0","Y","0","0","0","2","36214","0","","1","01","N","N","1","","0","0","1","0","0","N","0635","0","2","0","0","0","0","0","3","0","2","N","","","","","","","","","","","","03","  ","","",""
"1528","0","0","0","0","0","0","0","0","0","7","0","","36","08","2017","2017090056","2","40.045","-76.4263","1524","08","0","0","0","0","0","0","0","0","2","0","0","0","15","1","1","00","1","40 02:41.851","3","00","76 25:34.509","2","0","0","0","36239","0","0","0","N","0","0","0","1","36239","0","","3","01","N","N","0","","0","1","0","0","0","N","1524","1","1","0","0","0","0","0","3","1","1","N","","","","","","","","","","","","03","  ","","",""
"0640","1","0","0","0","0","0","0","0","0","7","0","","36","09","2017","2017090060","6","40.2066","-76.172","0633","08","0","0","0","0","0","0","0","0","","0","0","0","06","1","0","00","0","40 12:23.650","","00","76 10:19.078","0","0","0","0","36218","0","0","0","Y","0","0","0","1","36408","0","","4","01","N","N","0","","0","0","0","0","0","","0630","0","1","0","0","0","0","0","1","0","1","N","","","","","","","","","","","","03","  ","","",""
"1050","1","0","0","0","0","0","0","0","0","1","1","","36","08","2017","2017090070","3","40.0644","-76.2831","1048","08","0","0","0","0","0","1","0","0","3","0","1","0","10","1","0","00","2","40 03:51.834","4","00","76 16:59.069","0","0","0","0","36101","0","0","0","N","0","0","0","2","36101","0","","1","09","N","N","0","","0","0","0","0","0","N","1045","0","2","0","0","0","0","0","3","0","2","N","","","","","","","","","","","","07","  ","","",""
"0705","2","0","0","0","0","0","0","0","0","4","0","","36","09","2017","2017090073","6","40.0392","-76.2951","0701","08","0","0","0","0","0","0","0","0","2","0","0","0","07","5","0","01","1","40 02:20.968","3","00","76 17:42.317","0","0","0","0","36301","0","0","0","N","0","0","0","2","36301","0","","1","01","N","N","0","","0","0","0","3","2","N","0700","0","2","0","0","0","0","0","3","0","2","N","","","","","","","","","","","","03","  ","","",""
"0201","0","0","0","0","0","0","0","0","0","4","0","","36","08","2017","2017090109","3","40.1165","-76.4502","0155","08","0","0","0","0","0","0","0","0","1","0","0","0","01","3","0","01","1","40 06:58.136","5","02","76 27:01.072","0","0","0","0","36230","0","0","0","N","0","0","0","2","36410","0","","1","01","N","N","0","","0","0","1","0","0","Y","0155","0","2","0","0","0","0","0","1","1","2","N","","","","","","","","","","","","03","  ","","",""
"0648","2","0","0","0","0","0","0","0","0","1","0","","36","08","2017","2017090183","4","40.063","-76.3397","0643","08","0","0","0","0","0","0","0","0","","0","0","0","06","1","1","00","0","40 03:46.896","","02","76 20:22.955","4","0","0","0","36101","0","0","0","","0","0","0","3","36101","1","","1","01","N","N","0","","0","0","0","0","0","","0640","1","2","0","0","0","0","0","3","0","2","N","","","","","","","","","","","","03","  ","","",""
"2118","2","0","0","0","0","0","0","0","0","1","0","","36","08","2017","2017090184","4","40.0532","-76.3242","2114","08","0","0","0","0","1","1","0","0","2","0","0","0","21","3","3","01","1","40 03:11.365","1","00","76 19:27.049","4","0","0","0","36101","0","0","0","","0","0","0","5","36101","3","","1","01","N","N","0","","0","0","0","3","2","N","2112","3","2","0","0","0","0","0","3","0","2","N","","","","","","","","","","","","03","  ","","",""
"2113","1","0","0","0","0","0","0","0","0","4","0","","36","09","2017","2017090256","6","40.1554","-76.2057","2112","08","0","0","0","0","0","0","1","0","1","0","0","0","21","3","0","01","1","40 09:19.352","1","00","76 12:20.462","0","0","0","0","36402","0","0","0","N","0","0","0","2","36402","0","","1","01","N","N","0","","0","0","1","3","2","Y","2111","0","2","0","0","0","0","0","2","0","2","N","","","","","","","","","","","","03","  ","","",""
"2306","1","0","0","0","0","0","0","0","0","7","0","","36","09","2017","2017090265","6","40.049","-76.4064","2302","08","0","0","0","0","0","0","0","0","2","0","0","0","23","2","0","00","1","40 02:56.386","4","00","76 24:23.124","0","0","0","0","36239","0","0","0","","0","0","0","1","36239","0","","3","01","","","0","","0","0","0","0","0","N","2302","0","1","0","0","0","0","0","3","0","1","N","","","","","","","","","","","","03","  ","","",""
"2306","0","0","0","0","0","0","0","0","0","1","0","","36","09","2017","2017090269","6","40.0485","-76.4082","2255","08","0","0","0","0","0","0","0","0","2","0","0","0","22","2","2","00","1","40 02:54.457","4","00","76 24:29.441","4","0","0","0","36239","0","0","0","N","0","0","0","3","36239","2","","1","01","N","N","0","","0","0","2","0","0","N","2255","2","2","0","0","0","0","0","3","0","2","N","","","","","","","","","","","","03","  ","","",""
"2350","1","0","0","0","0","0","0","0","0","1","0","","36","09","2017","2017090274","6","40.051","-76.3997","2350","08","0","0","0","0","0","0","0","0","","0","0","0","23","2","0","00","0","40 03:03.778","","00","76 23:58.853","0","0","0","0","36214","0","0","0","N","0","0","0","3","36239","0","","1","01","N","N","0","","0","0","1","0","0","","2350","0","2","0","0","0","0","0","3","0","2","N","","","","","","","","","","","","03","  ","","",""
"2018","1","0","0","0","0","0","0","0","0","7","0","","36","09","2017","2017090277","6","40.142","-76.3063","2016","08","0","1","0","0","0","0","0","0","","0","0","0","20","3","0","02","0","40 08:31.100","","00","76 18:22.500","0","0","0","0","36409","0","0","0","N","0","0","0","2","36409","0","","2","01","N","N","0","","0","0","0","0","0","","2015","0","1","0","0","0","0","0","3","0","1","N","","","","","","","","","","","","03","  ","","",""