"ARRIVAL_TM","AUTOMOBILE_COUNT","BELTED_DEATH_COUNT","BELTED_SUSP_SERIOUS_INJ_COUNT","BICYCLE_COUNT","BICYCLE_DEATH_COUNT","BICYCLE_SUSP_SERIOUS_INJ_COUNT","BUS_COUNT","CHLDPAS_DEATH_COUNT","CHLDPAS_SUSP_SERIOUS_INJ_COUNT","COLLISION_TYPE","COMM_VEH_COUNT","CONS_ZONE_SPD_LIM","COUNTY","CRASH_MONTH","CRASH_YEAR","CRN","DAY_OF_WEEK","DEC_LAT","DEC_LONG","DISPATCH_TM","DISTRICT","DRIVER_COUNT_16YR","DRIVER_COUNT_17YR","DRIVER_COUNT_18YR","DRIVER_COUNT_19YR","DRIVER_COUNT_20YR","DRIVER_COUNT_50_64YR","DRIVER_COUNT_65_74YR","DRIVER_COUNT_75PLUS","EST_HRS_CLOSED","FATAL_COUNT","HEAVY_TRUCK_COUNT","HORSE_BUGGY_COUNT","HOUR_OF_DAY","ILLUMINATION","INJURY_COUNT","INTERSECT_TYPE","LANE_CLOSED","LATITUDE","LN_CLOSE_DIR","LOCATION_TYPE","LONGITUDE","MAX_SEVERITY_LEVEL","MCYCLE_DEATH_COUNT","MCYCLE_SUSP_SERIOUS_INJ_COUNT","MOTORCYCLE_COUNT","MUNICIPALITY","NONMOTR_COUNT","NONMOTR_DEATH_COUNT","NONMOTR_SUSP_SERIOUS_INJ_COUNT","NTFY_HIWY_MAINT","PED_COUNT","PED_DEATH_COUNT","PED_SUSP_SERIOUS_INJ_COUNT","PERSON_COUNT","POLICE_AGCY","POSSIBLE_INJ_COUNT","RDWY_SURF_TYPE_CD","RELATION_TO_ROAD","ROAD_CONDITION","SCH_BUS_IND","SCH_ZONE_IND","SMALL_TRUCK_COUNT","SPEC_JURIS_CD","SUSP_MINOR_INJ_COUNT","SUSP_SERIOUS_INJ_COUNT","SUV_COUNT","TCD_FUNC_CD","TCD_TYPE","TFC_DETOUR_IND","TIME_OF_DAY","TOT_INJ_COUNT","TOTAL_UNITS","UNB_DEATH_COUNT","UNB_SUSP_SERIOUS_INJ_COUNT","UNBELTED_OCC_COUNT","UNK_INJ_DEG_COUNT","UNK_INJ_PER_COUNT","URBAN_RURAL","VAN_COUNT","VEHICLE_COUNT","WORK_ZONE_IND","WORK_ZONE_LOC","WORK_ZONE_TYPE","WORKERS_PRES","WZ_CLOSE_DETOUR","WZ_FLAGGER","WZ_LAW_OFFCR_IND","WZ_LN_CLOSURE","WZ_MOVING","WZ_OTHER","WZ_SHLDER_MDN","ROADWAY_CLEARED","WEATHER1","WEATHER2","WZ_WORKERS_INJ_KILLED","SECONDARY_CRASH","INTERSECTION_RELATED"
"0219","1","0","0","0","0","0","0","0","0","7","0","","36","08","2017","2017090294","1","40.0701","-76.3143","0212","08","0","0","0","0","0","0","0","0","","0","0","0","02","2","0","00","0","40 04:12.188","","00","76 18:51.561","0","0","0","0","36101","0","0","0","","0","0","0","1","36101","0","","4","01","N","N","0","","0","0","0","0","0","","0212","0","1","0","0","0","0","0","3","0","1","N","","","","","","","","","","","","03","  ","","",""
"1803","0","0","0","0","0","0","0","0","0","1","0","","36","08","2017","2017090295","5","40.0826","-76.275","1750","08","0","0","0","0","0","1","0","0","","0","0","0","17","1","1","00","0","40 04:57.311","","00","76 16:30.132","4","0","0","0","36101","0","0","0","","0","0","0","3","36101","1","","1","09","N","N","0","","0","0","2","0","0","","1748","1","2","0","0","0","0","0","3","0","2","N","","","","","","","","","","","","07","  ","","",""
"1930","2","0","0","0","0","0","0","0","0","1","0","","36","08","2017","2017090296","5","40.1053","-76.2543","1930","08","0","0","0","0","0","1","0","0","","0","0","0","18","1","0","00","0","40 06:18.918","","00","76 15:15.629","0","0","0","0","36101","0","0","0","","0","0","0","2","36101","0","","1","01","N","N","0","","0","0","0","0","0","","1820","0","2","0","0","0","0","0","3","0","2","N","","","","","","","","","","","","03","  ","","",""
"0921","1","0","0","0","0","0","0","0","0","7","0","","36","08","2017","2017090320","4","40.1233","-76.1983","0915","08","0","0","0","0","0","1","0","0","","0","0","0","09","1","0","02","0","40 07:23.768","","00","76 11:54.016","0","0","0","0","36238","0","0","0","N","0","0","0","1","36238","0","","4","01","N","N","0","","0","0","0","3","3","","0910","0","1","0","0","0","0","0","3","0","1","N","","","","","","","","","","","","03","  ","","",""
"1615","1","0","0","0","0","0","0","0","0","4","0","","36","09","2017","2017090323","6","40.1673","-76.1651","1610","08","0","0","0","0","0","0","0","0","","0","0","0","15","1","0","00","0","40 10:02.278","","07","76 09:54.527","0","0","0","0","36218","0","0","0","N","0","0","0","2","36408","0","","1","01","N","N","1","","0","0","0","0","0","","1555","0","2","0","0","0","0","0","1","0","2","N","","","","","","","","","","","","03","  ","","",""
"0844","1","0","0","0","0","0","0","0","0","7","0","","36","08","2017","2017090343","5","40.2198","-76.1025","0844","08","0","0","0","0","0","0","0","0","2","0","0","0","08","1","1","00","1","40 13:11.128","2","00","76 06:08.907","3","0","0","0","36210","0","0","0","N","0","0","0","1","36210","0","","2","01","N","N","0","","1","0","0","0","0","N","0843","1","1","0","0","1","0","0","1","0","1","N","","","","","","","","","","","","03","  ","","",""
"0637","0","0","0","0","0","0","0","0","0","7","0","","36","09","2017","2017090361","7","40.0421","-76.4367","0626","08","0","0","0","0","0","0","0","0","2","0","0","0","06","5","0","00","1","40 02:31.455","3","01","76 26:12.267","0","0","0","0","36414","0","0","0","Y","0","0","0","1","36239","0","","3","01","N","N","0","","0","0","1","0","0","N","0626","0","1","0","0","0","0","0","3","0","1","N","","","","","","","","","","","","03","  ","","",""
"1448","1","0","0","0","0","0","0","0","0","1","0","","36","09","2017","2017090398","7","40.1222","-76.3733","1436","08","0","1","0","0","0","0","0","0","","0","0","0","14","1","4","02","0","40 07:19.861","","00","76 22:23.704","4","0","0","0","36214","0","0","0","N","0","0","0","8","36214","4","","1","09","N","N","1","","0","0","1","0","0","","1434","4","3","0","0","0","0","0","3","0","3","N","","","","","","","","","","","","07","  ","","",""
"1702","1","0","0","0","0","0","0","0","0","4","0","","36","09","2017","2017090406","7","40.0087","-76.343","1702","08","0","0","0","0","0","1","0","0","","0","0","0","17","1","0","01","0","40 00:31.485","","00","76 20:34.745","0","0","0","0","36412","0","0","0","N","0","0","0","2","36412","0","","1","09","N","N","0","","0","0","1","2","2","","1700","0","2","0","0","0","0","0","3","0","2","N","","","","","","","","","","","","07","  ","","",""
"0809","1","0","0","0","0","0","0","0","0","7","0","","36","08","2017","2017090407","3","40.0665","-76.3024","0801","08","0","1","0","0","0","0","0","0","","0","0","0","07","1","0","02","0","40 03:59.248","","00","76 18:08.668","0","0","0","0","36101","0","0","0","","0","0","0","1","36101","0","","2","09","N","N","0","","0","0","0","0","0","","0752","0","1","0","0","0","0","0","3","0","1","N","","","","","","","","","","","","07","  ","","",""
"1011","1","0","0","0","0","0","0","0","0","7","0","","36","08","2017","2017090408","3","40.0672","-76.2882","1002","08","0","0","0","0","0","0","0","0","2","0","0","0","10","1","1","07","1","40 04:02.035","4","02","76 17:17.559","4","0","0","0","36101","0","0","0","","0","0","0","1","36101","1","","4","09","N","N","0","","0","0","0","0","0","N","1000","1","1","0","0","0","0","0","3","0","1","N","","","","","","","","","","","","07","  ","","",""
"1613","1","0","0","0","0","0","0","0","0","7","0","","36","08","2017","2017090409","3","40.0666","-76.3023","1609","08","0","0","0","0","0","0","0","0","1","0","0","0","16","1","0","00","1","40 03:59.640","3","00","76 18:08.190","0","0","0","0","36101","0","0","0","","0","0","0","1","36101","0","","2","09","N","N","0","","0","0","0","0","0","N","1607","0","1","0","0","0","0","0","3","0","1","N","","","","","","","","","","","","07","  ","","",""
"0358","0","0","0","0","0","0","0","0","0","5","0","","36","09","2017","2017090427","7","40.0304","-76.499","0355","08","0","0","1","0","0","0","0","0","","0","0","0","03","3","0","00","0","40 01:49.600","","00","76 29:56.400","0","0","0","0","36404","0","0","0","N","0","0","0","1","36404","0","","6","01","N","N","0","","0","0","2","0","0","","0352","0","2","0","0","0","0","0","3","0","2","N","","","","","","","","","","","","03","  ","","",""
"1910","1","0","0","0","0","0","0","0","0","6","0","","36","08","2017","2017090428","5","40.0348","-76.3153","1905","08","0","0","0","0","0","0","0","0","2","0","0","0","19","4","1","00","2","40 02:05.233","6","00","76 18:54.957","8","0","0","0","36301","0","0","0","N","0","0","0","4","36301","0","","1","01","N","N","0","","0","0","1","0","0","Y","1905","1","2","0","0","0","1","0","3","0","2","N","","","","","","","","","","","","03","  ","","",""
"1957","0","0","0","0","0","0","0","0","0","7","0","","36","08","2017","2017090433","2","40.1568","-76.1548","1947","08","0","0","0","0","0","0","0","0","","0","0","0","19","2","1","00","0","40 09:24.442","","00","76 09:17.108","4","0","0","0","36238","0","0","0","N","0","0","0","1","36238","1","","4","01","N","N","0","","0","0","1","0","0","","1944","1","1","0","0","0","0","0","3","0","1","N","","","","","","","","","","","","03","  ","","",""
"2003","1","0","0","0","0","0","0","0","0","7","0","","36","08","2017","2017090450","4","40.2089","-76.1098","1957","08","0","0","0","0","0","1","0","0","","0","0","0","19","1","0","00","0","40 12:32.152","","00","76 06:35.258","0","0","0","0","36210","0","0","0","N","0","0","0","1","36210","0","","4","01","N","N","0","","0","0","0","0","0","","1955","0","1","0","0","0","0","0","1","0","1","N","","","","","","","","","","","","03","  ","","",""
"2045","0","0","0","0","0","0","0","0","0","7","0","","36","09","2017","2017090458","7","40.102","-76.3942","2039","08","0","0","0","0","1","0","0","0","","0","0","0","20","2","0","00","0","40 06:07.336","","00","76 23:39.062","0","0","0","0","36214","0","0","0","","0","0","0","2","36214","0","","5","09","","","0","","0","0","1","0","0","","2039","0","1","0","0","0","0","0","3","0","1","N","","","","","","","","","","","","07","  ","","",""
"2054","0","0","0","0","0","0","0","0","0","7","0","","36","09","2017","2017090477","7","40.0446","-76.5067","2051","08","0","1","0","0","0","0","0","0","","0","0","0","20","2","0","00","0","40 02:40.700","","00","76 30:24.200","0","0","0","0","36239","0","0","0","N","0","0","0","1","36239","0","","4","09","N","N","0","","0","0","1","0","0","","2039","0","1","0","0","0","0","0","3","0","1","N","","","","","","","","","","","","07","  ","","",""
"1837","2","0","0","0","0","0","0","0","0","4","0","","36","09","2017","2017090482","7","40.037","-76.3084","1834","08","0","0","0","0","0","0","0","0","1","0","0","0","18","1","0","00","1","40 02:13.200","1","07","76 18:30.100","0","0","0","0","36301","0","0","0","","0","0","0","2","36301","0","","1","09","","","0","","0","0","0","0","0","N","1831","0","2","0","0","0","0","0","3","0","2","N","","","","","","","","","","","","07","  ","","",""
"1115","0","0","0","0","0","0","0","0","0","1","0","","36","09","2017","2017090489","7","40.0709","-76.3176","1110","08","0","0","0","0","0","2","0","0","1","0","0","0","11","1","1","02","2","40 04:15.386","4","00","76 19:03.337","4","0","0","0","36101","0","0","0","","0","0","0","2","36101","1","","1","09","N","N","0","","0","0","2","3","4","Y","1107","1","2","0","0","0","0","0","3","0","2","N","","","","","","","","","","","","07","  ","","",""
"1452","0","0","0","0","0","0","0","0","0","7","0","","36","09","2017","2017090534","7","40.2442","-76.1037","1448","08","0","0","0","0","0","0","0","0","2","0","0","0","14","1","1","00","1","40 14:39.001","4","00","76 06:13.455","3","0","0","0","36210","0","0","0","N","0","0","0","1","36210","0","","4","09","N","N","0","","1","0","1","0","0","N","1445","1","1","0","0","1","0","0","1","0","1","N","","","","","","","","","","","","07","  ","","",""
"1506","1","0","0","0","0","0","0","0","0","7","0","","36","09","2017","2017090551","7","40.2153","-76.0943","1500","08","0","0","0","0","0","0","0","0","","0","0","0","14","1","0","00","0","40 12:54.942","","00","76 05:39.426","0","0","0","0","36210","0","0","0","Y","0","0","0","1","36210","0","","3","09","N","N","0","","0","0","0","0","0","","1458","0","1","0","0","0","0","0","1","0","1","N","","","","","","","","","","","","07","  ","","",""
"0839","1","0","0","0","0","0","0","0","0","4","0","","36","09","2017","2017090560","7","40.1539","-76.5997","0838","08","0","0","1","0","0","0","1","0","2","0","0","0","08","1","0","01","1","40 09:14.162","4","00","76 35:58.842","0","0","0","0","36407","0","0","0","N","0","0","0","3","36407","0","","1","09","N","N","0","","0","0","1","3","3","N","0837","0","2","0","0","0","0","0","2","0","2","N","","","","","","","","","","","","07","  ","","",""
"0856","3","0","0","0","0","0","0","0","0","4","0","","36","08","2017","2017090568","2","40.0436","-76.3137","0854","08","0","0","0","0","0","1","0","1","2","0","0","0","08","1","2","01","1","40 02:37.071","3","00","76 18:49.309","3","0","0","0","36301","0","0","0","N","0","0","0","3","36301","1","","1","01","N","N","0","","1","0","0","3","2","Y","0854","2","3","0","0","0","0","0","3","0","3","N","","","","","","","","","","","","03","  ","","",""
"1121","1","0","0","0","0","0","0","0","0","7","0","","36","09","2017","2017090575","7","40.076","-76.461","1117","08","0","0","0","0","0","0","0","0","","0","0","0","11","1","0","00","0","40 04:33.530","","00","76 27:39.550","0","0","0","0","36239","0","0","0","Y","0","0","0","1","36239","0","","2","09","N","N","0","","0","0","0","0","0","","1117","0","1","0","0","0","0","0","3","0","1","N","","","","","","","","","","","","07","  ","","",""
"1420","2","0","0","0","0","0","0","0","0","4","0","","36","09","2017","2017090587","7","40.0425","-76.3086","1417","08","0","0","0","0","0","0","1","0","","0","0","0","14","1","2","01","0","40 02:33.169","","00","76 18:31.085","8","0","0","0","36301","0","0","0","N","0","0","0","2","36301","0","","1","09","N","N","0","","0","0","0","3","2","","1416","2","2","0","0","0","2","0","3","0","2","N","","","","","","","","","","","","07","  ","","",""
"1105","1","0","0","0","0","0","0","0","0","7","0","","36","09","2017","2017090610","1","40.2452","-76.1725","1100","08","0","1","0","0","0","0","0","0","1","0","0","0","11","1","0","00","1","40 14:42.669","4","03","76 10:20.892","0","0","0","0","36236","0","0","0","N","0","0","0","1","36408","0","","2","09","N","N","0","","0","0","0","0","0","N","1100","0","1","0","0","0","0","0","1","0","1","N","","","","","","","","","","","","03","  ","","",""
"1750","1","0","0","0","0","0","0","0","0","1","0","","36","09","2017","2017090627","7","40.0232","-76.2794","1742","08","0","0","0","0","0","0","0","0","2","0","0","0","17","1","0","02","2","40 01:23.555","6","00","76 16:45.844","0","0","0","0","36240","0","0","0","N","0","0","0","4","36240","0","","1","09","N","N","0","","0","0","1","0","0","Y","1735","0","2","0","0","0","0","0","1","0","2","N","","","","","","","","","","","","07","  ","","",""
"1847","0","0","0","0","0","0","0","0","0","4","0","","36","08","2017","2017090710","7","40.1117","-76.4517","1840","08","0","0","0","0","0","0","0","1","","0","0","0","99","1","0","01","0","40 06:42.051","","00","76 27:06.004","0","0","0","0","36230","0","0","0","N","0","0","0","2","36410","0","","1","01","N","N","0","","0","0","1","3","2","","9999","0","2","0","0","0","0","0","1","1","2","N","","","","","","","","","","","","03","  ","","",""
"2123","1","0","0","0","0","0","0","0","0","4","0","","36","09","2017","2017090736","1","40.049","-76.346","2118","08","0","0","0","0","0","0","0","0","","0","0","0","21","3","0","02","0","40 02:56.460","","00","76 20:45.629","0","0","0","0","36214","0","0","0","N","0","0","0","3","36214","0","","1","01","N","N","0","","0","0","1","0","0","","2114","0","2","0","0","0","0","0","3","0","2","N","","","","","","","","","","","","03","  ","","",""
"2039","1","0","0","0","0","0","0","0","0","4","0","","36","09","2017","2017090738","1","39.9865","-76.2812","2037","08","0","0","0","0","0","2","0","0","","0","0","0","20","3","2","01","0","39 59:11.342","","00","76 16:52.253","8","0","0","0","36240","0","0","0","N","0","0","0","2","36240","0","","1","01","N","N","0","","0","0","1","3","2","","2037","2","2","0","0","0","2","0","1","0","2","N","","","","","","","","","","","","03","  ","","",""
"2233","1","0","0","0","0","0","0","0","0","7","0","","36","09","2017","2017090761","7","40.2185","-76.1504","2233","08","0","1","0","0","0","0","0","0","","0","0","0","22","2","0","00","0","40 13:06.601","","00","76 09:01.404","0","0","0","0","36210","0","0","0","N","0","0","0","2","36210","0","","4","09","N","N","0","","0","0","0","0","0","","2231","0","1","0","0","0","0","0","1","0","1","N","","","","","","","","","","","","07","  ","","",""
"2359","2","0","0","0","0","0","0","0","0","4","0","","36","09","2017","2017090763","1","40.0459","-76.3072","2358","08","0","0","0","0","0","0","1","0","1","0","0","0","23","3","3","01","2","40 02:45.142","1","00","76 18:25.864","8","0","0","0","36301","0","0","0","N","0","0","0","3","36301","0","","1","01","N","N","0","","0","0","0","3","2","N","2356","3","2","0","0","0","3","0","3","0","2","N","","","","","","","","","","","","03","  ","","",""
"1033","2","0","0","0","0","0","0","0","0","4","0","","36","09","2017","2017090808","7","40.0145","-76.3164","1028","08","0","0","0","0","0","0","0","0","","0","0","0","10","1","0","02","0","40 00:52.368","","00","76 18:59.161","0","0","0","0","36220","0","0","0","","0","0","0","2","36101","0","","1","09","N","N","0","","0","0","0","3","3","","1021","0","2","0","0","0","0","0","3","0","2","N","","","","","","","","","","","","07","  ","","",""
"1143","1","0","0","0","0","0","0","0","0","7","0","","36","09","2017","2017090809","7","40.0711","-76.3215","1141","08","0","0","0","0","0","0","0","0","1","0","0","0","11","1","2","00","2","40 04:16.017","4","00","76 19:17.544","3","0","0","0","36101","0","0","0","","0","0","0","3","36101","1","","3","09","N","N","0","","1","0","0","0","0","N","1141","2","1","0","0","0","0","0","3","0","1","N","","","","","","","","","","","","07","  ","","",""
"1250","1","0","0","0","0","0","0","0","0","7","0","","36","09","2017","2017090822","1","40.157","-76.6603","1241","08","0","1","0","0","0","0","0","0","2","0","0","0","12","1","0","00","2","40 09:25.100","4","00","76 39:37.100","0","0","0","0","36237","0","0","0","N","0","0","0","1","36505","0","","4","09","N","N","0","","0","0","0","0","0","N","1240","0","1","0","0","0","0","0","1","0","1","N","","","","","","","","","","","","03","  ","","",""
"0806","1","0","0","0","0","0","0","0","0","1","0","","36","09","2017","2017090827","2","40.0905","-76.3841","0800","08","0","0","0","1","0","0","0","0","2","0","0","0","07","1","1","00","1","40 05:25.725","3","00","76 23:02.802","3","0","0","0","36214","0","0","0","N","0","0","0","2","36214","0","","1","01","N","N","0","","1","0","1","0","0","N","0755","1","2","0","0","0","0","0","3","0","2","N","","","","","","","","","","","","03","  ","","",""
"1152","0","0","0","0","0","0","0","0","0","7","0","","36","08","2017","2017090831","3","40.016","-76.2804","1145","08","0","0","0","1","0","0","0","0","2","0","0","0","11","1","0","00","1","40 00:57.700","3","00","76 16:49.400","0","0","0","0","36240","0","0","0","N","0","0","0","1","36240","0","","4","09","N","N","1","","0","0","0","0","0","N","1145","0","1","0","0","0","0","0","1","0","1","N","","","","","","","","","","","","07","  ","","",""
"1534","0","0","0","0","0","0","0","0","0","7","0","","36","09","2017","2017090839","6","40.172","-76.6037","1530","08","0","0","0","0","0","0","0","0","2","0","0","0","15","1","0","00","1","40 10:19.102","5","00","76 36:13.421","0","0","0","0","36225","0","0","0","N","0","0","0","1","36505","0","","4","01","N","N","0","","0","0","0","0","0","N","1530","0","1","0","0","0","0","0","2","1","1","N","","","","","","","","","","","","03","  ","","",""
"0700","1","0","0","0","0","0","0","0","0","4","0","","36","08","2017","2017090845","4","39.8947","-76.1715","0655","08","0","0","0","0","0","0","0","0","2","0","0","0","06","1","0","01","1","39 53:40.779","2","00","76 10:17.641","0","0","0","0","36416","0","0","0","N","0","0","0","2","36416","0","","1","01","N","N","0","","0","0","0","3","2","N","0655","0","2","0","0","0","0","0","1","1","2","N","","","","","","","","","","","","03","  ","","",""
"1405","1","0","0","0","0","0","0","0","0","5","0","","36","08","2017","2017090847","1","40.0349","-76.3156","1358","08","0","0","0","0","0","0","0","0","1","0","0","0","13","1","0","00","2","40 02:05.700","2","00","76 18:56.000","0","0","0","0","36301","0","0","0","N","0","0","0","1","36301","0","","6","01","N","N","0","","0","0","1","0","0","Y","1355","0","2","0","0","0","0","0","3","0","2","N","","","","","","","","","","","","03","  ","","",""
"1146","1","0","0","0","0","0","0","0","0","4","0","","36","09","2017","2017090859","2","40.0515","-76.29","1139","08","0","0","0","0","0","1","0","0","","0","0","0","11","1","2","01","0","40 03:05.310","","00","76 17:24.098","8","0","0","0","36301","0","0","0","N","0","0","0","3","36301","0","","1","01","N","N","0","","0","0","1","3","2","","1136","2","2","0","0","0","2","0","3","0","2","N","","","","","","","","","","","","03","  ","","",""
"1253","0","0","0","0","0","0","0","0","0","5","1","","36","09","2017","2017090874","2","40.1514","-76.0292","1249","08","0","0","0","0","0","0","0","0","1","0","1","0","12","1","1","00","1","40 09:04.897","4","07","76 01:45.084","4","0","0","0","36213","0","0","0","N","0","0","0","2","36213","1","","1","01","N","N","1","","0","0","0","0","0","N","1240","1","2","0","0","0","0","0","1","0","2","N","","","","","","","","","","","","03","  ","","",""
"0910","1","0","0","0","0","0","0","0","0","4","1","","36","09","2017","2017090930","6","40.0386","-76.3276","0905","08","0","0","0","0","0","1","0","0","2","0","1","0","09","1","3","02","2","40 02:18.841","7","00","76 19:39.220","4","0","0","0","36220","0","0","0","","0","0","0","4","36101","3","","1","01","N","N","0","","0","0","0","3","3","Y","0904","3","2","0","0","0","0","0","3","0","2","N","","","","","","","","","","","","03","  ","","",""
"1359","1","0","0","0","0","0","0","0","0","7","0","","36","08","2017","2017090931","3","40.0666","-76.3023","1355","08","0","0","0","0","0","0","0","0","1","0","0","0","13","1","0","00","1","40 03:59.590","3","00","76 18:08.190","0","0","0","0","36101","0","0","0","","0","0","0","1","36101","0","","2","09","N","N","0","","0","0","0","0","0","N","1349","0","1","0","0","0","0","0","3","0","1","N","","","","","","","","","","","","07","  ","","",""
"0155","1","0","0","0","0","0","0","0","0","7","0","","36","09","2017","2017090932","7","40.0964","-76.2947","0148","08","0","0","0","0","0","0","0","0","2","0","0","0","01","3","0","00","1","40 05:46.879","3","00","76 17:41.025","9","0","0","0","36101","0","0","0","","0","0","0","1","36101","0","","4","01","N","N","0","","0","0","0","0","0","N","0144","0","1","0","0","0","0","1","3","0","1","N","","","","","","","","","","","","03","  ","","",""
"1935","2","0","0","0","0","0","0","0","0","1","0","","36","09","2017","2017090933","6","40.0314","-76.4023","1930","08","1","0","0","0","0","0","0","0","2","0","0","0","19","4","2","02","2","40 01:52.894","2","00","76 24:08.291","4","0","0","0","36223","0","0","0","","0","0","0","2","36223","2","","1","01","N","N","0","","0","0","0","0","0","N","1930","2","2","0","0","0","0","0","1","0","2","N","","","","","","","","","","","","03","  ","","",""
"0242","4","0","0","0","0","0","0","0","0","5","0","","36","08","2017","2017090978","7","40.0407","-76.2949","0230","08","0","0","0","0","0","1","0","0","2","0","0","0","02","3","0","00","1","40 02:26.463","4","00","76 17:41.805","0","0","0","0","36301","0","0","0","N","0","0","0","1","36301","0","","6","01","N","N","0","","0","0","1","0","0","N","0226","0","6","0","0","0","0","0","3","1","6","N","","","","","","","","","","","","03","  ","","",""
"1648","1","0","0","0","0","0","0","0","0","1","0","","36","08","2017","2017090995","5","40.1092","-76.4973","1646","08","0","0","0","0","0","0","1","0","1","0","0","0","16","1","1","01","2","40 06:33.063","3","00","76 29:50.339","4","0","0","0","36413","0","0","0","N","0","0","0","2","36413","1","","1","01","N","N","0","","0","0","1","0","0","Y","1645","1","2","0","0","0","0","0","2","0","2","N","","","","","","","","","","","","03","  ","","",""
"0307","2","0","0","0","0","0","0","0","0","9","0","","36","08","2017","2017090999","2","40.1542","-76.1583","0301","08","0","0","0","0","1","0","0","0","1","0","0","0","03","2","3","00","2","40 09:14.999","1","00","76 09:29.745","3","0","0","0","36238","0","0","0","N","0","0","0","4","36238","1","","1","01","N","N","0","","2","0","0","0","0","Y","0301","3","3","0","0","0","0","0","3","1","3","N","","","","","","","","","","","","03","  ","","",""
"1011","1","0","0","0","0","0","0","0","0","1","0","","36","08","2017","2017091007","4","40.2036","-76.0162","1001","08","0","0","0","0","0","1","0","0","1","0","0","0","10","1","1","00","1","40 12:11.750","4","00","76 00:56.505","3","0","0","0","36202","0","0","0","","0","0","0","2","68T06","0","","1","01","N","N","0","","1","0","1","0","0","N","1000","1","2","0","0","0","0","0","1","0","2","N","","","","","","","","","","","","03","  ","","",""
"1353","1","0","0","0","0","0","0","0","0","1","0","","36","09","2017","2017091140","3","40.1187","-76.2144","1351","08","0","0","0","0","1","1","0","0","","0","0","0","13","1","1","00","0","40 07:07.322","","00","76 12:51.889","4","0","0","0","36238","0","0","0","N","0","0","0","3","36238","1","","1","01","N","N","1","","0","0","0","3","3","","1349","1","2","0","0","0","0","0","3","0","2","N","","","","","","","","","","","","03","  ","","",""
"0907","1","0","0","0","0","0","0","0","0","4","0","","36","09","2017","2017091221","2","40.1","-76.3541","0906","08","0","0","0","0","0","0","1","0","","0","0","0","09","1","1","01","0","40 06:00.025","","00","76 21:14.898","8","0","0","0","36406","0","0","0","","0","0","0","4","36101","0","","1","01","N","N","0","","0","0","1","3","2","","0904","1","2","0","0","0","1","0","3","0","2","N","","","","","","","","","","","","03","  ","","",""
"0728","0","0","0","0","0","0","0","0","0","0","0","","36","09","2017","2017091222","2","40.0718","-76.3183","0703","08","0","0","0","0","0","0","0","0","2","0","0","0","07","5","0","02","1","40 04:18.552","1","00","76 19:06.035","0","0","0","0","36101","0","0","0","","0","0","0","1","36101","0","","1","01","N","N","0","","0","0","0","0","0","N","0701","0","1","0","0","0","0","0","3","1","1","N","","","","","","","","","","","","03","  ","","",""
"1246","1","0","0","0","0","0","0","0","0","4","0","","36","08","2017","2017091223","2","39.9813","-76.185","1241","08","0","0","0","0","0","1","0","0","1","0","0","0","12","1","1","00","1","39 58:52.600","3","07","76 11:05.900","4","0","0","0","36417","0","0","0","","0","0","0","2","36417","1","","1","01","N","N","1","","0","0","0","0","0","N","1240","1","2","0","0","0","0","0","1","0","2","N","","","","","","","","","","","","03","  ","","",""
"0517","1","0","0","0","0","0","0","0","0","5","1","","36","09","2017","2017091365","3","40.1306","-76.4843","0514","08","0","0","0","0","0","0","0","0","","0","1","0","05","2","0","00","0","40 07:50.280","","00","76 29:03.305","0","0","0","0","36230","0","0","0","N","0","0","0","1","36410","0","","2","01","N","N","0","","0","0","0","0","0","","0512","0","2","0","0","0","0","0","1","0","2","N","","","","","","","","","","","","03","  ","","",""
"2011","1","0","0","0","0","0","0","0","0","7","0","","36","09","2017","2017091419","3","40.1297","-76.5253","2001","08","0","0","0","1","0","0","0","0","","0","0","0","20","2","0","00","0","40 07:46.790","","00","76 31:30.936","0","0","0","0","36225","0","0","0","Y","0","0","0","1","36505","0","","4","09","N","N","0","","0","0","0","0","0","","2001","0","1","0","0","0","0","0","2","0","1","N","","","","","","","","","","","","07","  ","","",""
"0757","1","0","0","0","0","0","0","0","0","4","0","","36","07","2017","2017091443","3","40.0342","-76.0013","0741","08","0","0","0","0","0","0","0","0","3","0","0","1","07","1","6","01","2","40 02:02.942","6","00","76 00:04.667","3","0","0","0","36232","7","0","0","","0","0","0","8","68J01","0","","1","01","N","N","0","","6","0","0","3","3","N","0741","6","2","0","0","0","0","0","1","0","1","N","","","","","","","","","","","","03","  ","","",""
"0700","0","0","0","0","0","0","0","0","0","4","0","","36","08","2017","2017091445","3","40.0344","-76.0957","0559","08","0","0","0","0","0","1","0","0","2","0","0","0","05","5","2","01","2","40 02:03.964","6","00","76 05:44.435","3","0","0","0","36221","0","0","0","","0","0","0","3","68J01","0","","1","01","N","N","1","","2","0","1","0","0","Y","0558","2","2","0","0","0","0","0","1","0","2","N","","","","","","","","","","","","03","  ","","",""
"1817","0","0","0","0","0","0","0","0","0","7","0","","36","08","2017","2017091447","5","39.7742","-76.1204","1810","08","0","0","0","0","0","0","0","0","2","0","0","0","18","1","1","00","1","39 46:27.220","5","00","76 07:13.403","8","0","0","1","36222","0","0","0","","0","0","0","1","68J01","0","","4","01","N","N","0","","0","0","0","0","0","N","1808","1","1","0","0","0","1","0","1","0","1","N","","","","","","","","","","","","03","  ","","",""