"ARRIVAL_TM","AUTOMOBILE_COUNT","BELTED_DEATH_COUNT","BELTED_SUSP_SERIOUS_INJ_COUNT","BICYCLE_COUNT","BICYCLE_DEATH_COUNT","BICYCLE_SUSP_SERIOUS_INJ_COUNT","BUS_COUNT","CHLDPAS_DEATH_COUNT","CHLDPAS_SUSP_SERIOUS_INJ_COUNT","COLLISION_TYPE","COMM_VEH_COUNT","CONS_ZONE_SPD_LIM","COUNTY","CRASH_MONTH","CRASH_YEAR","CRN","DAY_OF_WEEK","DEC_LAT","DEC_LONG","DISPATCH_TM","DISTRICT","DRIVER_COUNT_16YR","DRIVER_COUNT_17YR","DRIVER_COUNT_18YR","DRIVER_COUNT_19YR","DRIVER_COUNT_20YR","DRIVER_COUNT_50_64YR","DRIVER_COUNT_65_74YR","DRIVER_COUNT_75PLUS","EST_HRS_CLOSED","FATAL_COUNT","HEAVY_TRUCK_COUNT","HORSE_BUGGY_COUNT","HOUR_OF_DAY","ILLUMINATION","INJURY_COUNT","INTERSECT_TYPE","LANE_CLOSED","LATITUDE","LN_CLOSE_DIR","LOCATION_TYPE","LONGITUDE","MAX_SEVERITY_LEVEL","MCYCLE_DEATH_COUNT","MCYCLE_SUSP_SERIOUS_INJ_COUNT","MOTORCYCLE_COUNT","MUNICIPALITY","NONMOTR_COUNT","NONMOTR_DEATH_COUNT","NONMOTR_SUSP_SERIOUS_INJ_COUNT","NTFY_HIWY_MAINT","PED_COUNT","PED_DEATH_COUNT","PED_SUSP_SERIOUS_INJ_COUNT","PERSON_COUNT","POLICE_AGCY","POSSIBLE_INJ_COUNT","RDWY_SURF_TYPE_CD","RELATION_TO_ROAD","ROAD_CONDITION","SCH_BUS_IND","SCH_ZONE_IND","SMALL_TRUCK_COUNT","SPEC_JURIS_CD","SUSP_MINOR_INJ_COUNT","SUSP_SERIOUS_INJ_COUNT","SUV_COUNT","TCD_FUNC_CD","TCD_TYPE","TFC_DETOUR_IND","TIME_OF_DAY","TOT_INJ_COUNT","TOTAL_UNITS","UNB_DEATH_COUNT","UNB_SUSP_SERIOUS_INJ_COUNT","UNBELTED_OCC_COUNT","UNK_INJ_DEG_COUNT","UNK_INJ_PER_COUNT","URBAN_RURAL","VAN_COUNT","VEHICLE_COUNT","WORK_ZONE_IND","WORK_ZONE_LOC","WORK_ZONE_TYPE","WORKERS_PRES","WZ_CLOSE_DETOUR","WZ_FLAGGER","WZ_LAW_OFFCR_IND","WZ_LN_CLOSURE","WZ_MOVING","WZ_OTHER","WZ_SHLDER_MDN","ROADWAY_CLEARED","WEATHER1","WEATHER2","WZ_WORKERS_INJ_KILLED","SECONDARY_CRASH","INTERSECTION_RELATED"
"0711","0","0","0","0","0","0","0","0","0","2","0","","36","08","2017","2017092711","4","40.2099","-76.0165","0656","08","0","0","0","0","0","0","0","0","3","0","0","0","06","1","2","00","2","40 12:35.562","5","00","76 00:59.248","3","0","0","0","36202","0","0","0","","0","0","0","2","68J01","0","","1","01","N","N","0","","2","0","2","0","0","Y","0648","2","2","0","0","0","0","0","1","0","2","N","","","","","","","","","","","","03","  ","","",""
"1748","0","0","0","0","0","0","0","0","0","4","0","","36","08","2017","2017092725","7","40.1844","-76.0109","1713","08","0","0","0","0","0","1","0","0","3","0","0","0","16","1","1","00","1","40 11:04.013","5","07","76 00:39.167","3","0","0","1","36202","0","0","0","","0","0","0","2","68J01","0","","1","01","N","N","0","","1","0","1","0","0","N","1657","1","2","0","0","0","0","0","1","0","2","N","","","","","","","","","","","","03","  ","","",""
"2303","1","0","0","0","0","0","0","0","0","4","0","","36","08","2017","2017092726","7","40.2374","-76.044","2242","08","0","0","0","0","0","0","0","0","","0","0","0","22","2","0","00","0","40 14:14.575","","00","76 02:38.516","0","0","0","0","36202","0","0","0","","0","0","0","1","68J01","0","","2","01","N","N","1","","0","0","0","0","0","","2240","0","2","0","0","0","0","0","1","0","2","N","","","","","","","","","","","","03","  ","","",""
"2105","0","0","0","0","0","0","0","0","0","2","0","","36","08","2017","2017092730","3","39.9898","-75.9995","2102","08","0","0","0","0","0","0","1","0","3","0","0","0","21","2","3","00","1","39 59:23.276","3","00","75 59:58.226","2","0","0","0","36232","0","0","0","","0","0","0","3","68J01","0","","1","01","N","N","0","","2","1","2","0","0","N","2101","3","2","0","0","0","0","0","1","0","2","N","","","","","","","","","","","","03","  ","","",""
"0801","2","0","0","0","0","0","0","0","0","4","0","","36","09","2017","2017092747","2","39.9725","-75.9861","0737","08","0","0","0","0","0","1","0","0","1","0","0","0","07","1","0","00","1","39 58:20.978","4","00","75 59:09.967","0","0","0","0","36231","0","0","0","","0","0","0","1","68J01","0","","1","01","N","N","0","","0","0","0","0","0","N","0736","0","2","0","0","0","0","0","1","0","2","N","","","","","","","","","","","","03","  ","","",""
"1739","0","0","0","0","0","0","0","0","0","2","0","","36","09","2017","2017092778","3","40.0229","-76.275","1730","08","0","0","0","0","0","0","1","0","3","0","0","0","17","1","1","00","2","40 01:22.589","6","00","76 16:30.128","4","0","0","0","36240","0","0","0","N","0","0","0","3","36240","1","","1","09","N","N","0","","0","0","2","0","0","Y","1720","1","2","0","0","0","0","0","1","0","2","N","","","","","","","","","","","","07","  ","","",""
"1727","2","0","0","0","0","0","0","0","0","1","0","","36","09","2017","2017092824","6","40.1708","-76.3836","1725","08","0","0","0","1","0","0","0","0","9","0","0","0","17","1","1","00","1","40 10:15.050","3","07","76 23:00.949","8","0","0","0","36227","0","0","0","","0","0","0","3","36506","0","","1","01","N","N","0","","0","0","0","0","0","N","1725","1","2","0","0","0","1","0","1","0","2","N","","","","","","","","","","","","03","  ","","",""
"1840","1","0","0","0","0","0","0","0","0","7","0","","36","09","2017","2017092878","7","40.035","-76.2302","1836","08","0","0","0","0","0","0","0","0","1","0","0","0","18","1","0","00","1","40 02:06.160","1","00","76 13:48.880","0","0","0","0","36215","0","0","0","","0","0","0","1","36215","0","","2","09","N","N","0","","0","0","0","0","0","N","1833","0","1","0","0","0","0","0","1","0","1","N","","","","","","","","","","","","07","  ","","",""
"1946","0","0","0","0","0","0","0","0","0","7","0","","36","09","2017","2017092879","7","40.034","-76.4056","1936","08","0","0","0","0","0","0","0","0","","0","0","0","19","4","0","02","0","40 02:02.548","","00","76 24:20.105","0","0","0","0","36223","0","0","0","","0","0","0","1","36223","0","","2","09","N","N","1","","0","0","1","0","0","","1930","0","2","0","0","0","0","0","1","0","2","N","","","","","","","","","","","","07","  ","","",""
"1645","1","0","0","0","0","0","0","0","0","7","0","","36","08","2017","2017092924","1","40.0815","-76.5878","1639","08","0","0","0","0","1","0","1","0","1","0","0","0","16","1","0","00","2","40 04:53.232","1","07","76 35:15.929","0","0","0","0","36211","0","0","0","N","0","0","0","2","36504","0","","4","01","N","N","0","","0","0","1","0","0","N","1635","0","2","0","0","0","0","0","1","0","2","N","","","","","","","","","","","","03","  ","","",""
"1559","0","0","0","0","0","0","0","0","0","7","0","","36","09","2017","2017092947","6","40.2434","-76.1029","1558","08","0","0","0","0","0","1","0","0","2","0","0","0","15","1","0","00","1","40 14:36.300","2","00","76 06:10.600","0","0","0","0","36210","0","0","0","N","0","0","0","1","36210","0","","4","01","N","N","0","","0","0","1","0","0","Y","1555","0","1","0","0","0","0","0","1","0","1","N","","","","","","","","","","","","03","  ","","",""
"1154","0","0","0","0","0","0","0","0","0","1","0","","36","09","2017","2017093111","7","40.1587","-76.3074","1154","08","0","1","0","0","0","0","0","0","1","0","0","0","11","1","0","00","1","40 09:31.257","1","00","76 18:26.810","0","0","0","0","36409","0","0","0","N","0","0","0","3","36409","0","","1","01","N","N","1","","0","0","1","0","0","N","1154","0","2","0","0","0","0","0","3","0","2","N","","","","","","","","","","","","03","  ","","",""
"1434","1","0","0","0","0","0","0","0","0","8","0","","36","09","2017","2017093115","6","40.0977","-76.0653","1430","08","0","0","1","0","0","0","0","0","2","0","0","0","14","1","1","00","2","40 05:51.600","6","00","76 03:55.200","2","0","0","0","36209","1","0","1","N","1","0","1","2","36415","0","","1","01","N","N","0","","0","1","0","0","0","Y","1430","1","2","0","0","0","0","0","1","0","1","N","","","","","","","","","","","","03","  ","","",""
"1551","1","0","0","0","0","0","0","0","0","1","0","45","36","09","2017","2017093117","7","40.1478","-76.5618","1546","08","0","0","0","0","0","0","1","0","","0","0","0","15","1","3","00","0","40 08:52.108","","00","76 33:42.396","3","0","0","0","36225","0","0","0","N","0","0","0","6","36505","1","","1","01","N","N","0","","2","0","1","3","8","","1546","3","2","0","0","0","0","0","2","0","2","Y","3","1","Y","","","N","","","Y","","","03","  ","","",""
"1538","1","0","3","0","0","0","0","0","0","1","0","","36","08","2017","2017093125","7","40.0567","-76.5274","1535","08","0","0","0","0","0","2","0","0","4","1","0","0","15","1","4","03","2","40 03:24.200","5","00","76 31:38.900","1","0","0","0","36211","0","0","0","N","0","0","0","7","36504","0","2","1","01","N","N","1","0","1","3","0","0","0","Y","1538","4","4","1","0","1","0","0","1","2","4","N","","","","","","","","","","","","03","  ","","",""
"0658","0","0","0","0","0","0","0","0","0","7","0","","36","09","2017","2017093127","6","40.1698","-76.221","0652","08","0","0","0","0","0","0","0","0","","0","0","0","01","2","0","00","0","40 10:11.300","","00","76 13:15.500","0","0","0","0","36218","0","0","0","N","0","0","0","1","36408","0","","5","01","N","N","1","","0","0","0","0","0","","0130","0","1","0","0","0","0","0","1","0","1","N","","","","","","","","","","","","03","  ","","",""
"0824","1","0","0","0","0","0","0","0","0","4","0","","36","09","2017","2017093132","1","40.2057","-76.1752","0820","08","0","1","0","0","0","0","0","0","","0","0","0","08","1","1","01","0","40 12:20.434","","00","76 10:30.803","3","0","0","0","36218","0","0","0","Y","0","0","0","4","36408","0","","1","01","N","N","0","","1","0","0","3","3","","0818","1","2","0","0","0","0","0","1","1","2","N","","","","","","","","","","","","03","  ","","",""
"0904","0","0","0","0","0","0","0","0","0","4","0","","36","09","2017","2017093134","1","40.0484","-76.5152","0857","08","0","0","0","0","0","0","0","0","2","0","0","0","08","1","0","00","2","40 02:54.308","5","00","76 30:54.771","0","0","0","0","36239","0","0","0","N","0","0","0","2","36239","0","","1","01","N","N","1","","0","0","1","0","0","Y","0853","0","2","0","0","0","0","0","3","0","2","N","","","","","","","","","","","","03","  ","","",""
"0819","1","0","0","0","0","0","0","0","0","4","0","","36","09","2017","2017093137","1","40.114","-76.5207","0818","08","0","0","0","0","0","0","1","0","1","0","0","0","08","1","1","01","1","40 06:50.558","4","00","76 31:14.611","3","0","0","0","36413","0","0","0","N","0","0","0","2","36413","0","","1","01","N","N","2","","1","0","0","3","2","N","0814","1","3","0","0","0","0","0","2","0","3","N","","","","","","","","","","","","03","  ","","",""
"1551","1","0","0","0","0","0","0","0","0","1","0","","36","09","2017","2017093154","7","40.1485","-76.5628","1546","08","0","0","0","0","0","0","0","1","2","0","0","0","15","1","0","00","1","40 08:54.728","3","00","76 33:45.926","0","0","0","0","36225","0","0","0","N","0","0","0","3","36505","0","","1","01","N","N","0","","0","0","1","0","0","N","1541","0","3","0","0","0","0","0","2","1","3","N","","","","","","","","","","","","03","  ","","",""
"2228","1","0","0","0","0","0","0","0","0","7","0","","36","09","2017","2017093178","7","40.1309","-76.6415","2220","08","0","0","0","0","0","0","0","0","3","0","0","0","22","2","1","00","2","40 07:51.225","6","00","76 38:29.246","8","0","0","0","36237","0","0","0","N","0","0","0","1","36505","0","","5","01","N","N","0","","0","0","0","0","0","Y","2216","1","1","0","0","0","1","0","1","0","1","N","","","","","","","","","","","","03","  ","","",""
"2040","1","0","0","0","0","0","0","0","0","4","0","","36","09","2017","2017093179","7","40.1117","-76.4517","2034","08","0","0","0","0","0","0","2","0","1","0","0","0","20","3","0","01","1","40 06:42.051","5","00","76 27:06.004","0","0","0","0","36230","0","0","0","N","0","0","0","4","36410","0","","1","01","N","N","0","","0","0","1","3","2","Y","2031","0","2","0","0","0","0","0","1","0","2","N","","","","","","","","","","","","03","  ","","",""
"2214","1","0","0","0","0","0","0","0","0","7","0","","36","09","2017","2017093236","7","40.1646","-76.4822","2210","08","1","0","0","0","0","0","0","0","","0","0","0","22","2","0","03","0","40 09:52.384","","00","76 28:55.808","0","0","0","0","36230","0","0","0","N","0","0","0","1","36410","0","","5","01","N","N","0","","0","0","0","0","0","","2208","0","1","0","0","0","0","0","1","0","1","N","","","","","","","","","","","","03","  ","","",""
"0801","2","0","0","0","0","0","0","0","0","1","0","","36","08","2017","2017093239","4","40.1072","-76.3013","0744","08","1","1","0","0","0","0","0","0","2","0","0","0","07","1","3","00","1","40 06:26.060","3","00","76 18:04.763","4","0","0","0","36101","0","0","0","","0","0","0","3","36101","3","","1","01","N","N","0","","0","0","0","0","0","N","0727","3","2","0","0","0","0","0","3","0","2","N","","","","","","","","","","","","03","  ","","",""
"0411","1","0","0","0","0","0","0","0","0","5","0","","36","09","2017","2017093276","1","40.1561","-76.3007","0408","08","0","0","0","0","0","0","0","0","2","0","0","0","04","6","0","00","2","40 09:22.017","4","00","76 18:02.496","0","0","0","0","36409","0","0","0","N","0","0","0","1","36409","0","","6","01","N","N","0","","0","0","1","0","0","Y","0407","0","2","0","0","0","0","0","3","0","2","N","","","","","","","","","","","","03","  ","","",""
"1343","1","0","0","0","0","0","0","0","0","1","0","","36","08","2017","2017093280","5","40.0367","-76.2719","1343","08","0","0","0","0","0","0","0","0","","0","0","0","13","1","0","00","0","40 02:11.985","","00","76 16:18.789","0","0","0","0","36240","0","0","0","N","0","0","0","3","36240","0","","1","01","N","N","0","","0","0","1","0","0","","1340","0","2","0","0","0","0","0","1","0","2","N","","","","","","","","","","","","03","  ","","",""
"2302","1","0","0","0","0","0","0","0","0","0","0","","36","09","2017","2017093294","2","40.2542","-76.1834","2256","08","0","0","1","0","0","0","0","0","","0","0","0","22","2","0","00","0","40 15:15.276","","00","76 11:00.340","0","0","0","0","36236","0","0","0","N","0","0","0","1","36408","0","","1","01","N","N","0","","0","0","0","0","0","","2255","0","1","0","0","0","0","0","1","0","1","N","","","","","","","","","","","","03","  ","","",""
"0211","1","0","0","0","0","0","0","0","0","7","0","","36","09","2017","2017093308","1","40.1197","-76.5615","0209","08","0","0","0","0","0","0","0","0","1","0","0","0","02","3","1","00","2","40 07:11.010","5","00","76 33:41.380","4","0","0","0","36211","0","0","0","N","0","0","0","1","36504","1","","4","01","N","N","0","","0","0","0","0","0","Y","0200","1","1","0","0","0","0","0","1","0","1","N","","","","","","","","","","","","03","  ","","",""
"1851","1","0","0","0","0","0","0","0","0","4","0","","36","09","2017","2017093309","1","40.1027","-76.4328","1846","08","0","0","0","0","0","0","1","0","2","0","0","0","18","1","1","01","2","40 06:09.698","7","00","76 25:58.025","4","0","0","1","36239","0","0","0","N","0","0","0","2","36239","1","","1","01","N","N","0","","0","0","0","3","3","Y","1844","1","2","0","0","0","0","0","3","0","2","N","","","","","","","","","","","","03","  ","","",""
"1720","0","0","0","0","0","0","0","0","0","7","0","","36","08","2017","2017093325","7","40.048","-76.0204","1714","08","0","0","0","0","0","0","1","0","","0","0","0","17","1","2","00","0","40 02:52.922","","00","76 01:13.304","3","0","0","1","36232","0","0","0","","0","0","0","2","68J01","0","","5","01","N","N","0","","2","0","0","0","0","","1710","2","1","0","0","0","0","0","1","0","1","N","","","","","","","","","","","","03","  ","","",""
"1707","0","0","0","0","0","0","0","0","0","4","0","","36","09","2017","2017093339","3","39.8605","-76.2934","1700","08","0","0","0","0","0","0","0","0","1","0","0","1","16","1","2","00","1","39 51:37.884","6","07","76 17:36.290","3","0","0","1","36224","1","0","0","","0","0","0","2","68J01","0","","1","01","N","N","0","","2","0","0","0","0","N","1658","2","2","0","0","0","0","0","1","0","1","N","","","","","","","","","","","","03","  ","","",""
"1544","1","0","0","0","0","0","0","0","0","1","1","","36","09","2017","2017093347","6","40.0055","-76.1082","1527","08","0","0","0","0","0","1","0","0","","0","1","0","15","1","0","00","0","40 00:19.702","","00","76 06:29.345","0","0","0","0","36226","0","0","0","","0","0","0","2","68J01","0","","1","01","N","N","0","","0","0","0","0","0","","1523","0","2","0","0","0","0","0","1","0","2","N","","","","","","","","","","","","03","  ","","",""
"0507","0","0","0","0","0","0","0","0","0","7","0","","36","09","2017","2017093352","7","39.9299","-76.2331","0458","08","0","0","0","0","1","0","0","0","2","0","0","0","04","2","1","00","2","39 55:47.720","6","00","76 13:59.270","4","0","0","0","36229","0","0","0","","0","0","0","1","68J01","1","","4","01","N","N","0","","0","0","1","0","0","N","0457","1","1","0","0","1","0","0","1","0","1","N","","","","","","","","","","","","03","  ","","",""
"1424","0","0","0","0","0","0","0","0","0","0","0","","36","09","2017","2017093357","7","40.0386","-76.1617","1424","08","0","0","0","0","0","1","0","0","2","0","0","0","14","1","1","02","1","40 02:18.921","4","00","76 09:42.232","3","0","0","0","36221","0","0","0","","0","0","0","3","68J01","0","","4","01","N","N","0","","1","0","2","0","0","N","1423","1","2","0","0","0","0","0","1","0","2","N","","","","","","","","","","","","03","  ","","",""
"1455","0","0","0","0","0","0","1","0","0","5","1","","36","09","2017","2017093370","3","40.0372","-76.4095","1455","08","0","0","0","0","0","1","0","0","2","0","0","0","14","1","1","00","2","40 02:13.954","6","00","76 24:34.201","4","0","0","0","36223","0","0","0","","0","0","0","12","36223","1","","1","01","N","N","0","","0","0","1","0","0","N","1454","1","2","0","0","0","0","0","1","0","2","N","","","","","","","","","","","","03","  ","","",""
"1625","0","0","0","0","0","0","0","0","0","4","0","","36","09","2017","2017093377","6","39.8146","-76.1284","1540","08","0","0","0","0","0","0","0","1","","0","0","0","15","1","0","05","0","39 48:52.524","","00","76 07:42.246","0","0","0","0","36222","0","0","0","","0","0","0","2","68J01","0","","1","01","N","N","1","","0","0","0","0","0","","1537","0","2","0","0","0","0","0","1","1","2","N","","","","","","","","","","","","03","  ","","",""
"0757","2","0","0","0","0","0","0","0","0","1","0","","36","09","2017","2017093400","2","40.0532","-76.3908","0752","08","0","0","0","0","1","1","0","0","2","0","0","0","07","1","0","00","1","40 03:11.615","3","00","76 23:26.877","0","0","0","0","36214","0","0","0","N","0","0","0","2","36214","0","","1","01","N","N","0","","0","0","0","0","0","N","0745","0","2","0","0","0","0","0","3","0","2","N","","","","","","","","","","","","03","  ","","",""
"1337","0","0","0","0","0","0","0","0","0","4","0","","36","09","2017","2017093408","7","40.0932","-76.1166","1331","08","0","0","0","0","0","1","0","1","","0","0","0","13","1","0","00","0","40 05:35.466","","07","76 06:59.590","0","0","0","0","36209","0","0","0","N","0","0","0","3","36415","0","","1","09","N","N","0","","0","0","2","0","0","","1331","0","2","0","0","0","0","0","1","0","2","N","","","","","","","","","","","","07","  ","","",""
"1410","1","0","0","0","0","0","0","0","0","1","0","","36","08","2017","2017093413","2","40.0303","-76.2921","1404","08","0","0","0","0","0","0","0","0","2","0","0","0","14","1","1","02","2","40 01:49.180","6","00","76 17:31.542","3","0","0","0","36301","0","0","0","N","0","0","0","1","36301","0","","1","01","N","Y","0","","1","0","0","0","0","Y","1401","1","3","0","0","1","0","0","3","2","3","N","","","","","","","","","","","","03","  ","","",""
"1535","2","0","0","0","0","0","0","0","0","1","0","","36","08","2017","2017093446","5","40.0371","-76.3139","1533","08","0","0","0","0","2","0","0","0","1","0","0","0","15","1","1","00","1","40 02:13.498","3","00","76 18:50.110","8","0","0","0","36301","0","0","0","N","0","0","0","2","36301","0","","1","01","N","N","0","","0","0","0","0","0","N","1533","1","2","0","0","0","1","0","3","0","2","N","","","","","","","","","","","","03","  ","","",""
"1846","2","0","0","0","0","0","0","0","0","4","0","","36","09","2017","2017093456","7","40.033","-76.506","1846","08","0","0","0","0","0","0","0","0","1","0","0","0","18","1","0","01","1","40 01:58.979","4","00","76 30:21.554","0","0","0","0","36404","0","0","0","N","0","0","0","4","36404","0","","1","01","N","N","0","","0","0","0","3","3","Y","1846","0","2","0","0","0","0","0","3","0","2","N","","","","","","","","","","","","03","  ","","",""
"1228","1","0","0","0","0","0","0","0","0","1","0","","36","09","2017","2017093458","2","40.0439","-76.3913","1224","08","0","0","0","0","0","0","0","0","1","0","0","0","12","1","0","00","1","40 02:37.927","1","00","76 23:28.736","0","0","0","0","36214","0","0","0","N","0","0","0","2","36214","0","","1","01","N","N","0","","0","0","0","0","0","N","1221","0","2","0","0","0","0","0","3","1","2","N","","","","","","","","","","","","03","  ","","",""
"0700","1","0","0","0","0","0","0","0","0","6","0","","36","09","2017","2017093474","2","40.0301","-76.2937","0656","08","0","0","0","0","0","1","0","0","3","0","0","0","06","5","1","00","2","40 01:48.300","6","00","76 17:37.400","3","0","0","0","36301","0","0","0","N","0","0","0","2","36301","0","","1","01","N","N","0","","1","0","1","0","0","Y","0654","1","2","0","0","1","0","0","3","0","2","N","","","","","","","","","","","","03","  ","","",""
"2022","2","0","0","0","0","0","0","0","0","1","0","","36","09","2017","2017093721","6","40.0695","-76.3076","2014","08","0","0","0","0","0","0","0","1","","0","0","0","20","3","1","00","0","40 04:10.058","","00","76 18:27.317","4","0","0","0","36101","0","0","0","","0","0","0","3","36101","1","","1","01","N","N","0","","0","0","0","3","2","","2012","1","2","0","0","0","0","0","3","0","2","N","","","","","","","","","","","","03","  ","","",""
"2132","2","0","0","0","0","0","0","0","0","4","0","","36","09","2017","2017093722","6","40.0823","-76.2919","2128","08","0","0","0","0","0","0","1","0","1","0","0","0","21","3","2","00","1","40 04:56.334","5","07","76 17:30.845","3","0","0","0","36101","0","0","0","","0","0","0","2","36101","0","","1","01","N","N","0","","1","0","0","0","0","Y","2126","2","2","0","0","0","1","0","3","0","2","N","","","","","","","","","","","","03","  ","","",""
"1535","1","0","0","0","0","0","0","0","0","1","0","","36","08","2017","2017093761","7","39.9902","-76.0054","1522","08","0","0","0","0","0","0","0","0","1","0","0","0","15","1","0","00","1","39 59:24.543","4","00","76 00:19.380","0","0","0","0","36232","0","0","0","","0","0","0","7","68J01","0","","1","01","N","N","0","","0","0","1","0","0","N","1513","0","2","0","0","0","0","0","1","0","2","N","","","","","","","","","","","","03","  ","","",""
"0620","0","0","0","0","0","0","0","0","0","1","1","","36","09","2017","2017093769","7","40.2283","-76.4545","0556","08","0","0","0","0","0","0","0","0","","0","1","0","05","2","1","00","0","40 13:41.809","","00","76 27:17.785","3","0","0","0","36230","0","0","0","","0","0","0","2","68T06","0","","1","01","N","N","0","","1","0","1","0","0","","0535","1","2","0","0","0","0","0","1","0","2","N","","","","","","","","","","","","03","  ","","",""
"0538","0","0","0","0","0","0","0","0","0","4","0","","36","09","2017","2017093778","5","39.99","-76.0016","0517","08","0","0","0","0","0","2","0","0","2","0","0","0","05","2","1","00","2","39 59:23.828","6","07","76 00:05.921","3","0","0","1","36232","0","0","0","","0","0","0","2","68J01","0","","1","09","N","N","0","","1","0","1","0","0","Y","0516","1","2","0","0","0","0","0","1","0","2","N","","","","","","","","","","","","05","  ","","",""
"2327","1","0","0","0","0","0","0","0","0","7","0","","36","09","2017","2017093846","2","40.1665","-76.0085","2324","08","0","0","1","0","0","0","0","0","1","0","0","0","23","2","1","00","1","40 09:59.474","1","00","76 00:30.643","3","0","0","0","36213","0","0","0","Y","0","0","0","1","36213","0","","2","01","N","N","0","","1","0","0","0","0","N","2322","1","1","0","0","0","0","0","1","0","1","N","","","","","","","","","","","","03","  ","","",""
"0605","1","0","0","0","0","0","0","0","0","7","0","","36","09","2017","2017093915","6","40.1521","-76.4117","0600","08","0","0","0","0","0","0","0","0","2","0","0","0","05","5","0","00","1","40 09:07.614","4","00","76 24:42.123","0","0","0","0","36230","0","0","0","","0","0","0","1","36410","0","","2","01","N","N","0","","0","0","0","0","0","N","0559","0","1","0","0","0","0","0","1","0","1","N","","","","","","","","","","","","03","  ","","",""
"0729","2","0","0","0","0","0","0","0","0","4","0","","36","09","2017","2017093916","6","40.1815","-76.4048","0725","08","0","0","0","0","0","0","0","0","2","0","0","0","07","1","0","02","1","40 10:53.227","3","00","76 24:17.150","0","0","0","0","36230","0","0","0","","0","0","0","2","36410","0","","1","01","N","N","0","","0","0","0","0","0","N","0724","0","2","0","0","0","0","0","1","0","2","N","","","","","","","","","","","","03","  ","","",""
"1712","1","0","0","0","0","0","0","0","0","1","0","","36","09","2017","2017093949","5","40.051","-76.2581","1710","08","0","0","1","0","0","0","0","0","1","0","0","0","17","1","1","00","2","40 03:03.757","4","00","76 15:29.103","3","0","0","0","36301","0","0","0","N","0","0","0","3","36301","0","","1","01","N","N","0","","1","0","1","0","0","N","1710","1","2","0","0","0","0","0","3","0","2","N","","","","","","","","","","","","03","  ","","",""
"0734","1","0","0","0","0","0","0","0","0","1","0","","36","09","2017","2017093971","3","40.0466","-76.2965","0732","08","0","0","0","0","0","0","0","0","","0","0","0","07","1","1","00","0","40 02:47.759","","00","76 17:47.550","3","0","0","0","36301","0","0","0","N","0","0","0","2","36301","0","","1","01","N","N","0","","1","0","0","0","0","","0732","1","2","0","0","0","0","1","3","0","2","N","","","","","","","","","","","","03","  ","","",""
"1122","0","0","0","0","0","0","0","0","0","4","0","","36","09","2017","2017094216","5","40.1157","-76.2129","1116","08","1","0","0","0","0","0","0","0","1","0","0","0","11","1","0","02","1","40 06:56.670","1","00","76 12:46.446","0","0","0","0","36238","0","0","0","N","0","0","0","2","36238","0","","1","01","N","N","0","","0","0","1","0","0","Y","1116","0","2","0","0","0","0","0","3","0","2","N","","","","","","","","","","","","03","  ","","",""
"2134","2","0","0","0","0","0","0","0","0","4","0","","36","09","2017","2017094225","3","40.0222","-76.2674","2128","08","0","0","0","0","0","1","1","0","","0","0","0","21","3","3","00","0","40 01:20.039","","07","76 16:02.686","8","0","0","0","36240","0","0","0","N","0","0","0","3","36240","0","","1","01","N","N","0","","0","0","0","0","0","","2126","3","2","0","0","0","3","0","1","0","2","N","","","","","","","","","","","","03","  ","","",""
"1801","0","0","0","0","0","0","0","0","0","4","0","","36","09","2017","2017094230","3","40.1015","-76.1833","1752","08","0","0","0","0","0","2","0","0","","0","0","0","17","1","1","02","0","40 06:05.360","","00","76 11:00.041","3","0","0","0","36238","0","0","0","N","0","0","0","2","36238","0","","1","01","N","N","2","","1","0","0","3","3","","1750","1","2","0","0","0","0","0","3","0","2","N","","","","","","","","","","","","03","  ","","",""
"1607","1","0","0","0","0","0","0","0","0","1","0","","36","09","2017","2017094301","5","40.0298","-76.244","1605","08","0","0","2","0","0","0","0","0","1","0","0","0","16","1","0","02","1","40 01:47.413","1","00","76 14:38.431","0","0","0","0","36215","0","0","0","","0","0","0","2","36215","0","","1","01","N","N","0","","0","0","1","3","2","N","1602","0","2","0","0","0","0","0","1","0","2","N","","","","","","","","","","","","03","  ","","",""
"0204","0","0","0","0","0","0","0","0","0","5","1","","36","09","2017","2017094316","1","40.1501","-76.1692","0157","08","0","0","0","0","0","0","0","0","5","2","1","0","01","2","0","00","2","40 09:00.432","1","00","76 10:09.128","1","0","0","0","36238","2","2","0","N","2","2","0","3","36238","0","2","2","01","N","N","0","0","0","0","0","0","0","Y","0146","0","4","0","0","0","0","0","3","1","2","N","","","","","","","","","","","","03","  ","","",""
"1630","3","0","0","0","0","0","0","0","0","7","0","","36","09","2017","2017094332","6","40.0351","-76.303","1626","08","0","0","0","0","0","0","0","0","2","0","0","0","16","1","0","05","1","40 02:06.382","3","00","76 18:10.770","0","0","0","0","36301","0","0","0","N","0","0","0","1","36301","0","","4","01","N","N","0","","0","0","0","9","2","N","1624","0","3","0","0","0","0","0","3","0","3","N","","","","","","","","","","","","03","  ","","",""
"0738","2","0","0","0","0","0","0","0","0","1","0","","36","09","2017","2017094357","6","40.1293","-76.2191","0731","08","0","0","0","0","0","2","0","0","","0","0","0","07","1","1","01","0","40 07:51.556","","00","76 13:01.609","4","0","0","0","36238","0","0","0","N","0","0","0","3","36238","1","","1","01","N","N","0","","0","0","1","3","2","","0728","1","3","0","0","0","0","0","3","0","3","N","","","","","","","","","","","","03","  ","","",""