"ARRIVAL_TM","AUTOMOBILE_COUNT","BELTED_DEATH_COUNT","BELTED_SUSP_SERIOUS_INJ_COUNT","BICYCLE_COUNT","BICYCLE_DEATH_COUNT","BICYCLE_SUSP_SERIOUS_INJ_COUNT","BUS_COUNT","CHLDPAS_DEATH_COUNT","CHLDPAS_SUSP_SERIOUS_INJ_COUNT","COLLISION_TYPE","COMM_VEH_COUNT","CONS_ZONE_SPD_LIM","COUNTY","CRASH_MONTH","CRASH_YEAR","CRN","DAY_OF_WEEK","DEC_LAT","DEC_LONG","DISPATCH_TM","DISTRICT","DRIVER_COUNT_16YR","DRIVER_COUNT_17YR","DRIVER_COUNT_18YR","DRIVER_COUNT_19YR","DRIVER_COUNT_20YR","DRIVER_COUNT_50_64YR","DRIVER_COUNT_65_74YR","DRIVER_COUNT_75PLUS","EST_HRS_CLOSED","FATAL_COUNT","HEAVY_TRUCK_COUNT","HORSE_BUGGY_COUNT","HOUR_OF_DAY","ILLUMINATION","INJURY_COUNT","INTERSECT_TYPE","LANE_CLOSED","LATITUDE","LN_CLOSE_DIR","LOCATION_TYPE","LONGITUDE","MAX_SEVERITY_LEVEL","MCYCLE_DEATH_COUNT","MCYCLE_SUSP_SERIOUS_INJ_COUNT","MOTORCYCLE_COUNT","MUNICIPALITY","NONMOTR_COUNT","NONMOTR_DEATH_COUNT","NONMOTR_SUSP_SERIOUS_INJ_COUNT","NTFY_HIWY_MAINT","PED_COUNT","PED_DEATH_COUNT","PED_SUSP_SERIOUS_INJ_COUNT","PERSON_COUNT","POLICE_AGCY","POSSIBLE_INJ_COUNT","RDWY_SURF_TYPE_CD","RELATION_TO_ROAD","ROAD_CONDITION","SCH_BUS_IND","SCH_ZONE_IND","SMALL_TRUCK_COUNT","SPEC_JURIS_CD","SUSP_MINOR_INJ_COUNT","SUSP_SERIOUS_INJ_COUNT","SUV_COUNT","TCD_FUNC_CD","TCD_TYPE","TFC_DETOUR_IND","TIME_OF_DAY","TOT_INJ_COUNT","TOTAL_UNITS","UNB_DEATH_COUNT","UNB_SUSP_SERIOUS_INJ_COUNT","UNBELTED_OCC_COUNT","UNK_INJ_DEG_COUNT","UNK_INJ_PER_COUNT","URBAN_RURAL","VAN_COUNT","VEHICLE_COUNT","WORK_ZONE_IND","WORK_ZONE_LOC","WORK_ZONE_TYPE","WORKERS_PRES","WZ_CLOSE_DETOUR","WZ_FLAGGER","WZ_LAW_OFFCR_IND","WZ_LN_CLOSURE","WZ_MOVING","WZ_OTHER","WZ_SHLDER_MDN","ROADWAY_CLEARED","WEATHER1","WEATHER2","WZ_WORKERS_INJ_KILLED","SECONDARY_CRASH","INTERSECTION_RELATED"
"1103","1","0","0","0","0","0","0","0","0","8","0","","36","08","2017","2017094401","5","40.0377","-76.3078","1059","08","0","0","0","0","0","0","0","0","","0","0","0","10","1","1","01","0","40 02:15.851","","00","76 18:28.000","4","0","0","0","36301","1","0","0","N","1","0","0","2","36301","1","","1","01","N","N","0","","0","0","0","3","2","","1057","1","2","0","0","0","0","1","3","0","1","N","","","","","","","","","","","","03","  ","","",""
"2202","1","0","0","0","0","0","0","0","0","7","0","","36","09","2017","2017094410","1","40.0677","-76.07","2157","08","0","0","0","0","0","0","0","0","","0","0","0","21","2","0","00","0","40 04:03.586","","00","76 04:11.832","0","0","0","0","36209","0","0","0","N","0","0","0","2","36415","0","","4","01","N","N","0","","0","0","0","0","0","","2157","0","1","0","0","0","0","0","1","0","1","N","","","","","","","","","","","","03","  ","","",""
"0202","0","0","0","0","0","0","0","0","0","9","0","","36","09","2017","2017094453","2","39.8634","-76.2255","0202","08","0","0","0","0","0","0","0","0","1","0","0","0","02","2","1","00","1","39 51:48.222","2","00","76 13:31.799","8","0","0","0","36208","0","0","0","","0","0","0","1","68J01","0","","1","01","N","N","1","","0","0","0","0","0","N","0202","1","1","0","0","1","1","0","1","0","1","N","","","","","","","","","","","","03","  ","","",""
"0637","1","0","0","0","0","0","0","0","0","7","0","","36","09","2017","2017094470","4","40.0674","-76.2884","0630","08","0","0","1","0","0","0","0","0","1","0","0","0","06","3","1","00","1","40 04:02.608","4","00","76 17:18.155","4","0","0","0","36101","0","0","0","","0","0","0","1","36101","1","","5","09","N","N","0","","0","0","0","0","0","N","0626","1","1","0","0","0","0","0","3","0","1","N","","","","","","","","","","","","03","  ","","",""
"0911","2","0","0","0","0","0","0","0","0","4","0","","36","09","2017","2017094471","4","40.0709","-76.3176","0909","08","0","0","0","0","0","1","0","0","2","0","0","0","09","1","2","01","2","40 04:15.386","7","00","76 19:03.337","8","0","0","0","36101","0","0","0","","0","0","0","4","36101","0","","1","09","N","N","0","","0","0","1","3","2","Y","0907","2","3","0","0","0","2","0","3","0","3","N","","","","","","","","","","","","07","  ","","",""
"1840","1","0","0","0","0","0","0","0","0","1","0","","36","09","2017","2017094559","7","40.0155","-76.1576","1830","08","0","0","1","0","0","1","0","0","3","0","0","0","18","1","1","00","1","40 00:55.804","4","00","76 09:27.403","4","0","0","0","36215","0","0","0","N","0","0","0","2","36215","1","","1","01","N","N","0","","0","0","1","0","0","N","1822","1","2","0","0","0","0","0","1","0","2","N","","","","","","","","","","","","03","  ","","",""
"0107","2","0","0","0","0","0","0","0","0","4","0","","36","08","2017","2017094566","6","40.0299","-76.2307","0102","08","0","0","0","0","0","0","0","0","2","0","0","0","01","3","0","02","1","40 01:47.486","4","07","76 13:50.340","0","0","0","0","36215","0","0","0","N","0","0","0","3","36215","0","","1","01","N","N","0","","0","0","0","3","2","N","0101","0","2","0","0","0","0","0","1","0","2","N","","","","","","","","","","","","03","  ","","",""
"2156","0","0","0","0","0","0","0","0","0","7","0","","36","09","2017","2017094622","7","40.1793","-76.5864","2153","08","0","0","0","0","0","0","0","0","","0","0","0","21","2","0","00","0","40 10:45.428","","00","76 35:11.124","0","0","0","0","36225","0","0","0","","0","0","0","1","36505","0","","4","01","","","0","","0","0","1","0","0","","2140","0","1","0","0","0","0","0","2","0","1","N","","","","","","","","","","","","03","  ","","",""
"1541","1","0","0","0","0","0","0","0","0","7","0","","36","09","2017","2017094632","2","40.086","-76.3068","1538","08","0","0","0","0","0","0","0","0","1","0","0","0","15","1","1","00","1","40 05:09.724","1","00","76 18:24.514","4","0","0","0","36101","0","0","0","","0","0","0","1","36101","1","","4","01","N","N","0","","0","0","0","0","0","N","1534","1","1","0","0","0","0","0","3","0","1","N","","","","","","","","","","","","03","  ","","",""
"1646","2","0","0","0","0","0","0","0","0","1","0","","36","09","2017","2017094633","5","40.0781","-76.3416","1642","08","0","0","0","0","1","0","0","0","1","0","0","0","16","1","0","00","1","40 04:41.290","3","00","76 20:29.864","0","0","0","0","36101","0","0","0","","0","0","0","3","36101","0","","1","01","N","N","0","","0","0","1","0","0","N","1635","0","3","0","0","0","0","0","3","0","3","N","","","","","","","","","","","","03","  ","","",""
"1254","1","0","0","0","0","0","0","0","0","4","0","","36","09","2017","2017094634","1","40.049","-76.3735","1252","08","0","0","0","0","0","0","0","1","","0","0","0","12","1","1","02","0","40 02:56.511","","07","76 22:24.628","4","0","0","0","36214","0","0","0","","0","0","0","2","36214","1","","1","01","N","N","0","","0","0","0","0","0","","1248","1","2","0","0","0","0","0","3","1","2","N","","","","","","","","","","","","03","  ","","",""
"1100","1","0","0","0","0","0","0","0","0","4","0","","36","08","2017","2017094635","4","40.0275","-76.2218","1055","08","0","0","0","0","0","0","0","0","1","0","0","0","10","1","6","01","1","40 01:38.921","4","07","76 13:18.394","4","0","0","0","36215","0","0","0","","0","0","0","7","36215","1","","1","01","N","N","0","","0","0","0","3","2","N","1055","6","2","0","0","0","5","0","1","1","2","N","","","","","","","","","","","","03","  ","","",""
"1404","0","0","0","0","0","0","0","0","0","7","0","","36","09","2017","2017094636","1","40.0042","-76.3673","1400","08","0","0","0","0","0","0","0","0","3","0","0","0","13","1","1","00","2","40 00:15.150","5","00","76 22:02.130","4","0","0","0","36223","0","0","0","","0","0","0","2","36223","1","","4","01","N","N","0","","0","0","1","0","0","Y","1359","1","1","0","0","0","0","0","1","0","1","N","","","","","","","","","","","","03","  ","","",""
"0145","1","0","0","0","0","0","0","0","0","4","0","","36","08","2017","2017094659","5","40.0389","-76.2971","0140","08","0","0","1","0","0","1","0","0","","0","0","0","01","3","0","01","0","40 02:20.039","","00","76 17:49.619","0","0","0","0","36301","0","0","0","N","0","0","0","3","36301","0","","1","01","N","N","0","","0","0","0","3","2","","0140","0","2","0","0","0","0","0","3","1","2","N","","","","","","","","","","","","03","  ","","",""
"0746","1","0","0","0","0","0","0","0","0","4","0","","36","09","2017","2017094668","5","40.044","-76.2941","0742","08","0","0","0","0","0","0","0","0","2","0","0","0","07","5","0","01","1","40 02:38.400","4","00","76 17:38.583","0","0","0","0","36301","0","0","0","N","0","0","0","3","36301","0","","1","09","N","N","0","","0","0","1","3","3","N","0740","0","2","0","0","0","0","0","3","0","2","N","","","","","","","","","","","","07","  ","","",""
"1433","1","0","0","0","0","0","0","0","0","4","0","","36","09","2017","2017094724","2","40.0338","-76.3011","1431","08","0","0","0","0","0","1","0","0","2","0","0","0","14","1","1","01","2","40 02:01.577","3","00","76 18:03.973","4","0","0","0","36301","0","0","0","N","0","0","0","2","36301","1","","1","01","N","N","0","","0","0","1","3","2","Y","1431","1","2","0","0","0","0","0","3","0","2","N","","","","","","","","","","","","03","  ","","",""
"1526","0","0","0","0","0","0","0","0","0","4","0","","36","09","2017","2017094744","5","40.0512","-76.3062","1521","08","0","0","0","0","0","1","0","0","","0","0","0","14","1","0","01","0","40 03:04.431","","00","76 18:22.148","0","0","0","0","36301","0","0","0","N","0","0","0","2","36301","0","","1","01","N","N","0","","0","0","1","3","3","","1455","0","2","0","0","0","0","0","3","1","2","N","","","","","","","","","","","","03","  ","","",""
"1612","0","0","0","0","0","0","0","0","0","1","0","","36","09","2017","2017094756","5","40.0542","-76.3595","1608","08","0","0","0","0","0","2","0","0","","0","0","0","16","1","1","00","0","40 03:15.264","","00","76 21:34.359","4","0","0","0","36214","0","0","0","N","0","0","0","6","36214","1","","1","01","N","N","0","","0","0","3","0","0","","1606","1","3","0","0","0","0","0","3","0","3","N","","","","","","","","","","","","03","  ","","",""
"1023","1","0","0","0","0","0","0","0","0","7","0","","36","09","2017","2017094823","3","40.0927","-76.3036","1014","08","0","0","0","0","0","1","0","0","1","0","0","0","10","1","0","00","1","40 05:33.796","1","00","76 18:12.948","0","0","0","0","36101","0","0","0","","0","0","0","1","36101","0","","4","01","N","N","0","","0","0","0","0","0","N","1003","0","1","0","0","0","0","0","3","0","1","N","","","","","","","","","","","","03","  ","","",""
"1351","1","0","0","0","0","0","0","0","0","4","0","","36","09","2017","2017094824","1","40.0577","-76.3544","1346","08","0","0","0","0","0","0","0","1","2","0","0","0","13","1","1","01","2","40 03:27.716","3","00","76 21:15.753","4","0","0","0","36214","0","0","0","","0","0","0","2","36214","1","","1","01","N","N","0","","0","0","0","3","3","Y","1344","1","2","0","0","0","0","0","3","1","2","N","","","","","","","","","","","","03","  ","","",""
"0334","0","0","0","0","0","0","0","0","0","7","0","","36","08","2017","2017094843","1","39.9146","-76.1706","0315","08","0","0","0","0","0","0","0","0","","0","0","0","03","2","1","00","0","39 54:52.602","","00","76 10:14.138","8","0","0","0","36216","0","0","0","","0","0","0","1","68J01","0","","5","01","N","N","0","","0","0","1","0","0","","0303","1","1","0","0","1","1","0","1","0","1","N","","","","","","","","","","","","03","  ","","",""
"1609","0","0","0","0","0","0","0","0","0","7","0","","36","09","2017","2017094899","5","40.1561","-76.0875","1600","08","0","0","0","0","1","0","0","0","1","0","0","0","16","1","0","00","1","40 09:22.000","3","00","76 05:14.900","0","0","0","0","36209","0","0","0","Y","0","0","0","1","36415","0","","4","01","N","N","0","","0","0","0","0","0","N","1600","0","1","0","0","0","0","0","1","1","1","N","","","","","","","","","","","","03","  ","","",""
"2059","1","0","0","0","0","0","0","0","0","6","0","","36","09","2017","2017094930","5","40.0892","-76.4705","2055","08","0","0","1","0","0","0","0","0","1","0","0","0","20","2","2","00","2","40 05:21.100","6","00","76 28:13.900","8","0","0","0","36230","0","0","0","N","0","0","0","2","36410","0","","1","01","N","N","0","","0","0","0","0","0","Y","2051","2","2","0","0","0","2","0","1","1","2","N","","","","","","","","","","","","03","  ","","",""
"1328","1","0","0","0","0","0","0","0","0","4","0","","36","09","2017","2017094990","4","40.0293","-76.3237","1234","08","1","0","0","0","0","0","0","0","3","0","0","0","12","1","0","00","1","40 01:45.381","3","00","76 19:25.363","0","0","0","0","36220","0","0","0","","0","0","0","2","36101","0","","1","01","N","N","0","","0","0","1","0","0","N","1232","0","2","0","0","0","0","0","3","0","2","N","","","","","","","","","","","","03","  ","","",""
"1724","1","0","0","0","0","0","0","0","0","0","0","","36","09","2017","2017094991","3","40.0795","-76.2711","1713","08","0","0","0","0","0","0","0","0","3","0","0","0","17","1","0","00","2","40 04:46.320","5","00","76 16:15.790","0","0","0","0","36101","0","0","0","","0","0","0","1","36101","0","","1","09","N","N","0","","0","0","0","0","0","Y","1710","0","1","0","0","0","0","0","3","0","1","N","","","","","","","","","","","","07","  ","","",""
"1310","0","0","0","0","0","0","0","0","0","7","0","","36","09","2017","2017094992","6","40.105","-76.2504","1307","08","0","0","0","0","0","0","1","0","2","0","0","0","12","1","0","00","1","40 06:18.040","2","00","76 15:01.470","0","0","0","0","36101","0","0","0","","0","0","0","1","36101","0","","4","01","N","N","0","","0","0","0","0","0","N","1258","0","1","0","0","0","0","0","3","1","1","N","","","","","","","","","","","","03","  ","","",""
"1802","2","0","0","0","0","0","0","0","0","4","0","","36","09","2017","2017094993","3","40.073","-76.3083","1755","08","0","0","0","0","0","0","0","0","","0","0","0","17","1","0","01","0","40 04:22.641","","00","76 18:29.883","0","0","0","0","36101","0","0","0","","0","0","0","2","36101","0","","1","01","N","N","0","","0","0","0","3","3","","1724","0","2","0","0","0","0","0","3","0","2","N","","","","","","","","","","","","03","  ","","",""
"1252","1","0","0","0","0","0","0","0","0","4","0","","36","08","2017","2017094994","5","40.0566","-76.215","1248","08","0","0","0","0","0","0","2","0","1","0","0","0","12","1","1","01","1","40 03:23.868","6","00","76 12:53.887","3","0","0","0","36215","0","0","0","","0","0","0","4","36215","0","","1","01","N","N","0","","1","0","1","3","2","N","1244","1","2","0","0","0","0","0","1","0","2","N","","","","","","","","","","","","03","  ","","",""
"1516","0","0","0","0","0","0","0","0","0","8","0","","36","09","2017","2017094995","6","40.026","-76.2049","1515","08","0","0","0","0","0","1","0","0","2","0","0","0","15","1","1","02","1","40 01:33.459","5","00","76 12:17.780","4","0","0","0","36215","1","0","0","","1","0","0","3","36215","1","","1","01","N","N","0","","0","0","1","3","2","N","1514","1","2","0","0","0","0","0","1","0","1","N","","","","","","","","","","","","03","  ","","",""
"0649","2","0","0","0","0","0","0","0","0","1","0","","36","09","2017","2017095021","6","40.0533","-76.3897","0643","08","0","0","0","0","0","2","0","0","2","0","0","0","06","1","0","00","1","40 03:11.787","3","00","76 23:23.032","0","0","0","0","36214","0","0","0","N","0","0","0","2","36214","0","","1","01","N","N","0","","0","0","0","0","0","N","0642","0","2","0","0","0","0","0","3","0","2","N","","","","","","","","","","","","03","  ","","",""
"0641","1","0","0","0","0","0","0","0","0","1","0","","36","09","2017","2017095026","6","40.0531","-76.3919","0629","08","0","0","0","0","0","2","0","0","","0","0","0","06","5","2","06","0","40 03:11.800","","02","76 23:21.675","4","0","0","0","36214","0","0","0","","0","0","0","2","36214","2","","1","01","","","0","","0","0","1","3","4","","0626","2","2","0","0","0","0","0","3","0","2","N","","","","","","","","","","","","03","  ","","",""
"0727","1","0","0","0","0","0","0","0","0","4","0","","36","09","2017","2017095027","6","40.0924","-76.41","0725","08","0","0","0","0","0","1","0","0","","0","0","0","07","1","0","01","0","40 05:32.678","","00","76 24:35.883","0","0","0","0","36214","0","0","0","N","0","0","0","2","36214","0","","1","01","N","N","0","","0","0","1","9","3","","0723","0","2","0","0","0","0","0","3","0","2","N","","","","","","","","","","","","03","  ","","",""
"1642","1","0","0","0","0","0","0","0","0","7","0","","36","09","2017","2017095028","3","40.0437","-76.4103","1637","08","0","0","0","0","0","0","0","0","","0","0","0","16","1","0","00","0","40 02:37.268","","00","76 24:37.020","0","0","0","0","36239","0","0","0","","0","0","0","1","36239","0","","4","01","","","0","","0","0","0","0","0","","1637","0","1","0","0","0","0","0","3","0","1","N","","","","","","","","","","","","03","  ","","",""
"0922","1","0","0","0","0","0","0","0","0","4","1","","36","09","2017","2017095029","5","40.185","-76.1868","0919","08","0","0","0","0","0","0","0","0","4","1","1","0","09","1","1","02","2","40 11:06.180","6","00","76 11:12.443","1","0","0","0","36408","0","0","0","N","0","0","0","4","36408","1","2","1","01","N","N","0","0","0","0","1","3","3","Y","0919","1","3","0","0","0","0","1","2","0","3","N","","","","","","","","","","","","03","  ","","",""
"1543","0","0","0","0","0","0","0","0","0","0","0","","36","09","2017","2017095099","3","40.2157","-76.0926","1535","08","0","0","0","0","0","0","0","0","2","0","0","0","15","1","1","07","1","40 12:56.482","1","02","76 05:33.299","3","0","0","0","36210","0","0","0","N","0","0","0","1","36210","0","","1","01","N","N","0","","1","0","0","0","0","N","1532","1","1","0","0","1","0","0","1","1","1","N","","","","","","","","","","","","03","  ","","",""
"0703","1","0","0","0","0","0","0","0","0","7","0","","36","09","2017","2017095111","2","40.2529","-76.1227","0654","08","0","0","0","0","0","0","0","0","","0","0","0","06","1","0","00","0","40 15:10.276","","00","76 07:21.554","0","0","0","0","36210","0","0","0","N","0","0","0","1","36408","0","","4","01","N","N","0","","0","0","0","0","0","","0650","0","1","0","0","1","0","0","1","0","1","N","","","","","","","","","","","","03","  ","","",""
"1345","0","0","0","0","0","0","0","0","0","2","0","","36","09","2017","2017095117","6","39.9439","-76.3305","1335","08","0","1","0","0","0","0","0","0","1","0","0","0","13","1","0","00","1","39 56:38.100","3","00","76 19:49.800","0","0","0","0","36206","0","0","0","N","0","0","0","2","36503","0","","1","01","N","N","1","","0","0","1","0","0","N","1330","0","2","0","0","0","0","0","1","0","2","N","","","","","","","","","","","","03","  ","","",""
"1607","1","0","0","0","0","0","0","0","0","4","0","","36","09","2017","2017095188","3","40.0387","-76.1655","1547","08","0","0","0","0","0","1","0","0","","0","0","0","15","1","1","00","0","40 02:19.207","","00","76 09:55.923","3","0","0","0","36221","0","0","0","","0","0","0","1","68J01","0","","1","01","N","N","0","","1","0","0","0","0","","1544","1","2","0","0","0","0","0","1","0","1","N","","","","","","","","","","","","03","  ","","",""
"1142","2","0","0","0","0","0","0","0","0","1","0","","36","09","2017","2017095193","5","40.0324","-75.9795","1127","08","0","0","0","0","0","0","0","0","","0","0","0","11","1","0","02","0","40 01:56.507","","00","75 58:46.136","0","0","0","0","36232","0","0","0","","0","0","0","3","68J01","0","","1","01","N","N","0","","0","0","0","0","0","","1127","0","2","0","0","0","0","0","1","0","2","N","","","","","","","","","","","","03","  ","","",""
"0855","1","0","0","0","0","0","0","0","0","1","0","","36","09","2017","2017095355","6","40.0596","-76.3194","0853","08","0","0","0","0","0","0","0","0","1","0","0","0","08","1","1","00","1","40 03:34.480","1","00","76 19:09.715","4","0","0","0","36101","0","0","0","","0","0","0","2","36101","1","","1","01","N","N","0","","0","0","1","0","0","N","0850","1","2","0","0","0","0","0","3","0","2","N","","","","","","","","","","","","03","  ","","",""
"0812","2","0","0","0","0","0","0","0","0","4","1","","36","09","2017","2017095356","5","40.0614","-76.3529","0806","08","0","0","0","0","0","1","1","0","3","0","1","0","08","1","2","00","1","40 03:40.957","4","00","76 21:10.355","4","0","0","0","36214","0","0","0","","0","0","0","3","36214","2","","1","09","N","N","0","","0","0","0","0","0","N","0802","2","3","0","0","0","0","0","3","0","3","N","","","","","","","","","","","","07","  ","","",""
"1320","1","0","0","0","0","0","0","0","0","1","0","","36","08","2017","2017095357","5","40.0221","-76.3774","1310","08","0","0","0","0","0","0","2","1","9","0","0","0","13","1","2","00","9","40 01:19.580","6","00","76 22:38.560","4","0","0","0","36223","0","0","0","","0","0","0","4","36223","2","","1","01","N","N","0","","0","0","1","0","0","N","1310","2","3","0","0","0","0","0","1","1","3","N","","","","","","","","","","","","03","  ","","",""
"0752","0","0","0","0","0","0","0","0","0","4","0","","36","09","2017","2017095383","6","40.1298","-76.2166","0748","08","0","0","0","0","0","1","0","0","2","0","0","0","07","1","3","01","1","40 07:47.738","4","02","76 12:59.285","3","0","0","0","36238","0","0","0","N","0","0","0","4","36238","1","","1","01","N","N","0","","2","0","1","3","2","Y","0745","3","2","0","0","0","0","0","3","1","2","N","","","","","","","","","","","","03","  ","","",""
"1338","0","0","0","0","0","0","0","0","0","4","0","","36","09","2017","2017095406","6","40.2048","-76.1526","1335","08","0","0","0","0","0","0","0","1","","0","0","0","13","1","1","00","0","40 12:17.324","","07","76 09:09.358","3","0","0","0","36210","0","0","0","N","0","0","0","3","36210","0","","1","01","N","N","2","","1","0","0","0","0","","1329","1","2","0","0","0","0","0","1","0","2","N","","","","","","","","","","","","03","  ","","",""
"1159","1","0","0","0","0","0","0","0","0","4","0","","36","09","2017","2017095422","7","40.04","-76.3662","1147","08","0","0","0","0","0","0","0","1","","0","0","0","11","1","0","00","0","40 02:23.854","","00","76 21:58.304","0","0","0","0","36214","0","0","0","N","0","0","0","2","36214","0","","1","01","N","N","1","","0","0","0","0","0","","1145","0","2","0","0","0","0","0","3","0","2","N","","","","","","","","","","","","03","  ","","",""
"0008","1","0","0","0","0","0","0","0","0","7","0","","36","09","2017","2017095492","5","40.0979","-76.2819","0003","08","0","0","0","0","0","0","0","0","","0","0","0","00","2","0","00","0","40 05:52.300","","00","76 16:54.700","0","0","0","0","36101","0","0","0","","0","0","0","1","36101","0","","2","09","N","N","0","","0","0","0","0","0","","0001","0","1","0","0","0","0","0","3","0","1","N","","","","","","","","","","","","07","  ","","",""
"0127","0","0","0","0","0","0","0","0","0","0","0","","36","09","2017","2017095493","6","40.0685","-76.3031","0127","08","0","0","0","0","0","0","0","0","2","0","0","0","01","2","1","00","2","40 04:06.603","3","00","76 18:11.024","4","0","0","0","36101","0","0","0","","0","0","0","1","36101","1","","4","01","N","N","1","","0","0","0","0","0","N","0123","1","1","0","0","0","0","0","3","0","1","N","","","","","","","","","","","","03","  ","","",""
"2108","1","0","0","0","0","0","0","0","0","4","0","","36","09","2017","2017095533","6","40.1469","-76.6312","2100","08","0","0","0","0","0","0","0","0","","0","0","0","20","2","0","00","0","40 08:48.750","","07","76 37:52.383","0","0","0","1","36237","0","0","0","N","0","0","0","3","36505","0","","1","01","N","N","0","","0","0","0","0","0","","2057","0","2","0","0","0","0","0","1","0","2","N","","","","","","","","","","","","03","  ","","",""
"0750","0","0","0","0","0","0","0","0","0","1","0","","36","09","2017","2017095545","6","40.0371","-76.4128","0750","08","0","0","0","0","0","0","0","0","1","0","0","0","07","1","2","02","1","40 02:13.582","3","00","76 24:45.905","4","0","0","0","36223","0","0","0","","0","0","0","2","36223","2","","1","01","N","N","0","","0","0","2","0","0","N","0746","2","2","0","0","0","0","0","1","0","2","N","","","","","","","","","","","","03","  ","","",""
"1124","0","0","0","0","0","0","0","0","0","4","0","","36","09","2017","2017095546","6","40.0362","-76.363","1123","08","0","0","0","0","0","1","0","0","1","0","0","0","11","1","0","02","1","40 02:10.180","1","00","76 21:46.960","0","0","0","0","36223","0","0","0","","0","0","0","2","36223","0","","1","01","N","N","1","","0","0","1","0","0","N","1120","0","2","0","0","0","0","0","1","0","2","N","","","","","","","","","","","","03","  ","","",""
"1531","1","0","0","0","0","0","0","0","0","1","0","","36","09","2017","2017095584","6","40.0454","-76.4244","1525","08","0","0","0","1","0","1","0","0","","0","0","0","15","1","0","06","0","40 02:43.536","","02","76 25:27.731","0","0","0","0","36239","0","0","0","N","0","0","0","2","36239","0","","1","01","N","N","1","","0","0","0","0","0","","1523","0","2","0","0","0","0","0","3","0","2","N","","","","","","","","","","","","03","  ","","",""
"1533","1","0","0","0","0","0","0","0","0","4","0","","36","09","2017","2017095600","2","40.1686","-76.2362","1529","08","0","0","1","0","0","0","0","0","","0","0","0","15","1","0","01","0","40 10:06.990","","00","76 14:10.429","0","0","0","0","36218","0","0","0","N","0","0","0","3","36408","0","","1","01","N","N","1","","0","0","0","3","3","","1528","0","2","0","0","0","0","0","1","0","2","N","","","","","","","","","","","","03","  ","","",""
"1218","0","0","0","0","0","0","0","0","0","4","0","","36","09","2017","2017095631","1","40.1589","-76.3926","1208","08","0","0","1","0","0","0","0","0","1","0","0","0","12","1","0","05","2","40 09:32.101","7","00","76 23:33.439","0","0","0","0","36410","0","0","0","N","0","0","0","2","36410","0","","1","09","N","N","1","","0","0","1","3","3","Y","1208","0","2","0","0","0","0","0","2","0","2","N","","","","","","","","","","","","03","  ","","",""
"1555","0","0","0","0","0","0","0","0","0","7","0","","36","09","2017","2017095648","4","40.215","-76.0885","1550","08","0","0","0","1","0","0","0","0","2","0","0","0","15","1","0","03","1","40 12:53.977","2","00","76 05:18.756","0","0","0","0","36210","0","0","0","N","0","0","0","1","36210","0","","1","09","N","N","0","","0","0","1","0","0","N","1546","0","1","0","0","0","0","0","1","0","1","N","","","","","","","","","","","","07","  ","","",""
"1546","0","0","0","0","0","0","0","0","0","1","0","","36","09","2017","2017095651","5","40.1119","-75.9887","1538","08","0","0","0","0","0","0","1","0","1","0","0","0","15","1","1","00","2","40 06:42.959","6","00","75 59:19.407","4","0","0","0","36209","0","0","0","N","0","0","0","5","36415","1","","1","01","N","N","2","","0","0","1","0","0","Y","1533","1","3","0","0","0","0","0","1","0","3","N","","","","","","","","","","","","03","  ","","",""
"2047","1","0","0","0","0","0","0","0","0","7","0","","36","09","2017","2017095668","6","40.1478","-76.2094","2045","08","0","0","0","0","0","0","0","0","","0","0","0","20","2","0","00","0","40 08:52.197","","00","76 12:33.684","0","0","0","0","36238","0","0","0","N","0","0","0","1","36238","0","","4","01","N","N","0","","0","0","0","0","0","","2043","0","1","0","0","0","0","0","3","0","1","N","","","","","","","","","","","","03","  ","","",""
"0946","2","0","0","0","0","0","0","0","0","4","0","","36","09","2017","2017095675","1","40.2446","-76.0524","0938","08","0","0","0","0","0","1","0","0","1","0","0","0","09","1","1","00","2","40 14:40.400","6","00","76 03:08.500","8","0","0","0","36401","0","0","0","N","0","0","0","3","36408","0","","1","01","N","N","0","","0","0","0","0","0","Y","0936","1","2","0","0","0","1","0","1","0","2","N","","","","","","","","","","","","03","  ","","",""
"0355","3","0","0","0","0","0","0","0","0","5","0","","36","09","2017","2017095685","7","40.0243","-76.3186","0350","08","0","0","0","0","0","0","0","0","","0","0","0","00","3","0","00","0","40 01:27.500","","00","76 19:06.800","0","0","0","0","36301","0","0","0","N","0","0","0","1","36301","0","","6","01","N","N","0","","0","0","0","0","0","","0026","0","3","0","0","0","0","0","3","0","3","N","","","","","","","","","","","","03","  ","","",""
"2241","1","0","0","0","0","0","0","0","0","7","0","","36","09","2017","2017095758","5","40.2534","-76.0856","2239","08","0","0","0","0","0","0","0","0","","0","0","0","22","2","0","00","0","40 15:12.389","","00","76 05:07.993","0","0","0","0","36210","0","0","0","N","0","0","0","1","36210","0","","4","01","N","N","0","","0","0","0","0","0","","2236","0","1","0","0","0","0","0","1","0","1","N","","","","","","","","","","","","03","  ","","",""
"0420","1","0","0","0","0","0","0","0","0","6","0","","36","09","2017","2017095769","1","40.1019","-76.0797","0418","08","0","0","0","0","0","0","0","0","","0","0","0","04","3","0","00","0","40 06:06.900","","00","76 04:46.800","9","0","0","0","36415","0","0","0","N","0","0","0","1","36415","0","","6","01","N","N","1","","0","0","1","0","0","","0415","0","3","0","0","0","0","1","1","0","3","N","","","","","","","","","","","","03","  ","","",""