"ARRIVAL_TM","AUTOMOBILE_COUNT","BELTED_DEATH_COUNT","BELTED_SUSP_SERIOUS_INJ_COUNT","BICYCLE_COUNT","BICYCLE_DEATH_COUNT","BICYCLE_SUSP_SERIOUS_INJ_COUNT","BUS_COUNT","CHLDPAS_DEATH_COUNT","CHLDPAS_SUSP_SERIOUS_INJ_COUNT","COLLISION_TYPE","COMM_VEH_COUNT","CONS_ZONE_SPD_LIM","COUNTY","CRASH_MONTH","CRASH_YEAR","CRN","DAY_OF_WEEK","DEC_LAT","DEC_LONG","DISPATCH_TM","DISTRICT","DRIVER_COUNT_16YR","DRIVER_COUNT_17YR","DRIVER_COUNT_18YR","DRIVER_COUNT_19YR","DRIVER_COUNT_20YR","DRIVER_COUNT_50_64YR","DRIVER_COUNT_65_74YR","DRIVER_COUNT_75PLUS","EST_HRS_CLOSED","FATAL_COUNT","HEAVY_TRUCK_COUNT","HORSE_BUGGY_COUNT","HOUR_OF_DAY","ILLUMINATION","INJURY_COUNT","INTERSECT_TYPE","LANE_CLOSED","LATITUDE","LN_CLOSE_DIR","LOCATION_TYPE","LONGITUDE","MAX_SEVERITY_LEVEL","MCYCLE_DEATH_COUNT","MCYCLE_SUSP_SERIOUS_INJ_COUNT","MOTORCYCLE_COUNT","MUNICIPALITY","NONMOTR_COUNT","NONMOTR_DEATH_COUNT","NONMOTR_SUSP_SERIOUS_INJ_COUNT","NTFY_HIWY_MAINT","PED_COUNT","PED_DEATH_COUNT","PED_SUSP_SERIOUS_INJ_COUNT","PERSON_COUNT","POLICE_AGCY","POSSIBLE_INJ_COUNT","RDWY_SURF_TYPE_CD","RELATION_TO_ROAD","ROAD_CONDITION","SCH_BUS_IND","SCH_ZONE_IND","SMALL_TRUCK_COUNT","SPEC_JURIS_CD","SUSP_MINOR_INJ_COUNT","SUSP_SERIOUS_INJ_COUNT","SUV_COUNT","TCD_FUNC_CD","TCD_TYPE","TFC_DETOUR_IND","TIME_OF_DAY","TOT_INJ_COUNT","TOTAL_UNITS","UNB_DEATH_COUNT","UNB_SUSP_SERIOUS_INJ_COUNT","UNBELTED_OCC_COUNT","UNK_INJ_DEG_COUNT","UNK_INJ_PER_COUNT","URBAN_RURAL","VAN_COUNT","VEHICLE_COUNT","WORK_ZONE_IND","WORK_ZONE_LOC","WORK_ZONE_TYPE","WORKERS_PRES","WZ_CLOSE_DETOUR","WZ_FLAGGER","WZ_LAW_OFFCR_IND","WZ_LN_CLOSURE","WZ_MOVING","WZ_OTHER","WZ_SHLDER_MDN","ROADWAY_CLEARED","WEATHER1","WEATHER2","WZ_WORKERS_INJ_KILLED","SECONDARY_CRASH","INTERSECTION_RELATED"
"1554","1","0","0","0","0","0","0","0","0","7","0","","36","09","2017","2017095796","1","40.2506","-76.165","1551","08","0","0","0","0","0","0","0","0","","0","0","0","15","1","0","00","0","40 15:02.100","","00","76 09:53.900","0","0","0","0","36236","0","0","0","N","0","0","0","3","36408","0","","2","01","N","N","0","","0","0","0","0","0","","1548","0","1","0","0","1","0","0","1","0","1","N","","","","","","","","","","","","03","  ","","",""
"0235","1","0","0","0","0","0","0","0","0","7","0","","36","09","2017","2017095802","1","40.0113","-76.2251","0234","08","0","0","0","1","0","0","0","0","","0","0","0","02","2","0","00","0","40 00:40.717","","00","76 13:30.378","0","0","0","0","36240","0","0","0","N","0","0","0","1","36240","0","","5","01","N","N","0","","0","0","0","0","0","","0215","0","1","0","0","0","0","0","1","0","1","N","","","","","","","","","","","","03","  ","","",""
"0525","1","0","0","0","0","0","0","0","0","7","0","","36","09","2017","2017095806","5","40.1485","-76.4416","0520","08","0","0","0","0","0","0","0","0","3","0","0","0","05","2","0","02","2","40 08:54.477","2","00","76 26:29.720","0","0","0","0","36230","0","0","0","N","0","0","0","1","36410","0","","4","09","N","N","0","","0","0","0","1","3","Y","0515","0","1","0","0","0","0","0","1","0","1","N","","","","","","","","","","","","05","  ","","",""
"0514","1","0","0","0","0","0","0","0","0","7","0","","36","09","2017","2017095808","1","40.13","-76.6229","0503","08","0","0","1","0","0","0","0","0","","0","0","0","04","2","0","00","0","40 07:47.913","","00","76 37:22.459","0","0","0","0","36237","0","0","0","N","0","0","0","1","36505","0","","4","01","N","N","0","","0","0","0","0","0","","0450","0","1","0","0","0","0","0","1","0","1","N","","","","","","","","","","","","03","  ","","",""
"0032","1","0","0","0","0","0","0","0","0","7","0","","36","09","2017","2017095867","2","40.1096","-76.2039","0028","08","0","0","0","0","0","0","0","0","","0","0","0","00","2","0","00","0","40 06:34.519","","00","76 12:14.085","0","0","0","0","36238","0","0","0","N","0","0","0","1","36238","0","","4","01","N","N","0","","0","0","0","0","0","","0028","0","1","0","0","0","0","0","3","0","1","N","","","","","","","","","","","","03","  ","","",""
"0935","1","0","1","0","0","0","0","0","0","7","0","","36","05","2017","2017095898","7","40.1295","-76.0098","0929","08","0","1","0","0","0","0","0","0","3","0","0","0","09","1","1","00","2","40 07:46.187","5","00","76 00:35.229","2","0","0","0","36213","0","0","0","N","0","0","0","1","36213","0","","5","09","N","N","0","","0","1","0","0","0","Y","0925","1","1","0","0","0","0","0","1","0","1","N","","","","","","","","","","","","07","  ","","",""
"0828","1","0","0","0","0","0","0","0","0","1","0","","36","09","2017","2017095958","2","39.9006","-76.1528","0825","08","0","0","0","0","0","0","1","0","","0","0","0","08","1","1","02","0","39 54:02.284","","00","76 09:10.235","4","0","0","0","36416","0","0","0","N","0","0","0","2","36416","1","","1","01","N","N","0","","0","0","1","0","0","","0825","1","2","0","0","0","0","0","1","0","2","N","","","","","","","","","","","","03","  ","","",""
"1811","1","0","0","0","0","0","0","0","0","1","0","","36","09","2017","2017095972","7","40.0685","-76.5453","1805","08","0","0","1","0","0","0","0","1","2","0","0","0","18","1","2","02","2","40 04:06.561","6","00","76 32:42.924","4","0","0","0","36211","0","0","0","N","0","0","0","4","36504","1","","1","01","N","N","2","","0","0","0","3","3","Y","1804","2","3","0","0","0","1","0","1","0","3","N","","","","","","","","","","","","03","  ","","",""
"1620","2","0","0","0","0","0","0","0","0","4","0","","36","09","2017","2017095975","2","40.0427","-76.3066","1617","08","0","0","1","0","0","1","0","0","","0","0","0","16","1","1","01","0","40 02:33.734","","00","76 18:23.723","4","0","0","0","36301","0","0","0","N","0","0","0","2","36301","1","","1","01","N","N","0","","0","0","0","3","2","","1617","1","2","0","0","0","0","0","3","0","2","N","","","","","","","","","","","","03","  ","","",""
"1520","0","0","0","0","0","0","0","0","0","1","2","","36","09","2017","2017096028","3","40.0681","-76.3018","1516","08","0","0","0","0","0","0","1","0","1","0","2","0","15","1","0","00","1","40 04:05.504","3","00","76 18:07.603","0","0","0","0","36101","0","0","0","","0","0","0","4","36101","0","","1","01","N","N","0","","0","0","0","0","0","N","1511","0","2","0","0","0","0","0","3","0","2","N","","","","","","","","","","","","03","  ","","",""
"1010","2","0","0","0","0","0","0","0","0","5","0","","36","09","2017","2017096029","1","40.0641","-76.3056","1007","08","0","0","0","0","0","0","0","1","","0","0","0","10","1","0","00","0","40 03:50.653","","00","76 18:20.076","0","0","0","0","36101","0","0","0","","0","0","0","2","36101","0","","1","09","N","N","0","","0","0","0","0","0","","1006","0","2","0","0","0","0","0","3","0","2","N","","","","","","","","","","","","07","  ","","",""
"1502","2","0","0","0","0","0","0","0","0","1","0","","36","08","2017","2017096030","4","40.038","-76.3496","1500","08","0","0","0","0","0","1","0","1","1","0","0","0","15","1","1","00","1","40 02:16.741","3","00","76 20:58.738","4","0","0","0","36223","0","0","0","","0","0","0","4","36223","1","","1","01","N","N","0","","0","0","1","0","0","N","1500","1","3","0","0","0","0","0","1","0","3","N","","","","","","","","","","","","03","  ","","",""
"1724","0","0","0","0","0","0","0","0","0","1","0","","36","09","2017","2017096098","2","40.1573","-76.2048","1722","08","0","0","1","0","0","1","0","0","1","0","0","0","17","1","0","02","2","40 09:26.187","1","00","76 12:17.411","0","0","0","0","36402","0","0","0","N","0","0","0","4","36402","0","","1","01","N","N","2","","0","0","0","0","0","N","1720","0","2","0","0","0","0","0","2","0","2","N","","","","","","","","","","","","03","  ","","",""
"1733","2","0","0","0","0","0","0","0","0","2","0","","36","09","2017","2017096099","2","40.0479","-76.4039","1721","08","0","0","0","0","0","1","0","0","","0","0","0","17","1","1","00","0","40 02:52.278","","00","76 24:14.097","4","0","0","0","36214","0","0","0","N","0","0","0","3","36214","1","","2","01","N","N","0","","0","0","0","0","0","","1720","1","2","0","0","0","0","0","3","0","2","N","","","","","","","","","","","","03","  ","","",""
"2123","1","0","0","0","0","0","0","0","0","8","0","","36","09","2017","2017096118","2","40.0635","-76.3589","2121","08","0","0","0","0","0","1","0","0","1","0","0","0","21","3","1","01","1","40 03:48.687","5","00","76 21:32.099","8","0","0","0","36214","1","0","0","N","1","0","0","2","36214","0","","1","01","N","N","0","","0","0","0","0","0","N","2119","1","2","0","0","0","1","0","3","0","1","N","","","","","","","","","","","","03","  ","","",""
"0825","2","0","0","0","0","0","0","0","0","1","0","","36","09","2017","2017096151","4","40.0144","-76.3485","0823","08","0","0","0","0","1","0","0","0","","0","0","0","08","1","0","00","0","40 00:51.872","","00","76 20:54.753","0","0","0","0","36412","0","0","0","N","0","0","0","2","36412","0","","1","01","N","N","0","","0","0","0","0","0","","0820","0","2","0","0","0","0","0","3","0","2","N","","","","","","","","","","","","03","  ","","",""
"2335","1","0","0","0","0","0","0","0","0","4","0","","36","09","2017","2017096210","7","40.095","-76.3048","2327","08","0","0","0","0","0","0","0","0","1","0","0","0","23","3","0","00","1","40 05:42.071","5","00","76 18:17.454","0","0","0","0","36101","0","0","0","","0","0","0","2","36101","0","","1","01","N","N","0","","0","0","1","0","0","N","2325","0","2","0","0","0","0","0","3","0","2","N","","","","","","","","","","","","03","  ","","",""
"1420","1","0","0","0","0","0","0","0","0","4","0","","36","08","2017","2017096211","5","40.1818","-76.4945","1419","08","0","0","0","0","0","1","0","0","2","0","0","0","14","1","1","01","2","40 10:54.338","7","00","76 29:40.023","8","0","0","0","36230","0","0","0","","0","0","0","2","36410","0","","1","01","N","N","0","","0","0","0","3","3","Y","1418","1","2","0","0","0","1","0","1","1","2","N","","","","","","","","","","","","03","  ","","",""
"2035","1","0","0","0","0","0","0","0","0","4","0","","36","09","2017","2017096306","5","40.2246","-76.0943","2035","08","0","0","1","0","0","0","1","0","2","0","0","0","20","3","0","00","1","40 13:28.528","2","07","76 05:39.368","0","0","0","0","36210","0","0","0","N","0","0","0","2","36210","0","","1","01","Y","N","0","","0","0","1","0","0","N","2035","0","2","0","0","0","0","0","1","0","2","N","","","","","","","","","","","","03","  ","","",""
"1242","1","0","0","0","0","0","0","0","0","5","0","","36","09","2017","2017096318","5","40.0421","-76.3134","1238","08","0","0","0","1","0","0","0","1","3","0","0","0","12","1","1","01","1","40 02:31.437","2","00","76 18:48.380","8","0","0","0","36301","0","0","0","N","0","0","0","2","36301","0","","1","01","N","N","0","","0","0","0","3","2","N","1236","1","2","0","0","0","1","0","3","1","2","N","","","","","","","","","","","","03","  ","","",""
"1659","0","0","0","0","0","0","0","0","0","7","0","","36","09","2017","2017096326","2","40.0534","-76.519","1649","08","0","0","0","0","0","0","0","0","2","0","0","0","16","1","1","00","2","40 03:12.111","5","00","76 31:08.220","8","0","0","0","36239","0","0","0","N","0","0","0","1","36239","0","","2","01","N","N","0","","0","0","1","0","0","Y","1649","1","1","0","0","0","1","0","3","0","1","N","","","","","","","","","","","","03","  ","","",""
"0741","1","0","0","0","0","0","0","0","0","8","0","","36","09","2017","2017096327","3","40.0394","-76.2933","0736","08","0","0","0","0","0","0","0","0","","0","0","0","07","5","1","01","0","40 02:21.963","","00","76 17:35.707","4","0","0","0","36301","1","0","0","N","1","0","0","2","36301","1","","1","01","Y","N","0","","0","0","0","3","3","","0734","1","2","0","0","0","0","0","3","0","1","N","","","","","","","","","","","","03","  ","","",""
"1732","2","0","0","0","0","0","0","0","0","4","0","","36","09","2017","2017096346","1","40.0445","-76.3049","1732","08","0","0","0","0","0","1","0","0","2","0","0","0","17","1","3","01","1","40 02:40.086","2","00","76 18:17.536","3","0","0","0","36301","0","0","0","N","0","0","0","3","36301","2","","1","01","N","N","0","","1","0","0","3","2","N","1732","3","2","0","0","0","0","0","3","0","2","N","","","","","","","","","","","","98","  ","","",""
"0913","0","0","0","0","0","0","0","0","0","6","0","","36","09","2017","2017096360","3","40.1151","-76.0564","0905","08","0","0","0","0","0","0","0","0","","0","0","0","09","1","0","00","0","40 06:54.507","","00","76 03:22.919","0","0","0","0","36213","0","0","0","N","0","0","0","2","36213","0","","1","01","N","N","0","","0","0","0","0","0","","0902","0","2","0","0","0","0","0","1","2","2","N","","","","","","","","","","","","03","  ","","",""
"1327","0","0","0","0","0","0","0","0","0","1","0","","36","09","2017","2017096370","5","40.0643","-76.3381","1255","08","0","0","0","0","0","2","0","0","","0","0","0","12","1","0","07","0","40 03:51.599","","02","76 20:17.052","0","0","0","0","36301","0","0","0","N","0","0","0","3","36301","0","","1","01","N","N","1","","0","0","2","0","0","","1255","0","3","0","0","0","0","0","3","0","3","N","","","","","","","","","","","","03","  ","","",""
"1434","1","0","0","0","0","0","0","0","0","4","0","","36","09","2017","2017096391","4","40.0626","-76.3137","1430","08","0","0","0","0","0","0","1","0","","0","0","0","14","1","0","02","0","40 03:45.168","","00","76 18:49.822","0","0","0","0","36101","0","0","0","N","0","0","0","4","36301","0","","1","01","N","N","0","","0","0","1","3","2","","1408","0","2","0","0","0","0","0","3","0","2","N","","","","","","","","","","","","03","  ","","",""
"1214","1","0","0","0","0","0","0","0","0","4","0","","36","09","2017","2017096399","3","40.1755","-76.1779","1209","08","0","0","0","0","0","0","0","0","1","0","0","0","12","1","1","01","1","40 10:31.641","7","00","76 10:40.267","8","0","0","0","36408","0","0","0","N","0","0","0","3","36408","0","","1","01","N","N","0","","0","0","1","3","3","Y","1209","1","2","0","0","1","1","0","2","0","2","N","","","","","","","","","","","","03","  ","","",""
"1733","0","0","0","0","0","0","0","0","0","1","1","","36","09","2017","2017096670","6","40.0882","-76.2663","1720","08","0","0","0","0","0","0","0","0","2","0","1","0","17","1","0","00","1","40 05:17.389","2","00","76 15:58.506","0","0","0","0","36101","0","0","0","","0","0","0","2","36101","0","","1","01","N","N","0","","0","0","1","0","0","N","1702","0","2","0","0","0","0","0","3","0","2","N","","","","","","","","","","","","03","  ","","",""
"1937","3","0","0","0","0","0","0","0","0","4","0","","36","08","2017","2017096773","2","40.0374","-76.4981","1934","08","0","0","0","1","0","0","0","0","2","0","0","0","19","1","2","01","2","40 02:14.650","7","00","76 29:53.113","8","0","0","0","36404","0","0","0","N","0","0","0","6","36404","0","","1","01","N","N","0","","0","0","0","0","0","Y","1934","2","3","0","0","0","2","0","3","0","3","N","","","","","","","","","","","","03","  ","","",""
"0100","0","0","0","0","0","0","0","0","0","7","0","50","36","09","2017","2017096789","3","40.2184","-76.0917","0100","08","0","0","0","0","1","0","0","0","","0","0","0","01","2","0","00","0","40 13:06.344","","00","76 05:30.259","0","0","0","0","36210","0","0","0","Y","0","0","0","1","36210","0","","3","01","N","N","0","","0","0","1","0","0","","0100","0","1","0","0","0","0","0","1","0","1","Y","4","1","N","","","N","","","","","","03","  ","","",""
"1929","0","0","0","0","0","0","0","0","0","4","0","","36","09","2017","2017096791","3","40.2081","-76.4669","1922","08","0","0","0","0","0","0","0","0","","0","0","0","19","2","0","00","0","40 12:29.278","","07","76 28:00.777","0","0","0","0","36230","0","0","0","N","0","0","0","2","36410","0","","1","01","N","N","0","","0","0","1","0","0","","1921","0","2","0","0","0","0","0","1","1","2","N","","","","","","","","","","","","03","  ","","",""
"2258","2","0","0","0","0","0","0","0","0","5","0","","36","09","2017","2017096803","2","40.0403","-76.4312","2256","08","0","0","0","0","0","0","0","0","1","0","0","0","22","3","0","00","1","40 02:25.192","4","00","76 25:52.413","0","0","0","0","36414","0","0","0","N","0","0","0","1","36239","0","","6","01","N","N","0","","0","0","0","0","0","N","2256","0","3","0","0","0","0","0","3","1","3","N","","","","","","","","","","","","03","  ","","",""
"0415","1","0","0","0","0","0","0","0","0","5","0","","36","09","2017","2017096820","1","40.0443","-76.2914","0411","08","0","0","0","0","0","0","0","0","","0","0","0","04","3","0","00","0","40 02:39.400","","00","76 17:29.000","0","0","0","0","36301","0","0","0","N","0","0","0","2","36301","0","","4","01","N","N","0","","0","0","0","0","0","","0411","0","2","0","0","0","0","0","3","1","2","N","","","","","","","","","","","","03","  ","","",""
"0706","1","0","0","0","0","0","0","0","0","4","0","","36","09","2017","2017096883","4","40.0431","-76.3284","0659","08","0","0","0","0","0","0","0","0","2","0","0","0","06","1","2","01","1","40 02:35.307","5","00","76 19:42.329","3","0","0","0","36220","0","0","0","","0","0","0","2","36101","1","","1","01","N","N","1","","1","0","0","3","2","N","0657","2","2","0","0","0","0","0","3","0","2","N","","","","","","","","","","","","03","  ","","",""
"1714","1","0","0","0","0","0","0","0","0","1","0","","36","09","2017","2017096884","1","40.0789","-76.281","1707","08","0","0","0","0","0","0","1","0","1","0","0","0","17","1","2","00","1","40 04:43.895","2","00","76 16:51.615","4","0","0","0","36101","0","0","0","","0","0","0","7","36101","2","","1","01","N","N","1","","0","0","1","0","0","N","1705","2","3","0","0","0","0","0","3","0","3","N","","","","","","","","","","","","03","  ","","",""
"2355","0","0","0","0","0","0","0","0","0","9","0","","36","09","2017","2017096885","1","40.0815","-76.3819","2350","08","0","0","0","0","0","0","0","0","","0","0","0","23","3","1","03","0","40 04:53.342","","00","76 22:54.721","4","0","0","0","36214","0","0","0","","0","0","0","1","36214","1","","1","01","N","N","0","","0","0","1","3","3","","2344","1","1","0","0","0","0","0","3","0","1","N","","","","","","","","","","","","03","  ","","",""
"0345","0","0","0","0","0","0","0","0","0","7","0","","36","09","2017","2017096886","1","40.1109","-76.4115","0341","08","0","0","0","0","0","0","0","0","1","0","0","0","03","2","0","00","2","40 06:39.120","3","00","76 24:41.270","0","0","0","0","36214","0","0","0","","0","0","0","1","36214","0","","4","01","N","N","0","","0","0","1","0","0","N","0337","0","1","0","0","0","0","0","3","0","1","N","","","","","","","","","","","","03","  ","","",""
"1246","1","0","0","0","0","0","0","0","0","1","0","","36","09","2017","2017096887","2","40.0441","-76.3634","1230","08","0","0","0","0","0","0","0","1","","0","0","0","12","1","0","00","0","40 02:38.639","","00","76 21:48.317","0","0","0","0","36214","0","0","0","","0","0","0","2","36214","0","","1","01","N","N","0","","0","0","1","3","2","","1230","0","2","0","0","0","0","0","3","0","2","N","","","","","","","","","","","","03","  ","","",""
"1802","1","0","0","0","0","0","0","0","0","7","0","","36","09","2017","2017096993","1","40.1437","-76.5888","1802","08","0","0","0","0","0","0","0","0","","0","0","0","17","1","0","00","0","40 08:37.300","","00","76 35:19.600","0","0","0","0","36407","0","0","0","N","0","0","0","2","36407","0","","2","01","N","N","0","","0","0","0","0","0","","1751","0","1","0","0","0","0","0","2","0","1","N","","","","","","","","","","","","03","  ","","",""
"1841","1","0","0","0","0","0","0","0","0","4","0","","36","09","2017","2017096999","6","40.0245","-76.1937","1831","08","0","0","0","0","0","0","0","0","2","0","0","0","18","1","0","02","2","40 01:28.064","5","07","76 11:37.150","0","0","0","0","36215","0","0","0","N","0","0","0","5","36215","0","","1","01","N","N","0","","0","0","1","0","0","N","1828","0","2","0","0","0","0","0","1","0","2","N","","","","","","","","","","","","03","  ","","",""
"1536","0","0","0","0","0","0","0","0","0","0","1","","36","09","2017","2017097018","4","39.9603","-76.3652","1528","08","0","0","0","0","0","0","0","0","3","0","1","0","15","1","1","00","2","39 57:37.197","5","00","76 21:54.728","4","0","0","0","36206","0","0","0","N","0","0","0","1","36503","1","","5","2","N","N","0","","0","0","0","0","0","Y","1524","1","1","0","0","0","0","0","1","0","1","N","","","","","","","","","","","","03","  ","","",""
"1904","0","0","0","1","0","0","0","0","0","4","0","","36","09","2017","2017097198","3","40.0346","-76.3072","1847","08","0","0","0","0","0","0","0","0","","0","0","0","18","1","1","01","0","40 02:04.495","","00","76 18:25.758","8","0","0","0","36301","1","0","0","N","0","0","0","2","36301","0","","1","01","N","N","0","","0","0","1","0","0","","1800","1","2","0","0","0","1","1","3","0","1","N","","","","","","","","","","","","03","  ","","",""
"2138","1","0","0","0","0","0","0","0","0","4","0","","36","09","2017","2017097214","7","40.0302","-76.293","2126","08","0","0","0","0","0","1","0","0","","0","0","0","21","3","0","01","0","40 01:48.723","","00","76 17:34.850","0","0","0","0","36301","0","0","0","N","0","0","0","3","36301","0","","1","01","N","N","0","","0","0","1","3","3","","2122","0","2","0","0","0","0","0","3","0","2","N","","","","","","","","","","","","03","  ","","",""
"2046","1","0","0","0","0","0","0","0","0","8","0","","36","09","2017","2017097228","4","40.157","-76.3073","2046","08","0","0","0","0","0","0","0","0","","0","0","0","20","3","1","01","0","40 09:25.196","","00","76 18:26.231","8","0","0","0","36409","1","0","0","N","1","0","0","2","36409","0","","1","01","N","N","0","","0","0","0","3","2","","2045","1","2","0","0","0","1","0","3","0","1","N","","","","","","","","","","","","03","  ","","",""
"2109","1","0","0","0","0","0","0","0","0","7","0","","36","09","2017","2017097231","4","40.0546","-76.2693","2101","08","0","0","0","0","0","0","0","0","2","0","0","0","21","2","0","06","1","40 03:16.577","4","02","76 16:09.458","0","0","0","0","36101","0","0","0","N","0","0","0","1","36301","0","","2","01","N","N","0","","0","0","0","0","0","N","2100","0","2","0","0","0","0","0","3","0","1","N","","","","","","","","","","","","03","  ","","",""
"2016","1","0","0","0","0","0","0","0","0","8","0","","36","09","2017","2017097232","4","40.0431","-76.2939","2014","08","0","0","0","0","0","0","0","0","2","0","0","0","20","3","1","01","1","40 02:35.156","2","00","76 17:37.996","3","0","0","0","36301","1","0","0","N","1","0","0","2","36301","0","","1","01","N","N","0","","1","0","0","0","0","N","2013","1","2","0","0","0","0","0","3","0","1","N","","","","","","","","","","","","03","  ","","",""
"1649","0","0","0","0","0","0","0","0","0","4","0","","36","09","2017","2017097267","2","39.9436","-76.2106","1644","08","0","0","0","0","0","0","1","0","2","0","0","0","16","1","2","01","1","39 56:37.007","2","00","76 12:38.078","3","0","0","0","36233","0","0","0","","0","0","0","2","68J01","0","","1","01","N","N","0","","2","0","2","3","3","N","1641","2","2","0","0","0","0","0","1","0","2","N","","","","","","","","","","","","03","  ","","",""
"0610","1","0","0","0","0","0","0","0","0","1","1","","36","09","2017","2017097278","6","40.2459","-76.2124","0536","08","0","0","0","0","0","0","0","0","","0","1","0","05","2","2","00","0","40 14:45.273","","00","76 12:42.602","8","0","0","0","36236","0","0","0","","0","0","0","2","68T06","0","","1","01","N","N","0","","0","0","0","0","0","","0536","2","2","0","0","0","2","0","1","0","2","N","","","","","","","","","","","","03","  ","","",""
"1024","0","0","0","0","0","0","0","0","0","4","0","","36","09","2017","2017097279","2","40.1469","-76.603","1022","08","0","0","0","0","0","0","2","0","2","0","0","0","10","1","0","01","2","40 08:48.953","6","00","76 36:10.703","0","0","0","0","36407","0","0","0","N","0","0","0","3","36407","0","","1","01","N","N","1","","0","0","1","3","2","Y","1020","0","2","0","0","2","0","0","2","0","2","N","","","","","","","","","","","","03","  ","","",""
"0751","0","0","0","0","0","0","0","0","0","4","0","","36","09","2017","2017097287","4","40.0379","-76.2745","0730","08","0","0","0","0","0","0","0","0","2","0","0","0","07","1","0","02","1","40 02:16.839","4","00","76 16:28.341","0","0","0","0","36220","0","0","0","","0","0","0","2","36101","0","","1","01","N","N","0","","0","0","2","3","2","N","0728","0","2","0","0","0","0","0","3","0","2","N","","","","","","","","","","","","03","  ","","",""
"1701","0","0","0","0","0","0","0","0","0","1","0","","36","09","2017","2017097288","5","40.0679","-76.2993","1655","08","0","0","0","0","0","0","0","0","1","0","0","0","16","1","0","00","1","40 04:04.528","3","00","76 17:57.411","0","0","0","0","36101","0","0","0","","0","0","0","6","36101","0","","1","01","N","N","1","","0","0","2","0","0","N","1652","0","3","0","0","0","0","0","3","0","3","N","","","","","","","","","","","","03","  ","","",""
"1005","2","0","0","0","0","0","0","0","0","1","0","","36","09","2017","2017097289","7","40.065","-76.284","1005","08","0","0","0","0","0","0","0","0","2","0","0","0","10","1","0","00","2","40 03:53.957","3","00","76 17:02.245","0","0","0","0","36101","0","0","0","","0","0","0","2","36101","0","","1","01","N","N","0","","0","0","0","0","0","N","1005","0","2","0","0","0","0","0","3","0","2","N","","","","","","","","","","","","03","  ","","",""
"1627","2","0","0","0","0","0","0","0","0","1","0","","36","09","2017","2017097290","6","40.0864","-76.1992","1621","08","0","0","0","0","0","0","0","0","","0","0","0","16","1","1","02","0","40 05:11.145","","00","76 11:57.218","8","0","0","0","36234","0","0","0","","0","0","0","7","36215","0","","1","01","N","N","0","","0","0","1","3","3","","1621","1","3","0","0","1","1","0","1","0","3","N","","","","","","","","","","","","03","  ","","",""
"1455","1","0","0","0","0","0","0","0","0","4","0","","36","09","2017","2017097291","6","40.0406","-76.2528","1449","08","0","0","0","0","0","0","0","1","","0","0","0","14","1","0","01","0","40 02:26.266","","00","76 15:10.198","0","0","0","0","36215","0","0","0","","0","0","0","2","36215","0","","1","01","N","N","0","","0","0","1","3","2","","1447","0","2","0","0","0","0","0","1","0","2","N","","","","","","","","","","","","03","  ","","",""
"1115","0","0","0","0","0","0","0","0","0","7","0","","36","08","2017","2017097310","5","40.1724","-75.9341","1101","08","0","0","0","0","0","0","0","0","","0","0","0","10","1","1","00","0","40 10:20.700","","00","75 56:02.820","3","0","0","0","36203","0","0","0","","0","0","0","1","68J01","0","","4","01","N","N","1","","1","0","0","0","0","","1059","1","1","0","0","0","0","0","1","0","1","N","","","","","","","","","","","","03","  ","","",""
"1256","0","0","0","0","0","0","0","0","0","0","0","","36","08","2017","2017097313","7","39.8644","-76.2584","1254","08","0","0","0","0","0","0","0","0","1","0","0","0","12","1","2","00","2","39 51:51.980","6","00","76 15:30.303","3","0","0","1","36208","0","0","0","","0","0","0","2","68J01","0","","1","01","N","N","0","","2","0","0","0","0","Y","1252","2","1","0","0","0","0","0","1","0","1","N","","","","","","","","","","","","03","  ","","",""
"1550","0","0","0","0","0","0","0","0","0","8","0","","36","09","2017","2017097343","1","40.0469","-76.3053","1545","08","0","0","0","0","0","0","0","0","","0","0","0","15","1","1","00","0","40 02:48.792","","00","76 18:19.165","4","0","0","0","36301","1","0","0","N","1","0","0","2","36301","1","","1","01","N","N","0","","0","0","1","0","0","","1545","1","2","0","0","0","0","0","3","0","1","N","","","","","","","","","","","","03","  ","","",""
"1557","2","0","0","0","0","0","0","0","0","1","0","","36","09","2017","2017097345","4","40.0424","-76.4359","1551","08","0","0","0","1","0","1","0","0","","0","0","0","15","1","0","00","0","40 02:32.817","","00","76 26:09.066","0","0","0","0","36414","0","0","0","N","0","0","0","2","36239","0","","1","01","N","N","0","","0","0","0","0","0","","1548","0","2","0","0","0","0","0","3","0","2","N","","","","","","","","","","","","03","  ","","",""
"0802","1","0","0","0","0","0","0","0","0","4","0","","36","09","2017","2017097366","5","40.1554","-76.2057","0802","08","0","0","0","0","0","1","0","0","1","0","0","0","08","1","1","01","2","40 09:19.352","1","00","76 12:20.462","3","0","0","0","36402","0","0","0","N","0","0","0","2","36402","0","","1","01","N","N","0","","1","0","1","3","2","Y","0800","1","2","0","0","0","0","0","2","0","2","N","","","","","","","","","","","","03","  ","","",""
"1419","2","0","0","0","0","0","0","0","0","1","0","","36","09","2017","2017097393","4","40.1495","-76.3812","1414","08","0","0","0","0","0","0","1","2","1","0","0","0","14","1","1","00","1","40 08:58.237","1","00","76 22:52.461","3","0","0","0","36227","0","0","0","","0","0","0","6","36506","0","","1","01","N","N","0","","1","0","1","3","2","N","1414","1","3","0","0","0","0","0","1","0","3","N","","","","","","","","","","","","03","  ","","",""