"ARRIVAL_TM","AUTOMOBILE_COUNT","BELTED_DEATH_COUNT","BELTED_SUSP_SERIOUS_INJ_COUNT","BICYCLE_COUNT","BICYCLE_DEATH_COUNT","BICYCLE_SUSP_SERIOUS_INJ_COUNT","BUS_COUNT","CHLDPAS_DEATH_COUNT","CHLDPAS_SUSP_SERIOUS_INJ_COUNT","COLLISION_TYPE","COMM_VEH_COUNT","CONS_ZONE_SPD_LIM","COUNTY","CRASH_MONTH","CRASH_YEAR","CRN","DAY_OF_WEEK","DEC_LAT","DEC_LONG","DISPATCH_TM","DISTRICT","DRIVER_COUNT_16YR","DRIVER_COUNT_17YR","DRIVER_COUNT_18YR","DRIVER_COUNT_19YR","DRIVER_COUNT_20YR","DRIVER_COUNT_50_64YR","DRIVER_COUNT_65_74YR","DRIVER_COUNT_75PLUS","EST_HRS_CLOSED","FATAL_COUNT","HEAVY_TRUCK_COUNT","HORSE_BUGGY_COUNT","HOUR_OF_DAY","ILLUMINATION","INJURY_COUNT","INTERSECT_TYPE","LANE_CLOSED","LATITUDE","LN_CLOSE_DIR","LOCATION_TYPE","LONGITUDE","MAX_SEVERITY_LEVEL","MCYCLE_DEATH_COUNT","MCYCLE_SUSP_SERIOUS_INJ_COUNT","MOTORCYCLE_COUNT","MUNICIPALITY","NONMOTR_COUNT","NONMOTR_DEATH_COUNT","NONMOTR_SUSP_SERIOUS_INJ_COUNT","NTFY_HIWY_MAINT","PED_COUNT","PED_DEATH_COUNT","PED_SUSP_SERIOUS_INJ_COUNT","PERSON_COUNT","POLICE_AGCY","POSSIBLE_INJ_COUNT","RDWY_SURF_TYPE_CD","RELATION_TO_ROAD","ROAD_CONDITION","SCH_BUS_IND","SCH_ZONE_IND","SMALL_TRUCK_COUNT","SPEC_JURIS_CD","SUSP_MINOR_INJ_COUNT","SUSP_SERIOUS_INJ_COUNT","SUV_COUNT","TCD_FUNC_CD","TCD_TYPE","TFC_DETOUR_IND","TIME_OF_DAY","TOT_INJ_COUNT","TOTAL_UNITS","UNB_DEATH_COUNT","UNB_SUSP_SERIOUS_INJ_COUNT","UNBELTED_OCC_COUNT","UNK_INJ_DEG_COUNT","UNK_INJ_PER_COUNT","URBAN_RURAL","VAN_COUNT","VEHICLE_COUNT","WORK_ZONE_IND","WORK_ZONE_LOC","WORK_ZONE_TYPE","WORKERS_PRES","WZ_CLOSE_DETOUR","WZ_FLAGGER","WZ_LAW_OFFCR_IND","WZ_LN_CLOSURE","WZ_MOVING","WZ_OTHER","WZ_SHLDER_MDN","ROADWAY_CLEARED","WEATHER1","WEATHER2","WZ_WORKERS_INJ_KILLED","SECONDARY_CRASH","INTERSECTION_RELATED"
"1123","1","0","0","0","0","0","0","0","0","4","0","","36","09","2017","2017097394","4","40.1673","-76.2943","1123","08","0","0","0","0","0","0","1","0","","0","0","0","11","1","1","00","0","40 10:02.183","","07","76 17:39.527","8","0","0","0","36235","0","0","0","","0","0","0","3","36506","0","","1","01","N","N","1","","0","0","0","0","0","","1123","1","2","0","0","0","1","0","1","0","2","N","","","","","","","","","","","","03","  ","","",""
"1613","2","0","0","0","0","0","0","0","0","1","0","","36","09","2017","2017097452","5","40.0475","-76.3629","1605","08","0","0","1","0","0","0","0","0","","0","0","0","16","1","0","02","0","40 02:50.996","","00","76 21:46.341","0","0","0","0","36214","0","0","0","N","0","0","0","2","36214","0","","1","01","N","N","0","","0","0","0","3","2","","1600","0","2","0","0","0","0","0","3","0","2","N","","","","","","","","","","","","03","  ","","",""
"2230","1","0","0","0","0","0","0","0","0","8","0","","36","09","2017","2017097463","4","40.0388","-76.3129","2227","08","0","0","0","0","0","0","0","0","2","0","0","0","22","3","1","01","1","40 02:19.627","2","00","76 18:46.601","3","0","0","0","36301","1","0","0","N","1","0","0","2","36301","0","","1","01","N","N","0","","1","0","0","3","2","N","2227","1","2","0","0","0","0","0","3","0","1","N","","","","","","","","","","","","03","  ","","",""
"1552","0","0","0","0","0","0","0","0","0","7","0","","36","09","2017","2017097466","2","40.1698","-76.5353","1535","08","0","0","0","0","0","0","0","0","","0","0","0","15","1","0","00","0","40 10:11.373","","00","76 32:07.236","0","0","0","0","36225","0","0","0","Y","0","0","0","1","36505","0","","4","01","N","N","0","","0","0","1","0","0","","1510","0","1","0","0","0","0","0","2","0","1","N","","","","","","","","","","","","03","  ","","",""
"0621","0","0","0","1","0","0","0","0","0","4","0","","36","09","2017","2017097474","5","40.2101","-76.2293","0619","08","0","0","0","0","0","0","0","0","","0","0","0","06","2","1","00","0","40 12:36.444","","07","76 13:45.437","8","0","0","0","36204","1","0","0","","0","0","0","2","36506","0","","2","01","N","N","1","","0","0","0","0","0","","0619","1","2","0","0","0","1","0","1","0","1","N","","","","","","","","","","","","03","  ","","",""
"2005","2","0","0","0","0","0","0","0","0","4","0","","36","09","2017","2017097561","1","40.2164","-76.4328","1959","08","0","0","0","0","0","0","1","0","1","0","0","0","19","2","0","02","1","40 12:59.206","6","00","76 25:58.223","0","0","0","0","36230","0","0","0","N","0","0","0","2","36410","0","","1","01","N","N","0","","0","0","0","3","3","Y","1955","0","2","0","0","0","0","0","1","0","2","N","","","","","","","","","","","","03","  ","","",""
"0224","2","0","0","0","0","0","0","0","0","5","0","","36","09","2017","2017097584","5","40.0334","-76.2958","0219","08","0","0","0","0","0","0","0","0","","0","0","0","02","6","1","00","0","40 02:00.400","","00","76 17:44.900","3","0","0","0","36301","0","0","0","N","0","0","0","1","36301","0","","1","01","N","N","0","","1","0","0","0","0","","0219","1","2","0","0","0","0","0","3","0","2","N","","","","","","","","","","","","03","  ","","",""
"1748","0","0","0","0","0","0","0","0","0","4","0","","36","09","2017","2017097589","5","40.0391","-76.5025","1746","08","1","0","0","0","0","0","0","0","1","0","0","0","17","1","0","01","1","40 02:20.598","4","00","76 30:08.884","0","0","0","0","36404","0","0","0","N","0","0","0","2","36404","0","","1","01","N","N","0","","0","0","2","0","0","Y","1744","0","2","0","0","0","0","0","3","0","2","N","","","","","","","","","","","","03","  ","","",""
"0833","0","0","0","0","0","0","0","0","0","7","0","","36","09","2017","2017097657","6","40.0365","-76.235","0831","08","0","0","0","0","0","1","0","0","2","0","0","0","08","1","0","00","1","40 02:11.251","2","00","76 14:06.041","0","0","0","0","36215","0","0","0","","0","0","0","1","36215","0","","4","01","N","N","1","","0","0","0","0","0","N","0829","0","1","0","0","0","0","0","1","0","1","N","","","","","","","","","","","","03","  ","","",""
"1940","1","0","0","0","0","0","0","0","0","4","0","","36","09","2017","2017097658","2","40.0066","-76.4789","1930","08","0","0","0","0","0","0","0","0","","0","0","0","19","4","0","00","0","40 00:23.807","","07","76 28:43.969","9","0","0","0","36223","0","0","0","","0","0","0","2","36223","0","","1","01","N","N","0","","0","0","1","0","0","","1920","0","2","0","0","0","0","1","1","0","2","N","","","","","","","","","","","","03","  ","","",""
"1622","2","0","0","0","0","0","0","0","0","1","0","","36","09","2017","2017097659","6","40.0351","-76.3626","1617","08","0","0","0","0","0","1","0","0","","0","0","0","16","1","1","00","0","40 02:06.244","","00","76 21:45.414","4","0","0","0","36223","0","0","0","","0","0","0","7","36223","1","","1","01","N","N","0","","0","0","1","0","0","","1608","1","3","0","0","0","0","1","1","0","3","N","","","","","","","","","","","","03","  ","","",""
"0742","0","0","0","0","0","0","0","0","0","7","0","","36","09","2017","2017097746","6","40.1759","-76.6226","0730","08","0","1","0","0","0","0","0","0","1","0","0","0","07","5","0","00","1","40 10:33.300","3","00","76 37:21.200","0","0","0","0","36225","0","0","0","N","0","0","0","1","36505","0","","4","01","N","N","0","","0","0","1","0","0","N","0725","0","1","0","0","0","0","0","2","0","1","N","","","","","","","","","","","","03","  ","","",""
"1128","1","0","0","0","0","0","0","0","0","4","0","","36","09","2017","2017097768","3","40.0506","-76.2414","1117","08","0","0","0","0","0","0","1","1","","0","0","0","11","1","1","01","0","40 03:02.034","","00","76 14:28.870","4","0","0","0","36215","0","0","0","N","0","0","0","3","36215","1","","1","01","N","N","0","","0","0","1","3","3","","1114","1","2","0","0","0","0","0","1","0","2","N","","","","","","","","","","","","03","  ","","",""
"1431","0","0","0","0","0","0","0","0","0","0","0","","36","09","2017","2017097781","2","40.1867","-76.594","1422","08","0","0","0","0","0","0","0","0","3","0","0","0","14","1","1","00","2","40 11:12.000","6","00","76 35:38.400","8","0","0","0","36225","0","0","0","N","0","0","0","1","36505","0","","2","01","N","N","1","","0","0","0","0","0","Y","1420","1","1","0","0","0","1","0","2","0","1","N","","","","","","","","","","","","03","  ","","",""
"0602","1","0","0","0","0","0","0","0","0","7","0","","36","09","2017","2017098023","2","40.2216","-76.2224","0602","08","0","1","0","0","0","0","0","0","","0","0","0","06","2","0","02","0","40 13:17.885","","00","76 13:20.560","0","0","0","0","36204","0","0","0","","0","0","0","1","36506","0","","5","01","N","N","0","","0","0","0","0","0","","0602","0","1","0","0","1","0","0","1","0","1","N","","","","","","","","","","","","03","  ","","",""
"2046","0","0","0","0","0","0","0","0","0","7","0","","36","09","2017","2017098054","7","40.2337","-76.4352","2029","08","0","0","0","0","0","0","0","0","","0","0","0","20","3","1","00","0","40 14:01.410","","00","76 26:06.800","2","0","1","1","36230","0","0","0","","0","0","0","1","68T06","0","","3","01","N","N","0","","0","1","0","0","0","","2029","1","1","0","0","0","0","0","1","0","1","N","","","","","","","","","","","","03","  ","","",""
"1709","2","0","0","0","0","0","0","0","0","4","0","","36","09","2017","2017098066","4","40.06","-76.2846","1657","08","0","0","0","1","0","1","0","0","","0","0","0","16","1","0","01","0","40 03:36.140","","00","76 17:04.408","0","0","0","0","36101","0","0","0","","0","0","0","3","36101","0","","1","01","N","N","0","","0","0","0","3","3","","1655","0","2","0","0","0","0","0","3","0","2","N","","","","","","","","","","","","03","  ","","",""
"1829","1","0","0","0","0","0","0","0","0","7","0","","36","09","2017","2017098121","3","40.2283","-76.4621","1822","08","0","0","0","0","0","0","0","0","2","0","0","0","18","1","0","00","2","40 13:41.780","4","00","76 27:43.185","0","0","0","0","36230","0","0","0","","0","0","0","1","68T06","0","","4","09","N","N","0","","0","0","0","0","0","N","1821","0","1","0","0","0","0","0","1","0","1","N","","","","","","","","","","","","07","  ","","",""
"2248","0","0","0","0","0","0","0","0","0","5","0","","36","09","2017","2017098180","6","40.2248","-76.144","2246","08","0","0","0","1","0","0","0","0","","0","0","0","22","3","0","00","0","40 13:29.400","","00","76 08:38.300","0","0","0","0","36405","0","0","0","N","0","0","0","1","36210","0","","6","01","N","N","1","","0","0","2","0","0","","2244","0","3","0","0","0","0","0","1","0","3","N","","","","","","","","","","","","03","  ","","",""
"0246","5","0","0","0","0","0","0","0","0","5","0","","36","09","2017","2017098201","5","40.0389","-76.3119","0245","08","0","0","0","0","0","0","0","0","","0","0","0","02","3","0","00","0","40 02:20.052","","00","76 18:42.796","0","0","0","0","36301","0","0","0","N","0","0","0","1","36301","0","","6","01","N","N","0","","0","0","0","0","0","","0243","0","6","0","0","0","0","0","3","1","6","N","","","","","","","","","","","","03","  ","","",""
"1621","2","0","0","0","0","0","0","0","0","1","0","","36","09","2017","2017098206","5","40.0679","-76.2966","1606","08","0","0","0","0","0","1","0","0","","0","0","0","15","1","1","00","0","40 04:04.507","","00","76 17:47.777","4","0","0","0","36101","0","0","0","","0","0","0","3","36101","1","","1","01","N","N","0","","0","0","0","0","0","","1557","1","2","0","0","0","0","0","3","0","2","N","","","","","","","","","","","","03","  ","","",""
"0638","0","0","0","0","0","0","0","0","0","4","0","","36","09","2017","2017098237","5","40.0898","-76.1549","0626","08","0","0","0","0","0","0","0","0","3","0","0","0","06","2","1","09","2","40 05:23.380","5","00","76 09:17.620","8","0","0","0","36234","0","0","0","","0","0","0","1","36215","0","","1","01","N","N","1","","0","0","0","3","6","Y","0626","1","2","0","0","0","1","0","1","0","1","N","","","","","","","","","","","","05","  ","","",""
"2106","1","0","0","0","0","0","0","0","0","7","0","","36","09","2017","2017098238","1","40.0374","-76.2353","2105","08","0","0","0","0","0","0","0","0","2","0","0","0","21","2","0","02","1","40 02:14.637","1","00","76 14:07.149","0","0","0","0","36215","0","0","0","","0","0","0","1","36215","0","","4","01","N","N","0","","0","0","0","0","0","N","2103","0","1","0","0","0","0","0","1","0","1","N","","","","","","","","","","","","03","  ","","",""
"1545","2","0","0","0","0","0","0","0","0","2","0","","36","09","2017","2017098253","6","40.1648","-76.2153","1545","08","1","0","0","0","0","1","0","0","2","0","0","0","15","1","2","01","2","40 09:53.158","6","00","76 12:54.966","3","0","0","0","36218","0","0","0","N","0","0","0","2","36408","0","","1","01","N","N","0","","1","0","0","3","2","Y","1543","2","2","0","0","0","1","0","1","0","2","N","","","","","","","","","","","","03","  ","","",""
"1529","0","0","0","0","0","0","0","0","0","7","0","","36","09","2017","2017098309","6","40.0782","-76.4211","1524","08","0","0","1","0","0","0","0","0","2","0","0","0","15","1","0","00","1","40 04:41.400","2","00","76 25:15.800","0","0","0","0","36239","0","0","0","N","0","0","0","2","36239","0","","5","01","N","N","0","","0","0","1","0","0","N","1521","0","1","0","0","0","0","0","3","0","1","N","","","","","","","","","","","","03","  ","","",""
"1412","0","0","0","0","0","0","0","0","0","0","0","","36","09","2017","2017098323","7","39.9492","-76.3044","1408","08","0","0","0","0","0","0","1","0","","0","0","0","14","1","1","00","0","39 56:57.194","","00","76 18:15.802","8","0","0","1","36228","0","0","0","N","0","0","0","1","36503","0","","2","01","N","N","0","","0","0","0","0","0","","1405","1","1","0","0","0","1","0","1","0","1","N","","","","","","","","","","","","03","  ","","",""
"1405","0","0","0","0","0","0","0","0","0","5","0","","36","09","2017","2017098326","7","40.0357","-76.3053","1404","08","0","0","0","0","0","0","0","0","2","0","0","0","14","1","1","00","2","40 02:08.593","1","00","76 18:18.902","8","0","0","1","36301","0","0","0","N","0","0","0","3","36301","0","","1","01","N","N","0","","0","0","1","0","0","N","1402","1","2","0","0","2","1","0","3","0","2","N","","","","","","","","","","","","03","  ","","",""
"1801","1","0","0","0","0","0","0","0","0","4","0","","36","09","2017","2017098427","7","40.0857","-76.4575","1759","08","0","0","0","0","0","0","1","0","2","0","0","0","17","1","0","03","2","40 05:08.609","6","00","76 27:26.898","0","0","0","0","36239","0","0","0","N","0","0","0","2","36239","0","","1","01","N","N","0","","0","0","1","0","0","Y","1758","0","2","0","0","0","0","0","3","0","2","N","","","","","","","","","","","","03","  ","","",""
"0919","1","0","0","0","0","0","0","0","0","7","0","","36","09","2017","2017098449","3","40.0828","-76.2911","0918","08","0","0","0","0","0","0","0","1","2","0","0","0","09","1","0","01","1","40 04:58.234","1","00","76 17:27.978","0","0","0","0","36101","0","0","0","","0","0","0","1","36101","0","","2","01","N","N","0","","0","0","0","3","2","N","0916","0","1","0","0","0","0","0","3","0","1","N","","","","","","","","","","","","03","  ","","",""
"0751","2","0","0","0","0","0","0","0","0","4","0","","36","09","2017","2017098450","6","40.0606","-76.2768","0737","08","0","0","0","0","0","0","0","1","","0","0","0","07","1","0","01","0","40 03:38.256","","00","76 16:36.560","0","0","0","0","36101","0","0","0","","0","0","0","2","36101","0","","1","01","N","N","0","","0","0","0","3","2","","0734","0","2","0","0","0","0","0","3","0","2","N","","","","","","","","","","","","03","  ","","",""
"1321","1","0","0","0","0","0","0","0","0","7","0","","36","09","2017","2017098502","7","40.0776","-76.2586","1316","08","0","0","0","1","0","0","0","0","","0","0","0","13","1","0","00","0","40 04:39.330","","00","76 15:30.801","0","0","0","0","36215","0","0","0","Y","0","0","0","1","36215","0","","2","01","N","N","0","","0","0","0","0","0","","1312","0","1","0","0","0","0","0","1","0","1","N","","","","","","","","","","","","03","  ","","",""
"1339","0","0","0","0","0","0","0","0","0","0","0","","36","09","2017","2017098513","7","40.2036","-76.1191","1330","08","0","0","0","0","0","0","0","0","2","0","0","0","13","1","0","00","1","40 12:12.914","2","00","76 07:08.648","0","0","0","0","36210","0","0","0","N","0","0","0","1","36210","0","","1","01","N","N","0","","0","0","1","0","0","N","1328","0","1","0","0","0","0","0","1","0","1","N","","","","","","","","","","","","03","  ","","",""
"1747","1","0","0","0","0","0","0","0","0","4","0","","36","09","2017","2017098687","1","40.2448","-76.1041","1744","08","0","0","0","0","0","0","0","0","2","0","0","0","17","1","0","01","1","40 14:41.210","7","00","76 06:14.877","0","0","0","0","36210","0","0","0","N","0","0","0","6","36210","0","","1","01","N","N","1","","0","0","0","3","3","N","1743","0","2","0","0","0","0","0","1","0","2","N","","","","","","","","","","","","03","  ","","",""
"2355","2","0","0","0","0","0","0","0","0","5","0","","36","09","2017","2017098690","4","40.049","-76.3034","2349","08","0","0","0","0","0","0","0","0","2","0","0","0","23","3","0","00","1","40 02:56.494","1","00","76 18:12.247","0","0","0","0","36301","0","0","0","N","0","0","0","1","36301","0","","6","01","N","N","0","","0","0","0","0","0","N","2346","0","2","0","0","0","0","0","3","0","2","N","","","","","","","","","","","","03","  ","","",""
"2016","1","0","0","0","0","0","0","0","0","1","0","","36","09","2017","2017098698","7","40.1518","-76.6301","2009","08","0","1","0","0","0","0","0","0","1","0","0","0","20","2","2","00","2","40 09:06.300","1","00","76 37:48.300","3","0","0","0","36237","0","0","0","N","0","0","0","7","36505","0","","1","01","N","N","0","","1","0","1","0","0","N","2008","2","2","0","0","0","1","0","1","0","2","N","","","","","","","","","","","","03","  ","","",""
"1847","2","0","0","0","0","0","0","0","0","4","0","","36","09","2017","2017098710","1","40.0389","-76.2971","1831","08","0","0","0","0","0","1","0","0","","0","0","0","18","1","2","01","0","40 02:20.039","","00","76 17:49.619","4","0","0","0","36301","0","0","0","N","0","0","0","3","36301","2","","1","01","N","N","0","","0","0","0","3","3","","1831","2","2","0","0","0","0","0","3","0","2","N","","","","","","","","","","","","03","  ","","",""
"1736","1","0","0","0","0","0","0","0","0","1","0","","36","09","2017","2017098776","2","40.1113","-76.2835","1735","08","0","0","0","0","0","0","0","0","1","0","0","0","17","1","2","01","1","40 06:40.818","7","00","76 17:00.459","8","0","0","0","36101","0","0","0","","0","0","0","5","36101","0","","1","01","N","N","0","","0","0","1","3","2","N","1731","2","2","0","0","0","2","0","3","0","2","N","","","","","","","","","","","","03","  ","","",""
"1115","2","0","0","0","0","0","0","0","0","4","0","","36","09","2017","2017098782","6","40.1009","-76.0823","1110","08","0","0","0","0","0","2","1","0","1","0","0","0","11","1","0","01","2","40 06:03.334","3","00","76 04:56.150","0","0","0","0","36415","0","0","0","N","0","0","0","3","36415","0","","1","01","N","N","0","","0","0","1","3","3","Y","1109","0","3","0","0","0","0","0","1","0","3","N","","","","","","","","","","","","03","  ","","",""
"1624","2","0","0","0","0","0","0","0","0","4","0","","36","09","2017","2017098791","3","40.0478","-76.3075","1623","08","0","1","0","0","0","0","0","0","1","0","0","0","16","1","0","01","1","40 02:51.985","1","00","76 18:27.154","0","0","0","0","36301","0","0","0","N","0","0","0","2","36301","0","","1","01","N","N","0","","0","0","0","3","2","N","1623","0","2","0","0","0","0","0","3","0","2","N","","","","","","","","","","","","03","  ","","",""
"1027","1","0","0","0","0","0","0","0","0","4","0","","36","09","2017","2017098795","1","40.2382","-76.162","1016","08","0","0","0","0","0","1","0","1","1","0","0","0","10","1","0","01","1","40 14:17.614","4","00","76 09:43.115","0","0","0","0","36236","0","0","0","N","0","0","0","2","36408","0","","1","01","N","N","0","","0","0","1","3","3","N","1016","0","2","0","0","0","0","0","1","0","2","N","","","","","","","","","","","","03","  ","","",""
"1254","0","0","0","0","0","0","0","0","0","4","0","","36","09","2017","2017098871","2","40.1642","-76.1543","1249","08","0","0","0","0","0","0","0","1","2","0","0","0","12","1","1","02","1","40 09:51.097","4","07","76 09:15.344","4","0","0","0","36218","0","0","0","N","0","0","0","5","36408","1","","1","01","N","N","0","","0","0","1","3","2","N","1249","1","2","0","0","0","0","0","1","1","2","N","","","","","","","","","","","","03","  ","","",""
"0354","1","0","0","0","0","0","0","0","0","7","0","","36","08","2017","2017098933","7","39.8485","-76.0241","0346","08","0","0","0","0","1","0","0","0","","0","0","0","03","3","0","00","0","39 50:54.765","","00","76 01:26.768","0","0","0","0","36205","0","0","0","","0","0","0","3","68J01","0","","4","01","N","N","0","","0","0","0","0","0","","0332","0","1","0","0","0","0","0","1","0","1","N","","","","","","","","","","","","03","  ","","",""
"1020","0","0","0","0","0","0","0","0","0","1","0","","36","09","2017","2017098939","5","40.1317","-75.9759","0942","08","0","0","0","0","0","1","0","0","3","0","0","0","09","1","1","02","2","40 07:54.271","3","00","75 58:33.234","3","0","0","0","36203","0","0","0","","0","0","0","2","68J01","0","","1","01","N","N","0","","1","0","1","0","0","Y","0924","1","2","0","0","0","0","0","1","1","2","N","","","","","","","","","","","","03","  ","","",""
"2039","1","0","0","0","0","0","0","0","0","7","0","","36","09","2017","2017098987","6","40.2275","-76.3059","2036","08","0","0","0","0","0","0","0","0","3","0","0","0","20","2","0","00","2","40 13:39.008","6","00","76 18:21.211","0","0","0","0","36217","0","0","0","","0","0","0","1","68J01","0","","4","01","N","N","0","","0","0","0","0","0","Y","2036","0","1","0","0","0","0","0","1","0","1","N","","","","","","","","","","","","03","  ","","",""
"2039","0","0","0","0","0","0","0","0","0","7","0","","36","09","2017","2017098997","5","39.9917","-76.1932","2036","08","0","0","0","0","0","0","0","0","","0","0","0","20","2","0","00","0","39 59:30.040","","00","76 11:35.540","9","0","0","1","36233","0","0","0","","0","0","0","1","68J01","0","","4","01","N","N","0","","0","0","0","0","0","","2034","0","1","0","0","0","0","1","1","0","1","N","","","","","","","","","","","","03","  ","","",""
"0856","1","0","0","0","0","0","0","0","0","4","0","","36","09","2017","2017099001","2","40.2261","-76.3024","0842","08","0","0","0","0","0","0","1","0","","0","1","0","08","1","0","02","0","40 13:34.012","","00","76 18:08.758","0","0","0","0","36217","0","0","0","","0","0","0","2","68J01","0","","1","01","N","N","0","","0","0","0","3","3","","0827","0","2","0","0","0","0","0","1","0","2","N","","","","","","","","","","","","03","  ","","",""
"0921","1","0","0","0","0","0","0","0","0","4","0","","36","09","2017","2017099006","6","39.9355","-76.0751","0914","08","0","0","0","0","0","1","0","0","","0","0","0","09","1","0","00","0","39 56:07.660","","00","76 04:30.416","0","0","0","0","36201","0","0","0","","0","0","0","2","68J01","0","","1","01","N","N","0","","0","0","1","0","0","","0912","0","2","0","0","0","0","0","1","0","2","N","","","","","","","","","","","","03","  ","","",""
"1602","0","0","0","0","0","0","0","0","0","1","0","","36","09","2017","2017099019","5","40.0401","-76.4473","1557","08","0","1","0","0","0","0","0","0","","0","0","0","15","1","0","00","0","40 02:24.409","","00","76 26:50.301","0","0","0","0","36239","0","0","0","N","0","0","0","2","36239","0","","1","01","N","N","1","","0","0","1","0","0","","1553","0","2","0","0","0","0","0","3","0","2","N","","","","","","","","","","","","03","  ","","",""
"1550","2","0","0","0","0","0","0","0","0","1","0","","36","09","2017","2017099033","1","39.8947","-76.1715","1548","08","0","0","0","0","0","1","0","0","1","0","0","0","15","1","1","01","1","39 53:40.821","4","00","76 10:17.488","4","0","0","0","36416","0","0","0","N","0","0","0","4","36416","1","","1","01","N","N","0","","0","0","0","3","2","N","1546","1","2","0","0","0","0","0","1","0","2","N","","","","","","","","","","","","03","  ","","",""
"2037","0","0","0","1","0","0","0","0","0","4","0","","36","09","2017","2017099055","2","40.1623","-76.3922","2029","08","0","0","0","0","0","0","0","0","","0","0","0","20","2","1","01","0","40 09:44.431","","00","76 23:31.948","3","0","0","0","36410","1","0","0","N","0","0","0","2","36410","0","","1","01","N","N","0","","1","0","0","3","3","","2034","1","2","0","0","0","0","0","2","1","1","N","","","","","","","","","","","","03","  ","","",""
"1820","1","0","0","0","0","0","0","0","0","0","0","","36","09","2017","2017099139","4","40.0993","-76.357","1800","08","0","0","0","0","0","1","0","0","2","0","0","0","17","1","0","00","2","40 05:57.410","6","00","76 21:25.357","0","0","0","0","36406","0","0","0","","0","0","0","2","36101","0","","1","09","N","N","1","","0","0","0","0","0","Y","1738","0","2","0","0","0","0","0","3","0","2","N","","","","","","","","","","","","07","  ","","",""
"1703","1","0","0","0","0","0","0","0","0","4","0","","36","09","2017","2017099140","7","40.0372","-76.4096","1657","08","0","0","0","0","0","1","0","0","1","0","0","0","16","1","1","00","2","40 02:13.922","6","00","76 24:34.594","4","0","0","0","36223","0","0","0","","0","0","0","2","36214","1","","1","01","N","N","0","","0","0","1","0","0","N","1654","1","2","0","0","0","0","0","1","0","2","N","","","","","","","","","","","","03","  ","","",""
"1341","0","0","0","0","0","0","0","0","0","4","0","","36","09","2017","2017099141","7","40.0267","-76.2173","1333","08","0","0","0","0","0","0","0","0","","0","0","0","13","1","0","01","0","40 01:36.272","","00","76 13:02.253","0","0","0","0","36215","0","0","0","","0","0","0","3","36215","0","","1","01","N","N","1","","0","0","1","3","2","","1330","0","2","0","0","0","0","0","1","0","2","N","","","","","","","","","","","","03","  ","","",""
"1203","0","0","0","0","0","0","0","0","0","1","0","","36","09","2017","2017099142","4","40.087","-76.193","1139","08","0","0","0","0","0","0","1","0","","0","0","0","11","1","1","00","0","40 05:13.157","","00","76 11:34.663","4","0","0","0","36234","0","0","0","","0","0","0","6","36215","1","","1","09","N","N","1","","0","0","1","0","0","","1138","1","2","0","0","0","0","0","1","0","2","N","","","","","","","","","","","","07","  ","","",""
"1704","0","0","0","0","0","0","0","0","0","7","0","","36","09","2017","2017099143","5","40.0402","-76.2402","1656","08","0","0","0","0","0","0","0","0","","0","0","0","16","1","0","00","0","40 02:24.815","","00","76 14:24.689","0","0","0","0","36215","0","0","0","","0","0","0","1","36215","0","","4","01","N","N","0","","0","0","1","0","0","","1642","0","1","0","0","0","0","0","1","0","1","N","","","","","","","","","","","","03","  ","","",""
"1531","1","0","0","0","0","0","0","0","0","4","0","","36","09","2017","2017099144","6","40.0224","-76.3616","1525","08","0","0","0","0","0","0","1","0","","0","0","0","15","1","1","01","0","40 01:20.679","","00","76 21:41.606","4","0","0","0","36223","0","0","0","N","0","0","0","3","36223","1","","1","01","N","N","0","","0","0","1","3","2","","1523","1","2","0","0","0","0","0","1","0","2","N","","","","","","","","","","","","03","  ","","",""
"1618","2","0","0","0","0","0","0","0","0","1","0","","36","09","2017","2017099160","5","40.062","-76.5547","1612","08","0","0","0","0","0","2","0","0","2","0","0","0","16","1","1","00","2","40 03:43.174","5","00","76 33:16.887","8","0","0","0","36211","0","0","0","N","0","0","0","3","36504","0","","1","01","N","N","0","","0","0","0","0","0","Y","1609","1","3","0","0","0","1","0","1","1","3","N","","","","","","","","","","","","03","  ","","",""
"1541","1","0","0","0","0","0","0","0","0","7","0","","36","09","2017","2017099174","2","40.0942","-76.021","1538","08","0","0","1","0","0","0","0","0","2","0","0","0","15","1","1","03","2","40 05:39.142","5","00","76 01:15.759","3","0","0","0","36213","0","0","0","N","0","0","0","1","36213","0","","4","01","N","N","0","","1","0","0","0","0","Y","1535","1","1","0","0","0","0","0","1","0","1","N","","","","","","","","","","","","03","  ","","",""
"1104","0","0","0","0","0","0","0","0","0","4","0","","36","09","2017","2017099239","3","40.2082","-76.164","1056","08","0","0","0","0","0","0","1","0","2","0","0","0","10","1","0","03","2","40 12:29.600","5","00","76 09:50.315","0","0","0","0","36218","0","0","0","N","0","0","0","2","36408","0","","1","01","N","N","1","","0","0","1","3","3","Y","1054","0","2","0","0","0","0","0","1","0","2","N","","","","","","","","","","","","03","  ","","",""
"1705","1","0","0","0","0","0","0","0","0","4","0","","36","09","2017","2017099247","1","40.2076","-76.4678","1652","08","0","0","0","0","0","2","0","0","1","0","0","0","16","1","2","00","1","40 12:27.271","4","07","76 28:03.980","8","0","0","1","36230","0","0","0","N","0","0","0","2","36410","0","","1","01","N","N","0","","0","0","0","0","0","Y","1650","2","2","0","0","0","2","0","1","0","2","N","","","","","","","","","","","","03","  ","","",""