"ARRIVAL_TM","AUTOMOBILE_COUNT","BELTED_DEATH_COUNT","BELTED_SUSP_SERIOUS_INJ_COUNT","BICYCLE_COUNT","BICYCLE_DEATH_COUNT","BICYCLE_SUSP_SERIOUS_INJ_COUNT","BUS_COUNT","CHLDPAS_DEATH_COUNT","CHLDPAS_SUSP_SERIOUS_INJ_COUNT","COLLISION_TYPE","COMM_VEH_COUNT","CONS_ZONE_SPD_LIM","COUNTY","CRASH_MONTH","CRASH_YEAR","CRN","DAY_OF_WEEK","DEC_LAT","DEC_LONG","DISPATCH_TM","DISTRICT","DRIVER_COUNT_16YR","DRIVER_COUNT_17YR","DRIVER_COUNT_18YR","DRIVER_COUNT_19YR","DRIVER_COUNT_20YR","DRIVER_COUNT_50_64YR","DRIVER_COUNT_65_74YR","DRIVER_COUNT_75PLUS","EST_HRS_CLOSED","FATAL_COUNT","HEAVY_TRUCK_COUNT","HORSE_BUGGY_COUNT","HOUR_OF_DAY","ILLUMINATION","INJURY_COUNT","INTERSECT_TYPE","LANE_CLOSED","LATITUDE","LN_CLOSE_DIR","LOCATION_TYPE","LONGITUDE","MAX_SEVERITY_LEVEL","MCYCLE_DEATH_COUNT","MCYCLE_SUSP_SERIOUS_INJ_COUNT","MOTORCYCLE_COUNT","MUNICIPALITY","NONMOTR_COUNT","NONMOTR_DEATH_COUNT","NONMOTR_SUSP_SERIOUS_INJ_COUNT","NTFY_HIWY_MAINT","PED_COUNT","PED_DEATH_COUNT","PED_SUSP_SERIOUS_INJ_COUNT","PERSON_COUNT","POLICE_AGCY","POSSIBLE_INJ_COUNT","RDWY_SURF_TYPE_CD","RELATION_TO_ROAD","ROAD_CONDITION","SCH_BUS_IND","SCH_ZONE_IND","SMALL_TRUCK_COUNT","SPEC_JURIS_CD","SUSP_MINOR_INJ_COUNT","SUSP_SERIOUS_INJ_COUNT","SUV_COUNT","TCD_FUNC_CD","TCD_TYPE","TFC_DETOUR_IND","TIME_OF_DAY","TOT_INJ_COUNT","TOTAL_UNITS","UNB_DEATH_COUNT","UNB_SUSP_SERIOUS_INJ_COUNT","UNBELTED_OCC_COUNT","UNK_INJ_DEG_COUNT","UNK_INJ_PER_COUNT","URBAN_RURAL","VAN_COUNT","VEHICLE_COUNT","WORK_ZONE_IND","WORK_ZONE_LOC","WORK_ZONE_TYPE","WORKERS_PRES","WZ_CLOSE_DETOUR","WZ_FLAGGER","WZ_LAW_OFFCR_IND","WZ_LN_CLOSURE","WZ_MOVING","WZ_OTHER","WZ_SHLDER_MDN","ROADWAY_CLEARED","WEATHER1","WEATHER2","WZ_WORKERS_INJ_KILLED","SECONDARY_CRASH","INTERSECTION_RELATED"
"0713","0","0","0","0","0","0","0","0","0","9","0","","36","09","2017","2017099284","7","40.1466","-75.9174","0620","08","0","0","0","0","0","1","0","0","","0","0","0","06","5","0","00","0","40 08:47.601","","00","75 55:02.680","0","0","0","0","36203","0","0","0","","0","0","0","1","68J01","0","","1","01","N","N","1","","0","0","0","0","0","","0620","0","1","0","0","0","0","0","1","0","1","N","","","","","","","","","","","","05","  ","","",""
"1914","1","0","0","0","0","0","0","0","0","4","0","","36","09","2017","2017099290","5","40.0282","-75.9589","1902","08","0","0","0","0","0","1","0","0","2","0","0","0","19","4","2","00","2","40 01:41.586","3","00","75 57:31.897","3","0","0","0","36232","0","0","0","","0","0","0","3","68J01","0","","1","01","N","N","1","","2","0","0","0","0","N","1900","2","2","0","0","0","0","0","1","0","2","N","","","","","","","","","","","","03","  ","","",""
"2112","1","0","0","0","0","0","0","0","0","7","0","","36","09","2017","2017099306","1","39.9959","-75.972","2110","08","0","1","0","0","0","0","0","0","","0","0","0","20","2","0","02","0","39 59:45.211","","00","75 58:19.174","0","0","0","0","36232","0","0","0","N","0","0","0","1","68J01","0","","4","01","N","N","0","","0","0","0","3","3","","2056","0","1","0","0","0","0","0","1","0","1","N","","","","","","","","","","","","03","  ","","",""
"1132","1","0","0","0","0","0","0","0","0","4","0","","36","09","2017","2017099316","2","39.9165","-76.1879","1122","08","0","0","0","0","0","1","0","0","2","0","0","0","11","1","0","02","1","39 54:59.289","2","00","76 11:16.582","0","0","0","0","36229","0","0","0","","0","0","0","3","68J01","0","","1","01","N","N","0","","0","0","1","0","0","N","1119","0","2","0","0","0","0","0","1","0","2","N","","","","","","","","","","","","03","  ","","",""
"1236","1","0","0","0","0","0","0","0","0","7","0","","36","09","2017","2017099319","3","39.7487","-76.1635","1220","08","0","1","0","0","0","0","0","0","","0","0","0","12","1","0","00","0","39 44:55.175","","00","76 09:48.669","0","0","0","0","36219","0","0","0","","0","0","0","1","68J01","0","","4","01","N","N","0","","0","0","0","0","0","","1219","0","1","0","0","0","0","0","1","0","1","N","","","","","","","","","","","","03","  ","","",""
"1709","2","0","0","0","0","0","0","0","0","1","0","","36","09","2017","2017099331","5","40.0753","-76.3086","1657","08","0","0","0","0","0","0","0","0","","0","0","0","16","1","1","02","0","40 04:30.932","","00","76 18:30.932","4","0","0","0","36101","0","0","0","","0","0","0","2","36101","1","","1","01","N","N","0","","0","0","0","0","0","","1610","1","2","0","0","0","0","0","3","0","2","N","","","","","","","","","","","","03","  ","","",""
"1404","2","0","0","0","0","0","0","0","0","4","0","","36","09","2017","2017099332","2","40.0685","-76.3029","1404","08","0","1","0","0","0","0","0","0","2","0","0","0","14","1","0","01","1","40 04:06.491","2","00","76 18:10.333","0","0","0","0","36101","0","0","0","","0","0","0","2","36101","0","","1","01","N","N","0","","0","0","0","3","3","N","1402","0","2","0","0","0","0","0","3","0","2","N","","","","","","","","","","","","03","  ","","",""
"0955","1","0","0","0","0","0","0","0","0","4","0","","36","09","2017","2017099333","2","40.0406","-76.3933","0950","08","0","0","0","0","0","0","0","1","","0","0","0","09","1","0","01","0","40 02:26.272","","00","76 23:35.824","0","0","0","0","36223","0","0","0","","0","0","0","2","36223","0","","1","01","N","N","0","","0","0","1","3","2","","0937","0","2","0","0","0","0","0","1","0","2","N","","","","","","","","","","","","03","  ","","",""
"1612","0","0","0","0","0","0","0","0","0","7","0","","36","09","2017","2017099360","5","39.7322","-76.1923","1510","08","0","0","0","0","0","1","0","0","","0","0","0","15","1","1","00","0","39 43:55.980","","00","76 11:32.410","3","0","0","0","36219","0","0","0","","0","0","0","1","68J01","0","","4","01","N","N","0","","1","0","0","0","0","","1507","1","1","0","0","0","0","0","1","1","1","N","","","","","","","","","","","","03","  ","","",""
"1815","0","0","0","0","0","0","0","0","0","4","0","","36","09","2017","2017099361","5","39.9219","-76.0649","1752","08","0","0","0","0","0","0","0","0","","0","0","0","17","1","0","00","0","39 55:18.766","","07","76 03:53.816","0","0","0","0","36201","0","0","0","","0","0","0","2","68J01","0","","1","01","N","N","1","","0","0","0","0","0","","1749","0","2","0","0","0","0","0","1","0","2","N","","","","","","","","","","","","03","  ","","",""
"2344","1","0","0","0","0","0","0","0","0","7","0","","36","09","2017","2017099371","6","40.0384","-76.0778","2341","08","0","0","1","0","0","0","0","0","","0","0","0","23","2","0","00","0","40 02:18.236","","00","76 04:40.238","0","0","0","0","36221","0","0","0","","0","0","0","1","68J01","0","","4","01","N","N","0","","0","0","0","0","0","","2340","0","1","0","0","0","0","0","1","0","1","N","","","","","","","","","","","","03","  ","","",""
"1707","0","0","0","0","0","0","0","0","0","4","0","","36","09","2017","2017099406","2","39.9043","-76.242","1701","08","0","0","0","0","0","1","1","0","2","0","0","0","16","1","1","02","1","39 54:15.479","5","00","76 14:31.168","3","0","0","0","36229","0","0","0","","0","0","0","2","68J01","0","","1","01","N","N","1","","1","0","1","0","0","N","1659","1","2","0","0","0","0","0","1","0","2","N","","","","","","","","","","","","03","  ","","",""
"0810","1","0","0","0","0","0","0","0","0","1","0","","36","09","2017","2017099412","6","39.9986","-76.0626","0807","08","0","0","0","0","0","0","0","1","2","0","0","0","08","1","0","00","1","39 59:54.939","3","00","76 03:45.301","0","0","0","0","36226","0","0","0","","0","0","0","2","68J01","0","","1","01","N","N","1","","0","0","0","0","0","N","0804","0","2","0","0","0","0","0","1","0","2","N","","","","","","","","","","","","03","  ","","",""
"1828","1","0","0","0","0","0","0","0","0","7","0","","36","09","2017","2017099425","3","40.1308","-76.6417","1818","08","0","0","1","0","0","0","0","0","1","0","0","0","18","1","0","00","1","40 07:51.000","4","00","76 38:30.000","0","0","0","0","36237","0","0","0","N","0","0","0","1","36505","0","","4","01","N","N","0","","0","0","0","0","0","N","1800","0","1","0","0","0","0","0","1","0","1","N","","","","","","","","","","","","03","  ","","",""
"1213","2","0","0","0","0","0","0","0","0","4","0","","36","09","2017","2017099444","3","40.1515","-76.606","1213","08","0","0","0","0","1","0","0","1","2","0","0","0","12","1","0","01","1","40 09:05.436","7","00","76 36:21.498","0","0","0","0","36407","0","0","0","N","0","0","0","3","36407","0","","1","01","N","N","0","","0","0","0","3","2","N","1211","0","2","0","0","0","0","0","2","0","2","N","","","","","","","","","","","","03","  ","","",""
"1737","1","0","0","0","0","0","0","0","0","1","0","","36","09","2017","2017099449","3","39.9726","-76.2618","1726","08","0","0","0","0","0","0","0","0","1","0","0","0","17","1","0","00","2","39 58:21.464","6","00","76 15:42.309","0","0","0","0","36240","0","0","0","N","0","0","0","7","36240","0","","1","01","N","N","0","","0","0","1","0","0","Y","1723","0","2","0","0","0","0","0","1","0","2","N","","","","","","","","","","","","03","  ","","",""
"1910","0","0","0","0","0","0","0","0","0","4","0","","36","09","2017","2017099457","1","40.041","-76.2916","1906","08","0","0","0","0","0","1","0","0","","0","0","0","17","1","2","01","0","40 02:27.689","","00","76 17:29.630","8","0","0","0","36301","0","0","0","N","0","0","0","8","36301","0","","1","01","N","N","0","","0","0","1","3","2","","1748","2","2","0","0","0","2","0","3","1","2","N","","","","","","","","","","","","03","  ","","",""
"1448","2","0","0","0","0","0","0","0","0","4","0","","36","09","2017","2017099482","1","40.16","-76.2255","1447","08","0","0","0","0","0","1","0","0","2","0","0","0","14","1","2","02","2","40 09:35.961","5","00","76 13:31.967","8","0","0","0","36235","0","0","0","","0","0","0","2","36506","0","","1","01","N","N","0","","0","0","0","3","3","Y","1445","2","2","0","0","0","2","0","1","0","2","N","","","","","","","","","","","","03","  ","","",""
"0744","1","0","0","0","0","0","0","0","0","1","0","","36","09","2017","2017099534","6","40.0137","-76.315","0730","08","0","1","0","0","0","0","0","0","","0","0","0","07","5","0","00","0","40 00:49.290","","00","76 18:53.970","0","0","0","0","36220","0","0","0","","0","0","0","3","36101","0","","1","01","N","N","0","","0","0","1","0","0","","0725","0","2","0","0","0","0","0","3","0","2","N","","","","","","","","","","","","03","  ","","",""
"1031","1","0","0","0","0","0","0","0","0","4","0","","36","09","2017","2017099535","7","40.0647","-76.2835","1016","08","0","0","0","0","0","0","1","0","2","0","0","0","10","1","0","00","2","40 03:52.922","4","00","76 17:00.695","0","0","0","0","36101","0","0","0","","0","0","0","3","36101","0","","1","01","N","N","0","","0","0","1","0","0","N","1010","0","3","0","0","0","0","0","3","1","3","N","","","","","","","","","","","","03","  ","","",""
"1729","0","0","0","0","0","0","0","0","0","7","0","","36","09","2017","2017099536","1","40.0686","-76.1862","1724","08","1","0","0","0","0","0","0","0","","0","0","0","17","1","1","00","0","40 04:06.910","","00","76 11:10.460","3","0","0","0","36234","0","0","0","","0","0","0","1","36215","0","","4","01","N","N","0","","1","0","1","0","0","","1724","1","1","0","0","0","0","0","1","0","1","N","","","","","","","","","","","","03","  ","","",""
"0748","2","0","0","0","0","0","0","0","0","4","0","","36","09","2017","2017099537","2","40.0898","-76.1757","0740","08","0","0","0","0","0","0","0","0","1","0","0","0","07","1","0","02","1","40 05:23.273","3","00","76 10:32.674","0","0","0","0","36234","0","0","0","","0","0","0","2","36215","0","","1","01","N","N","0","","0","0","0","3","3","Y","0738","0","2","0","0","0","0","0","1","0","2","N","","","","","","","","","","","","03","  ","","",""
"1059","0","0","0","0","0","0","0","0","0","7","0","","36","08","2017","2017099538","5","40.1111","-76.4421","1054","08","0","0","0","0","0","0","0","0","3","0","0","0","10","1","1","00","2","40 06:40.110","4","00","76 26:31.444","8","0","0","0","36230","0","0","0","","0","0","0","2","36410","0","","3","01","N","N","0","","0","0","1","0","0","Y","1052","1","1","0","0","1","1","0","1","0","1","N","","","","","","","","","","","","03","  ","","",""
"1642","1","0","0","0","0","0","0","0","0","4","0","","36","09","2017","2017099590","4","40.044","-76.3096","1641","08","0","0","0","0","0","0","0","0","1","0","0","0","16","1","0","01","1","40 02:38.526","7","00","76 18:34.563","0","0","0","0","36301","0","0","0","N","0","0","0","2","36301","0","","1","01","N","N","0","","0","0","1","3","3","Y","1600","0","2","0","0","0","0","0","3","0","2","N","","","","","","","","","","","","03","  ","","",""
"0850","1","0","0","0","0","0","0","0","0","4","0","","36","09","2017","2017099604","4","40.049","-76.3057","0847","08","0","0","0","0","0","0","0","0","2","0","0","0","08","1","1","01","2","40 02:56.516","2","00","76 18:20.618","4","0","0","0","36301","0","0","0","N","0","0","0","3","36301","1","","1","01","Y","N","0","","0","0","1","3","3","N","0845","1","2","0","0","0","0","0","3","0","2","N","","","","","","","","","","","","03","  ","","",""
"1700","0","0","0","0","0","0","0","0","0","1","0","","36","09","2017","2017099608","2","40.0341","-76.2505","1651","08","0","0","0","0","0","1","0","0","2","0","0","0","16","1","1","03","1","40 02:02.929","3","00","76 15:01.795","2","0","1","1","36215","0","0","0","N","0","0","0","4","36215","0","","1","01","N","N","0","","0","1","1","3","2","N","1650","1","2","0","0","0","0","0","1","0","2","N","","","","","","","","","","","","03","  ","","",""
"1619","1","0","0","0","0","0","0","0","0","4","0","","36","09","2017","2017099610","6","40.1534","-76.0887","1610","08","0","0","0","0","0","0","1","0","2","0","0","0","16","1","0","01","1","40 09:12.075","7","00","76 05:19.262","0","0","0","0","36209","0","0","0","N","0","0","0","3","36415","0","","1","01","N","N","1","","0","0","0","3","3","Y","1610","0","2","0","0","0","0","0","1","0","2","N","","","","","","","","","","","","03","  ","","",""
"1133","1","0","0","0","0","0","0","0","0","1","1","","36","09","2017","2017099673","1","40.0319","-76.24","1129","08","0","0","0","0","0","1","0","0","2","0","0","0","11","1","3","00","1","40 01:54.970","3","00","76 14:24.113","3","0","0","0","36215","0","0","0","N","0","0","0","4","36215","1","","1","01","N","N","1","","2","0","1","0","0","N","1127","3","3","0","0","0","0","0","1","0","3","N","","","","","","","","","","","","03","  ","","",""
"1327","0","0","0","0","0","0","0","0","0","4","0","","36","09","2017","2017099742","6","40.038","-76.106","1319","08","0","0","0","0","0","0","1","0","","0","0","0","13","1","1","00","0","40 02:16.620","","00","76 06:21.465","3","0","0","0","36221","0","0","0","","0","0","0","2","68J01","0","","1","01","N","N","0","","1","0","1","0","0","","1319","1","2","0","0","0","0","0","1","1","2","N","","","","","","","","","","","","03","  ","","",""
"2025","2","0","0","0","0","0","0","0","0","4","0","","36","09","2017","2017099810","4","40.0695","-76.3575","2018","08","0","0","0","0","0","0","0","0","","0","0","0","20","3","0","02","0","40 04:10.056","","00","76 21:26.821","0","0","0","0","36214","0","0","0","N","0","0","0","4","36214","0","","1","01","N","N","0","","0","0","0","3","3","","2015","0","2","0","0","0","0","0","3","0","2","N","","","","","","","","","","","","03","  ","","",""
"2319","1","0","0","0","0","0","0","0","0","1","0","","36","09","2017","2017099820","1","40.2108","-76.1053","2315","08","0","0","0","0","0","0","0","0","","0","0","0","23","2","0","00","0","40 12:38.760","","00","76 06:19.044","0","0","0","0","36210","0","0","0","N","0","0","0","2","36210","0","","1","01","N","N","0","","0","0","1","0","0","","2314","0","2","0","0","0","0","0","1","0","2","N","","","","","","","","","","","","03","  ","","",""
"1659","0","0","0","0","0","0","0","0","0","4","0","","36","09","2017","2017099851","4","40.1568","-76.3815","1657","08","0","0","0","0","0","1","0","0","1","0","0","0","16","1","0","01","1","40 09:24.453","3","00","76 22:53.323","0","0","0","0","36227","0","0","0","N","0","0","0","2","36506","0","","1","01","N","N","2","","0","0","0","3","3","N","1652","0","2","0","0","0","0","0","1","0","2","N","","","","","","","","","","","","03","  ","","",""
"1555","2","0","0","0","0","0","0","0","0","4","0","","36","09","2017","2017099913","3","40.1129","-76.3778","1545","08","0","0","0","1","0","0","0","0","","0","0","0","15","1","1","02","0","40 06:46.375","","00","76 22:40.172","4","0","0","0","36214","0","0","0","","0","0","0","4","36214","1","","1","01","N","N","0","","0","0","0","3","3","","1545","1","2","0","0","0","0","0","3","0","2","N","","","","","","","","","","","","03","  ","","",""
"1545","1","0","0","0","0","0","0","0","0","1","0","","36","09","2017","2017099914","1","40.0287","-76.2263","1539","08","0","0","0","0","0","1","1","0","1","0","0","0","15","1","3","00","1","40 01:43.198","3","00","76 13:34.690","4","0","0","0","36215","0","0","0","N","0","0","0","5","36215","3","","1","01","N","N","1","","0","0","1","0","0","N","1538","3","3","0","0","0","0","0","1","0","3","N","","","","","","","","","","","","03","  ","","",""
"1359","2","0","0","0","0","0","0","0","0","1","0","","36","09","2017","2017099929","4","39.9898","-76.2566","1355","08","0","0","0","1","0","0","0","0","","0","0","0","13","1","0","03","0","39 59:23.416","","00","76 15:23.588","0","0","0","0","36240","0","0","0","N","0","0","0","3","36240","0","","1","01","N","N","0","","0","0","0","0","0","","1355","0","2","0","0","0","0","0","1","0","2","N","","","","","","","","","","","","03","  ","","",""
"1635","3","0","0","0","0","0","0","0","0","1","0","","36","09","2017","2017099956","4","40.061","-76.3579","1620","08","0","0","1","0","0","0","1","0","2","0","0","0","16","1","0","00","1","40 03:39.431","4","00","76 21:28.354","0","0","0","0","36214","0","0","0","N","0","0","0","3","36214","0","","1","01","N","N","0","","0","0","0","0","0","N","1617","0","3","0","0","0","0","0","3","0","3","N","","","","","","","","","","","","03","  ","","",""
"0712","2","0","0","0","0","0","0","0","0","1","0","","36","09","2017","2017099997","4","40.1592","-76.6249","0700","08","0","0","0","0","0","0","0","0","2","0","0","0","06","1","2","02","1","40 09:33.048","4","00","76 37:29.733","4","0","0","0","36237","0","0","0","Y","0","0","0","2","36505","2","","1","01","N","N","0","","0","0","0","0","0","N","0655","2","2","0","0","0","0","0","1","0","2","N","","","","","","","","","","","","03","  ","","",""
"1755","2","0","0","0","0","0","0","0","0","4","0","","36","09","2017","2017100003","2","40.1444","-76.6091","1749","08","0","0","0","0","0","0","1","0","","0","0","0","17","1","0","02","0","40 08:39.840","","07","76 36:32.762","0","0","0","0","36407","0","0","0","N","0","0","0","3","36407","0","","1","01","N","N","0","","0","0","0","3","3","","1749","0","2","0","0","0","0","0","2","0","2","N","","","","","","","","","","","","03","  ","","",""
"1324","2","0","0","0","0","0","0","0","0","1","0","","36","09","2017","2017100006","1","40.0487","-76.2985","1319","08","0","0","0","0","0","0","0","0","1","0","0","0","13","1","1","00","1","40 02:55.404","4","00","76 17:54.583","4","0","0","0","36301","0","0","0","N","0","0","0","1","36301","1","","6","01","N","N","0","","0","0","1","0","0","Y","1316","1","3","0","0","0","0","0","3","0","3","N","","","","","","","","","","","","03","  ","","",""
"1731","2","0","0","0","0","0","0","0","0","5","0","","36","08","2017","2017100105","2","40.0412","-76.3084","1731","08","0","0","0","1","0","0","1","0","","0","0","0","17","1","0","00","0","40 02:28.153","","00","76 18:30.147","0","0","0","0","36301","0","0","0","N","0","0","0","5","36301","0","","1","09","N","N","1","","0","0","0","0","0","","1720","0","3","0","0","0","0","0","3","0","3","N","","","","","","","","","","","","07","  ","","",""
"2040","0","0","0","0","0","0","0","0","0","8","0","","36","09","2017","2017100119","5","39.9902","-76.2475","2037","08","0","0","0","0","0","0","0","0","","0","0","0","20","2","1","00","0","39 59:24.770","","00","76 14:50.970","3","0","0","0","36240","1","0","0","N","1","0","0","2","36240","0","","1","01","N","N","1","","1","0","0","3","3","","2035","1","2","0","0","0","0","1","1","0","1","N","","","","","","","","","","","","03","  ","","",""
"2040","1","0","0","0","0","0","0","0","0","5","0","","36","09","2017","2017100129","1","40.0571","-76.5574","2037","08","0","0","0","0","0","1","0","0","","0","0","0","20","2","1","00","0","40 03:25.484","","00","76 33:26.575","8","0","0","0","36211","0","0","0","N","0","0","0","1","36504","0","","6","01","N","N","1","","0","0","0","0","0","","2035","1","2","0","0","0","1","0","1","0","2","N","","","","","","","","","","","","03","  ","","",""
"0547","0","0","0","0","0","0","0","0","0","0","0","","36","09","2017","2017100144","5","39.972","-76.2737","0544","08","0","0","0","0","0","1","0","0","2","0","0","0","05","3","0","02","1","39 58:19.315","1","07","76 16:25.436","0","0","0","0","36240","0","0","0","N","0","0","0","1","36240","0","","1","01","N","N","1","","0","0","0","0","0","N","0540","0","1","0","0","0","0","0","1","0","1","N","","","","","","","","","","","","03","  ","","",""
"2109","1","0","0","1","0","0","0","0","0","4","0","","36","09","2017","2017100156","4","40.1953","-76.1714","2108","08","1","0","0","0","0","0","0","0","","0","0","0","21","3","1","01","0","40 11:43.103","","00","76 10:17.056","3","0","0","0","36218","1","0","0","N","0","0","0","2","36408","0","","1","01","N","N","0","","1","0","0","3","2","","2107","1","2","0","0","0","0","0","1","0","1","N","","","","","","","","","","","","03","  ","","",""
"1924","1","0","0","0","0","0","0","0","0","1","0","","36","09","2017","2017100195","4","40.0767","-76.3374","1918","08","0","0","0","0","0","1","0","0","2","0","0","0","19","3","0","02","1","40 04:35.854","2","00","76 20:15.074","0","0","0","0","36101","0","0","0","","0","0","0","2","36101","0","","1","01","N","N","0","","0","0","1","3","2","N","1916","0","2","0","0","0","0","0","3","0","2","N","","","","","","","","","","","","03","  ","","",""
"2211","0","0","0","0","0","0","0","0","0","0","1","","36","09","2017","2017100249","4","40.081","-76.3508","2205","08","0","0","0","0","0","1","0","0","3","0","1","0","22","2","0","00","1","40 04:51.750","3","03","76 21:02.826","0","0","0","0","36101","0","0","0","","0","0","0","4","36101","0","","1","01","N","N","0","","0","0","2","0","0","N","2200","0","3","0","0","0","0","0","3","0","3","N","","","","","","","","","","","","03","  ","","",""
"1719","2","0","0","0","0","0","0","0","0","5","0","","36","09","2017","2017100250","5","40.0697","-76.3116","1709","08","0","0","0","1","0","0","2","0","2","0","0","0","17","1","1","00","1","40 04:10.833","4","00","76 18:41.584","3","0","0","0","36101","0","0","0","","0","0","0","3","36101","0","","1","01","N","N","0","","1","0","1","0","0","N","1702","1","3","0","0","0","0","0","3","0","3","N","","","","","","","","","","","","03","  ","","",""
"1243","3","0","0","0","0","0","0","0","0","4","0","","36","09","2017","2017100251","6","40.0579","-76.2808","1239","08","0","0","0","0","0","1","1","0","4","1","0","0","12","1","0","01","2","40 03:28.292","7","00","76 16:50.947","1","1","0","1","36101","0","0","0","","0","0","0","6","36101","0","2","1","01","N","N","0","0","0","0","0","3","2","Y","1238","0","4","0","0","0","0","0","3","0","4","N","","","","","","","","","","","","03","  ","","",""
"1552","2","0","0","0","0","0","0","0","0","4","0","","36","09","2017","2017100252","6","40.0786","-76.3424","1549","08","0","0","0","0","0","0","0","0","2","0","0","0","15","1","0","00","1","40 04:43.093","4","00","76 20:32.652","0","0","0","0","36101","0","0","0","","0","0","0","2","36101","0","","1","01","N","N","0","","0","0","0","0","0","N","1546","0","2","0","0","0","0","0","3","0","2","N","","","","","","","","","","","","03","  ","","",""
"1719","2","0","0","0","0","0","0","0","0","5","0","","36","09","2017","2017100253","4","40.0606","-76.3063","1712","08","0","0","0","0","0","0","0","0","2","0","0","0","17","1","0","00","1","40 03:38.254","2","00","76 18:22.514","0","0","0","0","36101","0","0","0","","0","0","0","3","36101","0","","1","01","N","N","0","","0","0","0","0","0","N","1710","0","2","0","0","0","0","0","3","0","2","N","","","","","","","","","","","","03","  ","","",""
"1002","1","0","0","0","0","0","0","0","0","1","0","","36","09","2017","2017100254","2","40.0879","-76.2351","0955","08","0","0","0","0","0","0","0","1","2","0","0","1","09","1","4","00","2","40 05:16.580","5","00","76 14:06.350","2","0","0","0","36234","4","0","2","","0","0","0","5","36215","0","","1","01","N","N","0","","2","2","0","0","0","Y","0952","4","2","0","0","0","0","0","1","0","1","N","","","","","","","","","","","","03","  ","","",""
"1707","2","0","0","0","0","0","0","0","0","4","0","","36","09","2017","2017100265","3","40.0392","-76.3088","1705","08","0","0","0","0","0","1","0","0","","0","0","0","17","1","2","01","0","40 02:21.252","","00","76 18:31.657","8","0","0","0","36301","0","0","0","N","0","0","0","3","36301","0","","1","01","N","N","0","","0","0","0","3","3","","1700","2","2","0","0","2","2","0","3","0","2","N","","","","","","","","","","","","03","  ","","",""
"0727","1","0","0","0","0","0","0","0","0","1","0","","36","09","2017","2017100301","6","39.8954","-76.1736","0723","08","0","0","1","0","0","0","0","0","1","0","0","0","07","1","0","00","1","39 53:43.405","3","00","76 10:24.893","0","0","0","0","36416","0","0","0","N","0","0","0","2","36416","0","","1","01","N","N","0","","0","0","1","0","0","N","0721","0","2","0","0","1","0","0","1","0","2","N","","","","","","","","","","","","03","  ","","",""
"2214","1","0","0","0","0","0","0","0","0","7","0","","36","09","2017","2017100319","6","40.1592","-76.5888","2214","08","0","0","0","0","0","0","0","0","","0","0","0","22","3","0","00","0","40 09:33.284","","00","76 35:19.538","0","0","0","0","36407","0","0","0","N","0","0","0","1","36407","0","","2","01","N","N","0","","0","0","0","0","0","","2214","0","1","0","0","0","0","0","2","0","1","N","","","","","","","","","","","","03","  ","","",""
"1418","2","0","0","0","0","0","0","0","0","4","0","","36","09","2017","2017100381","6","40.1532","-76.3072","1416","08","0","1","0","0","0","1","0","0","1","0","0","0","14","1","1","01","1","40 09:11.492","1","00","76 18:25.863","8","0","0","0","36409","0","0","0","N","0","0","0","2","36409","0","","1","01","N","N","0","","0","0","0","3","3","Y","1415","1","2","0","0","0","1","0","3","0","2","N","","","","","","","","","","","","03","  ","","",""
"2230","1","0","0","0","0","0","0","0","0","4","0","","36","09","2017","2017100387","6","40.0426","-76.3076","2229","08","0","0","0","0","0","0","0","0","2","0","0","0","22","3","1","01","2","40 02:33.356","4","00","76 18:27.431","8","0","0","1","36301","0","0","0","N","0","0","0","3","36301","0","","1","01","N","N","0","","0","0","0","3","3","Y","2226","1","2","0","0","0","1","0","3","0","2","N","","","","","","","","","","","","03","  ","","",""
"2144","0","0","0","0","0","0","0","0","0","7","0","","36","09","2017","2017100453","4","40.132","-75.9014","2118","08","0","0","0","0","0","0","0","0","","0","0","0","21","2","0","00","0","40 07:55.298","","00","75 54:05.134","0","0","0","0","36203","0","0","0","","0","0","0","1","68J01","0","","4","09","N","N","1","","0","0","0","0","0","","2107","0","1","0","0","0","0","0","1","0","1","N","","","","","","","","","","","","07","  ","","",""
"1513","0","0","0","0","0","0","0","0","0","7","0","","36","09","2017","2017100454","1","40.0388","-76.111","1505","08","0","0","0","0","0","0","0","0","","0","0","0","15","1","1","02","0","40 02:19.833","","00","76 06:39.712","8","0","0","1","36221","0","0","0","","0","0","0","1","68J01","0","","2","01","N","N","0","","0","0","0","3","2","","1503","1","1","0","0","0","1","0","1","0","1","N","","","","","","","","","","","","03","  ","","",""
"0846","1","0","0","0","0","0","0","0","0","0","0","","36","09","2017","2017100456","4","40.0315","-76.0887","0829","08","0","0","0","0","0","1","1","0","","0","0","0","08","1","1","00","0","40 01:53.322","","00","76 05:19.362","3","0","0","0","36221","0","0","0","","0","0","0","2","68J01","0","","1","09","N","N","1","","1","0","0","0","0","","0814","1","2","0","0","0","0","0","1","0","2","N","","","","","","","","","","","","07","  ","","",""
"2254","0","0","0","0","0","0","0","0","0","7","0","","36","09","2017","2017100458","4","40.0573","-76.144","2239","08","0","0","0","0","1","0","0","0","","0","0","0","22","2","1","03","0","40 03:26.406","","00","76 08:38.543","3","0","0","0","36221","0","0","0","","0","0","0","1","68J01","0","","4","01","N","N","0","","1","0","1","0","0","","2234","1","1","0","0","0","0","0","1","0","1","N","","","","","","","","","","","","03","  ","","",""