"ARRIVAL_TM","AUTOMOBILE_COUNT","BELTED_DEATH_COUNT","BELTED_SUSP_SERIOUS_INJ_COUNT","BICYCLE_COUNT","BICYCLE_DEATH_COUNT","BICYCLE_SUSP_SERIOUS_INJ_COUNT","BUS_COUNT","CHLDPAS_DEATH_COUNT","CHLDPAS_SUSP_SERIOUS_INJ_COUNT","COLLISION_TYPE","COMM_VEH_COUNT","CONS_ZONE_SPD_LIM","COUNTY","CRASH_MONTH","CRASH_YEAR","CRN","DAY_OF_WEEK","DEC_LAT","DEC_LONG","DISPATCH_TM","DISTRICT","DRIVER_COUNT_16YR","DRIVER_COUNT_17YR","DRIVER_COUNT_18YR","DRIVER_COUNT_19YR","DRIVER_COUNT_20YR","DRIVER_COUNT_50_64YR","DRIVER_COUNT_65_74YR","DRIVER_COUNT_75PLUS","EST_HRS_CLOSED","FATAL_COUNT","HEAVY_TRUCK_COUNT","HORSE_BUGGY_COUNT","HOUR_OF_DAY","ILLUMINATION","INJURY_COUNT","INTERSECT_TYPE","LANE_CLOSED","LATITUDE","LN_CLOSE_DIR","LOCATION_TYPE","LONGITUDE","MAX_SEVERITY_LEVEL","MCYCLE_DEATH_COUNT","MCYCLE_SUSP_SERIOUS_INJ_COUNT","MOTORCYCLE_COUNT","MUNICIPALITY","NONMOTR_COUNT","NONMOTR_DEATH_COUNT","NONMOTR_SUSP_SERIOUS_INJ_COUNT","NTFY_HIWY_MAINT","PED_COUNT","PED_DEATH_COUNT","PED_SUSP_SERIOUS_INJ_COUNT","PERSON_COUNT","POLICE_AGCY","POSSIBLE_INJ_COUNT","RDWY_SURF_TYPE_CD","RELATION_TO_ROAD","ROAD_CONDITION","SCH_BUS_IND","SCH_ZONE_IND","SMALL_TRUCK_COUNT","SPEC_JURIS_CD","SUSP_MINOR_INJ_COUNT","SUSP_SERIOUS_INJ_COUNT","SUV_COUNT","TCD_FUNC_CD","TCD_TYPE","TFC_DETOUR_IND","TIME_OF_DAY","TOT_INJ_COUNT","TOTAL_UNITS","UNB_DEATH_COUNT","UNB_SUSP_SERIOUS_INJ_COUNT","UNBELTED_OCC_COUNT","UNK_INJ_DEG_COUNT","UNK_INJ_PER_COUNT","URBAN_RURAL","VAN_COUNT","VEHICLE_COUNT","WORK_ZONE_IND","WORK_ZONE_LOC","WORK_ZONE_TYPE","WORKERS_PRES","WZ_CLOSE_DETOUR","WZ_FLAGGER","WZ_LAW_OFFCR_IND","WZ_LN_CLOSURE","WZ_MOVING","WZ_OTHER","WZ_SHLDER_MDN","ROADWAY_CLEARED","WEATHER1","WEATHER2","WZ_WORKERS_INJ_KILLED","SECONDARY_CRASH","INTERSECTION_RELATED"
"1603","1","0","0","0","0","0","0","0","0","1","0","","36","09","2017","2017100464","6","40.0747","-76.3339","1552","08","0","0","0","0","0","0","0","0","","0","0","0","15","1","2","00","0","40 04:28.875","","00","76 20:01.976","3","0","0","0","36101","0","0","0","N","0","0","0","3","36101","0","","1","01","N","N","0","","2","0","2","0","0","","1549","2","3","0","0","0","0","0","3","0","3","N","","","","","","","","","","","","03","  ","","",""
"1132","2","0","0","0","0","0","0","0","0","4","0","","36","09","2017","2017100540","4","40.0737","-76.3225","1127","08","0","0","0","0","0","0","1","1","","0","0","0","11","1","2","00","0","40 04:25.160","","07","76 19:20.930","4","0","0","0","36101","0","0","0","N","0","0","0","3","36101","2","","1","01","N","N","0","","0","0","0","0","0","","1115","2","2","0","0","0","0","0","3","0","2","N","","","","","","","","","","","","03","  ","","",""
"0600","1","0","0","0","0","0","0","0","0","7","0","","36","09","2017","2017100541","5","40.0624","-76.2172","0552","08","0","0","0","0","0","1","0","0","","0","0","0","05","6","1","00","0","40 03:44.790","","00","76 13:01.870","4","0","0","0","36215","0","0","0","N","0","0","0","1","36215","1","","4","01","N","N","0","","0","0","0","0","0","","0552","1","1","0","0","0","0","0","1","0","1","N","","","","","","","","","","","","03","  ","","",""
"1035","2","0","0","0","0","0","0","0","0","4","0","","36","09","2017","2017100544","6","40.172","-76.1709","1030","08","0","0","0","0","0","0","0","0","2","0","0","0","10","1","2","02","2","40 10:19.280","3","00","76 10:15.345","4","0","0","0","36408","0","0","0","N","0","0","0","3","36408","2","","1","01","N","N","0","","0","0","0","3","3","Y","1028","2","2","0","0","0","0","0","2","0","2","N","","","","","","","","","","","","03","  ","","",""
"1600","2","0","0","0","0","0","0","0","0","1","0","","36","09","2017","2017100620","6","40.0557","-76.3687","1551","08","0","0","0","0","0","0","1","0","2","0","0","0","15","1","0","00","1","40 03:20.667","3","00","76 22:07.412","0","0","0","0","36214","0","0","0","N","0","0","0","2","36214","0","","1","01","N","N","0","","0","0","0","0","0","N","1545","0","2","0","0","0","0","0","3","0","2","N","","","","","","","","","","","","03","  ","","",""
"1427","1","0","0","0","0","0","0","0","0","4","0","","36","09","2017","2017100625","6","40.0527","-76.2619","1407","08","0","0","0","0","0","0","0","0","2","0","0","0","14","1","1","00","1","40 03:09.584","6","01","76 15:42.892","4","0","0","0","36301","0","0","0","N","0","0","0","4","36301","1","","1","01","N","N","0","","0","0","1","0","0","N","1407","1","2","0","0","1","0","0","3","0","2","N","","","","","","","","","","","","03","  ","","",""
"1202","1","0","0","0","0","0","0","0","0","1","0","","36","09","2017","2017100629","2","40.0241","-76.316","1157","08","0","0","0","0","1","0","0","0","","0","0","0","11","1","1","01","0","40 01:26.922","","00","76 18:57.776","4","0","0","0","36301","0","0","0","N","0","0","0","3","36301","1","","1","01","N","N","0","","0","0","0","3","2","","1157","1","2","0","0","0","0","0","3","1","2","N","","","","","","","","","","","","03","  ","","",""
"1626","3","0","0","0","0","0","0","0","0","1","0","","36","09","2017","2017100642","6","40.2414","-76.0566","1624","08","0","0","0","0","0","1","0","0","","0","0","0","16","1","0","02","0","40 14:28.923","","00","76 03:23.881","0","0","0","0","36401","0","0","0","N","0","0","0","7","36408","0","","1","01","N","N","0","","0","0","0","0","0","","1620","0","3","0","0","0","0","0","1","0","3","N","","","","","","","","","","","","03","  ","","",""
"1324","0","0","0","0","0","0","0","0","0","1","0","","36","09","2017","2017100656","2","40.1808","-76.1331","1321","08","0","0","0","0","0","1","0","0","2","0","0","0","13","1","1","00","1","40 10:50.912","1","00","76 07:59.331","3","0","0","1","36218","0","0","0","N","0","0","0","3","36408","0","","1","01","N","N","0","","1","0","1","0","0","Y","1321","1","2","0","0","0","0","0","1","0","2","N","","","","","","","","","","","","03","  ","","",""
"1549","1","0","0","0","0","0","0","0","0","4","0","","36","08","2017","2017100665","3","40.045","-76.2837","1539","08","0","0","0","0","0","0","0","0","","0","0","0","15","1","1","01","0","40 02:41.866","","00","76 17:01.190","4","0","0","0","36301","0","0","0","N","0","0","0","2","36301","1","","1","09","N","N","0","","0","0","0","3","2","","1539","1","2","0","0","0","0","0","3","1","2","N","","","","","","","","","","","","07","  ","","",""
"1227","0","0","0","0","0","0","0","0","0","1","0","","36","09","2017","2017100683","6","40.0424","-76.2938","1224","08","0","0","0","0","0","0","1","0","","0","0","0","12","1","1","01","0","40 02:32.780","","00","76 17:37.618","4","0","0","0","36301","0","0","0","N","0","0","0","3","36301","1","","1","01","N","N","0","","0","0","2","3","3","","1219","1","2","0","0","0","0","0","3","0","2","N","","","","","","","","","","","","03","  ","","",""
"1731","1","0","0","0","0","0","0","0","0","4","0","","36","09","2017","2017100821","6","40.1432","-76.5962","1730","08","0","0","0","0","0","1","0","1","2","0","0","0","17","1","0","02","2","40 08:35.370","7","00","76 35:46.214","0","0","0","0","36407","0","0","0","N","0","0","0","2","36407","0","","1","01","N","N","1","","0","0","0","3","2","Y","1730","0","2","0","0","0","0","0","2","0","2","N","","","","","","","","","","","","03","  ","","",""
"1944","4","0","0","0","0","0","0","0","0","6","0","","36","09","2017","2017100827","7","40.0302","-76.4887","1942","08","0","0","0","0","0","0","0","0","1","0","0","0","19","3","0","00","1","40 01:48.800","6","00","76 29:19.300","0","0","0","0","36404","0","0","0","N","0","0","0","1","36404","0","","6","01","N","N","0","","0","0","2","0","0","N","1940","0","6","0","0","0","0","0","3","0","6","N","","","","","","","","","","","","03","  ","","",""
"0909","0","0","0","0","0","0","0","0","0","7","0","","36","09","2017","2017100835","7","40.0035","-76.2938","0900","08","0","0","0","0","1","0","0","0","","0","0","0","09","1","0","03","0","40 00:12.654","","00","76 17:37.516","0","0","0","0","36240","0","0","0","N","0","0","0","1","36240","0","","2","01","N","N","0","","0","0","1","0","0","","0900","0","1","0","0","0","0","0","1","0","1","N","","","","","","","","","","","","03","  ","","",""
"1912","0","0","0","0","0","0","0","0","0","7","0","","36","09","2017","2017100864","6","40.0837","-76.2899","1909","08","0","0","0","0","0","1","0","0","","0","0","0","19","2","0","02","0","40 05:01.196","","00","76 17:23.525","0","0","0","0","36101","0","0","0","N","0","0","0","1","36101","0","","2","01","N","N","1","","0","0","0","0","0","","1906","0","1","0","0","0","0","0","3","0","1","N","","","","","","","","","","","","03","  ","","",""
"1041","1","0","0","0","0","0","0","0","0","5","0","","36","09","2017","2017100909","6","40.1514","-76.296","1041","08","0","0","0","0","0","0","0","0","3","0","0","0","10","1","1","00","2","40 09:04.900","5","00","76 17:45.500","8","0","0","0","36409","0","0","0","N","0","0","0","1","36409","0","","6","01","N","N","0","","0","0","1","0","0","Y","1041","1","2","0","0","0","1","0","3","0","2","N","","","","","","","","","","","","03","  ","","",""
"1425","1","0","0","0","0","0","0","0","0","4","0","","36","09","2017","2017100917","1","40.1099","-76.5032","1425","08","0","0","0","0","0","0","0","0","","0","1","0","14","1","0","01","0","40 06:35.512","","00","76 30:11.698","0","0","0","0","36413","0","0","0","N","0","0","0","2","36413","0","","1","01","N","N","0","","0","0","0","3","2","","1420","0","2","0","0","0","0","0","2","0","2","N","","","","","","","","","","","","03","  ","","",""
"1321","1","0","0","0","0","0","0","0","0","5","0","","36","09","2017","2017100928","6","39.9868","-76.2798","1315","08","0","1","0","0","0","0","1","0","","0","0","0","13","1","0","00","0","39 59:12.524","","00","76 16:47.349","0","0","0","0","36240","0","0","0","N","0","0","0","3","36240","0","","1","01","N","N","1","","0","0","0","0","0","","1315","0","2","0","0","0","0","0","1","0","2","N","","","","","","","","","","","","03","  ","","",""
"0839","2","0","0","0","0","0","0","0","0","4","0","","36","09","2017","2017100935","3","40.0443","-76.3069","0839","08","0","0","0","0","0","0","0","0","2","0","0","0","08","1","0","01","1","40 02:39.403","4","00","76 18:24.797","0","0","0","0","36301","0","0","0","N","0","0","0","2","36301","0","","1","01","N","N","0","","0","0","0","3","2","N","0835","0","2","0","0","0","0","0","3","0","2","N","","","","","","","","","","","","03","  ","","",""
"1358","1","0","0","0","0","0","0","0","0","4","0","","36","09","2017","2017100937","6","40.0435","-76.298","1316","08","0","0","0","0","0","0","1","0","","0","0","0","13","1","0","01","0","40 02:36.541","","00","76 17:52.639","0","0","0","0","36301","0","0","0","N","0","0","0","3","36301","0","","1","01","N","N","1","","0","0","0","3","2","","1316","0","2","0","0","0","0","0","3","0","2","N","","","","","","","","","","","","03","  ","","",""
"1215","0","0","0","0","0","0","0","0","0","4","0","","36","09","2017","2017100944","3","40.0297","-76.3231","1208","08","0","0","0","0","0","1","1","0","","0","0","0","12","1","1","01","0","40 01:46.749","","00","76 19:23.174","8","0","0","0","36301","0","0","0","N","0","0","0","2","36301","0","","1","01","N","N","0","","0","0","1","3","2","","1208","1","2","0","0","0","1","0","3","1","2","N","","","","","","","","","","","","03","  ","","",""
"1436","1","0","0","0","0","0","0","0","0","7","0","","36","09","2017","2017100946","7","40.0583","-76.4026","1426","08","0","0","0","0","0","0","0","1","","0","0","0","14","1","0","00","0","40 03:29.831","","00","76 24:09.503","0","0","0","0","36214","0","0","0","N","0","0","0","1","36214","0","","2","01","N","N","0","","0","0","0","0","0","","1425","0","1","0","0","0","0","0","3","0","1","N","","","","","","","","","","","","03","  ","","",""
"1022","1","0","0","0","0","0","0","0","0","8","0","","36","09","2017","2017100948","6","40.0413","-76.3042","1021","08","0","0","0","0","0","0","1","0","","0","0","0","10","1","1","01","0","40 02:28.698","","00","76 18:15.247","4","0","0","0","36301","1","0","0","N","1","0","0","2","36301","1","","1","01","N","N","0","","0","0","0","3","2","","1019","1","2","0","0","0","0","0","3","0","1","N","","","","","","","","","","","","03","  ","","",""
"1205","2","0","0","0","0","0","0","0","0","4","0","","36","09","2017","2017100950","4","39.9974","-76.3562","1159","08","0","0","1","0","0","0","0","0","2","0","0","0","11","1","0","00","1","39 59:50.474","4","07","76 21:22.301","0","0","0","0","36412","0","0","0","N","0","0","0","2","36412","0","","1","09","N","N","0","","0","0","0","0","0","Y","1155","0","2","0","0","0","0","0","3","0","2","N","","","","","","","","","","","","03","  ","","",""
"1257","0","0","0","0","0","0","0","0","0","4","0","","36","10","2017","2017100965","1","39.9911","-76.2603","1253","08","0","0","0","0","0","0","0","1","2","0","0","0","12","1","2","02","1","39 59:28.076","3","00","76 15:37.017","8","0","0","0","36240","0","0","0","N","0","0","0","7","36240","0","","1","01","N","N","0","","0","0","0","3","3","N","1251","2","2","0","0","0","2","0","1","2","2","N","","","","","","","","","","","","03","  ","","",""
"1058","2","0","0","0","0","0","0","0","0","4","0","","36","09","2017","2017100967","1","40.0331","-76.3059","1058","08","0","1","0","0","0","1","0","0","2","0","0","0","10","1","0","01","1","40 01:59.250","3","00","76 18:21.229","0","0","0","0","36301","0","0","0","N","0","0","0","2","36301","0","","1","01","N","N","0","","0","0","0","3","3","N","1049","0","2","0","0","0","0","0","3","0","2","N","","","","","","","","","","","","03","  ","","",""
"1332","0","0","0","0","0","0","0","0","0","4","0","","36","10","2017","2017100972","1","40.1076","-76.4198","1332","08","0","0","1","0","0","0","0","0","1","0","0","0","13","1","0","00","1","40 06:27.244","1","00","76 25:11.308","0","0","0","0","36214","0","0","0","N","0","0","0","4","36214","0","","1","01","N","N","1","","0","0","1","3","3","N","1332","0","2","0","0","0","0","0","3","0","2","N","","","","","","","","","","","","03","  ","","",""
"1627","1","0","0","0","0","0","0","0","0","4","0","","36","09","2017","2017101003","5","40.1885","-76.3253","1622","08","0","0","0","0","0","1","0","0","1","0","0","0","16","1","1","01","1","40 11:18.768","1","00","76 19:30.989","8","0","0","0","36217","0","0","0","","0","0","0","5","36506","0","","1","01","N","N","1","","0","0","1","3","3","N","1622","1","3","0","0","0","1","0","1","0","3","N","","","","","","","","","","","","03","  ","","",""
"0812","0","0","0","0","0","0","0","0","0","7","0","","36","09","2017","2017101004","6","40.1937","-76.2215","0812","08","0","0","0","0","0","0","0","0","","0","0","0","08","1","0","00","0","40 11:37.200","","00","76 13:17.400","0","0","0","1","36204","0","0","0","N","0","0","0","1","36506","0","","4","01","N","N","0","","0","0","0","0","0","","0812","0","1","0","0","0","0","0","1","0","1","N","","","","","","","","","","","","03","  ","","",""
"1047","0","0","0","0","0","0","0","0","0","0","0","","36","10","2017","2017101005","1","40.1583","-76.2669","1042","08","0","0","0","0","0","0","0","0","2","0","0","0","10","1","1","00","1","40 09:29.900","6","00","76 16:00.700","3","0","0","1","36235","0","0","0","N","0","0","0","1","36506","0","","2","01","N","N","0","","1","0","0","0","0","N","1042","1","1","0","0","0","0","0","1","0","1","N","","","","","","","","","","","","07","  ","","",""
"0114","1","0","0","0","0","0","0","0","0","9","0","","36","10","2017","2017101059","1","40.1825","-76.6064","0104","08","0","0","0","0","0","0","0","0","","0","0","0","01","2","0","00","0","40 10:56.986","","00","76 36:23.203","0","0","0","0","36225","0","0","0","N","0","0","0","2","36505","0","","1","01","N","N","0","","0","0","0","0","0","","0103","0","1","0","0","0","0","0","2","0","1","N","","","","","","","","","","","","03","  ","","",""
"2019","2","0","0","0","0","0","0","0","0","4","0","","36","09","2017","2017101061","6","40.0886","-76.4516","2014","08","0","0","0","0","0","0","0","0","2","0","0","0","20","2","3","02","2","40 05:19.062","5","00","76 27:05.809","2","0","0","0","36239","0","0","0","N","0","0","0","3","36239","2","","1","01","N","N","0","","0","1","0","3","3","N","2012","3","2","0","1","1","0","0","3","0","2","N","","","","","","","","","","","","03","  ","","",""
"2355","2","0","0","0","0","0","0","0","0","5","0","","36","09","2017","2017101069","6","40.1844","-76.1283","2350","08","0","0","0","0","0","0","0","0","","0","0","0","23","2","0","00","0","40 11:03.979","","00","76 07:41.969","0","0","0","0","36218","0","0","0","N","0","0","0","2","36408","0","","1","09","N","N","0","","0","0","0","0","0","","2348","0","2","0","0","1","0","0","1","0","2","N","","","","","","","","","","","","03","  ","","",""
"0521","1","0","0","0","0","0","0","0","0","7","0","","36","09","2017","2017101074","4","40.0362","-76.3068","0521","08","0","0","0","0","0","0","0","0","","0","0","0","05","5","0","00","0","40 02:10.400","","00","76 18:24.500","9","0","0","0","36301","0","0","0","N","0","0","0","5","36301","0","","4","01","N","N","0","","0","0","0","0","0","","0521","0","1","0","0","0","0","3","3","0","1","N","","","","","","","","","","","","03","  ","","",""
"2011","0","0","0","0","0","0","0","0","0","1","0","","36","10","2017","2017101080","1","40.0503","-76.3948","2006","08","0","0","0","0","0","1","0","0","","0","0","0","20","3","1","01","0","40 03:01.141","","00","76 23:41.283","4","0","0","0","36214","0","0","0","N","0","0","0","3","36214","1","","1","01","N","N","0","","0","0","2","0","0","","2005","1","2","0","0","0","0","0","3","0","2","N","","","","","","","","","","","","03","  ","","",""
"1736","1","0","0","0","0","0","0","0","0","1","0","","36","09","2017","2017101104","6","40.0674","-76.4585","1731","08","0","0","0","1","0","1","0","0","2","0","0","0","17","1","1","00","2","40 04:02.603","5","00","76 27:30.574","8","0","0","0","36239","0","0","0","N","0","0","0","3","36239","0","","1","01","N","N","0","","0","0","2","0","0","Y","1730","1","3","0","0","0","1","0","3","0","3","N","","","","","","","","","","","","03","  ","","",""
"0742","1","0","0","0","0","0","0","0","0","7","0","","36","09","2017","2017101110","5","40.0048","-76.3479","0739","08","0","0","0","0","0","0","0","0","","0","0","0","07","1","0","00","0","40 00:17.200","","00","76 20:52.400","0","0","0","0","36412","0","0","0","N","0","0","0","1","36412","0","","4","01","N","N","0","","0","0","0","0","0","","0737","0","2","0","0","0","0","0","3","0","1","N","","","","","","","","","","","","03","  ","","",""
"1714","0","0","0","0","0","0","0","0","0","1","0","","36","09","2017","2017101119","4","40.0304","-76.2699","1709","08","0","0","0","0","0","2","0","0","1","0","0","0","17","1","1","01","2","40 01:49.578","5","00","76 16:11.706","3","0","0","0","36240","0","0","0","N","0","0","0","2","36240","0","","1","01","N","N","2","","1","0","0","0","0","Y","1706","1","2","0","0","0","0","0","1","0","2","N","","","","","","","","","","","","03","  ","","",""
"2011","2","0","0","0","0","0","0","0","0","5","0","","36","09","2017","2017101121","7","40.109","-76.5147","2005","08","0","1","0","0","0","0","0","0","1","0","0","0","20","3","0","00","1","40 06:32.339","4","00","76 30:52.993","0","0","0","0","36413","0","0","0","N","0","0","0","1","36413","0","","6","01","N","N","0","","0","0","0","0","0","N","2003","0","2","0","0","0","0","0","2","0","2","N","","","","","","","","","","","","03","  ","","",""
"2121","0","0","0","0","0","0","0","0","0","4","0","","36","09","2017","2017101122","4","40.0229","-76.2647","2120","08","0","0","0","0","0","0","0","0","2","0","0","0","21","3","0","01","1","40 01:22.402","7","00","76 15:52.862","0","0","0","0","36240","0","0","0","N","0","0","0","2","36240","0","","1","01","N","N","1","","0","0","0","3","2","N","2118","0","2","0","0","0","0","0","1","1","2","N","","","","","","","","","","","","03","  ","","",""
"1710","0","0","0","0","0","0","0","0","0","2","0","","36","09","2017","2017101134","4","40.2653","-76.1092","1659","08","0","0","0","0","0","1","0","0","1","0","0","0","16","1","0","01","1","40 15:55.151","3","00","76 06:33.119","9","0","0","0","36236","0","0","0","N","0","0","0","3","36408","0","","1","01","N","N","0","","0","0","3","3","3","N","1650","0","3","0","0","0","0","1","1","0","3","N","","","","","","","","","","","","03","  ","","",""
"1737","1","0","0","0","0","0","0","0","0","5","0","","36","09","2017","2017101192","1","40.0648","-76.2837","1721","08","0","0","0","0","0","1","1","1","2","0","0","0","17","1","0","00","2","40 03:53.265","4","00","76 17:01.209","0","0","0","0","36101","0","0","0","","0","0","0","3","36101","0","","1","01","N","N","2","","0","0","0","0","0","N","1721","0","3","0","0","0","0","0","3","0","3","N","","","","","","","","","","","","03","  ","","",""
"1728","1","0","0","0","0","0","0","0","0","1","0","","36","09","2017","2017101193","5","40.1064","-76.3055","1713","08","0","0","0","0","0","1","0","0","2","0","0","0","17","1","0","01","1","40 06:22.882","2","00","76 18:19.646","0","0","0","0","36101","0","0","0","","0","0","0","2","36101","0","","1","01","N","N","0","","0","0","1","3","2","N","1709","0","2","0","0","0","0","0","3","0","2","N","","","","","","","","","","","","03","  ","","",""
"2331","2","0","0","0","0","0","0","0","0","1","0","","36","09","2017","2017101194","5","40.0685","-76.3029","2329","08","0","0","0","0","0","0","1","0","2","0","0","0","23","3","0","01","1","40 04:06.491","2","00","76 18:10.333","0","0","0","0","36101","0","0","0","","0","0","0","2","36101","0","","1","01","N","N","0","","0","0","0","3","2","N","2327","0","2","0","0","0","0","0","3","0","2","N","","","","","","","","","","","","03","  ","","",""
"1403","1","0","0","0","0","0","0","0","0","1","0","","36","09","2017","2017101195","3","40.0789","-76.3272","1358","08","0","0","0","0","1","0","0","0","1","0","0","0","13","1","0","02","1","40 04:44.107","1","00","76 19:37.860","0","0","0","0","36101","0","0","0","","0","0","0","2","36101","0","","1","01","N","N","0","","0","0","1","0","0","N","1358","0","2","0","0","0","0","0","3","0","2","N","","","","","","","","","","","","03","  ","","",""
"1645","2","0","0","0","0","0","0","0","0","4","0","","36","09","2017","2017101255","4","40.0402","-76.3152","1640","08","0","0","0","0","1","0","0","0","","0","0","0","16","1","0","01","0","40 02:24.734","","00","76 18:54.712","0","0","0","0","36301","0","0","0","N","0","0","0","6","36301","0","","1","01","N","N","0","","0","0","0","3","3","","1640","0","2","0","0","0","0","0","3","0","2","N","","","","","","","","","","","","03","  ","","",""
"1732","2","0","0","0","0","0","0","0","0","4","0","","36","09","2017","2017101274","5","40.1885","-76.3253","1729","08","0","0","0","0","0","1","1","0","1","0","0","0","17","1","0","01","1","40 11:18.768","2","00","76 19:30.989","0","0","0","0","36235","0","0","0","N","0","0","0","3","36506","0","","1","01","N","N","0","","0","0","0","3","3","Y","1729","0","2","0","0","0","0","0","1","0","2","N","","","","","","","","","","","","03","  ","","",""
"2038","1","0","0","0","0","0","0","0","0","7","0","","36","09","2017","2017101275","5","40.1449","-76.281","2035","08","0","0","0","1","0","0","0","0","1","0","0","0","20","2","0","02","1","40 08:41.532","4","00","76 16:51.736","0","0","0","0","36235","0","0","0","N","0","0","0","1","36506","0","","3","01","N","N","0","","0","0","0","0","0","N","2035","0","1","0","0","0","0","0","1","0","1","N","","","","","","","","","","","","03","  ","","",""
"1552","2","0","0","0","0","0","0","0","0","4","0","","36","09","2017","2017101276","5","40.1288","-76.3118","1548","08","0","1","0","0","0","0","0","0","2","0","0","0","15","1","2","02","2","40 07:43.586","7","00","76 18:42.454","4","0","0","0","36235","0","0","0","N","0","0","0","2","36506","2","","1","01","N","N","0","","0","0","0","3","2","Y","1548","2","2","0","0","0","0","0","1","0","2","N","","","","","","","","","","","","03","  ","","",""
"1135","1","0","0","0","0","0","0","0","0","1","1","","36","10","2017","2017101302","2","40.1591","-76.5764","1132","08","0","0","0","0","0","0","0","1","1","0","1","0","11","1","0","00","1","40 09:32.588","3","00","76 34:35.198","9","0","0","0","36225","0","0","0","N","0","0","0","2","36505","0","","1","01","N","N","0","","0","0","0","0","0","N","1132","0","2","0","0","0","0","1","2","0","2","N","","","","","","","","","","","","03","  ","","",""
"1213","2","0","0","0","0","0","0","0","0","1","0","","36","10","2017","2017101342","2","40.1454","-76.117","1211","08","0","0","0","1","0","0","0","0","","0","0","0","12","1","1","01","0","40 08:43.597","","00","76 07:01.050","4","0","0","0","36209","0","0","0","N","0","0","0","3","36415","1","","1","01","N","N","0","","0","0","0","3","2","","1211","1","2","0","0","0","0","0","1","0","2","N","","","","","","","","","","","","03","  ","","",""
"1415","1","0","0","0","0","0","0","0","0","4","0","","36","09","2017","2017101354","6","40.1515","-76.2498","1411","08","0","0","0","0","0","0","1","1","1","0","0","0","14","1","0","02","1","40 09:05.392","3","00","76 14:59.328","0","0","0","0","36235","0","0","0","N","0","0","0","2","36506","0","","1","01","N","N","0","","0","0","1","0","0","Y","1411","0","2","0","0","0","0","0","1","0","2","N","","","","","","","","","","","","03","  ","","",""
"1449","0","0","0","0","0","0","0","0","0","0","0","","36","09","2017","2017101390","5","40.0692","-76.3079","1445","08","0","0","0","0","0","0","0","0","1","0","0","0","14","1","1","00","1","40 04:08.989","4","00","76 18:28.417","3","0","0","1","36101","0","0","0","","0","0","0","1","36101","0","","1","01","N","N","0","","1","0","0","0","0","N","1445","1","1","0","0","0","0","0","3","0","1","N","","","","","","","","","","","","03","  ","","",""
"1509","1","0","0","0","0","0","0","0","0","1","0","","36","09","2017","2017101391","6","40.0401","-76.3754","1509","08","0","1","0","0","0","1","0","0","1","0","0","0","15","1","2","00","2","40 02:24.292","3","00","76 22:31.520","4","0","0","0","36223","0","0","0","N","0","0","0","6","36223","2","","1","01","N","N","0","","0","0","0","0","0","N","1509","2","3","0","0","2","0","0","1","2","3","N","","","","","","","","","","","","03","  ","","",""
"0737","0","0","0","0","0","0","0","0","0","8","0","","36","10","2017","2017101392","1","39.9749","-76.4547","0725","08","0","0","0","0","0","1","0","0","1","0","0","0","07","1","1","00","2","39 58:29.600","6","00","76 27:16.900","2","0","0","0","36223","1","0","1","N","1","0","1","2","36223","0","","1","01","N","N","1","","0","1","0","0","0","Y","0724","1","2","0","0","0","0","0","1","0","1","N","","","","","","","","","","","","03","  ","","",""
"2034","0","0","0","0","0","0","0","0","0","4","0","","36","10","2017","2017101547","2","40.1117","-76.4517","2027","08","0","0","0","0","0","0","0","0","3","0","0","0","20","3","1","01","1","40 06:42.051","2","00","76 27:06.004","3","0","0","0","36230","0","0","0","N","0","0","0","4","36410","0","","1","01","N","N","2","","1","0","0","3","2","N","2024","1","2","0","0","0","0","0","1","0","2","N","","","","","","","","","","","","03","  ","","",""
"1457","1","0","0","0","0","0","0","0","0","4","0","","36","10","2017","2017101553","1","40.2105","-76.1322","1453","08","0","0","0","0","0","2","0","0","2","0","0","0","14","1","2","00","2","40 12:37.884","5","07","76 07:55.797","2","0","1","1","36210","0","0","0","N","0","0","0","2","36210","1","","1","01","N","N","0","","0","1","0","0","0","Y","1453","2","2","0","0","0","0","0","1","0","2","N","","","","","","","","","","","","03","  ","","",""
"0201","1","0","0","0","0","0","0","0","0","5","0","","36","09","2017","2017101559","1","40.0423","-76.2898","0157","08","0","0","0","0","0","0","0","0","2","0","0","0","01","3","0","00","2","40 02:32.300","2","00","76 17:23.300","0","0","0","0","36301","0","0","0","N","0","0","0","1","36301","0","","6","01","N","N","1","","0","0","0","0","0","N","0154","0","2","0","0","0","0","0","3","0","2","N","","","","","","","","","","","","03","  ","","",""
"0543","3","0","0","0","0","0","0","0","0","4","0","","36","09","2017","2017101560","5","40.0402","-76.3152","0538","08","0","0","0","0","0","0","0","0","2","0","0","0","05","3","2","02","2","40 02:24.734","3","00","76 18:54.712","8","0","0","0","36301","0","0","0","N","0","0","0","3","36301","0","","1","01","N","N","0","","0","0","0","3","3","Y","0536","2","3","0","0","0","2","0","3","0","3","N","","","","","","","","","","","","03","  ","","",""
"1203","1","0","0","0","0","0","0","0","0","1","0","","36","09","2017","2017101635","1","40.0393","-76.326","1156","08","0","0","0","0","0","0","0","0","3","0","0","0","11","1","0","00","2","40 02:21.420","5","00","76 19:33.550","0","0","0","0","36220","0","0","0","N","0","0","0","1","36101","0","","6","01","N","N","0","","0","0","1","0","0","Y","1155","0","2","0","0","0","0","0","3","0","2","N","","","","","","","","","","","","03","  ","","",""