"ARRIVAL_TM","AUTOMOBILE_COUNT","BELTED_DEATH_COUNT","BELTED_SUSP_SERIOUS_INJ_COUNT","BICYCLE_COUNT","BICYCLE_DEATH_COUNT","BICYCLE_SUSP_SERIOUS_INJ_COUNT","BUS_COUNT","CHLDPAS_DEATH_COUNT","CHLDPAS_SUSP_SERIOUS_INJ_COUNT","COLLISION_TYPE","COMM_VEH_COUNT","CONS_ZONE_SPD_LIM","COUNTY","CRASH_MONTH","CRASH_YEAR","CRN","DAY_OF_WEEK","DEC_LAT","DEC_LONG","DISPATCH_TM","DISTRICT","DRIVER_COUNT_16YR","DRIVER_COUNT_17YR","DRIVER_COUNT_18YR","DRIVER_COUNT_19YR","DRIVER_COUNT_20YR","DRIVER_COUNT_50_64YR","DRIVER_COUNT_65_74YR","DRIVER_COUNT_75PLUS","EST_HRS_CLOSED","FATAL_COUNT","HEAVY_TRUCK_COUNT","HORSE_BUGGY_COUNT","HOUR_OF_DAY","ILLUMINATION","INJURY_COUNT","INTERSECT_TYPE","LANE_CLOSED","LATITUDE","LN_CLOSE_DIR","LOCATION_TYPE","LONGITUDE","MAX_SEVERITY_LEVEL","MCYCLE_DEATH_COUNT","MCYCLE_SUSP_SERIOUS_INJ_COUNT","MOTORCYCLE_COUNT","MUNICIPALITY","NONMOTR_COUNT","NONMOTR_DEATH_COUNT","NONMOTR_SUSP_SERIOUS_INJ_COUNT","NTFY_HIWY_MAINT","PED_COUNT","PED_DEATH_COUNT","PED_SUSP_SERIOUS_INJ_COUNT","PERSON_COUNT","POLICE_AGCY","POSSIBLE_INJ_COUNT","RDWY_SURF_TYPE_CD","RELATION_TO_ROAD","ROAD_CONDITION","SCH_BUS_IND","SCH_ZONE_IND","SMALL_TRUCK_COUNT","SPEC_JURIS_CD","SUSP_MINOR_INJ_COUNT","SUSP_SERIOUS_INJ_COUNT","SUV_COUNT","TCD_FUNC_CD","TCD_TYPE","TFC_DETOUR_IND","TIME_OF_DAY","TOT_INJ_COUNT","TOTAL_UNITS","UNB_DEATH_COUNT","UNB_SUSP_SERIOUS_INJ_COUNT","UNBELTED_OCC_COUNT","UNK_INJ_DEG_COUNT","UNK_INJ_PER_COUNT","URBAN_RURAL","VAN_COUNT","VEHICLE_COUNT","WORK_ZONE_IND","WORK_ZONE_LOC","WORK_ZONE_TYPE","WORKERS_PRES","WZ_CLOSE_DETOUR","WZ_FLAGGER","WZ_LAW_OFFCR_IND","WZ_LN_CLOSURE","WZ_MOVING","WZ_OTHER","WZ_SHLDER_MDN","ROADWAY_CLEARED","WEATHER1","WEATHER2","WZ_WORKERS_INJ_KILLED","SECONDARY_CRASH","INTERSECTION_RELATED"
"1825","1","0","0","0","0","0","0","0","0","1","0","","36","09","2017","2017101636","4","40.0701","-76.3148","1815","08","0","0","0","0","0","0","1","0","","0","0","0","17","1","0","00","0","40 04:12.444","","00","76 18:53.409","0","0","0","0","36101","0","0","0","","0","0","0","2","36101","0","","1","01","N","N","0","","0","0","1","0","0","","1750","0","2","0","0","0","0","0","3","0","2","N","","","","","","","","","","","","03","  ","","",""
"1617","1","0","0","0","0","0","0","0","0","7","0","","36","09","2017","2017101637","5","40.0744","-76.2693","1610","08","0","0","0","1","0","0","0","0","2","0","0","0","16","1","0","02","1","40 04:27.897","4","00","76 16:09.310","0","0","0","0","36101","0","0","0","N","0","0","0","1","36101","0","","2","01","N","N","0","","0","0","0","0","0","N","1607","0","1","0","0","0","0","0","3","0","1","N","","","","","","","","","","","","03","  ","","",""
"1218","1","0","0","0","0","0","0","0","0","4","0","","36","09","2017","2017101638","6","40.0275","-76.2218","1217","08","0","0","0","0","0","1","0","0","2","0","0","0","12","1","2","01","1","40 01:38.921","6","00","76 13:18.394","3","0","0","0","36215","0","0","0","","0","0","0","2","36215","1","","1","01","N","N","0","","1","0","1","3","2","N","1217","2","2","0","0","1","0","0","1","0","2","N","","","","","","","","","","","","03","  ","","",""
"0840","0","0","0","0","0","0","0","0","0","7","0","","36","09","2017","2017101639","4","40.0849","-76.2168","0836","08","0","0","0","0","0","0","0","1","","0","0","0","08","1","0","02","0","40 05:05.778","","00","76 13:00.434","0","0","0","0","36234","1","0","0","","0","0","0","2","36215","0","","2","01","N","N","0","","0","0","2","3","2","","0834","0","2","0","0","0","0","0","1","0","2","N","","","","","","","","","","","","03","  ","","",""
"1152","0","0","0","0","0","0","0","0","0","1","0","","36","09","2017","2017101640","4","40.0889","-76.1801","1148","08","0","0","0","0","0","0","0","0","","0","0","0","11","1","0","02","0","40 05:20.180","","00","76 10:48.323","0","0","0","0","36234","0","0","0","","0","0","0","2","36215","0","","1","01","N","N","0","","0","0","2","0","0","","1146","0","2","0","0","0","0","0","1","0","2","N","","","","","","","","","","","","03","  ","","",""
"1326","1","0","0","0","0","0","0","0","0","4","0","","36","09","2017","2017101641","4","40.0376","-76.2684","1319","08","0","0","1","0","0","0","0","0","1","0","0","0","13","1","1","00","2","40 02:15.533","6","00","76 16:06.243","8","0","0","0","36215","0","0","0","","0","0","0","2","36215","0","","1","01","N","N","0","","0","0","1","0","0","Y","1317","1","2","0","0","0","1","0","1","0","2","N","","","","","","","","","","","","03","  ","","",""
"1523","2","0","0","0","0","0","0","0","0","1","0","","36","09","2017","2017101642","4","40.04","-76.2313","1516","08","0","0","0","0","0","0","0","0","","0","0","0","15","1","1","00","0","40 02:24.176","","00","76 13:52.683","8","0","0","0","36215","0","0","0","","0","0","0","3","36215","0","","1","01","N","N","0","","0","0","0","3","2","","1516","1","2","0","0","0","1","0","1","0","2","N","","","","","","","","","","","","03","  ","","",""
"2245","2","0","0","0","0","0","0","0","0","7","0","","36","09","2017","2017101643","4","40.0265","-76.2325","2242","08","0","0","0","0","1","0","0","0","","0","0","0","22","3","0","00","0","40 01:35.400","","00","76 13:56.960","0","0","0","0","36215","0","0","0","N","0","0","0","1","36215","0","","2","01","N","N","0","","0","0","0","0","0","","2240","0","2","0","0","0","0","0","1","0","2","N","","","","","","","","","","","","03","  ","","",""
"1155","0","0","0","0","0","0","0","0","0","1","0","","36","09","2017","2017101644","4","40.129","-76.478","1138","08","0","0","0","0","0","1","0","0","","0","0","0","11","1","0","00","0","40 07:44.354","","00","76 28:40.752","9","0","0","0","36230","0","0","0","N","0","0","0","3","36410","0","","1","01","N","N","1","","0","0","0","0","0","","1134","0","2","0","0","2","0","1","1","1","2","N","","","","","","","","","","","","03","  ","","",""
"1430","1","0","0","0","0","0","0","0","0","1","0","","36","10","2017","2017101655","2","40.1565","-76.2052","1428","08","0","0","0","0","0","1","0","1","1","0","0","0","14","1","0","01","1","40 09:23.506","1","00","76 12:18.574","0","0","0","0","36402","0","0","0","N","0","0","0","2","36402","0","","1","01","N","N","0","","0","0","1","0","0","N","1427","0","2","0","0","0","0","0","2","0","2","N","","","","","","","","","","","","03","  ","","",""
"1543","0","0","0","0","0","0","0","0","0","1","0","","36","09","2017","2017101729","3","40.1515","-76.2498","1538","08","0","0","0","0","0","2","0","0","2","0","0","0","15","1","1","02","1","40 09:05.392","6","00","76 14:59.328","3","0","0","0","36235","0","0","0","N","0","0","0","2","36506","0","","1","01","N","N","0","","1","0","2","0","0","N","1538","1","2","0","0","0","0","0","1","0","2","N","","","","","","","","","","","","03","  ","","",""
"1512","1","0","0","0","0","0","0","0","0","1","0","","36","10","2017","2017101748","2","40.1717","-76.6039","1503","08","0","0","0","0","0","1","0","0","1","0","0","0","15","1","0","00","1","40 10:18.189","1","00","76 36:13.878","0","0","0","0","36225","0","0","0","N","0","0","0","2","36505","0","","1","01","N","N","1","","0","0","0","0","0","N","1500","0","2","0","0","0","0","0","2","0","2","N","","","","","","","","","","","","03","  ","","",""
"1653","1","0","0","0","0","0","0","0","0","4","0","","36","09","2017","2017101753","6","40.0785","-76.653","1652","08","0","0","0","0","0","0","0","0","2","0","0","0","16","1","1","02","1","40 04:42.704","5","00","76 39:10.967","4","0","0","0","36207","0","0","0","N","0","0","0","2","36504","1","","1","01","N","N","1","","0","0","0","0","0","N","1650","1","2","0","0","0","0","0","1","0","2","N","","","","","","","","","","","","03","  ","","",""
"0950","0","0","0","0","0","0","0","0","0","4","0","","36","09","2017","2017101930","4","39.9614","-76.1394","0927","08","0","0","0","0","0","0","0","0","","0","1","0","09","1","0","02","0","39 57:41.173","","00","76 08:21.886","0","0","0","0","36226","0","0","0","N","0","0","0","3","68J01","0","","1","01","N","N","0","","0","0","1","0","0","","0920","0","2","0","0","0","0","0","1","0","2","N","","","","","","","","","","","","03","  ","","",""
"2359","1","0","0","0","0","0","0","0","0","7","0","","36","08","2017","2017101944","2","40.0738","-75.9824","2353","08","0","0","0","0","0","0","0","0","1","0","0","0","23","2","0","00","2","40 04:25.590","6","00","75 58:56.760","9","0","0","0","36232","0","0","0","","0","0","0","1","68J01","0","","4","09","N","N","0","","0","0","0","0","0","Y","2352","0","1","0","0","0","0","1","1","0","1","N","","","","","","","","","","","","07","  ","","",""
"0753","0","0","0","0","0","0","1","0","0","4","1","","36","09","2017","2017101986","3","39.8494","-76.0584","0711","08","0","0","0","0","0","1","0","0","3","0","0","0","07","1","3","01","1","39 50:57.746","3","00","76 03:30.337","3","0","0","0","36205","0","0","0","","0","0","0","5","68J01","0","","1","01","Y","N","0","","3","0","1","3","3","Y","0710","3","2","0","0","1","0","0","1","0","2","N","","","","","","","","","","","","03","  ","","",""
"1105","1","0","0","0","0","0","0","0","0","7","0","","36","10","2017","2017102013","1","40.0373","-76.1729","1100","08","0","0","0","0","0","0","0","0","2","0","0","0","10","1","0","00","2","40 02:14.410","5","00","76 10:22.468","0","0","0","0","36221","0","0","0","N","0","0","0","1","68J01","0","","4","01","N","N","0","","0","0","0","0","0","Y","1058","0","1","0","0","0","0","0","1","0","1","N","","","","","","","","","","","","03","  ","","",""
"1532","0","0","0","0","0","0","0","0","0","7","0","","36","10","2017","2017102014","1","39.8916","-76.3262","1510","08","0","0","0","0","0","1","0","0","","0","0","0","15","1","0","00","0","39 53:29.628","","00","76 19:34.291","0","0","0","0","36224","0","0","0","N","0","0","0","1","68J01","0","","4","01","N","N","0","","0","0","1","0","0","","1505","0","1","0","0","0","0","0","1","0","1","N","","","","","","","","","","","","03","  ","","",""
"2304","0","0","0","0","0","0","0","0","0","7","0","","36","10","2017","2017102025","2","39.9448","-76.2162","2239","08","0","0","0","0","0","1","0","0","","0","0","0","19","2","0","00","0","39 56:41.155","","00","76 12:58.442","0","0","0","0","36233","0","0","0","","0","0","0","1","68J01","0","","4","01","N","N","0","","0","0","1","0","0","","1900","0","1","0","0","0","0","0","1","0","1","N","","","","","","","","","","","","03","  ","","",""
"1114","1","0","0","0","0","0","0","0","0","7","0","","36","08","2017","2017102033","1","39.9487","-76.1217","1102","08","0","1","0","0","0","0","0","0","","0","0","0","10","1","1","00","0","39 56:55.314","","07","76 07:18.070","3","0","0","0","36216","0","0","0","","0","0","0","1","68J01","0","","5","01","N","N","0","","1","0","0","0","0","","1058","1","1","0","0","0","0","0","1","0","1","N","","","","","","","","","","","","03","  ","","",""
"1347","1","0","0","0","0","0","0","0","0","7","0","","36","08","2017","2017102034","1","40.0082","-76.0041","1335","08","0","0","0","0","1","0","0","0","2","0","0","0","13","1","1","00","1","40 00:29.632","2","00","76 00:14.931","3","0","0","0","36232","0","0","0","","0","0","0","1","68J01","0","","4","01","N","N","0","","1","0","0","0","0","N","1330","1","1","0","0","0","0","0","1","0","1","N","","","","","","","","","","","","03","  ","","",""
"0943","1","0","0","0","0","0","0","0","0","7","0","","36","09","2017","2017102041","1","40.0082","-76.0399","0928","08","0","0","0","0","0","0","0","0","","0","0","0","09","1","0","00","0","40 00:29.427","","00","76 02:23.586","0","0","0","0","36232","0","0","0","","0","0","0","1","68J01","0","","4","01","N","N","0","","0","0","0","0","0","","0926","0","1","0","0","0","0","0","1","0","1","N","","","","","","","","","","","","03","  ","","",""
"0829","1","0","0","0","0","0","0","0","0","2","0","","36","09","2017","2017102048","5","40.1331","-75.9014","0752","08","0","1","0","0","0","0","1","0","3","0","0","0","07","1","0","00","1","40 07:59.157","2","00","75 54:05.126","0","0","0","0","36203","0","0","0","","0","0","0","2","68J01","0","","1","01","N","N","1","","0","0","0","0","0","N","0741","0","2","0","0","0","0","0","1","0","2","N","","","","","","","","","","","","03","  ","","",""
"2244","1","0","0","0","0","0","0","0","0","7","0","","36","10","2017","2017102101","3","40.1629","-76.0524","2242","08","0","0","0","0","0","1","0","0","2","0","0","0","22","3","1","03","1","40 09:46.445","6","00","76 03:08.745","3","0","0","0","36418","0","0","0","N","0","0","0","1","36213","0","","2","01","N","N","0","","1","0","0","0","0","N","2240","1","1","0","0","1","0","0","1","0","1","N","","","","","","","","","","","","03","  ","","",""
"2048","0","0","0","0","0","0","0","0","0","4","0","","36","09","2017","2017102114","5","40.0426","-76.2918","2048","08","0","0","0","0","0","0","0","0","2","0","0","0","20","3","1","01","1","40 02:33.489","2","00","76 17:30.624","4","0","0","0","36301","0","0","0","N","0","0","0","2","36301","1","","1","01","N","N","0","","0","0","0","3","2","N","2035","1","2","0","0","0","0","0","3","2","2","N","","","","","","","","","","","","03","  ","","",""
"1109","2","0","0","0","0","0","0","0","0","1","0","35","36","10","2017","2017102177","2","40.0131","-76.3317","1056","08","0","0","0","0","0","0","0","0","","0","0","0","10","1","0","00","0","40 00:47.326","","00","76 19:54.269","0","0","0","0","36220","0","0","0","","0","0","0","4","36101","0","","1","01","N","N","0","","0","0","0","3","7","","1051","0","2","0","0","0","0","0","3","0","2","Y","8","2","Y","N","Y","N","Y","N","N","N","","03","  ","","",""
"1559","1","0","0","0","0","0","0","0","0","1","0","","36","10","2017","2017102178","2","40.0388","-76.3311","1558","08","0","0","0","0","0","0","0","0","3","0","0","0","15","1","2","00","2","40 02:19.604","4","00","76 19:51.983","8","0","0","0","36220","0","0","0","","0","0","0","3","36101","0","","1","01","N","N","0","","0","0","0","0","0","Y","1553","2","2","0","0","0","2","0","3","1","2","N","","","","","","","","","","","","03","  ","","",""
"1409","3","0","0","0","0","0","0","0","0","1","0","","36","09","2017","2017102179","6","40.0612","-76.306","1404","08","0","0","0","0","0","0","1","0","","0","0","0","14","1","0","00","0","40 03:40.322","","00","76 18:21.729","0","0","0","0","36101","0","0","0","N","0","0","0","4","36101","0","","1","01","N","N","1","","0","0","0","0","0","","1402","0","4","0","0","0","0","0","3","0","4","N","","","","","","","","","","","","03","  ","","",""
"0826","1","0","0","0","0","0","0","0","0","1","0","","36","10","2017","2017102180","2","40.0762","-76.3374","0820","08","0","0","0","0","0","0","0","0","2","0","0","0","08","1","0","00","1","40 04:34.318","3","00","76 20:14.617","0","0","0","0","36101","0","0","0","","0","0","0","3","36101","0","","1","01","N","N","0","","0","0","1","0","0","N","0818","0","2","0","0","0","0","0","3","0","2","N","","","","","","","","","","","","03","  ","","",""
"1700","0","0","0","0","0","0","0","0","0","1","0","","36","10","2017","2017102181","2","40.0638","-76.3393","1652","08","0","0","0","0","0","0","0","0","1","0","0","0","16","1","0","00","1","40 03:49.708","4","00","76 20:21.610","0","0","0","0","36101","0","0","0","","0","0","0","2","36101","0","","1","01","N","N","0","","0","0","2","0","0","N","1649","0","2","0","0","0","0","0","3","0","2","N","","","","","","","","","","","","03","  ","","",""
"1934","1","0","0","0","0","0","0","0","0","4","0","","36","10","2017","2017102182","2","40.0606","-76.2768","1926","08","0","0","0","0","0","1","0","0","2","0","0","0","19","3","0","01","1","40 03:38.256","3","00","76 16:36.560","0","0","0","0","36101","0","0","0","","0","0","0","3","36101","0","","1","01","N","N","0","","0","0","1","3","2","N","1922","0","2","0","0","0","0","0","3","0","2","N","","","","","","","","","","","","03","  ","","",""
"2339","1","0","0","0","0","0","0","0","0","7","0","","36","10","2017","2017102183","2","40.0528","-76.2748","2332","08","0","0","0","0","0","0","0","0","2","0","0","0","23","2","1","00","1","40 03:09.971","4","00","76 16:29.102","4","0","0","0","36101","0","0","0","","0","0","0","1","36101","1","","4","01","N","N","0","","0","0","0","0","0","N","2327","1","1","0","0","0","0","0","3","0","1","N","","","","","","","","","","","","03","  ","","",""
"0643","0","0","0","0","0","0","0","0","0","4","1","","36","10","2017","2017102184","3","40.2213","-76.4323","0632","08","0","0","0","0","0","0","0","0","3","0","1","0","06","2","0","01","2","40 13:16.697","6","00","76 25:56.245","0","0","0","0","36230","0","0","0","","0","0","0","5","36410","0","","1","01","N","N","1","","0","0","0","3","3","Y","0628","0","2","0","0","1","0","0","1","0","2","N","","","","","","","","","","","","03","  ","","",""
"0352","1","0","0","0","0","0","0","0","0","9","0","","36","09","2017","2017102195","7","40.2453","-76.2237","0333","08","0","0","0","0","0","0","0","0","","0","0","0","03","2","0","00","0","40 14:42.807","","00","76 13:27.865","0","0","0","0","36204","0","0","0","","0","0","0","1","68T06","0","","1","01","N","N","0","","0","0","0","0","0","","0330","0","1","0","0","0","0","0","1","0","1","N","","","","","","","","","","","","03","  ","","",""
"1114","0","0","0","0","0","0","0","0","0","0","0","","36","09","2017","2017102288","6","40.0447","-76.2479","1054","08","0","0","0","0","0","0","0","0","","0","0","0","10","1","1","00","0","40 02:40.804","","00","76 14:52.505","3","0","0","0","36215","0","0","0","N","0","0","0","2","36215","0","","1","01","N","N","1","","1","0","0","0","0","","1054","1","1","0","0","1","0","0","1","0","1","N","","","","","","","","","","","","03","  ","","",""
"1736","1","0","0","0","0","0","0","0","0","1","0","","36","09","2017","2017102295","3","40.2224","-76.1045","1729","08","0","0","0","0","0","0","0","0","","0","0","0","17","1","0","00","0","40 13:20.600","","00","76 06:16.300","0","0","0","0","36210","0","0","0","N","0","0","0","4","36210","0","","1","01","N","N","0","","0","0","1","0","0","","1726","0","2","0","0","0","0","0","1","0","2","N","","","","","","","","","","","","03","  ","","",""
"1810","1","0","0","0","0","0","0","0","0","1","0","","36","09","2017","2017102332","3","40.2177","-76.1103","1806","08","0","0","0","0","0","1","0","0","2","0","0","0","18","1","1","00","2","40 13:03.834","2","07","76 06:37.187","3","0","0","0","36210","0","0","0","N","0","0","0","2","36210","0","","1","01","N","N","0","","1","0","1","0","0","N","1805","1","2","0","0","0","0","0","1","0","2","N","","","","","","","","","","","","03","  ","","",""
"1111","1","0","0","0","0","0","0","0","0","1","0","","36","10","2017","2017102333","3","40.14","-76.5513","1107","08","0","0","0","0","0","0","0","1","2","0","0","0","11","1","1","00","1","40 08:24.102","3","00","76 33:04.597","4","0","0","0","36225","0","0","0","N","0","0","0","5","36505","1","","1","01","N","N","1","","0","0","2","0","0","N","1103","1","4","0","0","0","0","0","2","0","4","N","","","","","","","","","","","","03","  ","","",""
"1810","2","0","0","0","0","0","0","0","0","4","0","","36","10","2017","2017102343","3","40.1807","-76.5334","1810","08","0","0","0","0","1","0","1","0","1","0","0","0","18","1","1","01","1","40 10:50.501","3","00","76 32:00.176","4","0","0","0","36225","0","0","0","N","0","0","0","4","36505","1","","1","01","N","N","0","","0","0","0","3","3","N","1809","1","2","0","0","0","0","0","2","0","2","N","","","","","","","","","","","","03","  ","","",""
"1709","1","0","0","0","0","0","0","0","0","4","0","","36","10","2017","2017102350","3","40.1517","-76.3072","1707","08","0","0","0","0","0","2","0","0","1","0","0","0","17","1","2","01","1","40 09:06.012","1","00","76 18:25.745","4","0","0","0","36409","0","0","0","N","0","0","0","2","36409","2","","1","01","N","N","1","","0","0","0","3","3","N","1705","2","2","0","0","0","0","0","3","0","2","N","","","","","","","","","","","","03","  ","","",""
"1036","0","0","0","0","0","0","0","0","0","8","0","","36","09","2017","2017102367","7","40.052","-76.3102","1035","08","0","0","0","0","0","1","0","0","","0","0","0","10","1","1","01","0","40 03:07.058","","00","76 18:36.898","8","0","0","0","36301","1","0","0","N","1","0","0","2","36301","0","","1","01","N","N","0","","0","0","0","3","2","","1035","1","2","0","0","0","1","0","3","1","1","N","","","","","","","","","","","","03","  ","","",""
"1516","0","0","0","0","0","0","0","0","0","4","0","","36","10","2017","2017102372","4","40.0675","-76.4132","1515","08","0","0","0","0","0","1","0","0","2","0","0","0","15","1","0","01","1","40 04:03.070","1","00","76 24:47.352","0","0","0","0","36214","0","0","0","N","0","0","0","2","36214","0","","1","01","N","N","0","","0","0","0","3","2","N","1513","0","2","0","0","0","0","0","3","2","2","N","","","","","","","","","","","","03","  ","","",""
"0701","1","0","0","0","0","0","0","0","0","1","0","","36","10","2017","2017102377","4","40.1215","-76.2237","0701","08","0","0","0","0","0","1","0","0","2","0","0","0","06","1","0","06","1","40 07:35.474","2","02","76 13:08.164","0","0","0","0","36238","0","0","0","N","0","0","0","2","36402","0","","1","01","N","N","0","","0","0","0","0","0","N","0659","0","2","0","0","0","0","0","3","1","2","N","","","","","","","","","","","","03","  ","","",""
"1425","0","0","0","0","0","0","0","0","0","4","0","","36","09","2017","2017102440","5","40.0788","-76.3374","1417","08","0","0","0","0","0","0","0","0","2","0","0","0","14","1","0","00","1","40 04:43.700","4","07","76 20:14.500","0","0","0","0","36101","0","0","0","N","0","0","0","2","36101","0","","1","01","N","N","0","","0","0","2","0","0","N","1411","0","2","0","0","0","0","0","3","0","2","N","","","","","","","","","","","","03","  ","","",""
"1708","1","0","0","0","0","0","0","0","0","1","0","","36","10","2017","2017102441","2","40.1096","-76.4127","1700","08","0","0","0","0","0","1","0","0","","0","0","0","16","1","0","00","0","40 06:34.600","","00","76 24:45.700","0","0","0","0","36214","0","0","0","N","0","0","0","2","36214","0","","1","01","N","N","1","","0","0","0","0","0","","1651","0","2","0","0","0","0","0","3","0","2","N","","","","","","","","","","","","03","  ","","",""
"1805","2","0","0","0","0","0","0","0","0","7","0","","36","10","2017","2017102548","4","40.0612","-76.4196","1804","08","0","0","0","0","0","0","2","0","1","0","0","0","18","1","0","01","2","40 03:40.232","6","00","76 25:10.472","9","0","0","0","36239","0","0","0","N","0","0","0","3","36239","0","","2","09","N","N","0","","0","0","0","3","2","Y","1804","0","2","0","0","0","0","1","3","0","2","N","","","","","","","","","","","","03","  ","","",""
"1949","1","0","0","0","0","0","0","0","0","4","0","","36","10","2017","2017102565","4","39.9372","-76.3765","1946","08","0","0","0","0","0","0","0","0","","0","0","0","19","2","0","00","0","39 56:14.029","","07","76 22:35.307","0","0","0","0","36206","0","0","0","N","0","0","0","2","36503","0","","1","01","N","N","1","","0","0","0","0","0","","1937","0","2","0","0","0","0","0","1","0","2","N","","","","","","","","","","","","03","  ","","",""
"1442","0","0","0","0","0","0","0","0","0","7","0","","36","09","2017","2017102570","5","40.0227","-76.4544","1438","08","0","0","0","0","0","1","0","0","2","0","0","0","14","1","0","00","2","40 01:21.600","5","00","76 27:15.900","0","0","0","0","36239","0","0","0","N","0","0","0","1","36239","0","","4","01","N","N","1","","0","0","0","0","0","Y","1438","0","1","0","0","0","0","0","3","0","1","N","","","","","","","","","","","","03","  ","","",""
"1930","0","0","0","0","0","0","0","0","0","6","0","","36","09","2017","2017102572","7","40.0331","-76.2953","1929","08","0","0","0","0","0","0","0","0","","0","0","0","19","3","1","01","0","40 01:59.311","","00","76 17:42.975","4","0","0","0","36301","1","0","0","N","1","0","0","2","36301","1","","1","01","N","N","0","","0","0","2","3","3","","1927","1","3","0","0","0","0","0","3","0","2","N","","","","","","","","","","","","03","  ","","",""
"0536","0","0","0","0","0","0","0","0","0","5","1","","36","09","2017","2017102577","2","40.0445","-76.4888","0536","08","0","0","1","0","0","0","1","0","","0","1","0","05","2","0","00","0","40 02:40.095","","00","76 29:19.815","0","0","0","0","36404","0","0","0","N","0","0","0","2","36404","0","","1","01","N","N","1","","0","0","0","0","0","","0536","0","2","0","0","1","0","0","3","0","2","N","","","","","","","","","","","","03","  ","","",""
"1838","0","0","0","0","0","0","0","0","0","7","0","","36","09","2017","2017102591","3","40.0476","-76.3094","1836","08","0","0","0","0","0","0","0","0","2","0","0","0","18","1","0","00","1","40 02:51.181","4","00","76 18:33.909","0","0","0","0","36301","0","0","0","N","0","0","0","1","36301","0","","1","01","N","N","0","","0","0","1","0","0","Y","1828","0","1","0","0","0","0","0","3","0","1","N","","","","","","","","","","","","03","  ","","",""
"0459","1","0","0","0","0","0","0","0","0","7","0","","36","09","2017","2017102597","5","40.1475","-76.5302","0438","08","0","0","0","0","0","0","0","0","","0","0","0","04","2","1","00","0","40 08:51.092","","00","76 31:48.698","8","0","0","0","36225","0","0","0","N","0","0","0","2","36505","0","","4","01","N","N","0","","0","0","0","0","0","","0437","1","1","0","0","0","1","0","2","0","1","N","","","","","","","","","","","","03","  ","","",""
"1225","1","0","0","0","0","0","0","0","0","4","0","","36","10","2017","2017102646","4","39.972","-76.2737","1208","08","0","0","0","0","0","0","0","0","2","0","1","0","12","1","2","02","1","39 58:19.292","1","00","76 16:25.424","8","0","0","0","36240","0","0","0","N","0","0","0","2","36240","0","","1","01","N","N","0","","0","0","0","3","3","Y","1207","2","2","0","0","0","2","0","1","0","2","N","","","","","","","","","","","","03","  ","","",""
"1132","1","0","0","0","0","0","0","0","0","1","1","","36","09","2017","2017102650","4","40.0397","-76.3643","1131","08","0","0","0","0","0","0","0","0","2","0","1","0","11","1","0","01","2","40 02:22.764","1","00","76 21:51.574","0","0","0","0","36223","0","0","0","","0","0","0","2","36223","0","","1","01","N","N","0","","0","0","0","3","2","Y","1130","0","2","0","0","0","0","0","1","0","2","N","","","","","","","","","","","","03","  ","","",""
"1638","2","0","0","0","0","0","0","0","0","1","0","","36","09","2017","2017102701","5","40.0644","-76.3375","1538","08","0","0","0","0","0","0","0","0","","0","0","0","14","1","0","06","0","40 03:55.698","","02","76 20:05.862","0","0","0","0","36301","0","0","0","N","0","0","0","1","36301","0","","7","01","N","N","0","","0","0","0","0","0","","1400","0","2","0","0","0","0","0","3","0","2","N","","","","","","","","","","","","03","  ","","",""
"0908","1","1","0","0","0","0","0","0","0","1","1","","36","10","2017","2017102725","4","40.1745","-76.1965","0905","08","0","0","0","0","0","1","0","0","4","1","1","0","09","1","0","00","2","40 10:28.041","5","00","76 11:47.247","1","0","0","0","36408","0","0","0","N","0","0","0","3","36408","0","2","1","01","N","N","0","0","0","0","0","0","0","Y","0904","0","2","0","0","0","0","0","2","0","2","N","","","","","","","","","","","","03","  ","","",""
"1729","2","0","0","0","0","0","0","0","0","4","0","","36","10","2017","2017102738","1","40.1545","-76.2924","1725","08","0","0","0","0","1","0","0","0","","0","0","0","17","1","1","01","0","40 09:16.247","","00","76 17:32.782","8","0","0","0","36409","0","0","0","N","0","0","0","2","36409","0","","1","01","N","N","0","","0","0","0","3","2","","1723","1","2","0","0","0","1","0","3","0","2","N","","","","","","","","","","","","03","  ","","",""
"0606","1","0","0","0","0","0","0","0","0","9","0","","36","10","2017","2017102759","5","40.233","-76.2741","0552","08","0","0","0","0","0","0","0","0","2","0","0","0","05","2","0","00","1","40 13:58.668","4","00","76 16:26.602","0","0","0","0","36204","0","0","0","N","0","0","0","1","36506","0","","1","01","N","N","0","","0","0","0","0","0","N","0552","0","1","0","0","0","0","0","1","0","1","N","","","","","","","","","","","","03","  ","","",""
"1118","2","0","0","0","0","0","0","0","0","4","0","","36","09","2017","2017102773","7","40.044","-76.3096","1116","08","0","0","0","0","0","1","0","0","","0","0","0","11","1","1","01","0","40 02:38.526","","00","76 18:34.563","4","0","0","0","36301","0","0","0","N","0","0","0","3","36301","1","","1","01","N","N","0","","0","0","0","3","3","","1110","1","2","0","0","0","0","0","3","0","2","N","","","","","","","","","","","","03","  ","","",""
"1224","0","0","0","0","0","0","0","0","0","1","1","","36","10","2017","2017102784","4","40.0483","-76.3628","1223","08","0","0","0","0","0","1","0","0","2","0","1","0","12","1","0","00","1","40 02:53.932","1","00","76 21:45.999","0","0","0","0","36214","0","0","0","N","0","0","0","5","36214","0","","1","01","N","N","1","","0","0","0","0","0","N","1223","0","2","0","0","0","0","0","3","0","2","N","","","","","","","","","","","","03","  ","","",""