"ARRIVAL_TM","AUTOMOBILE_COUNT","BELTED_DEATH_COUNT","BELTED_SUSP_SERIOUS_INJ_COUNT","BICYCLE_COUNT","BICYCLE_DEATH_COUNT","BICYCLE_SUSP_SERIOUS_INJ_COUNT","BUS_COUNT","CHLDPAS_DEATH_COUNT","CHLDPAS_SUSP_SERIOUS_INJ_COUNT","COLLISION_TYPE","COMM_VEH_COUNT","CONS_ZONE_SPD_LIM","COUNTY","CRASH_MONTH","CRASH_YEAR","CRN","DAY_OF_WEEK","DEC_LAT","DEC_LONG","DISPATCH_TM","DISTRICT","DRIVER_COUNT_16YR","DRIVER_COUNT_17YR","DRIVER_COUNT_18YR","DRIVER_COUNT_19YR","DRIVER_COUNT_20YR","DRIVER_COUNT_50_64YR","DRIVER_COUNT_65_74YR","DRIVER_COUNT_75PLUS","EST_HRS_CLOSED","FATAL_COUNT","HEAVY_TRUCK_COUNT","HORSE_BUGGY_COUNT","HOUR_OF_DAY","ILLUMINATION","INJURY_COUNT","INTERSECT_TYPE","LANE_CLOSED","LATITUDE","LN_CLOSE_DIR","LOCATION_TYPE","LONGITUDE","MAX_SEVERITY_LEVEL","MCYCLE_DEATH_COUNT","MCYCLE_SUSP_SERIOUS_INJ_COUNT","MOTORCYCLE_COUNT","MUNICIPALITY","NONMOTR_COUNT","NONMOTR_DEATH_COUNT","NONMOTR_SUSP_SERIOUS_INJ_COUNT","NTFY_HIWY_MAINT","PED_COUNT","PED_DEATH_COUNT","PED_SUSP_SERIOUS_INJ_COUNT","PERSON_COUNT","POLICE_AGCY","POSSIBLE_INJ_COUNT","RDWY_SURF_TYPE_CD","RELATION_TO_ROAD","ROAD_CONDITION","SCH_BUS_IND","SCH_ZONE_IND","SMALL_TRUCK_COUNT","SPEC_JURIS_CD","SUSP_MINOR_INJ_COUNT","SUSP_SERIOUS_INJ_COUNT","SUV_COUNT","TCD_FUNC_CD","TCD_TYPE","TFC_DETOUR_IND","TIME_OF_DAY","TOT_INJ_COUNT","TOTAL_UNITS","UNB_DEATH_COUNT","UNB_SUSP_SERIOUS_INJ_COUNT","UNBELTED_OCC_COUNT","UNK_INJ_DEG_COUNT","UNK_INJ_PER_COUNT","URBAN_RURAL","VAN_COUNT","VEHICLE_COUNT","WORK_ZONE_IND","WORK_ZONE_LOC","WORK_ZONE_TYPE","WORKERS_PRES","WZ_CLOSE_DETOUR","WZ_FLAGGER","WZ_LAW_OFFCR_IND","WZ_LN_CLOSURE","WZ_MOVING","WZ_OTHER","WZ_SHLDER_MDN","ROADWAY_CLEARED","WEATHER1","WEATHER2","WZ_WORKERS_INJ_KILLED","SECONDARY_CRASH","INTERSECTION_RELATED"
"1601","3","0","0","0","0","0","0","0","0","4","0","","36","10","2017","2017102874","5","40.1505","-76.0281","1556","08","0","0","0","0","0","0","2","0","2","0","0","0","15","1","1","01","1","40 09:01.638","7","00","76 01:41.060","8","0","0","0","36213","0","0","0","N","0","0","0","3","36213","0","","1","01","N","N","0","","0","0","0","3","3","N","1556","1","3","0","0","0","1","0","1","0","3","N","","","","","","","","","","","","03","  ","","",""
"1253","2","0","0","0","0","0","0","0","0","5","0","","36","10","2017","2017102925","5","40.1287","-76.5216","1249","08","0","0","0","0","0","1","0","0","2","0","0","0","12","1","2","00","1","40 07:43.303","3","00","76 31:17.874","4","0","0","0","36225","0","0","0","N","0","0","0","3","36505","2","","1","01","N","N","0","","0","0","0","0","0","N","1239","2","2","0","0","2","0","0","2","0","2","N","","","","","","","","","","","","03","  ","","",""
"2222","2","0","0","0","0","0","0","0","0","4","0","","36","10","2017","2017102935","4","40.0377","-76.3078","2128","08","0","0","0","0","0","1","0","0","1","0","0","0","21","3","0","01","1","40 02:15.851","2","00","76 18:28.000","0","0","0","0","36301","0","0","0","N","0","0","0","3","36301","0","","1","01","N","N","0","","0","0","1","3","2","Y","2120","0","3","0","0","0","0","0","3","0","3","N","","","","","","","","","","","","03","  ","","",""
"0109","1","0","0","0","0","0","0","0","0","9","0","","36","09","2017","2017102938","7","40.2105","-76.1054","0109","08","0","0","0","0","0","1","0","0","1","0","0","0","01","2","0","00","1","40 12:37.725","1","00","76 06:19.274","0","0","0","0","36210","0","0","0","N","0","0","0","1","36210","0","","1","01","N","N","0","","0","0","0","0","0","N","0109","0","1","0","0","0","0","0","1","0","1","N","","","","","","","","","","","","03","  ","","",""
"1732","1","0","0","0","0","0","0","0","0","4","0","","36","10","2017","2017102958","4","40.0612","-76.4196","1726","08","0","0","0","0","0","1","0","1","2","0","0","0","17","1","2","01","1","40 03:40.232","7","00","76 25:10.472","8","0","0","0","36239","0","0","0","N","0","0","0","6","36239","0","","1","01","N","N","0","","0","0","1","3","2","N","1724","2","2","0","0","0","2","0","3","0","2","N","","","","","","","","","","","","03","  ","","",""
"2033","1","0","0","0","0","0","0","0","0","2","0","","36","10","2017","2017102965","5","40.0591","-76.4629","2030","08","0","0","0","0","0","0","0","0","1","0","0","0","20","2","0","03","1","40 03:32.814","5","00","76 27:46.398","0","0","0","0","36239","0","0","0","N","0","0","0","2","36239","0","","1","09","N","N","0","","0","0","0","0","0","Y","2030","0","2","0","0","0","0","0","3","1","2","N","","","","","","","","","","","","03","  ","","",""
"1956","1","0","0","0","0","0","0","0","0","7","0","","36","10","2017","2017102966","5","40.053","-76.3969","1956","08","0","0","0","0","0","0","0","0","2","0","0","0","19","3","0","00","2","40 03:10.834","1","00","76 23:48.750","0","0","0","0","36214","0","0","0","N","0","0","0","1","36214","0","","2","09","N","N","0","","0","0","0","0","0","Y","1956","0","1","0","0","0","0","0","3","0","1","N","","","","","","","","","","","","03","  ","","",""
"1926","2","0","0","0","0","0","0","0","0","4","0","","36","09","2017","2017102983","6","40.0424","-76.2938","1926","08","0","0","0","0","0","0","0","0","2","0","0","0","19","3","0","01","1","40 02:32.780","3","00","76 17:37.618","0","0","0","0","36301","0","0","0","N","0","0","0","3","36301","0","","1","01","N","N","0","","0","0","0","3","3","N","1926","0","2","0","0","0","0","0","3","0","2","N","","","","","","","","","","","","03","  ","","",""
"0145","2","0","0","0","0","0","0","0","0","4","0","","36","09","2017","2017102988","7","40.0418","-76.2999","0143","08","0","0","0","0","1","0","0","0","2","0","0","0","01","3","0","01","1","40 02:30.480","3","00","76 17:59.567","0","0","0","0","36301","0","0","0","N","0","0","0","2","36301","0","","1","01","N","N","0","","0","0","0","3","3","N","0139","0","2","0","0","0","0","0","3","0","2","N","","","","","","","","","","","","03","  ","","",""
"1549","3","0","0","0","0","0","0","0","0","1","0","","36","10","2017","2017103047","2","40.065","-76.4445","1546","08","0","0","0","0","0","0","0","1","2","0","0","0","15","1","0","02","1","40 03:54.120","6","00","76 26:40.232","0","0","0","0","36239","0","0","0","N","0","0","0","3","36239","0","","1","01","N","N","0","","0","0","0","0","0","N","1545","0","3","0","0","0","0","0","3","0","3","N","","","","","","","","","","","","03","  ","","",""
"1255","1","0","0","1","0","1","0","0","0","4","0","","36","09","2017","2017103062","6","40.1008","-76.3559","1252","08","0","0","0","0","0","0","0","0","2","0","0","0","12","1","1","02","2","40 06:02.901","7","00","76 21:21.175","2","0","0","0","36406","1","0","1","","0","0","0","3","36101","0","","1","01","N","N","0","","0","1","0","3","3","Y","1252","1","2","0","0","0","0","0","3","0","1","N","","","","","","","","","","","","03","  ","","",""
"1549","1","0","0","0","0","0","0","0","0","7","0","","36","09","2017","2017103063","3","40.0814","-76.3401","1544","08","0","0","0","0","0","0","0","1","","0","0","0","15","1","0","00","0","40 04:53.020","","07","76 20:24.355","0","0","0","0","36101","0","0","0","","0","0","0","2","36101","0","","4","01","N","N","0","","0","0","0","3","2","","1543","0","1","0","0","0","0","0","3","0","1","N","","","","","","","","","","","","03","  ","","",""
"1623","0","0","0","0","0","0","0","0","0","4","0","","36","09","2017","2017103064","6","40.0537","-76.3253","1615","08","0","0","0","0","0","0","0","0","","0","0","0","15","1","1","02","0","40 03:13.400","","00","76 19:31.003","3","0","0","0","36101","0","0","0","","0","0","0","3","36101","0","","1","01","N","N","1","","1","0","0","0","0","","1551","1","2","0","0","1","0","0","3","1","2","N","","","","","","","","","","","","03","  ","","",""
"1256","2","0","0","0","0","0","0","0","0","4","0","","36","09","2017","2017103065","7","40.0679","-76.3034","1238","08","0","0","0","0","0","0","0","1","","0","0","0","12","1","0","01","0","40 04:04.574","","00","76 18:12.893","0","0","0","0","36101","0","0","0","","0","0","0","2","36101","0","","1","01","N","N","0","","0","0","0","3","2","","1236","0","2","0","0","0","0","0","3","0","2","N","","","","","","","","","","","","03","  ","","",""
"0644","0","0","0","0","0","0","0","0","0","1","0","","36","10","2017","2017103066","4","40.1","-76.2575","0644","08","0","0","0","0","0","1","0","0","","0","0","0","06","5","0","00","0","40 05:59.898","","00","76 15:27.156","0","0","0","0","36101","0","0","0","","0","0","0","2","36101","0","","1","01","N","N","1","","0","0","0","0","0","","0634","0","2","0","0","0","0","0","3","1","2","N","","","","","","","","","","","","03","  ","","",""
"1010","0","0","0","0","0","0","0","0","0","4","0","","36","09","2017","2017103067","2","40.0357","-76.2557","1008","08","0","0","0","0","0","1","1","0","2","0","0","0","10","1","1","02","1","40 02:08.444","4","00","76 15:20.515","2","0","1","1","36215","0","0","0","","0","0","0","2","36215","0","","1","01","N","N","0","","0","1","1","0","0","Y","1008","1","2","0","0","0","0","0","1","0","2","N","","","","","","","","","","","","03","  ","","",""
"1442","3","0","0","0","0","0","0","0","0","1","0","","36","09","2017","2017103068","2","40.0901","-76.1743","1440","08","0","0","0","1","0","1","0","0","","0","0","0","14","1","0","00","0","40 05:24.193","","00","76 10:27.599","0","0","0","0","36234","0","0","0","","0","0","0","3","36215","0","","1","01","N","N","0","","0","0","0","0","0","","1440","0","3","0","0","0","0","0","1","0","3","N","","","","","","","","","","","","03","  ","","",""
"0930","3","0","0","0","0","0","0","0","0","1","0","","36","09","2017","2017103108","5","40.0337","-76.4961","0926","08","0","1","0","0","0","0","0","0","2","0","0","0","09","1","0","00","1","40 02:01.363","4","00","76 29:45.940","0","0","0","0","36404","0","0","0","N","0","0","0","1","36404","0","","6","01","N","N","0","","0","0","0","0","0","N","0926","0","3","0","0","0","0","0","3","0","3","N","","","","","","","","","","","","03","  ","","",""
"1915","1","0","0","1","0","0","0","0","0","5","0","","36","10","2017","2017103119","5","40.1684","-76.6038","1905","08","1","0","0","0","0","0","0","0","","0","0","0","19","3","1","00","0","40 10:06.188","","00","76 36:13.772","8","0","0","0","36225","1","0","0","N","0","0","0","2","36505","0","","1","09","N","N","0","","0","0","0","0","0","","1903","1","2","0","0","0","1","0","2","0","1","N","","","","","","","","","","","","07","  ","","",""
"1446","1","0","0","0","0","0","0","0","0","1","0","","36","10","2017","2017103158","5","40.0628","-76.5477","1444","08","0","0","0","0","0","0","1","0","","0","0","0","14","1","0","00","0","40 03:46.129","","00","76 32:51.812","0","0","0","0","36211","0","0","0","N","0","0","0","2","36504","0","","1","01","N","N","0","","0","0","1","0","0","","1440","0","2","0","0","0","0","0","1","0","2","N","","","","","","","","","","","","03","  ","","",""
"1221","3","0","0","0","0","0","0","0","0","1","0","","36","10","2017","2017103191","6","40.1861","-76.1868","1221","08","0","0","0","0","0","0","0","0","","0","0","0","12","1","1","00","0","40 11:09.989","","00","76 11:12.383","3","0","0","0","36408","0","0","0","N","0","0","0","3","36408","0","","1","01","N","N","0","","1","0","0","0","0","","1217","1","3","0","0","0","0","0","2","0","3","N","","","","","","","","","","","","03","  ","","",""
"1736","2","0","0","0","0","0","0","0","0","4","0","","36","09","2017","2017103200","1","40.1791","-76.6006","1727","08","0","0","0","1","0","1","0","0","1","0","0","0","17","1","2","01","1","40 10:44.805","1","02","76 36:01.990","4","0","0","0","36225","0","0","0","N","0","0","0","3","36505","2","","1","01","N","N","0","","0","0","0","3","2","N","1727","2","2","0","0","0","0","0","2","0","2","N","","","","","","","","","","","","03","  ","","",""
"1802","1","0","0","0","0","0","0","0","0","1","0","","36","10","2017","2017103214","2","40.1523","-76.2404","1750","08","0","0","0","0","0","1","0","0","","0","0","0","17","1","0","00","0","40 09:08.192","","00","76 14:25.585","0","0","0","0","36235","0","0","0","N","0","0","0","2","36506","0","","1","01","N","N","1","","0","0","0","0","0","","1748","0","2","0","0","1","0","0","1","0","2","N","","","","","","","","","","","","03","  ","","",""
"1643","1","0","0","0","0","0","0","0","0","1","0","40","36","09","2017","2017103225","6","40.2204","-76.2604","1643","08","0","0","0","0","0","1","0","0","","0","0","0","19","4","1","00","0","40 13:13.354","","00","76 15:37.428","3","0","0","0","36217","0","0","0","","0","0","0","2","68J01","0","","1","01","N","N","1","","1","0","0","3","2","","1938","1","2","0","0","0","0","0","1","0","2","Y","3","2","U","N","N","N","Y","N","N","N","","03","  ","","",""
"0856","0","0","0","0","0","0","0","0","0","4","0","","36","10","2017","2017103261","5","40.0641","-76.3056","0855","08","0","0","0","0","0","0","0","0","2","0","0","0","08","1","2","10","1","40 03:50.734","5","00","76 18:20.061","3","0","0","0","36101","0","0","0","","0","0","0","3","36101","1","","1","09","N","N","0","","1","0","1","0","0","N","0853","2","2","0","0","0","0","0","3","1","2","N","","","","","","","","","","","","07","  ","","",""
"0217","1","0","0","0","0","0","0","0","0","7","0","","36","09","2017","2017103284","4","39.9978","-76.056","0215","08","0","0","0","0","0","0","0","0","","0","0","0","02","2","5","01","0","39 59:51.989","","00","76 03:21.643","3","0","0","0","36232","0","0","0","","0","0","0","5","68J01","0","","4","01","N","N","0","","4","0","0","0","0","","0215","5","2","0","0","0","1","0","1","0","1","N","","","","","","","","","","","","03","  ","","",""
"1733","1","0","0","0","0","0","0","0","0","7","0","","36","09","2017","2017103302","4","39.9643","-76.0214","1727","08","0","0","0","0","0","0","0","0","2","0","0","0","17","1","0","00","2","39 57:51.475","5","00","76 01:16.870","0","0","0","0","36231","0","0","0","N","0","0","0","1","68J01","0","","4","01","N","N","0","","0","0","0","0","0","Y","1725","0","1","0","0","1","0","0","1","0","1","N","","","","","","","","","","","","03","  ","","",""
"1609","1","0","0","0","0","0","0","0","0","5","0","","36","09","2017","2017103311","7","39.7729","-76.1688","1607","08","0","0","0","1","0","0","0","0","","0","0","0","16","1","0","00","0","39 46:22.545","","00","76 10:07.855","0","0","0","0","36219","0","0","0","N","0","0","0","3","68J01","0","","1","01","N","N","0","","0","0","0","0","0","","1605","0","2","0","0","0","0","0","1","1","2","N","","","","","","","","","","","","03","  ","","",""
"1727","0","0","0","0","0","0","0","0","0","7","0","","36","10","2017","2017103316","1","39.9692","-76.1769","1718","08","0","0","0","0","0","0","0","0","2","0","0","0","17","1","1","00","2","39 58:09.133","5","00","76 10:36.697","8","0","0","0","36233","0","0","0","N","0","0","0","1","68J01","0","","4","01","N","N","1","","0","0","0","0","0","Y","1713","1","1","0","0","1","1","0","1","0","1","N","","","","","","","","","","","","03","  ","","",""
"0803","1","0","0","0","0","0","0","0","0","1","0","","36","10","2017","2017103321","2","40.0386","-76.1613","0754","08","0","0","0","0","0","0","0","1","2","0","0","0","07","1","1","00","2","40 02:18.931","6","00","76 09:40.743","3","0","0","0","36221","0","0","0","","0","0","0","2","68J01","0","","1","01","N","N","0","","1","0","1","0","0","Y","0745","1","2","0","0","0","0","0","1","0","2","N","","","","","","","","","","","","03","  ","","",""
"0859","1","0","0","0","0","0","0","0","0","1","1","","36","10","2017","2017103333","3","39.9956","-76.0441","0854","08","0","0","0","0","0","1","0","0","","0","1","0","08","1","1","02","0","39 59:44.193","","00","76 02:38.800","3","0","0","0","36232","0","0","0","","0","0","0","2","68J01","0","","1","01","N","N","0","","1","0","0","3","2","","0840","1","2","0","0","0","0","0","1","0","2","N","","","","","","","","","","","","03","  ","","",""
"1133","0","0","0","0","0","0","0","0","0","4","0","","36","10","2017","2017103339","4","39.8366","-76.1517","1126","08","0","0","0","0","0","0","1","0","","0","0","0","11","1","0","01","0","39 50:11.900","","00","76 09:06.459","0","0","0","0","36212","0","0","0","","0","0","0","2","68J01","0","","1","01","N","N","1","","0","0","1","3","3","","1123","0","2","0","0","0","0","0","1","0","2","N","","","","","","","","","","","","03","  ","","",""
"1219","1","0","0","0","0","0","0","0","0","4","0","","36","10","2017","2017103340","4","40.0172","-76.0586","1211","08","0","0","1","0","0","1","0","0","2","0","0","0","12","1","2","02","1","40 01:01.754","7","00","76 03:30.895","8","0","0","0","36232","0","0","0","","0","0","0","3","68J01","0","","1","01","N","N","0","","0","0","1","2","3","N","1210","2","2","0","0","1","2","0","1","0","2","N","","","","","","","","","","","","03","  ","","",""
"1705","2","0","0","0","0","0","0","0","0","4","0","","36","10","2017","2017103342","4","39.984","-76.0973","1700","08","0","0","0","1","0","1","0","0","2","0","0","0","16","1","0","01","2","39 59:02.474","3","00","76 05:50.433","0","0","0","0","36226","0","0","0","N","0","0","0","2","68J01","0","","1","01","N","N","0","","0","0","0","3","2","N","1656","0","2","0","0","0","0","0","1","0","2","N","","","","","","","","","","","","03","  ","","",""
"1916","0","0","0","0","0","0","0","0","0","7","0","","36","10","2017","2017103344","4","40.0102","-76.1308","1911","08","0","0","0","0","0","0","0","0","","0","0","0","19","3","0","00","0","40 00:36.720","","00","76 07:50.763","0","0","0","0","36226","0","0","0","","0","0","0","2","68J01","0","","2","01","N","N","1","","0","0","0","0","0","","1909","0","2","0","0","1","0","0","1","0","1","N","","","","","","","","","","","","03","  ","","",""
"1326","1","0","0","0","0","0","0","0","0","7","0","","36","08","2017","2017103365","3","40.0069","-76.1151","1308","08","0","0","0","0","0","0","0","0","1","0","0","0","13","1","0","00","1","40 00:24.989","3","00","76 06:54.453","0","0","0","0","36226","0","0","0","","0","0","0","1","68J01","0","","4","01","N","N","0","","0","0","0","0","0","N","1303","0","1","0","0","1","0","0","1","0","1","N","","","","","","","","","","","","03","  ","","",""
"2202","2","0","1","0","0","0","0","0","0","2","0","","36","09","2017","2017103372","7","39.9348","-76.2027","2156","08","0","0","0","0","0","0","0","0","2","0","0","0","21","3","3","00","2","39 56:05.197","5","00","76 12:09.880","2","0","0","0","36233","0","0","0","N","0","0","0","3","68J01","0","","1","09","N","N","0","","2","1","0","0","0","Y","2155","3","2","0","0","0","0","0","1","0","2","N","","","","","","","","","","","","07","  ","","",""
"1128","1","0","0","0","0","0","0","0","0","7","0","","36","09","2017","2017103373","1","39.8637","-76.2672","1114","08","0","0","0","0","0","0","1","0","","0","0","0","11","1","1","00","0","39 51:49.270","","00","76 16:01.820","3","0","0","0","36224","0","0","0","","0","0","0","1","68J01","0","","4","09","N","N","0","","1","0","0","0","0","","1113","1","1","0","0","0","0","0","1","0","1","N","","","","","","","","","","","","03","  ","","",""
"0022","1","0","0","0","0","0","0","0","0","7","0","","36","09","2017","2017103374","4","39.9936","-75.9886","0007","08","0","0","0","0","0","0","0","0","","0","0","0","00","2","0","00","0","39 59:37.050","","00","75 59:19.120","0","0","0","0","36232","0","0","0","","0","0","0","1","68J01","0","","4","01","N","N","0","","0","0","0","0","0","","0005","0","1","0","0","0","0","0","1","0","1","N","","","","","","","","","","","","03","  ","","",""
"0207","1","0","0","0","0","0","0","0","0","3","0","","36","10","2017","2017103407","6","40.1718","-76.1722","0205","08","0","0","0","0","0","0","0","0","2","0","0","0","02","3","0","00","2","40 10:18.400","5","00","76 10:20.000","0","0","0","0","36408","0","0","0","N","0","0","0","4","36408","0","","6","01","N","N","0","","0","0","1","0","0","Y","0203","0","3","0","0","3","0","0","2","1","3","N","","","","","","","","","","","","03","  ","","",""
"1916","2","0","0","0","0","0","0","0","0","6","0","","36","10","2017","2017103419","6","40.2237","-76.1474","1910","08","0","0","0","0","0","0","0","0","2","0","0","0","19","3","1","00","2","40 13:25.456","5","00","76 08:50.486","3","0","0","0","36405","0","0","0","N","0","0","0","2","36210","0","","1","01","N","N","0","","1","0","0","0","0","Y","1906","1","2","0","0","0","0","0","1","0","2","N","","","","","","","","","","","","03","  ","","",""
"1608","1","0","0","0","0","0","1","0","0","4","1","","36","09","2017","2017103489","2","40.0403","-76.2433","1604","08","0","0","0","0","0","0","0","0","1","0","0","0","16","1","0","00","1","40 02:25.065","4","07","76 14:35.940","0","0","0","0","36215","0","0","0","","0","0","0","5","36215","0","","1","01","N","N","0","","0","0","0","0","0","N","1601","0","2","0","0","0","0","0","1","0","2","N","","","","","","","","","","","","03","  ","","",""
"1659","0","0","0","0","0","0","0","0","0","4","0","","36","10","2017","2017103494","6","40.1233","-76.3753","1645","08","0","0","0","0","0","1","1","0","2","0","0","0","16","1","2","01","1","40 07:23.702","1","00","76 22:31.147","8","0","0","0","36214","0","0","0","N","0","0","0","4","36214","0","","1","01","N","N","0","","0","0","2","3","3","N","1644","2","2","0","0","0","2","0","3","0","2","N","","","","","","","","","","","","03","  ","","",""
"1620","1","0","0","0","0","0","0","0","0","1","0","","36","10","2017","2017103532","6","40.1102","-76.5054","1619","08","0","0","0","0","0","1","0","0","1","0","0","0","16","1","1","00","1","40 06:36.879","4","00","76 30:19.410","8","0","0","0","36413","0","0","0","N","0","0","0","1","36413","0","","1","01","N","N","0","","0","0","1","0","0","N","1619","1","2","0","0","0","1","0","2","0","2","N","","","","","","","","","","","","03","  ","","",""
"1122","2","0","0","0","0","0","0","0","0","4","0","","36","10","2017","2017103534","7","40.1218","-76.029","1118","08","0","0","0","0","0","1","0","0","","0","0","0","11","1","0","03","0","40 07:18.494","","00","76 01:44.569","0","0","0","0","36213","0","0","0","N","0","0","0","3","36213","0","","1","01","N","N","0","","0","0","0","0","0","","1116","0","2","0","0","1","0","0","1","0","2","N","","","","","","","","","","","","03","  ","","",""
"0923","1","0","0","0","0","0","0","0","0","7","0","","36","10","2017","2017103542","7","40.2689","-76.0909","0916","08","0","0","0","1","0","0","0","0","2","0","0","0","09","1","0","00","2","40 16:08.100","6","00","76 05:27.100","0","0","0","0","36210","0","0","0","N","0","0","0","1","36210","0","","4","01","N","N","0","","0","0","0","0","0","Y","0914","0","1","0","0","0","0","0","1","0","1","N","","","","","","","","","","","","03","  ","","",""
"1818","1","0","0","0","0","0","0","0","0","1","0","","36","10","2017","2017103639","7","40.2264","-76.0916","1818","08","0","0","0","0","0","1","0","0","","0","0","0","18","1","0","00","0","40 13:35.169","","07","76 05:29.779","0","0","0","0","36210","0","0","0","N","0","0","0","2","36210","0","","1","01","N","N","0","","0","0","1","0","0","","1817","0","2","0","0","0","0","0","1","0","2","N","","","","","","","","","","","","03","  ","","",""
"2032","1","0","0","0","0","0","0","0","0","7","0","","36","10","2017","2017103647","6","40.2267","-76.1305","2027","08","0","0","0","0","0","0","0","0","","0","0","0","20","3","0","00","0","40 13:36.264","","00","76 07:49.666","9","0","0","0","36405","0","0","0","N","0","0","0","1","36210","0","","4","01","N","N","0","","0","0","0","0","0","","2026","0","1","0","0","0","0","1","1","0","1","N","","","","","","","","","","","","03","  ","","",""
"1800","1","0","0","0","0","0","0","0","0","1","0","","36","10","2017","2017103650","7","40.0964","-76.446","1749","08","0","0","0","0","0","0","0","0","2","0","0","0","17","1","2","03","2","40 05:47.056","5","00","76 26:45.513","8","0","0","0","36239","0","0","0","N","0","0","0","7","36239","0","","1","01","N","N","0","","0","0","2","0","0","Y","1749","2","3","0","0","0","2","0","3","0","3","N","","","","","","","","","","","","03","  ","","",""
"2335","1","0","0","0","0","0","0","0","0","6","0","","36","10","2017","2017103662","7","40.2175","-76.1152","2331","08","0","0","2","0","0","0","0","0","","0","0","0","23","3","0","00","0","40 13:03.155","","00","76 06:54.760","0","0","0","0","36210","0","0","0","Y","0","0","0","3","36210","0","","1","01","N","N","0","","0","0","0","0","0","","2331","0","2","0","0","0","0","0","1","1","2","N","","","","","","","","","","","","03","  ","","",""
"1254","2","0","0","0","0","0","0","0","0","1","0","","36","10","2017","2017103681","2","40.0521","-76.3221","1244","08","0","0","0","0","0","1","1","0","","0","0","0","12","1","1","00","0","40 03:07.502","","00","76 19:19.559","8","0","0","0","36101","0","0","0","N","0","0","0","6","36101","0","","1","01","N","N","0","","0","0","1","0","0","","1241","1","3","0","0","0","1","1","3","0","3","N","","","","","","","","","","","","03","  ","","",""
"1557","1","0","0","0","0","0","0","0","0","1","0","","36","10","2017","2017103682","2","40.0579","-76.2808","1552","08","0","0","0","0","0","0","0","0","3","0","0","0","15","1","1","00","2","40 03:28.292","4","00","76 16:50.947","8","0","0","0","36101","0","0","0","","0","0","0","3","36101","0","","1","01","N","N","0","","0","0","1","0","0","N","1548","1","3","0","0","0","1","0","3","1","3","N","","","","","","","","","","","","03","  ","","",""
"0848","1","0","0","0","0","0","0","0","0","4","0","","36","10","2017","2017103683","7","40.0787","-76.3361","0845","08","0","0","0","0","0","1","0","0","","0","0","0","08","1","0","02","0","40 04:43.330","","00","76 20:09.812","0","0","0","0","36101","0","0","0","N","0","0","0","3","36101","0","","1","01","N","N","0","","0","0","1","0","0","","0840","0","2","0","0","0","0","0","3","0","2","N","","","","","","","","","","","","03","  ","","",""
"1610","0","0","0","0","0","0","0","0","0","1","0","","36","10","2017","2017103737","7","40.0313","-76.4868","1604","08","0","0","0","0","0","1","0","0","2","0","0","0","16","1","0","00","2","40 01:52.704","3","00","76 29:12.608","0","0","0","0","36404","0","0","0","N","0","0","0","3","36404","0","","1","01","N","N","0","","0","0","2","0","0","N","1604","0","2","0","0","0","0","0","3","0","2","N","","","","","","","","","","","","03","  ","","",""
"1001","0","0","0","0","0","0","0","0","0","0","0","","36","10","2017","2017103755","1","40.2004","-76.1209","0955","08","0","0","0","0","0","1","0","0","","0","0","0","09","1","0","00","0","40 12:01.393","","00","76 07:15.172","0","0","0","0","36210","0","0","0","N","0","0","0","2","36210","0","","1","01","N","N","1","","0","0","0","0","0","","0946","0","1","0","0","0","0","0","1","0","1","N","","","","","","","","","","","","03","  ","","",""
"0835","1","0","0","0","0","0","0","0","0","1","0","","36","09","2017","2017103819","5","40.1608","-76.3919","0832","08","0","0","0","0","0","0","0","0","","0","0","0","99","2","0","00","0","40 09:38.769","","00","76 23:30.738","0","0","0","0","36410","0","0","0","N","0","0","0","1","36410","0","","6","01","N","N","1","","0","0","0","0","0","","9999","0","2","0","0","0","0","0","2","0","2","N","","","","","","","","","","","","03","  ","","",""
"1639","1","0","0","0","0","0","0","0","0","1","0","","36","09","2017","2017103910","1","40.0302","-76.2317","1639","08","0","0","0","0","0","1","0","0","1","0","0","0","16","1","0","00","1","40 01:48.680","4","00","76 13:54.044","0","0","0","0","36215","0","0","0","N","0","0","0","4","36215","0","","1","01","N","N","0","","0","0","1","0","0","N","1639","0","3","0","0","0","0","0","1","1","3","N","","","","","","","","","","","","03","  ","","",""
"2032","1","0","0","0","0","0","0","0","0","4","0","","36","10","2017","2017103915","6","40.0198","-76.1792","2028","08","0","0","1","0","0","0","0","1","","0","1","0","20","3","0","00","0","40 01:11.205","","00","76 10:45.208","0","0","0","0","36215","0","0","0","N","0","0","0","2","36215","0","","2","01","N","N","0","","0","0","0","0","0","","2025","0","2","0","0","0","0","0","1","0","2","N","","","","","","","","","","","","03","  ","","",""
"0402","1","0","0","0","0","0","0","0","0","9","0","","36","10","2017","2017103925","1","","","0352","08","0","0","0","0","0","1","0","0","","0","0","0","03","2","0","00","0","","","00","","0","0","0","0","36225","0","0","0","N","0","0","0","1","36505","0","","1","01","N","N","0","","0","0","0","0","0","","0352","0","1","0","0","0","0","0","2","0","1","N","","","","","","","","","","","","03","  ","","",""
"2339","2","0","0","0","0","0","0","0","0","4","0","","36","10","2017","2017103937","6","40.0507","-76.2558","2333","08","0","0","0","0","0","0","0","0","2","0","0","0","23","3","2","02","1","40 03:02.220","2","02","76 15:20.993","3","0","0","0","36215","0","0","0","N","0","0","0","3","36215","1","","1","01","N","N","0","","1","0","0","3","2","Y","2333","2","2","0","0","1","0","0","1","0","2","N","","","","","","","","","","","","03","  ","","",""