"ARRIVAL_TM","AUTOMOBILE_COUNT","BELTED_DEATH_COUNT","BELTED_SUSP_SERIOUS_INJ_COUNT","BICYCLE_COUNT","BICYCLE_DEATH_COUNT","BICYCLE_SUSP_SERIOUS_INJ_COUNT","BUS_COUNT","CHLDPAS_DEATH_COUNT","CHLDPAS_SUSP_SERIOUS_INJ_COUNT","COLLISION_TYPE","COMM_VEH_COUNT","CONS_ZONE_SPD_LIM","COUNTY","CRASH_MONTH","CRASH_YEAR","CRN","DAY_OF_WEEK","DEC_LAT","DEC_LONG","DISPATCH_TM","DISTRICT","DRIVER_COUNT_16YR","DRIVER_COUNT_17YR","DRIVER_COUNT_18YR","DRIVER_COUNT_19YR","DRIVER_COUNT_20YR","DRIVER_COUNT_50_64YR","DRIVER_COUNT_65_74YR","DRIVER_COUNT_75PLUS","EST_HRS_CLOSED","FATAL_COUNT","HEAVY_TRUCK_COUNT","HORSE_BUGGY_COUNT","HOUR_OF_DAY","ILLUMINATION","INJURY_COUNT","INTERSECT_TYPE","LANE_CLOSED","LATITUDE","LN_CLOSE_DIR","LOCATION_TYPE","LONGITUDE","MAX_SEVERITY_LEVEL","MCYCLE_DEATH_COUNT","MCYCLE_SUSP_SERIOUS_INJ_COUNT","MOTORCYCLE_COUNT","MUNICIPALITY","NONMOTR_COUNT","NONMOTR_DEATH_COUNT","NONMOTR_SUSP_SERIOUS_INJ_COUNT","NTFY_HIWY_MAINT","PED_COUNT","PED_DEATH_COUNT","PED_SUSP_SERIOUS_INJ_COUNT","PERSON_COUNT","POLICE_AGCY","POSSIBLE_INJ_COUNT","RDWY_SURF_TYPE_CD","RELATION_TO_ROAD","ROAD_CONDITION","SCH_BUS_IND","SCH_ZONE_IND","SMALL_TRUCK_COUNT","SPEC_JURIS_CD","SUSP_MINOR_INJ_COUNT","SUSP_SERIOUS_INJ_COUNT","SUV_COUNT","TCD_FUNC_CD","TCD_TYPE","TFC_DETOUR_IND","TIME_OF_DAY","TOT_INJ_COUNT","TOTAL_UNITS","UNB_DEATH_COUNT","UNB_SUSP_SERIOUS_INJ_COUNT","UNBELTED_OCC_COUNT","UNK_INJ_DEG_COUNT","UNK_INJ_PER_COUNT","URBAN_RURAL","VAN_COUNT","VEHICLE_COUNT","WORK_ZONE_IND","WORK_ZONE_LOC","WORK_ZONE_TYPE","WORKERS_PRES","WZ_CLOSE_DETOUR","WZ_FLAGGER","WZ_LAW_OFFCR_IND","WZ_LN_CLOSURE","WZ_MOVING","WZ_OTHER","WZ_SHLDER_MDN","ROADWAY_CLEARED","WEATHER1","WEATHER2","WZ_WORKERS_INJ_KILLED","SECONDARY_CRASH","INTERSECTION_RELATED"
"1546","2","0","0","0","0","0","0","0","0","4","0","","36","09","2017","2017103959","5","40.012","-76.2263","1540","08","0","0","0","0","1","0","0","0","2","0","0","0","15","1","1","01","1","40 00:43.379","5","00","76 13:34.666","8","0","0","0","36240","0","0","0","N","0","0","0","3","36240","0","","1","01","N","N","0","","0","0","1","3","3","Y","1540","1","3","0","0","0","1","0","1","0","3","N","","","","","","","","","","","","03","  ","","",""
"0457","0","0","0","0","0","0","0","0","0","7","0","","36","10","2017","2017103969","4","40.0365","-76.5115","0454","08","0","0","0","0","0","0","0","0","1","0","0","0","04","2","0","00","2","40 02:11.573","5","00","76 30:41.560","0","0","0","0","36404","0","0","0","Y","0","0","0","1","36404","0","","2","01","N","N","1","","0","0","0","0","0","Y","0452","0","1","0","0","0","0","0","3","0","1","N","","","","","","","","","","","","03","  ","","",""
"0148","4","0","0","0","0","0","0","0","0","4","0","","36","10","2017","2017103981","1","40.1697","-76.6024","0140","08","0","0","0","0","0","0","0","0","","0","0","0","01","2","0","00","0","40 10:10.858","","00","76 36:08.687","9","0","0","0","36225","0","0","0","N","0","0","0","1","36505","0","","4","01","N","N","0","","0","0","1","0","0","","0140","0","5","0","0","0","0","1","2","0","5","N","","","","","","","","","","","","03","  ","","",""
"2358","1","0","0","0","0","0","0","0","0","1","0","","36","10","2017","2017103992","6","40.0406","-76.2957","2358","08","0","0","0","0","0","0","0","0","","0","0","0","23","3","0","00","0","40 02:26.185","","00","76 17:44.585","0","0","0","0","36301","0","0","0","N","0","0","0","2","36301","0","","6","01","N","N","1","","0","0","0","0","0","","2355","0","2","0","0","0","0","0","3","0","2","N","","","","","","","","","","","","03","  ","","",""
"0112","1","0","0","0","0","0","0","0","0","7","0","","36","09","2017","2017104044","6","40.0198","-76.3401","0108","08","0","0","0","0","0","0","0","0","2","0","0","0","01","3","1","00","2","40 01:11.137","6","00","76 20:24.205","3","0","0","0","36220","0","0","0","","0","0","0","1","36101","0","","4","01","N","N","0","","1","0","0","0","0","N","0105","1","1","0","0","0","0","0","3","0","1","N","","","","","","","","","","","","03","  ","","",""
"0541","2","0","0","0","0","0","0","0","0","4","1","","36","10","2017","2017104045","4","40.1074","-76.2491","0536","08","0","0","0","0","0","0","0","0","","0","1","0","05","2","1","00","0","40 06:26.524","","00","76 14:56.809","4","0","0","0","36101","0","0","0","","0","0","0","3","36101","1","","1","01","N","N","0","","0","0","0","0","0","","0535","1","3","0","0","0","0","0","3","0","3","N","","","","","","","","","","","","03","  ","","",""
"0614","0","0","0","0","0","0","0","0","0","4","1","","36","10","2017","2017104077","2","40.0608","-76.5367","0608","08","0","0","0","0","0","2","0","0","2","0","1","0","06","3","0","01","1","40 03:39.018","6","00","76 32:12.028","0","0","0","0","36211","0","0","0","N","0","0","0","2","36504","0","","1","09","N","N","1","","0","0","0","3","2","N","0605","0","2","0","0","0","0","0","1","0","2","N","","","","","","","","","","","","07","  ","","",""
"1207","0","0","0","0","0","0","0","0","0","4","0","","36","10","2017","2017104113","7","40.1479","-76.3625","1203","08","0","0","0","0","0","2","0","0","2","0","0","0","12","1","1","02","2","40 08:52.451","6","00","76 21:45.015","8","0","0","1","36227","0","0","0","N","0","0","0","2","36506","0","","1","01","N","N","0","","0","0","1","0","0","Y","1203","1","2","0","0","0","1","0","1","0","2","N","","","","","","","","","","","","03","  ","","",""
"1450","2","0","0","0","0","0","0","0","0","4","0","","36","10","2017","2017104114","7","40.1764","-76.3097","1445","08","0","0","0","0","0","1","0","0","1","0","0","0","14","1","0","00","1","40 10:35.101","3","07","76 18:34.888","0","0","0","0","36235","0","0","0","N","0","0","0","2","36506","0","","1","01","N","N","0","","0","0","0","3","3","Y","1445","0","2","0","0","0","0","0","1","0","2","N","","","","","","","","","","","","03","  ","","",""
"1145","2","0","0","0","0","0","0","0","0","4","0","","36","10","2017","2017104132","2","40.0414","-76.4933","1140","08","0","0","0","0","0","1","0","0","","0","0","0","11","1","0","01","0","40 02:29.097","","00","76 29:35.959","0","0","0","0","36404","0","0","0","N","0","0","0","2","36404","0","","1","09","N","N","0","","0","0","0","3","3","","1139","0","2","0","0","0","0","0","3","0","2","N","","","","","","","","","","","","07","  ","","",""
"1233","2","0","0","0","0","0","0","0","0","5","0","","36","10","2017","2017104139","2","40.0358","-76.5018","1229","08","0","0","0","0","0","0","0","0","","0","0","0","12","1","0","00","0","40 02:08.910","","00","76 30:06.637","0","0","0","0","36404","0","0","0","N","0","0","0","1","36404","0","","6","09","N","N","0","","0","0","0","0","0","","1225","0","2","0","0","0","0","0","3","0","2","N","","","","","","","","","","","","03","  ","","",""
"1513","0","0","0","0","0","0","0","0","0","7","0","","36","09","2017","2017104153","2","40.0663","-76.0682","1505","08","0","0","0","0","0","0","0","0","","0","0","0","15","1","1","00","0","40 03:58.587","","00","76 04:05.546","3","0","0","0","36209","0","0","0","N","0","0","0","1","36415","0","","4","01","N","N","1","","1","0","0","0","0","","1505","1","1","0","0","0","0","0","1","0","1","N","","","","","","","","","","","","03","  ","","",""
"0837","0","0","0","0","0","0","0","0","0","4","0","","36","10","2017","2017104158","2","40.214","-76.1583","0833","08","0","0","0","0","0","0","2","0","","0","0","0","08","1","1","01","0","40 12:50.259","","00","76 09:29.735","3","0","0","0","36210","0","0","0","N","0","0","0","2","36210","0","","1","09","N","N","0","","1","0","1","3","3","","0826","1","2","0","0","0","0","0","1","1","2","N","","","","","","","","","","","","07","  ","","",""
"1032","1","0","0","0","0","0","0","0","0","7","0","","36","10","2017","2017104170","2","40.1713","-76.4138","1025","08","0","0","1","0","0","0","0","0","1","0","0","0","10","1","2","00","1","40 10:16.582","6","00","76 24:49.627","8","0","0","0","36230","0","0","0","N","0","0","0","2","36410","0","","2","09","N","N","0","","0","0","0","0","0","N","1025","2","1","0","0","0","2","0","1","0","1","N","","","","","","","","","","","","07","  ","","",""
"1535","1","0","0","0","0","0","0","0","0","1","0","","36","10","2017","2017104227","4","40.0547","-76.3751","1533","08","0","0","0","0","0","1","0","0","2","0","0","0","15","1","0","00","2","40 03:16.789","3","00","76 22:30.331","0","0","0","0","36214","0","0","0","N","0","0","0","3","36214","0","","1","01","N","N","1","","0","0","0","0","0","Y","1533","0","2","0","0","0","0","0","3","0","2","N","","","","","","","","","","","","03","  ","","",""
"0655","3","0","0","0","0","0","0","0","0","1","0","","36","10","2017","2017104228","4","40.1215","-76.2237","0644","08","0","0","0","0","0","0","0","0","2","0","0","0","06","5","0","06","1","40 07:35.474","2","02","76 13:08.164","0","0","0","0","36238","0","0","0","N","0","0","0","4","36238","0","","1","01","N","N","0","","0","0","0","3","4","N","0640","0","3","0","0","0","0","0","3","0","3","N","","","","","","","","","","","","03","  ","","",""
"1537","1","0","0","0","0","0","0","0","0","4","0","","36","10","2017","2017104230","4","40.1315","-76.1479","1531","08","0","0","0","0","0","0","1","0","2","0","0","0","15","1","1","01","1","40 07:53.254","3","00","76 08:52.441","3","0","0","0","36238","0","0","0","N","0","0","0","5","36238","0","","1","01","N","N","0","","1","0","1","3","3","Y","1529","1","2","0","0","0","0","0","3","0","2","N","","","","","","","","","","","","03","  ","","",""
"0713","1","0","0","0","0","0","0","0","0","4","0","","36","09","2017","2017104236","6","40.1679","-76.3994","0712","08","0","1","0","0","0","0","0","0","","0","0","0","99","1","2","01","0","40 10:04.413","","00","76 23:57.777","3","0","0","0","36410","0","0","0","N","0","0","0","2","36410","1","","1","01","N","N","1","","1","0","0","3","3","","9999","2","2","0","0","0","0","0","2","0","2","N","","","","","","","","","","","","03","  ","","",""
"1618","2","0","0","0","0","0","0","0","0","1","0","","36","10","2017","2017104244","5","40.0523","-76.3963","1615","08","0","0","0","0","0","0","0","0","","0","0","0","16","1","0","00","0","40 03:08.254","","00","76 23:46.678","0","0","0","0","36214","0","0","0","N","0","0","0","2","36214","0","","1","01","N","N","0","","0","0","0","0","0","","1615","0","2","0","0","0","0","0","3","0","2","N","","","","","","","","","","","","03","  ","","",""
"0855","1","0","0","0","0","0","0","0","0","7","0","","36","10","2017","2017104279","2","40.2283","-76.4621","0843","08","0","0","0","0","0","0","0","0","","0","0","0","08","1","0","00","0","40 13:41.785","","00","76 27:42.772","0","0","0","0","36230","0","0","0","","0","0","0","1","68T06","0","","4","08","N","N","0","","0","0","0","0","0","","0842","0","1","0","0","0","0","0","1","0","1","N","","","","","","","","","","","","07","05","","",""
"2223","0","0","0","0","0","0","0","0","0","9","0","","36","10","2017","2017104378","7","40.2325","-76.3264","2207","08","0","0","0","1","0","0","0","0","","0","0","0","22","2","0","00","0","40 13:56.491","","00","76 19:38.202","0","0","0","0","36217","0","0","0","","0","0","0","2","68T06","0","","1","01","N","N","0","","0","0","1","0","0","","2200","0","1","0","0","0","0","0","1","0","1","N","","","","","","","","","","","","03","  ","","",""
"0921","0","0","0","0","0","0","0","0","0","7","0","","36","10","2017","2017104403","2","40.2434","-76.1537","0912","08","0","0","0","0","0","0","0","1","","0","0","0","09","1","1","00","0","40 14:35.972","","00","76 09:12.744","3","0","0","0","36236","0","0","0","","0","0","0","1","68T06","0","","3","09","N","N","0","","1","0","1","0","0","","0912","1","1","0","0","0","0","0","1","0","1","N","","","","","","","","","","","","07","  ","","",""
"1006","1","0","0","0","0","0","0","0","0","7","0","","36","10","2017","2017104405","2","40.2453","-76.1744","1004","08","0","0","0","0","0","0","0","0","","0","0","0","09","1","0","00","0","40 14:43.146","","00","76 10:28.851","0","0","0","0","36236","0","0","0","","0","0","0","1","68T06","0","","4","09","N","N","0","","0","0","0","0","0","","0945","0","1","0","0","0","0","0","1","0","1","N","","","","","","","","","","","","07","  ","","",""
"0106","2","0","0","0","0","0","0","0","0","4","0","","36","09","2017","2017104445","1","40.0647","-76.2835","0051","08","0","0","0","1","0","0","0","0","","0","0","0","00","3","0","00","0","40 03:52.786","","00","76 17:00.492","9","0","0","0","36101","0","0","0","","0","0","0","3","36101","0","","1","01","N","N","0","","0","0","0","0","0","","0043","0","2","0","0","0","0","1","3","0","2","N","","","","","","","","","","","","03","  ","","",""
"0131","1","0","0","0","0","0","0","0","0","7","0","","36","10","2017","2017104446","1","40.0613","-76.2983","0128","08","0","0","0","1","0","0","0","0","","0","0","0","01","3","1","01","0","40 03:40.752","","00","76 17:54.006","4","0","0","0","36101","0","0","0","N","0","0","0","1","36101","1","","2","01","N","N","0","","0","0","0","0","0","","0119","1","1","0","0","0","0","0","3","0","1","N","","","","","","","","","","","","03","  ","","",""
"1048","1","0","0","0","0","0","0","0","0","7","0","","36","10","2017","2017104447","1","40.0613","-76.3824","1040","08","0","0","0","0","1","0","0","0","1","0","0","0","10","1","0","02","1","40 03:40.730","3","00","76 22:56.496","0","0","0","0","36214","0","0","0","N","0","0","0","1","36214","0","","2","09","N","N","0","","0","0","0","3","3","N","1039","0","1","0","0","0","0","0","3","0","1","N","","","","","","","","","","","","03","  ","","",""
"0855","1","0","0","0","0","0","0","0","0","4","0","","36","09","2017","2017104507","4","40.0425","-76.3093","0853","08","0","0","0","0","0","1","0","0","","0","0","0","08","1","0","01","0","40 02:32.823","","00","76 18:33.609","0","0","0","0","36301","0","0","0","N","0","0","0","2","36301","0","","1","01","N","N","1","","0","0","0","3","3","","0851","0","2","0","0","0","0","0","3","0","2","N","","","","","","","","","","","","03","  ","","",""
"1036","1","0","0","0","0","0","0","0","0","5","0","","36","10","2017","2017104515","3","40.2087","-76.1359","1036","08","0","0","0","0","0","0","0","0","","0","0","0","10","1","0","00","0","40 12:35.485","","00","76 08:00.121","0","0","0","0","36210","0","0","0","N","0","0","0","2","36210","0","","1","01","N","N","1","","0","0","0","0","0","","1030","0","2","0","0","1","0","0","1","0","2","N","","","","","","","","","","","","03","  ","","",""
"1119","1","0","0","0","0","0","0","0","0","7","0","","36","10","2017","2017104574","3","40.2112","-76.1043","1112","08","0","0","1","0","0","0","0","0","","0","0","0","09","1","1","00","0","40 12:40.198","","00","76 06:15.514","3","0","0","0","36210","0","0","0","N","0","0","0","1","36210","0","","2","01","N","N","0","","1","0","0","0","0","","0930","1","2","0","0","1","0","0","1","0","1","N","","","","","","","","","","","","03","  ","","",""
"1759","0","0","0","0","0","0","0","0","0","7","0","","36","10","2017","2017104578","2","40.1845","-76.601","1753","08","0","0","0","0","0","0","0","0","","0","0","0","17","1","1","01","0","40 11:04.371","","00","76 36:03.692","4","0","0","0","36225","0","0","0","N","0","0","0","1","36505","1","","4","01","N","N","0","","0","0","1","3","3","","1748","1","2","0","0","0","0","0","2","0","1","N","","","","","","","","","","","","03","  ","","",""
"1603","0","0","0","0","0","0","0","0","0","4","0","","36","10","2017","2017104599","3","40.0575","-76.3564","1600","08","0","0","0","0","0","0","1","0","2","0","0","0","15","1","0","02","2","40 03:26.974","3","00","76 21:23.075","0","0","0","0","36214","0","0","0","N","0","0","0","2","36214","0","","1","01","N","N","1","","0","0","1","3","3","N","1557","0","2","0","0","0","0","0","3","0","2","N","","","","","","","","","","","","03","  ","","",""
"1510","2","0","0","0","0","0","0","0","0","4","0","","36","10","2017","2017104671","3","40.0159","-76.3246","1459","08","0","0","1","0","0","0","0","0","1","0","0","0","14","1","2","00","2","40 00:57.202","5","07","76 19:28.601","3","0","0","0","36220","0","0","0","N","0","0","0","3","36101","1","","1","01","N","N","0","","1","0","0","0","0","Y","1455","2","2","0","0","0","0","0","3","0","2","N","","","","","","","","","","","","03","  ","","",""
"1719","1","0","0","0","0","0","0","0","0","1","0","","36","10","2017","2017104672","4","40.0702","-76.3164","1712","08","0","0","0","0","0","0","0","0","","0","0","0","17","1","0","00","0","40 04:12.661","","00","76 18:59.069","0","0","0","0","36101","0","0","0","","0","0","0","2","36101","0","","1","01","N","N","0","","0","0","1","0","0","","1710","0","2","0","0","0","0","0","3","0","2","N","","","","","","","","","","","","03","  ","","",""
"2229","1","0","0","0","0","0","0","0","0","7","0","","36","10","2017","2017104673","5","40.0103","-76.3753","2229","08","0","0","0","0","0","1","0","0","","0","0","0","21","3","0","00","0","40 00:37.200","","00","76 22:31.100","0","0","0","0","36223","0","0","0","N","0","0","0","1","36223","0","","4","09","N","N","0","","0","0","0","0","0","","2130","0","1","0","0","0","0","0","1","0","1","N","","","","","","","","","","","","03","  ","","",""
"1935","0","0","0","0","0","0","0","0","0","9","0","","36","10","2017","2017104785","4","40.0612","-76.5614","1930","08","0","0","1","0","0","1","0","0","2","0","0","0","19","2","0","00","2","40 03:40.323","5","00","76 33:40.992","0","0","0","0","36211","0","0","0","N","0","0","0","3","36504","0","","1","01","N","N","2","","0","0","1","0","0","Y","1928","0","3","0","0","0","0","0","1","0","3","N","","","","","","","","","","","","03","  ","","",""
"1330","2","0","0","0","0","0","0","0","0","1","0","","36","09","2017","2017104795","6","40.0364","-76.4552","1326","08","0","0","0","0","0","1","0","0","","0","0","0","13","1","1","01","0","40 02:10.903","","00","76 27:18.690","3","0","0","0","36239","0","0","0","N","0","0","0","4","36239","0","","1","01","N","N","0","","1","0","0","3","2","","1326","1","2","0","0","0","0","0","3","0","2","N","","","","","","","","","","","","03","  ","","",""
"2311","1","0","0","0","0","0","0","0","0","9","0","","36","10","2017","2017104802","3","40.1858","-76.6111","2248","08","0","0","0","0","0","0","0","0","","0","0","0","22","2","1","00","0","40 11:08.774","","01","76 36:40.137","3","0","0","0","36225","0","0","0","N","0","0","0","2","36505","0","","1","01","N","N","0","","1","0","0","0","0","","2245","1","1","0","0","0","0","0","2","0","1","N","","","","","","","","","","","","03","  ","","",""
"0445","1","0","0","0","0","0","0","0","0","4","0","","36","10","2017","2017104866","4","39.9858","-76.2836","0442","08","0","0","0","0","0","1","0","0","2","0","0","0","04","3","0","01","1","39 59:08.888","2","00","76 17:01.092","0","0","0","0","36240","0","0","0","N","0","0","0","4","36240","0","","1","01","N","N","0","","0","0","1","3","2","Y","0439","0","2","0","0","0","0","0","1","0","2","N","","","","","","","","","","","","03","  ","","",""
"1153","2","0","0","0","0","0","0","0","0","4","0","","36","09","2017","2017104872","7","40.0631","-76.1569","1151","08","0","0","0","1","0","0","0","1","2","0","0","0","11","1","0","01","1","40 03:47.143","2","00","76 09:24.928","0","0","0","0","36234","0","0","0","N","0","0","0","7","36215","0","","1","01","N","N","0","","0","0","0","3","3","N","1151","0","2","0","0","0","0","0","1","0","2","N","","","","","","","","","","","","03","  ","","",""
"0555","2","0","0","0","0","0","0","0","0","1","0","","36","10","2017","2017104927","6","39.975","-76.2473","0549","08","0","0","0","0","0","0","0","0","2","0","0","0","05","2","2","00","2","39 58:29.891","5","00","76 14:50.346","4","0","0","0","36240","0","0","0","N","0","0","0","3","36240","1","","1","01","N","N","1","","0","0","0","0","0","Y","0549","2","3","0","0","0","1","0","1","0","3","N","","","","","","","","","","","","03","  ","","",""
"1046","0","0","0","0","0","0","0","0","0","7","0","","36","10","2017","2017104943","2","40.0939","-76.497","1036","08","0","0","1","0","0","0","0","0","2","0","0","0","10","1","1","00","2","40 05:37.974","5","00","76 29:49.379","4","0","0","0","36230","0","0","0","N","0","0","0","2","36410","1","","4","09","N","N","0","","0","0","1","0","0","Y","1036","1","1","0","0","0","0","0","1","0","1","N","","","","","","","","","","","","07","  ","","",""
"0507","1","0","0","0","0","0","0","0","0","7","0","","36","10","2017","2017104950","7","40.0398","-76.5038","0503","08","0","0","0","1","0","0","0","0","1","0","0","0","05","2","0","00","1","40 02:23.383","3","00","76 30:13.558","0","0","0","0","36404","0","0","0","Y","0","0","0","2","36404","0","","2","01","N","N","0","","0","0","0","0","0","N","0500","0","1","0","0","0","0","0","3","0","1","N","","","","","","","","","","","","03","  ","","",""
"0654","1","0","0","0","0","0","0","0","0","4","0","","36","10","2017","2017105038","3","40.1121","-76.6431","0646","08","0","0","0","0","0","0","0","0","","0","0","0","06","5","0","00","0","40 06:43.490","","00","76 38:35.210","0","0","0","0","36237","0","0","0","N","0","0","0","2","36505","0","","1","01","N","N","0","","0","0","0","0","0","","0646","0","2","0","0","0","0","0","1","1","2","N","","","","","","","","","","","","03","  ","","",""
"1004","1","0","0","0","0","0","0","0","0","7","0","","36","10","2017","2017105067","4","40.1807","-76.1334","0955","08","0","0","0","0","0","0","0","0","2","0","0","0","09","1","0","00","1","40 10:50.456","1","00","76 08:00.216","0","0","0","0","36218","0","0","0","N","0","0","0","1","36408","0","","2","01","N","N","0","","0","0","0","0","0","N","0954","0","1","0","0","1","0","0","1","0","1","N","","","","","","","","","","","","03","  ","","",""
"1118","1","0","0","0","0","0","0","0","0","0","0","","36","10","2017","2017105183","3","40.0737","-76.4607","1114","08","0","0","0","0","0","0","0","0","1","0","0","0","11","1","0","00","1","40 04:25.195","2","00","76 27:38.534","0","0","0","0","36239","0","0","0","N","0","0","0","1","36239","0","","1","01","N","N","0","","0","0","0","0","0","N","1114","0","1","0","0","0","0","0","3","0","1","N","","","","","","","","","","","","03","  ","","",""
"2342","1","0","0","0","0","0","0","0","0","7","0","","36","10","2017","2017105184","4","40.182","-76.2079","2338","08","0","0","0","0","0","0","0","0","","0","0","0","23","2","0","00","0","40 10:55.303","","00","76 12:28.455","0","0","0","0","36218","0","0","0","N","0","0","0","1","36408","0","","2","09","N","N","0","","0","0","0","0","0","","2338","0","1","0","0","0","0","0","1","0","1","N","","","","","","","","","","","","07","  ","","",""
"0426","1","0","0","0","0","0","0","0","0","5","0","","36","09","2017","2017105196","1","40.2333","-76.1374","0424","08","0","0","0","0","0","0","0","0","","0","0","0","04","3","0","00","0","40 13:59.817","","00","76 08:14.773","0","0","0","0","36405","0","0","0","N","0","0","0","2","36210","0","","6","01","N","N","0","","0","0","1","0","0","","0421","0","2","0","0","0","0","0","1","0","2","N","","","","","","","","","","","","03","  ","","",""
"0314","1","0","0","0","0","0","0","0","0","7","0","","36","10","2017","2017105215","5","40.0105","-76.2234","0310","08","0","0","0","0","0","0","0","0","1","0","0","0","03","2","0","00","1","40 00:37.726","2","00","76 13:24.099","0","0","0","0","36240","0","0","0","N","0","0","0","1","36240","0","","5","09","N","N","0","","0","0","0","0","0","N","0307","0","1","0","0","1","0","0","1","0","1","N","","","","","","","","","","","","07","  ","","",""
"0604","1","0","0","0","0","0","0","0","0","4","0","","36","10","2017","2017105253","5","40.0505","-76.3949","0558","08","0","0","0","0","0","1","0","0","","0","0","0","05","3","0","00","0","40 03:01.926","","07","76 23:41.618","0","0","0","0","36214","0","0","0","N","0","0","0","2","36214","0","","1","09","N","N","0","","0","0","1","3","2","","0555","0","2","0","0","0","0","0","3","0","2","N","","","","","","","","","","","","07","  ","","",""
"1849","1","0","0","0","0","0","0","0","0","4","0","","36","10","2017","2017105261","3","40.0441","-76.2836","1840","08","0","0","0","0","0","1","0","0","","0","0","0","17","1","1","01","0","40 02:38.911","","00","76 17:01.053","4","0","0","0","36220","0","0","0","N","0","0","0","2","36101","1","","1","01","N","N","0","","0","0","1","3","3","","1707","1","2","0","0","0","0","0","3","0","2","N","","","","","","","","","","","","03","  ","","",""
"1304","2","0","0","0","0","0","0","0","0","4","0","","36","10","2017","2017105262","3","40.078","-76.3345","1301","08","0","0","0","0","0","0","0","1","2","0","0","0","12","1","0","00","1","40 04:40.700","4","07","76 20:04.200","0","0","0","0","36101","0","0","0","N","0","0","0","2","36101","0","","1","01","N","N","0","","0","0","0","0","0","N","1254","0","2","0","0","0","0","0","3","0","2","N","","","","","","","","","","","","03","  ","","",""
"1546","1","0","0","0","0","0","0","0","0","1","0","","36","10","2017","2017105263","6","40.0698","-76.3136","1546","08","0","1","0","0","0","1","0","0","","0","0","0","15","1","1","07","0","40 04:11.211","","00","76 18:49.039","4","0","0","0","36101","0","0","0","","0","0","0","3","36101","1","","1","01","N","N","0","","0","0","1","0","0","","1545","1","2","0","0","0","0","0","3","0","2","N","","","","","","","","","","","","03","  ","","",""
"1738","0","0","0","0","0","0","0","0","0","4","0","","36","10","2017","2017105264","7","40.083","-76.269","1734","08","1","0","0","0","0","0","0","0","2","0","0","0","17","1","1","01","1","40 04:58.889","3","00","76 16:08.446","4","0","0","0","36101","0","0","0","N","0","0","0","4","36101","1","","1","01","N","N","0","","0","0","2","3","3","N","1733","1","2","0","0","0","0","0","3","0","2","N","","","","","","","","","","","","03","  ","","",""
"1131","2","0","0","0","0","0","0","0","0","4","0","","36","10","2017","2017105265","3","40.0606","-76.2768","1125","08","0","0","0","0","0","0","1","0","","0","0","0","11","1","0","01","0","40 03:38.397","","00","76 16:37.303","0","0","0","0","36101","0","0","0","","0","0","0","2","36101","0","","1","01","N","N","0","","0","0","0","3","2","","1120","0","2","0","0","0","0","0","3","0","2","N","","","","","","","","","","","","03","  ","","",""
"1424","0","0","0","0","0","0","0","0","0","8","0","","36","10","2017","2017105266","3","40.0659","-76.2801","1420","08","0","0","0","0","0","1","0","0","2","0","0","0","14","1","1","00","2","40 03:57.150","5","00","76 16:48.320","3","0","0","0","36101","1","0","0","N","1","0","0","6","36101","0","","1","01","N","N","0","","1","0","0","0","0","N","1418","1","2","0","0","0","0","0","3","1","1","N","","","","","","","","","","","","03","  ","","",""
"1629","1","0","0","0","0","0","0","0","0","1","0","","36","10","2017","2017105267","3","40.0131","-76.1452","1624","08","0","0","0","0","0","0","0","0","1","0","0","0","16","1","0","00","2","40 00:47.122","4","00","76 08:42.560","0","0","0","0","36215","0","0","0","","0","0","0","7","36215","0","","1","01","N","N","0","","0","0","1","0","0","N","1622","0","2","0","0","0","0","0","1","0","2","N","","","","","","","","","","","","03","  ","","",""
"1939","1","0","0","0","0","0","0","0","0","1","1","","36","10","2017","2017105268","3","40.0246","-76.2038","1933","08","0","0","0","0","0","0","0","0","1","0","1","0","19","3","1","00","1","40 01:28.644","3","00","76 12:13.644","4","0","0","0","36215","0","0","0","","0","0","0","3","36215","1","","1","01","N","N","0","","0","0","0","0","0","N","1933","1","2","0","0","0","0","0","1","0","2","N","","","","","","","","","","","","03","  ","","",""
"0724","2","0","0","0","0","0","0","0","0","1","0","","36","10","2017","2017105334","5","40.2211","-76.2566","0718","08","0","1","0","0","0","0","0","0","1","0","0","0","07","1","0","00","1","40 13:15.990","2","07","76 15:23.860","0","0","0","0","36204","0","0","0","N","0","0","0","3","36506","0","","1","09","N","N","0","","0","0","0","0","0","N","0718","0","2","0","0","0","0","0","1","0","2","N","","","","","","","","","","","","07","  ","","",""
"1740","0","0","0","0","0","0","0","0","0","7","0","","36","09","2017","2017105335","1","40.1629","-76.1517","1727","08","0","0","0","0","0","0","0","0","","0","0","0","17","1","0","00","0","40 09:46.333","","00","76 09:06.090","9","0","0","0","36238","0","0","0","Y","0","0","0","1","36238","0","","3","01","N","N","0","","0","0","0","0","0","","1726","0","1","0","0","0","0","1","3","1","1","N","","","","","","","","","","","","03","  ","","",""
"0727","2","0","0","0","0","0","0","0","0","1","0","","36","10","2017","2017105346","4","40.0534","-76.519","0723","08","0","0","0","0","0","1","0","0","2","0","0","0","07","1","1","00","2","40 03:12.119","2","00","76 31:08.237","3","0","0","0","36239","0","0","0","N","0","0","0","2","36239","0","","1","01","N","N","0","","1","0","0","0","0","Y","0720","1","2","0","0","1","0","0","3","0","2","N","","","","","","","","","","","","03","  ","","",""