"ARRIVAL_TM","AUTOMOBILE_COUNT","BELTED_DEATH_COUNT","BELTED_SUSP_SERIOUS_INJ_COUNT","BICYCLE_COUNT","BICYCLE_DEATH_COUNT","BICYCLE_SUSP_SERIOUS_INJ_COUNT","BUS_COUNT","CHLDPAS_DEATH_COUNT","CHLDPAS_SUSP_SERIOUS_INJ_COUNT","COLLISION_TYPE","COMM_VEH_COUNT","CONS_ZONE_SPD_LIM","COUNTY","CRASH_MONTH","CRASH_YEAR","CRN","DAY_OF_WEEK","DEC_LAT","DEC_LONG","DISPATCH_TM","DISTRICT","DRIVER_COUNT_16YR","DRIVER_COUNT_17YR","DRIVER_COUNT_18YR","DRIVER_COUNT_19YR","DRIVER_COUNT_20YR","DRIVER_COUNT_50_64YR","DRIVER_COUNT_65_74YR","DRIVER_COUNT_75PLUS","EST_HRS_CLOSED","FATAL_COUNT","HEAVY_TRUCK_COUNT","HORSE_BUGGY_COUNT","HOUR_OF_DAY","ILLUMINATION","INJURY_COUNT","INTERSECT_TYPE","LANE_CLOSED","LATITUDE","LN_CLOSE_DIR","LOCATION_TYPE","LONGITUDE","MAX_SEVERITY_LEVEL","MCYCLE_DEATH_COUNT","MCYCLE_SUSP_SERIOUS_INJ_COUNT","MOTORCYCLE_COUNT","MUNICIPALITY","NONMOTR_COUNT","NONMOTR_DEATH_COUNT","NONMOTR_SUSP_SERIOUS_INJ_COUNT","NTFY_HIWY_MAINT","PED_COUNT","PED_DEATH_COUNT","PED_SUSP_SERIOUS_INJ_COUNT","PERSON_COUNT","POLICE_AGCY","POSSIBLE_INJ_COUNT","RDWY_SURF_TYPE_CD","RELATION_TO_ROAD","ROAD_CONDITION","SCH_BUS_IND","SCH_ZONE_IND","SMALL_TRUCK_COUNT","SPEC_JURIS_CD","SUSP_MINOR_INJ_COUNT","SUSP_SERIOUS_INJ_COUNT","SUV_COUNT","TCD_FUNC_CD","TCD_TYPE","TFC_DETOUR_IND","TIME_OF_DAY","TOT_INJ_COUNT","TOTAL_UNITS","UNB_DEATH_COUNT","UNB_SUSP_SERIOUS_INJ_COUNT","UNBELTED_OCC_COUNT","UNK_INJ_DEG_COUNT","UNK_INJ_PER_COUNT","URBAN_RURAL","VAN_COUNT","VEHICLE_COUNT","WORK_ZONE_IND","WORK_ZONE_LOC","WORK_ZONE_TYPE","WORKERS_PRES","WZ_CLOSE_DETOUR","WZ_FLAGGER","WZ_LAW_OFFCR_IND","WZ_LN_CLOSURE","WZ_MOVING","WZ_OTHER","WZ_SHLDER_MDN","ROADWAY_CLEARED","WEATHER1","WEATHER2","WZ_WORKERS_INJ_KILLED","SECONDARY_CRASH","INTERSECTION_RELATED"
"1128","1","0","0","0","0","0","0","0","0","4","0","","36","10","2017","2017105365","7","40.1253","-76.2143","1127","08","0","0","0","0","0","1","0","0","","0","0","0","11","1","1","01","0","40 07:31.012","","00","76 12:51.319","4","0","0","0","36238","0","0","0","N","0","0","0","3","36238","1","","1","01","N","N","0","","0","0","1","3","2","","1125","1","2","0","0","0","0","0","3","0","2","N","","","","","","","","","","","","03","  ","","",""
"1313","1","0","0","0","0","0","0","0","0","4","0","","36","10","2017","2017105398","4","39.9947","-76.358","1309","08","0","0","0","1","0","0","0","1","1","0","0","0","13","1","0","02","1","39 59:40.765","1","00","76 21:28.670","0","0","0","0","36412","0","0","0","N","0","0","0","2","36412","0","","1","09","N","N","0","","0","0","1","0","0","N","1307","0","2","0","0","0","0","0","3","0","2","N","","","","","","","","","","","","07","  ","","",""
"1618","1","0","0","0","0","0","0","0","0","4","0","","36","10","2017","2017105405","5","40.0567","-76.3984","1615","08","0","0","0","0","0","2","0","0","","0","0","0","16","1","0","00","0","40 03:24.020","","07","76 23:54.180","0","0","0","0","36214","0","0","0","N","0","0","0","2","36214","0","","1","09","N","N","1","","0","0","0","3","8","","1610","0","2","0","0","0","0","0","3","0","2","N","","","","","","","","","","","","07","  ","","",""
"1052","1","0","0","0","0","0","0","0","0","7","0","","36","10","2017","2017105440","2","39.7821","-76.0912","1021","08","0","1","0","0","0","0","0","0","3","0","0","0","10","1","0","00","2","39 46:55.704","4","00","76 05:28.145","0","0","0","0","36222","0","0","0","","0","0","0","1","68J01","0","","4","09","N","N","0","","0","0","0","0","0","N","1019","0","1","0","0","0","0","0","1","0","1","N","","","","","","","","","","","","07","  ","","",""
"1600","4","0","0","0","0","0","0","0","0","4","0","","36","10","2017","2017105455","7","40.0679","-76.3034","1556","08","0","0","0","0","0","1","0","0","2","0","0","0","15","1","0","01","1","40 04:04.574","2","00","76 18:12.893","0","0","0","0","36101","0","0","0","","0","0","0","9","36101","0","","1","01","N","N","0","","0","0","0","3","2","N","1553","0","4","0","0","0","0","0","3","0","4","N","","","","","","","","","","","","03","  ","","",""
"2030","2","0","0","0","0","0","0","0","0","4","0","","36","10","2017","2017105456","4","40.0769","-76.2962","2021","08","0","0","1","0","0","0","0","0","","0","0","0","19","3","0","02","0","40 04:36.787","","00","76 17:46.336","0","0","0","0","36101","0","0","0","","0","0","0","2","36101","0","","1","09","N","N","0","","0","0","0","3","2","","1941","0","2","0","0","0","0","0","3","0","2","N","","","","","","","","","","","","07","  ","","",""
"2233","0","0","0","0","0","0","0","0","0","7","0","","36","09","2017","2017105457","7","40.0661","-76.3512","2027","08","0","0","0","0","0","0","0","0","3","0","0","0","20","3","1","00","1","40 03:57.850","3","00","76 21:04.172","3","0","0","1","36214","0","0","0","","0","0","0","1","36214","0","","4","01","N","N","0","","1","0","0","0","0","N","2027","1","1","0","0","0","0","0","3","0","1","N","","","","","","","","","","","","03","  ","","",""
"1836","2","0","0","0","0","0","0","0","0","1","0","","36","10","2017","2017105458","6","40.0431","-76.3636","1809","08","0","0","0","0","0","0","0","0","","0","0","0","18","1","0","00","0","40 02:35.288","","00","76 21:48.901","0","0","0","0","36214","0","0","0","","0","0","0","2","36214","0","","1","01","N","N","0","","0","0","0","3","2","","1806","0","2","0","0","0","0","0","3","0","2","N","","","","","","","","","","","","03","  ","","",""
"1912","0","0","0","0","0","0","0","0","0","1","0","","36","10","2017","2017105459","6","40.0404","-76.3641","1909","08","0","0","0","0","0","0","0","0","","0","0","0","19","3","0","00","0","40 02:25.291","","00","76 21:50.932","0","0","0","0","36214","0","0","0","","0","0","0","5","36214","0","","1","01","N","N","1","","0","0","2","3","2","","1902","0","3","0","0","0","0","0","3","0","3","N","","","","","","","","","","","","03","  ","","",""
"2102","0","0","0","0","0","0","0","0","0","4","1","","36","10","2017","2017105460","4","40.0419","-76.3905","2046","08","0","0","0","0","0","0","0","0","2","0","1","0","20","3","0","00","2","40 02:31.000","1","07","76 23:25.730","0","0","0","0","36214","0","0","0","N","0","0","0","2","36214","0","","1","09","N","N","0","","0","0","1","0","0","N","2025","0","2","0","0","0","0","0","3","0","2","N","","","","","","","","","","","","07","  ","","",""
"1141","1","0","0","0","0","0","0","0","0","4","0","","36","09","2017","2017105476","5","39.9709","-76.1485","1127","08","0","0","0","0","0","1","1","0","","0","0","0","11","1","2","00","0","39 58:15.144","","07","76 08:54.668","4","0","0","0","36233","0","0","0","N","0","0","0","3","68J01","1","","1","01","N","N","1","","0","0","0","0","0","","1126","2","2","0","0","0","1","0","1","0","2","N","","","","","","","","","","","","03","  ","","",""
"0942","2","0","0","0","0","0","0","0","0","4","0","","36","09","2017","2017105483","7","39.8719","-76.2284","0922","08","0","0","0","0","0","0","1","0","","0","0","0","09","1","0","00","0","39 52:18.778","","00","76 13:42.381","9","0","0","0","36212","0","0","0","","0","0","0","2","68J01","0","","1","01","N","N","0","","0","0","0","3","3","","0913","0","2","0","0","0","0","1","1","0","2","N","","","","","","","","","","","","03","  ","","",""
"1006","1","0","0","0","0","0","0","0","0","1","0","","36","10","2017","2017105485","2","40.1499","-75.9066","0938","08","0","0","0","0","0","0","1","0","","0","0","0","09","1","1","00","0","40 08:59.747","","00","75 54:23.721","8","0","0","0","36203","0","0","0","","0","0","0","3","68J01","0","","1","01","N","N","0","","0","0","1","0","0","","0934","1","2","0","0","1","1","0","1","0","2","N","","","","","","","","","","","","03","  ","","",""
"0804","1","0","1","0","0","0","0","0","0","4","1","","36","10","2017","2017105490","4","39.8607","-76.0914","0726","08","0","0","0","0","0","1","0","0","3","0","1","0","07","5","2","01","1","39 51:38.462","1","00","76 05:28.941","2","0","0","0","36205","0","0","0","","0","0","0","2","68J01","0","","1","01","N","N","0","","1","1","0","9","3","N","0713","2","2","0","0","0","0","0","1","0","2","N","","","","","","","","","","","","05","  ","","",""
"1810","0","0","0","0","0","0","0","0","0","4","0","","36","10","2017","2017105494","6","39.8997","-76.2125","1758","08","0","0","0","0","0","1","0","0","2","0","0","0","17","1","0","01","1","39 53:59.078","4","00","76 12:44.946","0","0","0","0","36229","0","0","0","","0","0","0","2","68J01","0","","1","01","N","N","1","","0","0","1","3","3","N","1746","0","2","0","0","0","0","0","1","0","2","N","","","","","","","","","","","","03","  ","","",""
"1129","0","0","0","0","0","0","0","0","0","4","0","","36","10","2017","2017105498","7","40.0091","-76.0577","1110","08","0","0","0","0","0","2","0","0","2","0","0","0","11","1","2","01","1","40 00:32.677","3","00","76 03:27.871","3","0","0","0","36232","0","0","0","N","0","0","0","2","68J01","0","","1","01","N","N","0","","2","0","2","3","3","N","1110","2","2","0","0","0","0","0","1","0","2","N","","","","","","","","","","","","03","  ","","",""
"1356","1","0","0","0","0","0","0","0","0","9","0","","36","10","2017","2017105500","7","39.8181","-76.3228","1346","08","0","0","0","0","0","0","0","0","","0","0","0","13","1","0","00","0","39 49:05.150","","03","76 19:21.914","0","0","0","0","36224","0","0","0","","0","0","0","3","68J01","0","","1","01","N","N","1","","0","0","0","0","0","","1321","0","2","0","0","0","0","0","1","0","2","N","","","","","","","","","","","","03","  ","","",""
"0414","1","0","0","0","0","0","0","0","0","7","0","","36","10","2017","2017105504","1","40.001","-76.0818","0404","08","0","0","0","0","0","0","0","0","","0","0","0","04","3","0","00","0","40 00:03.683","","00","76 04:54.522","0","0","0","0","36226","0","0","0","","0","0","0","1","68J01","0","","4","01","N","N","0","","0","0","0","0","0","","0403","0","1","0","0","0","0","0","1","0","1","N","","","","","","","","","","","","03","  ","","",""
"0650","1","0","0","0","0","0","0","0","0","4","1","","36","08","2017","2017105547","6","39.7558","-76.1863","0632","08","0","0","0","0","0","0","0","0","2","0","1","0","06","5","1","02","2","39 45:20.725","5","00","76 11:10.723","3","0","0","0","36219","0","0","0","","0","0","0","2","68J01","0","","1","01","N","N","0","","1","0","0","3","3","N","0626","1","2","0","0","0","0","0","1","0","2","N","","","","","","","","","","","","03","  ","","",""
"1444","2","0","0","0","0","0","0","0","0","2","0","","36","10","2017","2017105591","4","40.023","-76.2751","1438","08","0","0","0","0","0","0","0","0","","0","0","0","14","1","1","00","0","40 01:22.849","","00","76 16:30.423","8","0","0","0","36240","0","0","0","N","0","0","0","2","36240","0","","1","09","N","N","0","","0","0","0","0","0","","1435","1","2","0","0","0","1","0","1","0","2","N","","","","","","","","","","","","07","  ","","",""
"1759","1","0","0","1","0","0","0","0","0","4","0","","36","09","2017","2017105600","4","40.0404","-76.2974","1748","08","0","0","0","0","0","0","0","0","","0","0","0","17","1","1","01","0","40 02:25.538","","00","76 17:50.699","8","0","0","0","36301","1","0","0","N","0","0","0","2","36301","0","","1","01","N","N","0","","0","0","0","3","2","","1730","1","2","0","0","0","1","1","3","0","1","N","","","","","","","","","","","","03","  ","","",""
"1759","1","0","0","0","0","0","0","0","0","1","1","","36","10","2017","2017105603","4","39.9751","-76.2473","1754","08","0","0","0","0","0","1","0","0","","0","1","0","17","1","0","01","0","39 58:30.378","","00","76 14:50.447","0","0","0","0","36240","0","0","0","N","0","0","0","3","36240","0","","1","09","N","N","0","","0","0","0","3","2","","1752","0","2","0","0","0","0","0","1","0","2","N","","","","","","","","","","","","07","  ","","",""
"2213","2","0","0","0","0","0","0","0","0","4","0","","36","10","2017","2017105629","4","40.2446","-76.2005","2201","08","1","0","0","0","0","0","0","0","2","0","0","0","21","2","2","01","2","40 14:40.380","6","00","76 12:01.873","8","0","0","0","36236","0","0","0","N","0","0","0","3","36408","0","","1","01","N","N","0","","0","0","0","0","0","Y","2159","2","2","0","0","1","2","0","1","0","2","N","","","","","","","","","","","","03","  ","","",""
"2114","1","0","0","0","0","0","0","0","0","1","0","","36","10","2017","2017105630","5","40.0459","-76.4187","2059","08","0","0","0","0","0","1","0","0","1","0","0","0","20","2","1","00","1","40 02:45.113","3","00","76 25:07.473","3","0","0","0","36239","0","0","0","N","0","0","0","5","36239","0","","1","01","N","N","1","","1","0","0","0","0","N","2059","1","2","0","0","0","0","0","3","0","2","N","","","","","","","","","","","","03","  ","","",""
"2015","0","0","0","0","0","0","0","0","0","1","2","","36","10","2017","2017105670","3","40.2406","-76.139","2010","08","0","0","0","0","0","1","0","0","3","0","2","0","20","2","1","00","2","40 14:26.104","4","00","76 08:19.497","8","0","0","0","36405","0","0","0","","0","0","0","2","68T06","0","","1","01","N","N","0","","0","0","0","0","0","N","2010","1","2","0","0","0","1","0","1","0","2","N","","","","","","","","","","","","03","  ","","",""
"1319","1","0","0","0","0","0","0","0","0","7","0","","36","09","2017","2017105688","1","40.1219","-76.3453","1314","08","0","0","0","0","0","1","0","0","","0","0","0","13","1","0","00","0","40 07:18.930","","00","76 20:43.250","0","0","0","0","36101","0","0","0","N","0","0","0","1","36101","0","","4","01","N","N","0","","0","0","0","0","0","","1313","0","1","0","0","0","0","0","3","0","1","N","","","","","","","","","","","","03","  ","","",""
"1653","0","0","0","0","0","0","0","0","0","4","0","","36","10","2017","2017105746","3","40.1145","-76.5136","1649","08","0","0","0","0","0","2","0","0","1","0","0","0","16","1","0","01","1","40 06:52.293","6","00","76 30:48.952","0","0","0","0","36413","0","0","0","N","0","0","0","4","36413","0","","1","01","N","N","0","","0","0","2","3","3","Y","1650","0","2","0","0","0","0","0","2","0","2","N","","","","","","","","","","","","03","  ","","",""
"1045","1","0","0","0","0","0","0","0","0","1","0","","36","09","2017","2017105748","7","40.1098","-76.4798","1044","08","0","0","0","0","0","1","0","0","","0","0","0","99","1","0","01","0","40 06:35.270","","00","76 28:47.275","0","0","0","0","36230","0","0","0","N","0","0","0","2","36410","0","","1","01","N","N","1","","0","0","0","3","2","","9999","0","2","0","0","0","0","0","1","0","2","N","","","","","","","","","","","","03","  ","","",""
"1703","0","0","0","0","0","0","0","0","0","4","0","","36","10","2017","2017105761","7","40.0374","-76.3105","1658","08","0","0","0","0","0","1","0","0","3","0","0","0","16","1","1","01","2","40 02:14.785","7","00","76 18:37.926","2","0","1","1","36301","0","0","0","N","0","0","0","3","36301","0","","1","01","N","N","1","","0","1","0","3","2","Y","1658","1","2","0","0","0","0","0","3","0","2","N","","","","","","","","","","","","03","  ","","",""
"1447","1","0","0","0","0","0","0","0","0","4","1","","36","10","2017","2017105764","3","40.0461","-76.4222","1441","08","0","0","0","0","0","0","0","0","3","0","1","0","14","1","0","02","2","40 02:46.289","2","02","76 25:19.988","0","0","0","0","36239","0","0","0","N","0","0","0","2","36239","0","","1","01","N","N","0","","0","0","0","3","2","N","1430","0","2","0","0","0","0","0","3","0","2","N","","","","","","","","","","","","03","  ","","",""
"1430","2","0","0","0","0","0","0","0","0","5","0","","36","10","2017","2017105824","3","40.0381","-76.3042","1419","08","0","0","0","0","0","0","0","0","","0","0","0","14","1","0","00","0","40 02:17.247","","00","76 18:15.137","0","0","0","0","36301","0","0","0","N","0","0","0","2","36301","0","","6","01","N","N","0","","0","0","0","0","0","","1419","0","2","0","0","0","0","0","3","0","2","N","","","","","","","","","","","","03","  ","","",""
"1624","2","0","0","0","0","0","0","0","0","4","0","","36","10","2017","2017105846","6","40.0633","-76.3575","1616","08","0","0","0","0","0","0","1","0","","0","0","0","16","1","0","00","0","40 03:47.710","","07","76 21:26.940","0","0","0","0","36214","0","0","0","N","0","0","0","2","36214","0","","1","09","N","N","0","","0","0","0","3","3","","1613","0","2","0","0","0","0","0","3","0","2","N","","","","","","","","","","","","07","  ","","",""
"1730","2","0","0","0","0","0","0","0","0","6","0","","36","10","2017","2017106068","6","40.0618","-76.3702","1725","08","0","0","0","0","0","1","0","0","","0","0","0","17","1","0","01","0","40 03:42.652","","00","76 22:12.802","0","0","0","0","36214","0","0","0","N","0","0","0","2","36214","0","","1","09","N","N","0","","0","0","0","0","0","","1720","0","2","0","0","0","0","0","3","0","2","N","","","","","","","","","","","","07","  ","","",""
"1950","1","0","0","0","0","0","0","0","0","7","0","","36","10","2017","2017106119","4","40.0759","-76.3087","1945","08","0","0","0","0","1","0","0","0","2","0","0","0","19","3","0","00","1","40 04:33.223","2","00","76 18:31.265","0","0","0","0","36101","0","0","0","","0","0","0","2","36101","0","","5","09","N","N","0","","0","0","0","0","0","N","1943","0","1","0","0","0","0","0","3","0","1","N","","","","","","","","","","","","07","  ","","",""
"1144","2","0","0","0","0","0","0","0","0","5","0","","36","10","2017","2017106120","5","40.0683","-76.3016","1138","08","0","0","0","0","0","0","0","0","2","0","0","0","11","1","1","00","1","40 04:05.850","4","00","76 18:05.582","4","0","0","0","36101","0","0","0","","0","0","0","4","36101","1","","1","09","N","N","0","","0","0","0","0","0","N","1136","1","2","0","0","0","0","0","3","0","2","N","","","","","","","","","","","","07","  ","","",""
"1309","0","0","0","0","0","0","0","0","0","0","0","","36","09","2017","2017106152","7","40.1513","-75.903","1300","08","0","0","0","0","0","0","0","0","","0","0","0","12","1","1","00","0","40 09:04.597","","07","75 54:10.838","3","0","0","1","36203","0","0","0","","0","0","0","2","68J01","0","","4","2","N","N","0","","1","0","0","0","0","","1258","1","1","0","0","0","0","0","1","0","1","N","","","","","","","","","","","","03","  ","","",""
"0618","1","0","0","0","0","0","0","0","0","7","0","","36","10","2017","2017106228","3","40.149","-76.5713","0610","08","0","0","0","0","0","0","0","0","1","0","0","0","06","2","0","00","1","40 08:56.530","4","00","76 34:16.740","0","0","0","0","36225","0","0","0","N","0","0","0","1","36505","0","","5","09","N","N","0","","0","0","0","0","0","N","0605","0","1","0","0","0","0","0","2","0","1","N","","","","","","","","","","","","07","  ","","",""
"0259","1","0","1","0","0","0","0","0","0","7","0","","36","09","2017","2017106327","1","40.0574","-76.316","0256","08","0","0","0","0","0","0","0","0","2","0","0","0","02","3","2","02","2","40 03:26.623","2","00","76 18:57.741","2","0","0","0","36101","0","0","0","","0","0","0","2","36101","1","","5","01","N","N","0","","0","1","0","0","0","N","0254","2","1","0","0","0","0","0","3","0","1","N","","","","","","","","","","","","03","  ","","",""
"1752","0","0","0","0","0","0","0","0","0","1","0","","36","09","2017","2017106328","4","40.068","-76.2974","1742","08","0","0","0","0","0","0","0","0","","0","0","0","17","1","0","00","0","40 04:04.958","","00","76 17:50.477","0","0","0","0","36101","0","0","0","","0","0","0","2","36101","0","","1","01","N","N","0","","0","0","2","0","0","","1738","0","2","0","0","0","0","0","3","0","2","N","","","","","","","","","","","","03","  ","","",""
"1937","1","0","0","0","0","0","0","0","0","7","0","","36","10","2017","2017106329","5","39.9865","-76.2812","1933","08","0","0","0","0","0","0","0","0","","0","0","0","19","3","0","07","0","40 04:10.410","","02","76 18:06.885","0","0","0","0","36101","0","0","0","","0","0","0","1","36101","0","","4","09","N","N","0","","0","0","0","0","0","","1932","0","1","0","0","0","0","0","3","0","1","N","","","","","","","","","","","","07","  ","","",""
"1002","1","0","0","0","0","0","0","0","0","1","0","","36","10","2017","2017106330","2","40.0652","-76.3437","0952","08","0","0","0","0","0","0","0","0","","0","0","0","09","1","1","00","0","40 03:54.671","","00","76 20:37.226","3","0","0","0","36101","0","0","0","","0","0","0","2","36101","0","","1","09","N","N","0","","1","0","1","3","2","","0950","1","2","0","0","0","0","0","3","0","2","N","","","","","","","","","","","","07","  ","","",""
"0649","1","0","0","0","0","0","0","0","0","6","0","","36","10","2017","2017106331","4","40.0978","-76.197","0644","08","1","0","0","0","0","0","0","0","","0","0","0","06","5","0","00","0","40 05:52.251","","00","76 11:49.057","0","0","0","0","36234","0","0","0","","0","0","0","2","36215","0","","1","01","N","N","1","","0","0","0","0","0","","0642","0","2","0","0","0","0","0","1","0","2","N","","","","","","","","","","","","03","  ","","",""
"1726","1","0","0","0","0","0","0","0","0","1","0","","36","10","2017","2017106335","6","40.0806","-76.4593","1721","08","0","0","0","0","0","1","1","0","2","0","0","0","17","1","3","02","1","40 04:50.326","1","00","76 27:33.443","3","0","0","0","36239","0","0","0","N","0","0","0","4","36239","2","","1","09","N","N","0","","1","0","2","0","0","N","1715","3","3","0","0","0","0","0","3","0","3","N","","","","","","","","","","","","07","  ","","",""
"0605","1","0","0","0","0","0","0","0","0","7","0","","36","10","2017","2017106337","7","40.1222","-76.363","0553","08","0","0","0","0","0","0","0","0","","0","0","0","05","2","0","00","0","40 07:19.966","","00","76 21:46.634","9","0","0","0","36214","0","0","0","N","0","0","0","1","36214","0","","5","09","N","N","0","","0","0","0","0","0","","0530","0","1","0","0","0","0","1","3","0","1","N","","","","","","","","","","","","03","  ","","",""
"1621","2","0","0","0","0","0","0","0","0","4","0","","36","10","2017","2017106354","1","40.036","-76.3082","1617","08","0","0","0","0","0","0","1","0","1","0","0","0","16","1","1","01","1","40 02:09.771","4","00","76 18:29.474","4","0","0","0","36301","0","0","0","N","0","0","0","4","36301","1","","1","01","N","N","0","","0","0","0","3","3","N","1616","1","2","0","0","0","0","0","3","0","2","N","","","","","","","","","","","","03","  ","","",""
"1713","1","0","0","0","0","0","0","0","0","1","0","","36","10","2017","2017106373","3","40.1697","-76.3854","1708","08","0","0","0","0","0","0","0","0","1","0","0","0","17","1","0","00","1","40 10:11.023","4","00","76 23:07.553","0","0","0","0","36227","0","0","0","","0","0","0","2","36506","0","","1","01","N","N","1","","0","0","0","0","0","N","1707","0","2","0","0","0","0","0","1","0","2","N","","","","","","","","","","","","03","  ","","",""
"1630","1","0","0","0","0","0","0","0","0","4","0","","36","10","2017","2017106374","6","40.1315","-76.3059","1620","08","0","0","0","0","0","1","0","1","","0","0","0","16","1","0","00","0","40 07:53.558","","07","76 18:21.358","0","0","0","0","36235","0","0","0","N","0","0","0","2","36506","0","","1","09","N","N","0","","0","0","1","3","3","","1620","0","2","0","0","0","0","0","1","0","2","N","","","","","","","","","","","","07","  ","","",""
"1125","1","0","0","0","0","0","0","0","0","1","0","","36","10","2017","2017106375","6","40.1671","-76.1996","1122","08","0","0","0","0","0","1","0","0","2","0","0","0","11","1","0","00","1","40 10:01.677","2","00","76 11:58.381","0","0","0","0","36408","0","0","0","N","0","0","0","2","36408","0","","1","01","N","N","0","","0","0","1","0","0","N","1120","0","2","0","0","0","0","0","2","0","2","N","","","","","","","","","","","","03","  ","","",""
"1651","0","0","0","0","0","0","0","0","0","4","0","","36","10","2017","2017106388","6","40.1427","-76.6537","1644","08","1","0","0","0","0","0","0","0","2","0","0","0","16","1","2","01","1","40 08:33.672","7","00","76 39:13.209","3","0","0","0","36237","0","0","0","N","0","0","0","3","36505","0","","1","09","N","N","0","","2","0","2","3","3","N","1640","2","2","0","0","0","0","0","1","0","2","N","","","","","","","","","","","","07","  ","","",""
"1703","2","0","0","0","0","0","0","0","0","1","0","","36","10","2017","2017106406","3","40.1482","-76.1214","1700","08","0","0","0","0","0","0","1","0","1","0","0","0","16","1","1","00","1","40 08:53.636","3","00","76 07:17.054","4","0","0","0","36209","0","0","0","N","0","0","0","4","36415","1","","1","01","N","N","0","","0","0","0","0","0","N","1658","1","2","0","0","0","0","0","1","0","2","N","","","","","","","","","","","","03","  ","","",""
"1150","0","0","0","0","0","0","0","0","0","7","0","","36","10","2017","2017106407","7","40.0796","-76.045","1141","08","0","0","0","0","0","0","0","0","3","0","0","0","11","1","2","00","2","40 04:46.700","5","00","76 02:42.110","4","0","0","0","36213","0","0","0","N","0","0","0","2","36213","2","","5","09","N","N","1","","0","0","0","0","0","Y","1140","2","1","0","0","1","0","0","1","0","1","N","","","","","","","","","","","","03","  ","","",""
"1941","1","0","0","0","0","0","0","0","0","7","0","","36","10","2017","2017106408","5","39.9534","-76.2529","1934","08","0","0","0","0","0","0","0","0","","0","0","0","19","2","0","00","0","39 57:12.140","","00","76 15:10.320","0","0","0","0","36240","0","0","0","N","0","0","0","1","36240","0","","5","09","N","N","0","","0","0","0","0","0","","1927","0","1","0","0","0","0","0","1","0","1","N","","","","","","","","","","","","03","  ","","",""
"0435","0","0","0","0","0","0","0","0","0","9","0","","36","10","2017","2017106424","3","39.9551","-76.2649","0420","08","0","0","0","0","0","0","0","0","","0","0","0","04","2","0","00","0","39 57:18.291","","00","76 15:53.759","0","0","0","0","36228","0","0","0","N","0","0","0","1","36503","0","","1","01","N","N","0","","0","0","1","0","0","","0415","0","1","0","0","0","0","0","1","0","1","N","","","","","","","","","","","","03","  ","","",""
"1813","0","0","0","0","0","0","0","0","0","1","0","","36","10","2017","2017106495","6","40.0725","-76.3292","1800","08","0","0","0","0","0","2","0","0","","0","0","0","17","4","1","00","0","40 04:21.078","","00","76 19:45.198","4","0","0","0","36101","0","0","0","","0","0","0","2","36101","1","","1","09","N","N","0","","0","0","2","0","0","","1758","1","2","0","0","0","0","0","3","0","2","N","","","","","","","","","","","","07","  ","","",""
"2226","0","0","0","0","0","0","0","0","0","7","0","","36","10","2017","2017106518","6","40.1319","-76.5763","2226","08","0","0","0","0","0","0","0","0","2","0","0","0","21","2","0","00","1","40 07:54.688","4","00","76 34:34.813","0","0","0","0","36225","0","0","0","N","0","0","0","1","36505","0","","5","09","N","N","0","","0","0","0","0","0","N","2130","0","1","0","0","0","0","0","2","1","1","N","","","","","","","","","","","","07","  ","","",""
"0116","1","0","0","0","0","0","0","0","0","1","0","","36","09","2017","2017106526","7","40.2105","-76.1054","0110","08","0","0","0","0","0","0","0","0","1","0","0","0","01","2","0","00","1","40 12:37.707","1","00","76 06:19.319","0","0","0","0","36210","0","0","0","N","0","0","0","2","36210","0","","1","01","N","N","1","","0","0","0","0","0","N","0107","0","2","0","0","0","0","0","1","0","2","N","","","","","","","","","","","","03","  ","","",""
"1813","0","0","0","0","0","0","0","0","0","7","0","","36","10","2017","2017106541","2","40.044","-76.2859","1801","08","0","0","0","0","0","1","0","0","2","0","0","0","17","1","0","03","1","40 02:38.317","3","00","76 17:09.147","0","0","0","0","36101","0","0","0","N","0","0","0","1","36101","0","","2","01","N","N","0","","0","0","0","0","0","N","1737","0","1","0","0","0","0","0","3","1","1","N","","","","","","","","","","","","03","  ","","",""
"1951","2","0","0","0","0","0","0","0","0","4","0","","36","10","2017","2017106542","6","40.0685","-76.3029","1951","08","0","0","0","1","0","0","1","0","","0","0","0","19","3","2","01","0","40 04:06.491","","00","76 18:10.333","4","0","0","0","36101","0","0","0","","0","0","0","4","36101","2","","1","09","N","N","0","","0","0","0","3","2","","1921","2","2","0","0","0","0","0","3","0","2","N","","","","","","","","","","","","07","  ","","",""
"0600","0","0","0","0","0","0","0","0","0","9","0","","36","10","2017","2017106584","6","40.2317","-76.3339","0545","08","0","0","0","0","0","0","0","0","","0","0","0","05","2","0","00","0","40 13:54.266","","00","76 19:58.925","0","0","0","0","36217","0","0","0","","0","0","0","1","68T06","0","","1","01","N","N","0","","0","0","0","0","0","","0545","0","1","0","0","0","0","0","1","1","1","N","","","","","","","","","","","","03","  ","","",""
"1744","1","0","0","0","0","0","0","0","0","2","0","","36","10","2017","2017106601","5","40.0687","-76.3429","1740","08","0","0","0","0","0","0","0","1","1","0","0","0","17","1","1","01","1","40 04:07.251","3","00","76 20:34.310","3","0","0","0","36301","0","0","0","N","0","0","0","2","36301","0","","1","01","N","N","1","","1","0","0","3","2","Y","1740","1","2","0","0","0","0","0","3","0","2","N","","","","","","","","","","","","03","  ","","",""