"ARRIVAL_TM","AUTOMOBILE_COUNT","BELTED_DEATH_COUNT","BELTED_SUSP_SERIOUS_INJ_COUNT","BICYCLE_COUNT","BICYCLE_DEATH_COUNT","BICYCLE_SUSP_SERIOUS_INJ_COUNT","BUS_COUNT","CHLDPAS_DEATH_COUNT","CHLDPAS_SUSP_SERIOUS_INJ_COUNT","COLLISION_TYPE","COMM_VEH_COUNT","CONS_ZONE_SPD_LIM","COUNTY","CRASH_MONTH","CRASH_YEAR","CRN","DAY_OF_WEEK","DEC_LAT","DEC_LONG","DISPATCH_TM","DISTRICT","DRIVER_COUNT_16YR","DRIVER_COUNT_17YR","DRIVER_COUNT_18YR","DRIVER_COUNT_19YR","DRIVER_COUNT_20YR","DRIVER_COUNT_50_64YR","DRIVER_COUNT_65_74YR","DRIVER_COUNT_75PLUS","EST_HRS_CLOSED","FATAL_COUNT","HEAVY_TRUCK_COUNT","HORSE_BUGGY_COUNT","HOUR_OF_DAY","ILLUMINATION","INJURY_COUNT","INTERSECT_TYPE","LANE_CLOSED","LATITUDE","LN_CLOSE_DIR","LOCATION_TYPE","LONGITUDE","MAX_SEVERITY_LEVEL","MCYCLE_DEATH_COUNT","MCYCLE_SUSP_SERIOUS_INJ_COUNT","MOTORCYCLE_COUNT","MUNICIPALITY","NONMOTR_COUNT","NONMOTR_DEATH_COUNT","NONMOTR_SUSP_SERIOUS_INJ_COUNT","NTFY_HIWY_MAINT","PED_COUNT","PED_DEATH_COUNT","PED_SUSP_SERIOUS_INJ_COUNT","PERSON_COUNT","POLICE_AGCY","POSSIBLE_INJ_COUNT","RDWY_SURF_TYPE_CD","RELATION_TO_ROAD","ROAD_CONDITION","SCH_BUS_IND","SCH_ZONE_IND","SMALL_TRUCK_COUNT","SPEC_JURIS_CD","SUSP_MINOR_INJ_COUNT","SUSP_SERIOUS_INJ_COUNT","SUV_COUNT","TCD_FUNC_CD","TCD_TYPE","TFC_DETOUR_IND","TIME_OF_DAY","TOT_INJ_COUNT","TOTAL_UNITS","UNB_DEATH_COUNT","UNB_SUSP_SERIOUS_INJ_COUNT","UNBELTED_OCC_COUNT","UNK_INJ_DEG_COUNT","UNK_INJ_PER_COUNT","URBAN_RURAL","VAN_COUNT","VEHICLE_COUNT","WORK_ZONE_IND","WORK_ZONE_LOC","WORK_ZONE_TYPE","WORKERS_PRES","WZ_CLOSE_DETOUR","WZ_FLAGGER","WZ_LAW_OFFCR_IND","WZ_LN_CLOSURE","WZ_MOVING","WZ_OTHER","WZ_SHLDER_MDN","ROADWAY_CLEARED","WEATHER1","WEATHER2","WZ_WORKERS_INJ_KILLED","SECONDARY_CRASH","INTERSECTION_RELATED"
"1557","0","0","0","0","0","0","0","0","0","4","0","","36","10","2017","2017106604","7","40.1827","-76.4639","1548","08","0","0","0","0","0","1","0","0","","0","0","0","15","1","2","01","0","40 10:57.666","","00","76 27:50.180","8","0","0","0","36230","0","0","0","N","0","0","0","3","36410","0","","1","01","N","N","0","","0","0","2","0","0","","1548","2","2","0","0","0","2","0","1","0","2","N","","","","","","","","","","","","03","  ","","",""
"1235","1","0","0","0","0","0","0","0","0","4","0","","36","10","2017","2017106607","2","40.2213","-76.4323","1229","08","0","0","0","0","0","0","0","1","1","0","0","0","12","1","1","01","1","40 13:16.697","2","00","76 25:56.245","8","0","0","0","36230","0","0","0","N","0","0","0","3","36410","0","","1","09","N","N","0","","0","0","0","3","3","N","1229","1","2","0","0","0","1","0","1","1","2","N","","","","","","","","","","","","07","  ","","",""
"1215","0","0","0","0","0","0","0","0","0","5","0","","36","10","2017","2017106620","7","40.0275","-76.2909","1213","08","0","0","0","0","0","1","0","0","","0","0","0","12","1","1","00","0","40 01:39.090","","07","76 17:27.255","3","0","0","0","36301","0","0","0","N","0","0","0","2","36301","0","","1","01","N","N","0","","1","0","1","0","0","","1211","1","2","0","0","0","0","0","3","0","2","N","","","","","","","","","","","","03","  ","","",""
"1655","0","0","0","0","0","0","0","0","0","4","0","","36","10","2017","2017106622","3","40.1008","-76.096","1650","08","0","0","0","0","0","0","1","0","","0","0","0","16","1","1","01","0","40 06:03.031","","00","76 05:45.673","4","0","0","0","36415","0","0","0","N","0","0","0","2","36415","1","","1","01","N","N","0","","0","0","2","3","2","","1650","1","2","0","0","0","0","0","1","0","2","N","","","","","","","","","","","","03","  ","","",""
"0850","1","0","0","0","0","0","0","0","0","4","0","","36","10","2017","2017106640","1","40.2609","-76.1141","0845","08","0","0","0","1","0","0","0","1","2","0","0","0","08","1","0","01","1","40 15:39.288","3","00","76 06:50.920","0","0","0","0","36210","0","0","0","N","0","0","0","2","36210","0","","1","09","N","N","1","","0","0","0","3","3","N","0843","0","2","0","0","0","0","0","1","0","2","N","","","","","","","","","","","","07","  ","","",""
"1141","1","0","0","0","0","0","0","0","0","7","0","","36","10","2017","2017106653","1","40.1724","-76.4105","1105","08","0","1","0","0","0","0","0","0","","0","0","0","11","1","0","00","0","40 10:20.760","","00","76 24:37.620","0","0","0","0","36230","0","0","0","N","0","0","0","1","36410","0","","5","01","N","N","0","","0","0","0","0","0","","1105","0","1","0","0","0","0","0","1","0","1","N","","","","","","","","","","","","03","  ","","",""
"1623","2","0","0","0","0","0","0","0","0","1","0","","36","10","2017","2017106689","1","40.0422","-76.3637","1619","08","0","0","0","0","0","0","0","0","","0","0","0","16","1","0","00","0","40 02:31.977","","00","76 21:49.477","0","0","0","0","36214","0","0","0","N","0","0","0","6","36214","0","","1","01","N","N","0","","0","0","0","0","0","","1617","0","3","0","0","0","0","0","3","1","3","N","","","","","","","","","","","","03","  ","","",""
"0231","5","0","0","0","0","0","0","0","0","4","0","","36","10","2017","2017106700","1","40.0423","-76.3113","0228","08","0","0","0","0","1","0","0","0","3","0","0","0","02","3","3","01","2","40 02:32.114","4","00","76 18:40.784","8","0","0","0","36301","0","0","0","N","0","0","0","3","36301","0","","1","01","N","N","0","","0","0","1","3","2","Y","0228","3","6","0","0","0","3","0","3","0","6","N","","","","","","","","","","","","03","  ","","",""
"2026","1","0","0","0","0","0","0","0","0","4","0","","36","10","2017","2017106704","1","40.0299","-76.2948","2026","08","0","0","0","0","0","0","0","0","2","0","0","0","20","4","1","01","1","40 01:47.729","2","00","76 17:41.305","3","0","0","1","36301","0","0","0","N","0","0","0","2","36301","0","","1","01","N","N","0","","1","0","0","3","2","N","2026","1","2","0","0","0","0","0","3","0","2","N","","","","","","","","","","","","03","  ","","",""
"1749","1","0","0","0","0","0","0","0","0","7","0","","36","10","2017","2017106759","3","40.1026","-76.3542","1746","08","0","0","0","0","0","0","0","0","","0","0","0","17","1","0","01","0","40 06:09.216","","00","76 21:15.274","0","0","0","0","36406","0","0","0","N","0","0","0","1","36101","0","","1","01","N","N","0","","0","0","0","0","0","","1733","0","1","0","0","0","0","0","3","0","1","N","","","","","","","","","","","","03","  ","","",""
"2226","1","0","0","0","0","0","0","0","0","7","0","","36","10","2017","2017106760","5","40.0106","-76.375","2224","08","0","0","0","0","0","0","0","0","","0","0","0","22","3","0","00","0","40 00:38.200","","00","76 22:30.000","0","0","0","0","36223","0","0","0","N","0","0","0","1","36223","0","","4","09","N","N","0","","0","0","0","0","0","","2222","0","1","0","0","0","0","0","1","0","1","N","","","","","","","","","","","","98","  ","","",""
"0515","2","0","0","0","0","0","0","0","0","4","0","","36","10","2017","2017106799","4","40.0309","-76.4566","0501","08","0","0","0","0","0","0","0","0","","0","0","0","05","2","0","02","0","40 01:51.286","","00","76 27:23.853","9","0","0","0","36239","0","0","0","N","0","0","0","2","36239","0","","1","01","N","N","0","","0","0","0","3","3","","0501","0","2","0","0","0","0","1","3","0","2","N","","","","","","","","","","","","03","  ","","",""
"1934","2","0","0","0","0","0","0","0","0","4","0","","36","10","2017","2017106806","6","40.1298","-76.2166","1929","08","0","0","0","0","0","1","0","0","2","0","0","0","19","2","2","01","1","40 07:47.738","4","02","76 12:59.285","3","0","0","0","36238","0","0","0","N","0","0","0","2","36238","1","","1","09","N","N","0","","1","0","0","3","2","Y","1928","2","2","0","0","1","0","0","3","0","2","N","","","","","","","","","","","","03","  ","","",""
"2348","1","0","0","0","0","0","0","0","0","7","0","","36","10","2017","2017106819","1","40.2097","-76.1072","2345","08","0","0","0","0","0","0","0","0","","0","0","0","23","2","0","00","0","40 12:35.029","","00","76 06:25.882","0","0","0","0","36210","0","0","0","Y","0","0","0","1","36210","0","","5","09","N","N","0","","0","0","0","0","0","","2341","0","1","0","0","0","0","0","1","0","1","N","","","","","","","","","","","","07","  ","","",""
"2244","0","0","0","0","0","0","0","0","0","7","0","","36","10","2017","2017106823","1","40.2441","-76.1038","2242","08","0","0","0","0","0","0","0","0","3","0","0","0","22","2","0","00","2","40 14:38.890","5","00","76 06:13.730","0","0","0","0","36210","0","0","0","N","0","0","0","1","36210","0","","5","09","N","N","0","","0","0","1","0","0","Y","2239","0","1","0","0","0","0","0","1","0","1","N","","","","","","","","","","","","07","  ","","",""
"1755","2","0","0","0","0","0","0","0","0","4","0","","36","10","2017","2017106833","2","40.1117","-76.4517","1748","08","0","0","0","0","0","0","0","0","2","0","0","0","17","1","1","01","1","40 06:42.333","1","00","76 27:05.926","8","0","0","0","36230","0","0","0","N","0","0","0","3","36410","0","","1","01","N","N","0","","0","0","0","3","2","Y","1746","1","2","0","0","0","1","0","1","0","2","N","","","","","","","","","","","","03","  ","","",""
"0944","2","0","0","0","0","0","0","0","0","4","0","","36","10","2017","2017106961","1","40.0429","-76.3046","0941","08","0","0","0","0","1","0","0","0","1","0","0","0","09","1","0","01","1","40 02:34.397","7","00","76 18:16.415","0","0","0","0","36301","0","0","0","N","0","0","0","4","36301","0","","1","09","N","N","0","","0","0","0","3","2","Y","0938","0","2","0","0","0","0","0","3","0","2","N","","","","","","","","","","","","03","  ","","",""
"1011","1","0","0","0","0","0","0","0","0","1","0","","36","10","2017","2017106997","2","40.1101","-76.4137","1005","08","0","0","0","0","0","1","0","0","1","0","0","0","10","1","1","02","1","40 06:36.468","1","00","76 24:49.467","4","0","0","0","36214","0","0","0","N","0","0","0","3","36214","1","","1","01","N","N","1","","0","0","0","0","0","N","1000","1","2","0","0","0","0","0","3","0","2","N","","","","","","","","","","","","03","  ","","",""
"1649","1","0","0","0","0","0","0","0","0","5","0","","36","10","2017","2017107031","2","40.0425","-76.3001","1646","08","0","0","0","0","0","0","0","0","1","0","0","0","16","1","0","00","1","40 02:33.020","2","00","76 18:00.290","0","0","0","0","36301","0","0","0","N","0","0","0","1","36301","0","","6","01","N","N","1","","0","0","0","0","0","N","1644","0","2","0","0","0","0","0","3","0","2","N","","","","","","","","","","","","03","  ","","",""
"0632","0","0","0","0","0","0","0","0","0","4","0","","36","10","2017","2017107045","2","40.207","-76.2199","0624","08","0","0","0","0","0","1","0","0","1","1","0","0","06","2","0","01","1","40 12:25.249","7","00","76 13:11.831","1","1","0","1","36204","0","0","0","N","0","0","0","2","36506","0","2","1","09","N","N","0","0","0","0","1","3","2","Y","0624","0","2","0","0","0","0","0","1","0","2","N","","","","","","","","","","","","03","  ","","",""
"1749","1","0","0","0","0","0","0","0","0","7","0","","36","10","2017","2017107096","3","40.1026","-76.3542","1746","08","0","0","1","0","0","0","0","0","","0","0","0","17","1","0","01","0","40 06:09.216","","00","76 21:15.274","0","0","0","0","36406","0","0","0","N","0","0","0","2","36101","0","","1","01","N","N","0","","0","0","0","0","0","","1733","0","1","0","0","0","0","0","3","0","1","N","","","","","","","","","","","","03","  ","","",""
"1851","1","0","0","0","0","0","0","0","0","2","0","","36","10","2017","2017107097","7","40.0245","-76.3309","1849","08","0","0","0","0","1","0","0","0","2","0","0","0","18","3","1","02","2","40 01:28.029","7","00","76 19:51.267","4","0","0","0","36220","0","0","0","","0","0","0","2","36101","1","","1","01","N","N","0","","0","0","1","3","2","N","1847","1","2","0","0","0","0","0","3","0","2","N","","","","","","","","","","","","03","  ","","",""
"1718","2","0","0","0","0","0","0","0","0","1","0","","36","10","2017","2017107098","6","40.0773","-76.3088","1711","08","0","1","0","0","0","2","0","0","1","0","0","0","17","1","3","00","2","40 04:38.352","5","00","76 18:31.785","3","0","0","0","36101","0","0","0","","0","0","0","4","36101","1","","1","09","N","N","0","","2","0","2","0","0","Y","1708","3","4","0","0","0","0","0","3","0","4","N","","","","","","","","","","","","07","  ","","",""
"0015","0","0","0","0","0","0","0","0","0","9","1","","36","10","2017","2017107220","2","40.08","-76.5334","0011","08","0","0","0","0","0","1","0","0","5","0","1","0","00","2","0","00","2","40 04:47.963","5","00","76 32:00.254","0","0","0","0","36211","0","0","0","Y","0","0","0","1","36504","0","","1","01","N","N","0","","0","0","0","0","0","Y","0008","0","1","0","0","0","0","0","1","0","1","N","","","","","","","","","","","","03","  ","","",""
"1733","1","0","0","0","0","0","0","0","0","4","0","","36","10","2017","2017107316","2","40.0595","-76.4097","1731","08","0","0","0","0","0","0","1","1","","0","0","0","17","1","0","02","0","40 03:34.225","","00","76 24:34.750","0","0","0","0","36239","0","0","0","N","0","0","0","2","36239","0","","1","01","N","N","0","","0","0","1","3","3","","1730","0","2","0","0","0","0","0","3","0","2","N","","","","","","","","","","","","03","  ","","",""
"1759","1","0","0","0","0","0","0","0","0","2","0","","36","10","2017","2017107320","2","40.0606","-76.2768","1751","08","0","0","0","0","0","1","0","0","","0","0","0","17","1","1","01","0","40 03:38.397","","00","76 16:37.303","8","0","0","0","36101","0","0","0","","0","0","0","2","36101","0","","1","01","N","N","0","","0","0","1","3","2","","1721","1","2","0","0","0","1","0","3","0","2","N","","","","","","","","","","","","03","  ","","",""
"1429","1","0","0","0","0","0","0","0","0","4","0","","36","09","2017","2017107321","6","40.2248","-76.4493","1417","08","0","0","0","0","0","0","0","1","","0","0","0","14","1","0","01","0","40 13:29.456","","00","76 26:57.406","0","0","0","0","36230","0","0","0","","0","0","0","3","36410","0","","1","01","N","N","0","","0","0","1","0","0","","1415","0","2","0","0","0","0","0","1","0","2","N","","","","","","","","","","","","03","  ","","",""
"1539","0","0","0","0","0","0","0","0","0","4","1","","36","10","2017","2017107322","6","40.1117","-76.4517","1532","08","0","0","0","0","0","1","0","1","3","0","1","0","15","1","1","01","1","40 06:42.051","4","00","76 27:06.004","8","0","0","0","36230","0","0","0","N","0","0","0","4","36410","0","","1","01","N","N","1","","0","0","1","3","2","N","1531","1","3","0","0","0","1","0","1","0","3","N","","","","","","","","","","","","03","  ","","",""
"2247","1","0","0","0","0","0","0","0","0","4","1","","36","10","2017","2017107323","6","40.1117","-76.4517","2240","08","0","0","0","0","0","0","0","0","1","0","1","0","22","3","1","01","1","40 06:42.051","3","00","76 27:06.004","3","0","0","0","36230","0","0","0","","0","0","0","3","36410","0","","1","01","N","N","0","","1","0","0","3","2","N","2240","1","2","0","0","0","0","0","1","0","2","N","","","","","","","","","","","","03","  ","","",""
"0723","2","0","0","0","0","0","0","0","0","1","0","","36","10","2017","2017107324","5","40.143","-76.4219","0717","08","0","0","0","0","0","0","1","0","1","0","0","0","07","1","0","00","1","40 08:34.759","3","00","76 25:18.810","0","0","0","0","36230","0","0","0","","0","0","0","2","36410","0","","1","09","N","N","0","","0","0","0","0","0","N","0714","0","2","0","0","0","0","0","1","0","2","N","","","","","","","","","","","","07","  ","","",""
"0234","1","0","0","0","0","0","0","0","0","0","0","","36","10","2017","2017107365","7","40.176","-76.2261","0231","08","0","0","0","0","0","0","0","0","","0","0","0","02","2","0","00","0","40 10:33.725","","00","76 13:33.814","0","0","0","0","36218","0","0","0","N","0","0","0","2","36408","0","","5","09","N","N","0","","0","0","0","0","0","","0227","0","1","0","0","0","0","0","1","0","1","N","","","","","","","","","","","","98","  ","","",""
"1723","2","0","0","0","0","0","0","0","0","4","0","","36","10","2017","2017107379","2","40.045","-76.2837","1720","08","0","0","1","0","0","1","0","0","2","0","0","0","17","1","1","01","2","40 02:42.261","3","00","76 17:01.349","4","0","0","0","36301","0","0","0","N","0","0","0","4","36301","1","","1","01","N","N","0","","0","0","0","3","1","N","1714","1","2","0","0","0","0","0","3","0","2","N","","","","","","","","","","","","03","  ","","",""
"0740","1","0","0","0","0","0","0","0","0","7","0","","36","10","2017","2017107458","7","40.0951","-76.5206","0731","08","0","0","0","0","0","1","0","0","2","0","0","0","07","1","0","01","2","40 05:42.485","6","00","76 31:14.217","0","0","0","0","36211","0","0","0","Y","0","0","0","1","36504","0","","5","09","N","N","0","","0","0","0","0","0","Y","0730","0","1","0","0","0","0","0","1","0","1","N","","","","","","","","","","","","07","  ","","",""
"1704","2","0","0","0","0","0","0","0","0","4","0","","36","09","2017","2017107531","6","40.0391","-76.2805","1656","08","0","0","0","0","0","0","0","0","2","0","0","0","16","1","1","00","1","40 02:20.779","4","00","76 16:49.911","3","0","0","0","36220","0","0","0","","0","0","0","2","68J01","0","","1","01","N","N","0","","1","0","0","0","0","N","1656","1","2","0","0","0","0","0","3","0","2","N","","","","","","","","","","","","03","  ","","",""
"1708","0","0","0","0","0","0","0","0","0","4","0","","36","10","2017","2017107551","3","40.0848","-76.0387","1657","08","0","0","0","0","0","2","0","0","2","0","0","0","16","1","0","02","1","40 05:05.387","2","00","76 02:19.143","0","0","0","0","36213","0","0","0","N","0","0","0","4","36213","0","","1","01","N","N","1","","0","0","0","3","3","N","1650","0","2","0","0","0","0","0","1","1","2","N","","","","","","","","","","","","03","  ","","",""
"1450","0","0","0","0","0","0","0","0","0","4","0","","36","10","2017","2017107691","6","40.039","-76.5105","1448","08","0","0","0","0","0","1","0","0","2","0","0","0","14","1","1","01","2","40 02:20.317","2","02","76 30:37.949","4","0","0","0","36404","0","0","0","N","0","0","0","2","36404","1","","1","01","N","N","0","","0","0","2","3","2","Y","1448","1","2","0","0","0","0","0","3","0","2","N","","","","","","","","","","","","03","  ","","",""
"2011","2","0","0","0","0","0","0","0","0","5","0","","36","10","2017","2017107714","2","40.1567","-76.3039","2008","08","0","0","0","0","0","0","0","1","","0","0","0","20","4","0","00","0","40 09:23.988","","00","76 18:14.200","0","0","0","0","36409","3","0","0","N","0","0","0","4","36409","0","","1","01","N","N","0","","0","0","0","0","0","","2006","0","2","0","0","0","0","0","3","0","2","N","","","","","","","","","","","","03","  ","","",""
"2156","1","0","0","0","0","0","0","0","0","7","0","","36","10","2017","2017107720","3","40.0435","-76.4357","2153","08","0","1","0","0","0","0","0","0","2","0","0","0","21","3","1","00","2","40 02:36.470","6","00","76 26:08.350","8","0","0","0","36239","0","0","0","N","0","0","0","1","36239","0","","5","01","N","N","0","","0","0","0","0","0","Y","2153","1","1","0","0","0","1","0","3","0","1","N","","","","","","","","","","","","03","  ","","",""
"1305","0","0","0","0","0","0","0","0","0","4","0","","36","10","2017","2017107729","3","40.1282","-76.6115","1251","08","0","0","0","0","0","1","0","1","","0","0","0","12","1","0","01","0","40 07:41.663","","00","76 36:41.536","0","0","0","0","36237","0","0","0","N","0","0","0","3","36505","0","","1","01","N","N","1","","0","0","1","3","3","","1251","0","2","0","0","0","0","0","1","0","2","N","","","","","","","","","","","","03","  ","","",""
"1708","1","0","0","0","0","0","0","0","0","4","0","","36","10","2017","2017107803","6","40.06","-76.2775","1658","08","0","0","0","0","0","1","0","0","2","0","0","0","16","1","0","01","1","40 03:35.924","3","02","76 16:39.950","0","0","0","0","36101","0","0","0","N","0","0","0","4","36101","0","","1","09","N","N","0","","0","0","1","3","2","N","1643","0","2","0","0","0","0","0","3","0","2","N","","","","","","","","","","","","07","  ","","",""
"2223","0","0","0","0","0","0","0","0","0","9","0","","36","10","2017","2017107804","3","40.0552","-76.3594","2217","08","0","0","0","0","0","0","0","0","","0","0","0","22","3","0","02","0","40 03:18.658","","00","76 21:33.765","0","0","0","0","36214","0","0","0","","0","0","0","1","36214","0","","1","01","N","N","0","","0","0","1","0","0","","2216","0","1","0","0","0","0","0","3","0","1","N","","","","","","","","","","","","03","  ","","",""
"0721","1","0","0","0","0","0","0","0","0","7","0","","36","10","2017","2017107805","3","40.0208","-76.1844","0714","08","0","0","1","0","0","0","0","0","2","0","0","0","07","1","1","00","1","40 01:14.928","4","00","76 11:03.891","4","0","0","0","36215","0","0","0","","0","0","0","1","36215","1","","2","01","N","N","0","","0","0","0","0","0","N","0711","1","1","0","0","0","0","0","1","0","1","N","","","","","","","","","","","","03","  ","","",""
"1633","1","0","0","0","0","0","0","0","0","1","0","","36","10","2017","2017107806","3","40.0377","-76.2697","1629","08","0","0","0","1","1","0","0","0","1","0","0","0","16","1","1","00","1","40 02:15.877","3","00","76 16:11.037","4","0","0","0","36215","0","0","0","","0","0","0","3","36215","1","","1","01","N","N","0","","0","0","1","0","0","Y","1626","1","2","0","0","0","0","0","1","0","2","N","","","","","","","","","","","","03","  ","","",""
"2155","1","0","0","0","0","0","0","0","0","1","0","","36","10","2017","2017107807","2","40.041","-76.239","2153","08","0","0","0","0","0","0","0","0","1","0","0","0","21","2","0","00","1","40 02:27.520","1","00","76 14:20.475","0","0","0","0","36215","0","0","0","","0","0","0","2","36215","0","","1","01","N","N","0","","0","0","1","0","0","N","2151","0","2","0","0","0","0","0","1","0","2","N","","","","","","","","","","","","03","  ","","",""
"1518","2","0","0","0","0","0","0","0","0","4","0","","36","10","2017","2017107808","4","40.0263","-76.3945","1507","08","0","1","0","0","0","1","0","0","2","0","0","0","15","1","1","00","1","40 01:34.741","5","00","76 23:40.197","8","0","0","0","36223","0","0","0","N","0","0","0","2","36223","0","","1","09","N","N","0","","0","0","0","0","0","N","1500","1","2","0","0","0","1","0","1","0","2","N","","","","","","","","","","","","07","  ","","",""
"1050","1","0","0","0","0","0","0","0","0","1","0","","36","10","2017","2017107838","3","40.1565","-76.3073","1045","08","0","0","0","0","0","1","0","0","","0","0","0","10","1","0","02","0","40 09:23.321","","00","76 18:26.117","0","0","0","0","36409","0","0","0","N","0","0","0","2","36409","0","","1","01","N","N","0","","0","0","1","0","0","","1045","0","2","0","0","0","0","0","3","0","2","N","","","","","","","","","","","","03","  ","","",""
"1443","0","0","0","0","0","0","0","0","0","5","0","","36","10","2017","2017107831","2","40.0886","-76.4516","1441","08","0","0","0","0","0","0","0","0","2","0","0","0","14","1","0","02","2","40 05:19.104","5","00","76 27:05.752","0","0","0","0","36239","0","0","0","N","0","0","0","2","36239","0","","1","01","N","N","0","","0","0","0","3","3","Y","1438","0","2","0","0","0","0","0","3","1","2","N","","","","","","","","","","","","03","  ","","",""
"2306","2","0","0","0","0","0","0","0","0","5","0","","36","10","2017","2017107847","1","40.0324","-76.5032","2305","08","0","0","0","0","0","0","0","0","","0","0","0","23","3","0","00","0","40 01:56.660","","00","76 30:11.570","0","0","0","0","36404","0","0","0","N","0","0","0","2","36404","0","","6","09","N","N","0","","0","0","0","0","0","","2303","0","2","0","0","0","0","0","3","0","2","N","","","","","","","","","","","","07","  ","","",""
"0839","1","0","0","0","0","0","0","0","0","4","0","","36","10","2017","2017107852","4","39.9898","-76.2566","0836","08","0","0","0","0","0","0","0","0","2","0","0","0","08","1","2","02","1","39 59:23.416","1","00","76 15:23.588","3","0","0","0","36240","0","0","0","N","0","0","0","2","36240","0","","1","01","N","N","0","","2","0","1","0","0","N","0835","2","2","0","0","0","0","0","1","0","2","N","","","","","","","","","","","","03","  ","","",""
"1012","2","0","0","0","0","0","0","0","0","1","0","","36","10","2017","2017107861","4","40.0525","-76.3776","1003","08","0","0","0","0","1","0","0","0","2","0","0","0","09","1","1","00","2","40 03:09.110","3","01","76 22:39.373","4","0","0","0","36214","0","0","0","N","0","0","0","2","36214","1","","1","01","N","N","0","","0","0","0","0","0","N","0948","1","2","0","0","0","0","0","3","0","2","N","","","","","","","","","","","","03","  ","","",""
"1017","1","0","0","0","0","0","0","0","0","4","1","","36","10","2017","2017107874","4","40.0519","-76.4306","1012","08","0","0","0","0","0","0","0","0","2","0","1","0","10","1","0","01","1","40 03:06.739","1","00","76 25:50.203","0","0","0","0","36239","0","0","0","N","0","0","0","4","36239","0","","1","01","N","N","0","","0","0","0","3","3","Y","1012","0","2","0","0","0","0","0","3","0","2","N","","","","","","","","","","","","03","  ","","",""
"1211","2","0","1","0","0","0","0","0","0","4","0","","36","10","2017","2017107906","4","40.1845","-76.601","1203","08","0","0","0","0","0","0","0","0","2","0","0","0","12","1","2","01","1","40 11:04.371","2","00","76 36:03.692","2","0","0","0","36225","0","0","0","N","0","0","0","3","36505","0","","1","09","N","N","0","","1","1","0","0","0","N","1203","2","2","0","0","0","0","0","2","0","2","N","","","","","","","","","","","","07","  ","","",""
"2134","1","0","0","0","0","0","0","0","0","7","0","","36","09","2017","2017107911","6","40.254","-76.1164","2129","08","0","0","0","0","0","0","0","0","","0","0","0","21","2","0","00","0","40 15:14.282","","00","76 06:59.164","9","0","0","0","36210","0","0","0","N","0","0","0","1","36210","0","","2","09","N","N","0","","0","0","0","0","0","","2122","0","1","0","0","0","0","1","1","0","1","N","","","","","","","","","","","","03","  ","","",""
"1223","1","0","0","0","0","0","0","0","0","7","0","","36","10","2017","2017107914","4","40.1044","-76.4258","1215","08","0","0","0","0","1","0","0","0","","0","0","0","12","1","0","00","0","40 06:15.804","","00","76 25:32.763","0","0","0","0","36214","0","0","0","N","0","0","0","1","36214","0","","1","01","N","N","0","","0","0","0","0","0","","1210","0","1","0","0","0","0","0","3","0","1","N","","","","","","","","","","","","03","  ","","",""
"1222","2","0","0","0","0","0","0","0","0","4","0","","36","10","2017","2017107953","1","40.1423","-76.3043","1217","08","0","0","0","0","0","1","0","0","2","0","0","0","12","1","1","00","1","40 08:32.135","2","07","76 18:15.471","8","0","0","0","36409","0","0","0","N","0","0","0","3","36409","0","","1","01","N","N","0","","0","0","0","0","0","Y","1217","1","2","0","0","0","1","0","3","0","2","N","","","","","","","","","","","","03","  ","","",""
"0156","1","0","0","0","0","0","0","0","0","7","0","99","36","10","2017","2017108219","7","40.1501","-76.1703","0150","08","0","0","0","0","0","0","0","0","","0","0","0","01","2","0","00","0","40 09:00.188","","00","76 10:12.965","0","0","0","0","36238","0","0","0","N","0","0","0","1","36238","0","","2","01","N","N","0","","0","0","0","0","0","","0150","0","1","0","0","0","0","0","3","0","1","Y","8","1","N","","","N","","","","Y","","03","  ","","",""
"1953","0","0","0","0","0","0","0","0","0","4","0","","36","10","2017","2017108234","4","40.0522","-76.3084","1952","08","0","0","0","0","0","0","0","0","","0","0","0","19","3","0","01","0","40 03:07.752","","00","76 18:30.128","0","0","0","0","36301","0","0","0","N","0","0","0","2","36301","0","","1","01","","","0","","0","0","2","3","2","","1951","0","2","0","0","0","0","0","3","0","2","N","","","","","","","","","","","","03","  ","","",""
"2026","0","0","0","0","0","0","0","0","0","4","0","","36","10","2017","2017108238","2","40.2327","-76.1367","2018","08","0","0","0","0","0","0","0","0","","0","0","0","20","3","0","00","0","40 13:57.825","","00","76 08:12.252","0","0","0","0","36405","0","0","0","N","0","0","0","1","36210","0","","6","01","N","N","0","","0","0","0","0","0","","2016","0","2","0","0","0","0","0","1","2","2","N","","","","","","","","","","","","03","  ","","",""
"2148","1","0","0","0","0","0","0","0","0","7","0","","36","10","2017","2017108257","7","40.0928","-76.1456","2136","08","0","0","0","0","0","0","0","0","3","0","0","0","21","2","0","00","2","40 05:33.987","6","00","76 08:43.986","0","0","0","0","36238","0","0","0","N","0","0","0","2","36238","0","","5","01","N","N","0","","0","0","0","0","0","Y","2134","0","1","0","0","1","0","0","3","0","1","N","","","","","","","","","","","","03","  ","","",""
"2148","1","0","0","0","0","0","0","0","0","9","0","","36","10","2017","2017108259","7","40.0928","-76.1474","2148","08","0","0","0","0","0","0","0","0","","0","0","0","21","2","0","00","0","40 05:34.177","","00","76 08:50.765","0","0","0","0","36238","0","0","0","N","0","0","0","1","36238","0","","1","01","N","N","0","","0","0","0","0","0","","2145","0","1","0","0","0","0","0","3","0","1","N","","","","","","","","","","","","03","  ","","",""