"ARRIVAL_TM","AUTOMOBILE_COUNT","BELTED_DEATH_COUNT","BELTED_SUSP_SERIOUS_INJ_COUNT","BICYCLE_COUNT","BICYCLE_DEATH_COUNT","BICYCLE_SUSP_SERIOUS_INJ_COUNT","BUS_COUNT","CHLDPAS_DEATH_COUNT","CHLDPAS_SUSP_SERIOUS_INJ_COUNT","COLLISION_TYPE","COMM_VEH_COUNT","CONS_ZONE_SPD_LIM","COUNTY","CRASH_MONTH","CRASH_YEAR","CRN","DAY_OF_WEEK","DEC_LAT","DEC_LONG","DISPATCH_TM","DISTRICT","DRIVER_COUNT_16YR","DRIVER_COUNT_17YR","DRIVER_COUNT_18YR","DRIVER_COUNT_19YR","DRIVER_COUNT_20YR","DRIVER_COUNT_50_64YR","DRIVER_COUNT_65_74YR","DRIVER_COUNT_75PLUS","EST_HRS_CLOSED","FATAL_COUNT","HEAVY_TRUCK_COUNT","HORSE_BUGGY_COUNT","HOUR_OF_DAY","ILLUMINATION","INJURY_COUNT","INTERSECT_TYPE","LANE_CLOSED","LATITUDE","LN_CLOSE_DIR","LOCATION_TYPE","LONGITUDE","MAX_SEVERITY_LEVEL","MCYCLE_DEATH_COUNT","MCYCLE_SUSP_SERIOUS_INJ_COUNT","MOTORCYCLE_COUNT","MUNICIPALITY","NONMOTR_COUNT","NONMOTR_DEATH_COUNT","NONMOTR_SUSP_SERIOUS_INJ_COUNT","NTFY_HIWY_MAINT","PED_COUNT","PED_DEATH_COUNT","PED_SUSP_SERIOUS_INJ_COUNT","PERSON_COUNT","POLICE_AGCY","POSSIBLE_INJ_COUNT","RDWY_SURF_TYPE_CD","RELATION_TO_ROAD","ROAD_CONDITION","SCH_BUS_IND","SCH_ZONE_IND","SMALL_TRUCK_COUNT","SPEC_JURIS_CD","SUSP_MINOR_INJ_COUNT","SUSP_SERIOUS_INJ_COUNT","SUV_COUNT","TCD_FUNC_CD","TCD_TYPE","TFC_DETOUR_IND","TIME_OF_DAY","TOT_INJ_COUNT","TOTAL_UNITS","UNB_DEATH_COUNT","UNB_SUSP_SERIOUS_INJ_COUNT","UNBELTED_OCC_COUNT","UNK_INJ_DEG_COUNT","UNK_INJ_PER_COUNT","URBAN_RURAL","VAN_COUNT","VEHICLE_COUNT","WORK_ZONE_IND","WORK_ZONE_LOC","WORK_ZONE_TYPE","WORKERS_PRES","WZ_CLOSE_DETOUR","WZ_FLAGGER","WZ_LAW_OFFCR_IND","WZ_LN_CLOSURE","WZ_MOVING","WZ_OTHER","WZ_SHLDER_MDN","ROADWAY_CLEARED","WEATHER1","WEATHER2","WZ_WORKERS_INJ_KILLED","SECONDARY_CRASH","INTERSECTION_RELATED"
"1748","2","0","0","0","0","0","0","0","0","1","0","","36","10","2017","2017108328","5","40.0086","-76.3428","1725","08","0","0","0","0","0","0","0","0","3","0","0","0","16","1","1","00","1","40 00:31.133","1","00","76 20:34.226","8","0","0","0","36220","0","0","0","","0","0","0","2","36101","0","","1","09","N","N","0","","0","0","0","0","0","N","1620","1","2","0","0","0","1","0","3","0","2","N","","","","","","","","","","","","07","  ","","",""
"1115","0","0","0","0","0","0","0","0","0","4","0","","36","10","2017","2017108329","1","40.06","-76.2775","1111","08","0","0","0","0","0","0","1","0","2","0","0","0","11","1","1","01","1","40 03:35.857","3","02","76 16:40.026","4","0","0","0","36101","0","0","0","N","0","0","0","3","36101","1","","1","01","N","N","0","","0","0","2","3","2","N","1108","1","2","0","0","0","0","0","3","0","2","N","","","","","","","","","","","","03","  ","","",""
"1735","1","0","0","0","0","0","0","0","0","1","0","","36","10","2017","2017108330","3","40.0691","-76.3077","1722","08","0","0","0","0","0","0","0","0","","0","0","0","16","1","0","00","0","40 04:08.881","","03","76 18:27.587","0","0","0","0","36101","0","0","0","","0","0","0","3","36101","0","","1","01","N","N","0","","0","0","1","0","0","","1635","0","2","0","0","0","0","0","3","0","2","N","","","","","","","","","","","","03","  ","","",""
"1738","1","0","0","0","0","0","0","0","0","4","1","","36","10","2017","2017108331","3","40.0698","-76.3168","1723","08","0","0","0","0","0","0","0","0","","0","1","0","16","1","0","01","0","40 04:11.400","","00","76 19:01.409","0","0","0","0","36101","0","0","0","","0","0","0","2","36101","0","","1","01","N","N","0","","0","0","0","3","3","","1600","0","2","0","0","0","0","0","3","0","2","N","","","","","","","","","","","","03","  ","","",""
"1158","0","0","0","0","0","0","0","0","0","4","0","","36","10","2017","2017108332","7","40.0321","-76.2449","1153","08","0","0","0","0","0","2","0","0","2","0","0","0","11","1","2","00","2","40 01:55.506","5","00","76 14:41.574","4","0","0","0","36215","0","0","0","","0","0","0","4","36215","2","","1","01","N","N","0","","0","0","3","0","0","Y","1151","2","3","0","0","0","0","0","1","0","3","N","","","","","","","","","","","","03","  ","","",""
"0641","1","0","0","0","0","0","0","0","0","4","0","","36","10","2017","2017108352","5","40.1924","-76.191","0637","08","0","0","0","0","0","0","0","1","","0","0","0","06","3","0","00","0","40 11:32.620","","00","76 11:27.640","0","0","0","0","36408","0","0","0","N","0","0","0","1","36408","0","","1","01","N","N","1","","0","0","0","0","0","","0637","0","2","0","0","0","0","0","2","0","2","N","","","","","","","","","","","","03","  ","","",""
"0724","1","0","0","0","0","0","0","0","0","8","0","","36","10","2017","2017108366","5","","","0721","08","0","0","0","1","0","0","0","0","1","0","0","0","07","1","1","00","2","00 00:00.00","1","00","00 00:00.0","8","0","0","0","36408","1","0","0","N","1","0","0","2","36408","0","","1","01","N","N","0","","0","0","0","0","0","Y","0719","1","2","0","0","0","1","0","2","0","1","N","","","","","","","","","","","","98","  ","","",""
"0731","1","0","0","0","0","0","0","0","0","4","0","","36","10","2017","2017108368","5","40.1468","-76.0613","0724","08","0","0","0","0","0","1","0","0","2","0","0","0","07","1","0","01","1","40 08:48.508","7","00","76 03:40.586","0","0","0","0","36213","0","0","0","N","0","0","0","2","36213","0","","1","01","N","N","1","","0","0","0","3","3","N","0722","0","2","0","0","0","0","0","1","0","2","N","","","","","","","","","","","","03","  ","","",""
"0857","0","0","0","0","0","0","0","0","0","8","0","","36","10","2017","2017108389","5","40.0366","-76.3033","0853","08","0","0","0","0","0","0","1","0","1","0","0","0","08","1","1","01","1","40 02:11.747","3","00","76 18:11.719","8","0","0","0","36301","1","0","0","N","1","0","0","2","36301","0","","1","01","N","N","0","","0","0","1","3","2","N","0852","1","2","0","0","0","1","0","3","0","1","N","","","","","","","","","","","","03","  ","","",""
"1006","1","0","0","0","0","0","0","0","0","4","0","","36","10","2017","2017108394","5","40.1253","-76.2143","1006","08","0","1","0","0","0","1","0","0","","0","0","0","10","1","1","01","0","40 07:31.012","","00","76 12:51.319","3","0","0","0","36238","0","0","0","N","0","0","0","4","36402","0","","1","01","N","N","0","","1","0","0","3","2","","1004","1","2","0","0","0","0","0","3","1","2","N","","","","","","","","","","","","03","  ","","",""
"0814","0","0","0","0","0","0","0","0","0","8","0","","36","09","2017","2017108413","4","40.0329","-76.2997","0812","08","0","0","0","0","0","0","0","0","2","0","0","0","08","1","1","02","1","40 01:58.581","2","00","76 17:59.069","3","0","0","0","36301","1","0","0","N","1","0","0","2","36301","0","","1","01","N","Y","0","","1","0","0","0","0","Y","0812","1","2","0","0","0","0","0","3","1","1","N","","","","","","","","","","","","03","  ","","",""
"1606","1","0","0","0","0","0","0","0","0","1","0","","36","10","2017","2017108465","5","40.0495","-76.348","1555","08","0","0","0","0","0","0","0","0","1","0","0","0","15","1","1","02","2","40 02:58.364","4","00","76 20:52.708","3","0","0","0","36214","0","0","0","N","0","0","0","4","36214","0","","1","01","N","N","0","","1","0","1","0","0","N","1550","1","3","0","0","0","0","0","3","1","3","N","","","","","","","","","","","","03","  ","","",""
"1927","1","0","0","0","0","0","0","0","0","7","0","","36","10","2017","2017108523","6","40.0106","-76.3748","1920","08","0","0","0","0","0","0","0","0","1","0","0","0","19","2","0","00","1","40 00:38.130","1","00","76 22:29.450","0","0","0","0","36223","0","0","0","N","0","0","0","2","36223","0","","5","09","N","N","0","","0","0","0","0","0","N","1919","0","1","0","0","0","0","0","1","0","1","N","","","","","","","","","","","","07","  ","","",""
"2242","2","0","0","0","0","0","0","0","0","5","0","","36","10","2017","2017108586","1","40.0273","-76.4906","2242","08","0","0","0","0","0","1","0","0","1","0","0","0","22","3","0","00","1","40 01:38.300","4","00","76 29:26.000","0","0","0","0","36404","0","0","0","N","0","0","0","1","36404","0","","6","01","N","N","0","","0","0","0","0","0","N","2242","0","2","0","0","0","0","0","3","0","2","N","","","","","","","","","","","","03","  ","","",""
"0537","2","0","0","0","0","0","0","0","0","5","0","","36","10","2017","2017108615","7","40.0365","-76.5077","0537","08","0","0","0","0","0","0","0","0","1","0","0","0","05","3","0","00","1","40 02:11.450","2","00","76 30:27.730","0","0","0","0","36404","0","0","0","N","0","0","0","1","36404","0","","1","01","N","N","0","","0","0","0","0","0","N","0537","0","2","0","0","0","0","0","3","0","2","N","","","","","","","","","","","","03","  ","","",""
"1455","2","0","0","0","0","0","0","0","0","1","0","","36","10","2017","2017108619","5","40.0853","-76.3537","1447","08","0","0","0","0","0","0","1","0","","0","0","0","14","1","1","00","0","40 05:07.193","","00","76 21:13.466","3","0","0","0","36214","0","0","0","N","0","0","0","3","36214","0","","1","01","N","N","0","","1","0","0","0","0","","1445","1","2","0","0","0","0","0","3","0","2","N","","","","","","","","","","","","03","  ","","",""
"0150","2","0","0","0","0","0","0","0","0","4","0","","36","10","2017","2017108620","1","39.9999","-76.2403","0150","08","0","0","0","0","0","0","0","0","","0","0","0","01","2","0","00","0","39 59:59.700","","00","76 14:25.000","0","0","0","0","36240","0","0","0","N","0","0","0","1","36240","0","","4","01","N","N","0","","0","0","0","0","0","","0150","0","2","0","0","0","0","0","1","0","2","N","","","","","","","","","","","","03","  ","","",""
"0743","0","0","0","0","0","0","0","0","0","4","0","","36","10","2017","2017108681","4","40.0616","-76.2424","0738","08","0","0","0","0","0","0","0","0","","0","0","0","07","1","1","00","0","40 03:41.660","","07","76 14:32.553","4","0","0","0","36215","0","0","0","N","0","0","0","3","36215","1","","1","01","N","N","0","","0","0","2","0","0","","0737","1","2","0","0","0","0","0","1","0","2","N","","","","","","","","","","","","03","  ","","",""
"0704","2","0","0","0","0","0","0","0","0","4","0","","36","10","2017","2017108703","6","40.0461","-76.3052","0658","08","0","0","0","0","0","1","0","0","2","0","0","0","06","5","0","01","2","40 02:45.872","2","00","76 18:18.623","0","0","0","0","36301","0","0","0","N","0","0","0","2","36301","0","","1","01","N","N","0","","0","0","0","3","2","N","0654","0","2","0","0","0","0","0","3","0","2","N","","","","","","","","","","","","03","  ","","",""
"0839","2","0","0","0","0","0","0","0","0","1","0","","36","10","2017","2017108709","2","40.1634","-76.1515","0834","08","0","1","0","0","0","0","1","0","2","0","0","0","08","1","0","00","1","40 09:48.417","4","01","76 09:05.535","0","0","0","0","36218","0","0","0","N","0","0","0","5","36408","0","","1","01","N","N","1","","0","0","0","0","0","N","0830","0","3","0","0","0","0","0","1","0","3","N","","","","","","","","","","","","03","  ","","",""
"0923","2","0","0","0","0","0","0","0","0","1","0","","36","10","2017","2017108711","5","40.026","-76.2663","0918","08","0","0","0","1","0","0","0","0","","0","0","0","09","1","2","02","0","40 01:33.684","","00","76 15:58.723","8","0","0","0","36240","0","0","0","N","0","0","0","3","36240","0","","1","01","N","N","0","","0","0","0","0","0","","0918","2","2","0","0","0","2","0","1","0","2","N","","","","","","","","","","","","03","  ","","",""
"0844","2","0","0","0","0","0","0","0","0","4","0","","36","10","2017","2017108718","5","40.1293","-76.2191","0835","08","0","0","0","0","0","0","0","1","1","0","0","0","08","1","1","01","1","40 07:51.556","2","00","76 13:01.609","4","0","0","0","36238","0","0","0","N","0","0","0","2","36238","1","","1","01","N","N","0","","0","0","0","3","2","N","0823","1","2","0","0","0","0","0","3","0","2","N","","","","","","","","","","","","03","  ","","",""
"1611","2","0","2","0","0","0","0","0","0","4","0","","36","10","2017","2017108742","5","39.9895","-76.2679","1605","08","0","0","0","0","0","0","0","1","3","0","0","0","16","1","2","00","2","39 59:22.282","5","07","76 16:04.353","2","0","0","0","36240","0","0","0","N","0","0","0","2","36240","0","","1","01","N","N","0","","0","2","0","0","0","Y","1605","2","2","0","0","0","0","0","1","0","2","N","","","","","","","","","","","","03","  ","","",""
"0835","0","0","0","0","0","0","0","0","0","8","0","","36","10","2017","2017108744","6","40.0395","-76.306","0828","08","0","0","0","0","0","0","1","0","1","0","0","0","08","1","1","01","1","40 02:22.325","4","00","76 18:21.503","3","0","0","0","36301","1","0","0","N","1","0","0","2","36301","0","","1","01","N","N","0","","1","0","1","3","2","N","0828","1","2","0","0","0","0","0","3","0","1","N","","","","","","","","","","","","03","  ","","",""
"0945","1","0","0","0","0","0","0","0","0","7","0","","36","10","2017","2017108768","5","40.0657","-76.3483","0941","08","0","0","0","0","0","0","0","0","1","0","0","0","09","1","1","02","1","40 03:56.435","4","00","76 20:53.872","8","0","0","0","36214","0","0","0","Y","0","0","0","1","36214","0","","5","01","N","N","0","","0","0","0","3","2","N","0940","1","1","0","0","0","1","0","3","0","1","N","","","","","","","","","","","","03","  ","","",""
"1906","2","0","0","0","0","0","0","0","0","1","0","","36","10","2017","2017108879","5","40.0755","-76.33","1902","08","0","2","0","0","0","0","0","0","1","0","0","0","19","3","1","02","1","40 04:31.641","4","00","76 19:48.075","4","0","0","0","36101","0","0","0","N","0","0","0","2","36101","1","","1","01","N","N","0","","0","0","0","3","3","N","1900","1","2","0","0","0","0","0","3","0","2","N","","","","","","","","","","","","03","  ","","",""
"1521","2","0","0","0","0","0","0","0","0","4","0","","36","10","2017","2017108880","4","40.0169","-76.4546","1511","08","0","0","0","0","0","0","0","1","2","0","0","0","15","1","2","02","1","40 01:00.892","4","00","76 27:16.380","4","0","0","0","36223","0","0","0","N","0","0","0","3","36223","2","","1","01","N","N","0","","0","0","0","3","3","N","1505","2","2","0","0","0","0","0","1","0","2","N","","","","","","","","","","","","03","  ","","",""
"1746","0","0","0","0","0","0","0","0","0","4","0","","36","10","2017","2017108949","5","40.1762","-76.1864","1744","08","0","0","0","0","0","0","0","0","1","0","0","0","17","1","1","00","1","40 10:34.268","2","07","76 11:11.195","4","0","0","0","36408","0","0","0","N","0","0","0","2","36408","1","","1","01","N","N","0","","0","0","1","0","0","N","1744","1","2","0","0","0","0","0","2","1","2","N","","","","","","","","","","","","03","  ","","",""
"2033","1","0","0","0","0","0","0","0","0","7","0","","36","10","2017","2017108965","6","40.2098","-76.1076","2028","08","0","0","0","0","0","0","0","0","","0","0","0","20","2","0","00","0","40 12:35.391","","00","76 06:27.311","0","0","0","0","36210","0","0","0","Y","0","0","0","1","36210","0","","5","01","N","N","0","","0","0","0","0","0","","2025","0","1","0","0","0","0","0","1","0","1","N","","","","","","","","","","","","03","  ","","",""
"2232","1","0","0","0","0","0","0","0","0","4","0","","36","10","2017","2017108988","7","39.9679","-76.3224","2226","08","0","0","0","0","0","0","0","0","2","0","0","0","22","2","0","01","1","39 58:04.314","7","00","76 19:20.496","0","0","0","0","36228","0","0","0","N","0","0","0","4","36503","0","","1","01","N","N","0","","0","0","1","3","3","N","2225","0","2","0","0","1","0","0","1","0","2","N","","","","","","","","","","","","03","  ","","",""
"1943","2","0","0","0","0","0","0","0","0","4","0","","36","09","2017","2017108995","5","40.0501","-76.3059","1940","08","0","0","0","1","0","0","0","0","2","0","0","0","19","4","0","01","1","40 03:00.332","2","00","76 18:21.350","0","0","0","0","36301","0","0","0","N","0","0","0","6","36301","0","","1","01","N","N","0","","0","0","0","3","2","N","1939","0","2","0","0","0","0","0","3","0","2","N","","","","","","","","","","","","03","  ","","",""
"0946","0","0","0","0","0","0","0","0","0","1","0","","36","10","2017","2017109039","3","40.0426","-76.3275","0944","08","0","0","0","0","0","3","0","0","","0","0","0","09","1","1","00","0","40 02:33.457","","00","76 19:39.055","4","0","0","0","36220","0","0","0","","0","0","0","3","36101","1","","1","01","N","N","1","","0","0","2","0","0","","0943","1","3","0","0","0","0","0","3","0","3","N","","","","","","","","","","","","03","  ","","",""
"1505","1","0","0","0","0","0","0","0","0","1","0","","36","10","2017","2017109040","2","40.0789","-76.3089","1502","08","0","0","0","0","0","1","0","0","1","0","0","0","15","1","1","00","1","40 04:44.010","2","00","76 18:31.886","4","0","0","0","36101","0","0","0","","0","0","0","3","36101","1","","1","01","N","N","0","","0","0","2","0","0","N","1500","1","3","0","0","0","0","0","3","0","3","N","","","","","","","","","","","","03","  ","","",""
"0946","2","0","0","0","0","0","0","0","0","1","0","","36","10","2017","2017109041","3","40.1156","-76.3394","0940","08","0","0","0","0","0","0","1","1","2","0","0","0","09","1","0","00","2","40 06:56.144","1","00","76 20:21.953","0","0","0","0","36101","0","0","0","","0","0","0","3","36101","0","","1","01","N","N","0","","0","0","0","0","0","N","0937","0","2","0","0","0","0","0","3","0","2","N","","","","","","","","","","","","03","  ","","",""
"2043","2","0","0","0","0","0","0","0","0","4","0","","36","10","2017","2017109042","5","40.0579","-76.2808","2040","08","0","0","0","0","0","0","1","0","","0","0","0","20","3","0","01","0","40 03:28.292","","00","76 16:50.947","0","0","0","0","36101","0","0","0","","0","0","0","2","36101","0","","1","01","N","N","0","","0","0","0","3","2","","2035","0","2","0","0","0","0","0","3","0","2","N","","","","","","","","","","","","03","  ","","",""
"1900","2","0","0","0","0","0","0","0","0","4","0","","36","10","2017","2017109190","4","40.0606","-76.3063","1859","08","1","0","0","0","0","1","0","0","1","0","0","0","18","3","4","01","1","40 03:38.223","1","00","76 18:22.519","4","0","0","0","36101","0","0","0","N","0","0","0","5","36101","4","","1","01","N","N","0","","0","0","0","3","2","N","1857","4","2","0","0","0","0","0","3","0","2","N","","","","","","","","","","","","03","  ","","",""
"1935","0","0","0","0","0","0","0","0","0","0","0","","36","10","2017","2017109191","3","40.0709","-76.308","1931","08","0","0","0","0","0","1","0","0","2","0","0","0","19","3","1","00","2","40 04:15.163","1","00","76 18:28.748","3","0","0","1","36101","0","0","0","N","0","0","0","2","36101","0","","1","01","N","N","0","","1","0","1","0","0","N","1929","1","2","0","0","0","0","0","3","0","2","N","","","","","","","","","","","","03","  ","","",""
"2113","1","0","0","0","0","0","0","0","0","4","0","","36","10","2017","2017109227","7","40.0532","-76.3619","2111","08","0","0","0","0","0","0","0","0","2","0","0","0","21","3","1","00","2","40 03:11.555","6","00","76 21:42.721","3","0","0","0","36214","0","0","0","N","0","0","0","1","36214","0","","2","01","N","N","0","","1","0","1","0","0","N","2108","1","2","0","0","0","0","0","3","0","2","N","","","","","","","","","","","","03","  ","","",""
"1407","3","0","0","0","0","0","0","0","0","1","0","","36","10","2017","2017109331","6","40.1545","-76.1291","1357","08","0","0","0","1","0","0","0","1","2","0","0","0","13","1","1","00","2","40 09:16.211","3","00","76 07:44.935","3","0","0","0","36218","0","0","0","N","0","0","0","4","36415","0","","1","01","N","N","0","","1","0","0","0","0","Y","1357","1","3","0","0","0","0","0","1","0","3","N","","","","","","","","","","","","03","  ","","",""
"0852","2","0","0","0","0","0","0","0","0","5","0","","36","10","2017","2017109347","7","40.1696","-76.5947","0844","08","0","0","0","0","0","1","0","0","","0","0","0","03","3","0","00","0","40 10:10.500","","00","76 35:40.830","0","0","0","0","36225","0","0","0","N","0","0","0","1","36505","0","","1","01","N","N","0","","0","0","0","0","0","","0330","0","2","0","0","0","0","0","2","0","2","N","","","","","","","","","","","","03","  ","","",""
"1201","1","0","0","0","0","0","0","0","0","4","0","","36","10","2017","2017109363","1","40.125","-76.2236","1153","08","0","0","1","0","0","0","0","1","1","0","0","0","11","1","1","00","1","40 07:29.869","4","07","76 13:25.000","4","0","0","0","36238","0","0","0","N","0","0","0","6","36238","1","","1","01","N","N","0","","0","0","1","0","0","N","1150","1","2","0","0","0","0","0","3","0","2","N","","","","","","","","","","","","03","  ","","",""
"1412","1","0","0","0","0","0","0","0","0","4","0","","36","10","2017","2017109375","7","40.1427","-76.6537","1404","08","0","0","0","0","0","2","0","0","","0","0","0","14","1","0","01","0","40 08:33.672","","00","76 39:13.209","0","0","0","0","36237","0","0","0","N","0","0","0","3","36505","0","","1","01","N","N","0","","0","0","1","3","3","","1402","0","2","0","0","0","0","0","1","0","2","N","","","","","","","","","","","","03","  ","","",""
"1409","1","0","0","0","0","0","0","0","0","7","0","","36","10","2017","2017109381","1","40.1592","-76.6253","1402","08","0","1","0","0","0","0","0","0","","0","0","0","14","1","0","02","0","40 09:33.051","","00","76 37:31.163","0","0","0","0","36237","0","0","0","Y","0","0","0","1","36505","0","","2","01","N","N","0","","0","0","0","0","0","","1400","0","1","0","0","0","0","0","1","0","1","N","","","","","","","","","","","","03","  ","","",""
"1649","2","0","0","0","0","0","0","0","0","4","0","","36","10","2017","2017109393","1","40.0394","-76.2933","1649","08","0","0","0","0","0","0","0","1","1","0","0","0","16","1","1","01","1","40 02:21.963","3","00","76 17:35.707","4","0","0","0","36301","0","0","0","N","0","0","0","4","36301","1","","1","01","N","N","0","","0","0","0","3","3","N","1649","1","2","0","0","0","0","0","3","0","2","N","","","","","","","","","","","","03","  ","","",""
"0925","0","0","0","0","0","0","0","0","0","7","0","","36","10","2017","2017109453","4","40.0925","-76.2624","0918","08","0","0","0","0","0","0","0","0","","0","0","0","09","1","0","00","0","40 05:32.877","","00","76 15:44.761","0","0","0","0","36101","0","0","0","N","0","0","0","2","36101","0","","2","01","N","N","0","","0","0","1","0","0","","0916","0","1","0","0","0","0","0","3","0","1","N","","","","","","","","","","","","03","  ","","",""
"1439","2","0","0","0","0","0","0","0","0","1","0","","36","10","2017","2017109454","6","40.0756","-76.3368","1438","08","0","0","0","0","0","1","0","0","2","0","0","0","14","1","1","02","2","40 04:32.019","1","00","76 20:12.587","4","0","0","0","36101","0","0","0","","0","0","0","4","36101","1","","1","01","N","N","2","","0","0","0","3","2","N","1436","1","4","0","0","0","0","0","3","0","4","N","","","","","","","","","","","","03","  ","","",""
"2150","3","0","0","0","0","0","0","0","0","1","0","","36","10","2017","2017109495","7","40.039","-76.5105","2146","08","0","0","0","0","0","2","0","0","2","0","0","0","21","3","1","01","1","40 02:20.317","2","02","76 30:37.949","4","0","0","0","36404","0","0","0","N","0","0","0","5","36404","1","","1","01","N","N","0","","0","0","1","3","2","N","2146","1","4","0","0","0","0","0","3","0","4","N","","","","","","","","","","","","03","  ","","",""
"2215","1","0","0","0","0","0","0","0","0","7","0","","36","10","2017","2017109516","1","40.1699","-76.1921","2215","08","0","0","0","0","0","1","0","0","","0","0","0","22","2","0","02","0","40 10:11.607","","00","76 11:31.725","0","0","0","0","36218","0","0","0","N","0","0","0","1","36408","0","","2","01","N","N","0","","0","0","0","0","0","","2210","0","1","0","0","0","0","0","1","0","1","N","","","","","","","","","","","","03","  ","","",""
"0523","1","0","0","0","0","0","0","0","0","9","0","","36","10","2017","2017109538","1","40.1818","-76.1323","0519","08","0","0","0","0","0","0","0","0","","0","0","0","05","2","0","00","0","40 10:54.353","","00","76 07:56.183","9","0","0","0","36218","0","0","0","N","0","0","0","1","36408","0","","5","01","N","N","0","","0","0","0","0","0","","0515","0","1","0","0","0","0","1","1","0","1","N","","","","","","","","","","","","03","  ","","",""
"0633","1","0","0","0","0","0","0","0","0","1","0","","36","10","2017","2017109564","3","39.9506","-76.0541","0618","08","0","0","0","0","0","0","0","0","2","0","0","0","05","2","0","00","1","39 57:02.210","3","00","76 03:14.580","0","0","0","0","36231","0","0","0","N","0","0","0","2","68J01","0","","1","01","N","N","0","","0","0","1","0","0","N","0554","0","2","0","0","0","0","0","1","0","2","N","","","","","","","","","","","","03","  ","","",""
"0749","1","0","0","0","0","0","0","0","0","1","0","","36","10","2017","2017109569","4","39.8345","-76.0574","0716","08","0","0","0","0","0","0","0","0","2","0","0","0","06","1","0","00","2","39 50:04.026","1","00","76 03:26.639","0","0","0","0","36205","0","0","0","N","0","0","0","2","68J01","0","","1","01","N","N","0","","0","0","0","0","0","N","0659","0","2","0","0","0","0","0","1","0","2","N","","","","","","","","","","","","03","  ","","",""
"1441","2","0","0","0","0","0","0","0","0","5","0","","36","10","2017","2017109603","3","40.0701","-76.3143","1433","08","0","0","1","0","0","0","0","0","2","0","0","0","14","1","1","00","2","40 04:12.182","4","00","76 18:51.522","3","0","0","0","36101","0","0","0","N","0","0","0","2","36101","0","","1","01","N","N","0","","1","0","0","0","0","N","1426","1","2","0","0","0","0","0","3","0","2","N","","","","","","","","","","","","03","  ","","",""
"1457","1","0","0","0","0","0","0","0","0","4","0","","36","10","2017","2017109604","6","40.0695","-76.3311","1432","08","0","0","0","0","0","1","1","0","","0","0","0","14","1","0","01","0","40 04:10.252","","00","76 19:52.061","0","0","0","0","36101","0","0","0","","0","0","0","2","36101","0","","1","01","N","N","0","","0","0","1","3","2","","1405","0","2","0","0","0","0","0","3","0","2","N","","","","","","","","","","","","03","  ","","",""
"0928","2","0","0","0","0","0","0","0","0","4","0","","36","10","2017","2017109605","7","40.07","-76.3005","0916","08","0","0","0","0","0","0","1","1","","0","0","0","09","1","0","00","0","40 04:12.000","","07","76 18:01.820","0","0","0","0","36101","0","0","0","N","0","0","0","2","36101","0","","1","01","N","N","0","","0","0","0","0","0","","0914","0","2","0","0","1","0","0","3","0","2","N","","","","","","","","","","","","03","  ","","",""
"0723","1","0","0","0","0","0","0","0","0","7","0","","36","10","2017","2017109620","5","40.1627","-76.5808","0715","08","0","0","0","0","0","0","0","0","","0","0","0","07","1","1","00","0","40 09:45.843","","00","76 34:50.842","8","0","0","0","36225","0","0","0","N","0","0","0","1","36505","0","","4","01","N","N","0","","0","0","0","0","0","","0710","1","1","0","0","0","1","0","2","0","1","N","","","","","","","","","","","","03","  ","","",""
"0447","1","0","0","0","0","0","0","0","0","7","0","","36","10","2017","2017109639","6","40.0379","-76.4642","0444","08","0","0","0","0","0","1","0","0","1","0","0","0","04","2","0","00","2","40 02:16.399","3","00","76 27:51.154","0","0","0","0","36239","0","0","0","Y","0","0","0","1","36239","0","","2","01","N","N","0","","0","0","0","0","0","N","0444","0","1","0","0","0","0","0","3","0","1","N","","","","","","","","","","","","03","  ","","",""
"0735","2","0","0","0","0","0","0","0","0","4","0","","36","10","2017","2017109646","2","40.1774","-76.6013","0720","08","0","0","0","0","0","1","0","0","","0","0","0","07","1","0","01","0","40 10:43.697","","02","76 36:02.430","0","0","0","0","36225","0","0","0","N","0","0","0","2","36505","0","","1","09","N","N","0","","0","0","0","3","2","","0720","0","2","0","0","0","0","0","2","0","2","N","","","","","","","","","","","","07","05","","",""
"1822","2","0","0","0","0","0","0","0","0","4","0","","36","10","2017","2017109681","6","40.1434","-76.2756","1810","08","0","0","0","0","0","2","0","0","","0","0","0","18","1","0","02","0","40 08:36.366","","00","76 16:32.181","0","0","0","0","36235","0","0","0","N","0","0","0","2","36506","0","","1","01","N","N","0","","0","0","0","3","3","","1810","0","2","0","0","0","0","0","1","0","2","N","","","","","","","","","","","","03","  ","","",""
"2228","0","0","0","0","0","0","0","0","0","7","0","","36","10","2017","2017109725","2","40.0614","-76.5081","2221","08","0","0","0","0","0","0","0","0","2","0","0","0","22","6","1","02","2","40 03:41.091","6","00","76 30:29.052","3","0","0","0","36239","0","0","0","N","0","0","0","1","36239","0","","5","01","N","N","0","","1","0","1","0","0","Y","2221","1","1","0","0","0","0","0","3","0","1","N","","","","","","","","","","","","03","  ","","",""
"1000","0","0","0","0","0","0","0","0","0","7","0","","36","10","2017","2017110000","6","40.1515","-76.2498","0954","08","0","0","0","0","0","1","0","0","4","0","0","0","09","1","1","00","2","40 09:05.394","6","00","76 14:59.302","4","0","0","0","36235","0","0","0","","0","0","0","1","36506","1","","4","09","N","N","0","","0","0","1","0","0","Y","0954","1","1","0","0","0","0","0","1","0","1","N","","","","","","","","","","","","07","  ","","",""