"ARRIVAL_TM","AUTOMOBILE_COUNT","BELTED_DEATH_COUNT","BELTED_SUSP_SERIOUS_INJ_COUNT","BICYCLE_COUNT","BICYCLE_DEATH_COUNT","BICYCLE_SUSP_SERIOUS_INJ_COUNT","BUS_COUNT","CHLDPAS_DEATH_COUNT","CHLDPAS_SUSP_SERIOUS_INJ_COUNT","COLLISION_TYPE","COMM_VEH_COUNT","CONS_ZONE_SPD_LIM","COUNTY","CRASH_MONTH","CRASH_YEAR","CRN","DAY_OF_WEEK","DEC_LAT","DEC_LONG","DISPATCH_TM","DISTRICT","DRIVER_COUNT_16YR","DRIVER_COUNT_17YR","DRIVER_COUNT_18YR","DRIVER_COUNT_19YR","DRIVER_COUNT_20YR","DRIVER_COUNT_50_64YR","DRIVER_COUNT_65_74YR","DRIVER_COUNT_75PLUS","EST_HRS_CLOSED","FATAL_COUNT","HEAVY_TRUCK_COUNT","HORSE_BUGGY_COUNT","HOUR_OF_DAY","ILLUMINATION","INJURY_COUNT","INTERSECT_TYPE","LANE_CLOSED","LATITUDE","LN_CLOSE_DIR","LOCATION_TYPE","LONGITUDE","MAX_SEVERITY_LEVEL","MCYCLE_DEATH_COUNT","MCYCLE_SUSP_SERIOUS_INJ_COUNT","MOTORCYCLE_COUNT","MUNICIPALITY","NONMOTR_COUNT","NONMOTR_DEATH_COUNT","NONMOTR_SUSP_SERIOUS_INJ_COUNT","NTFY_HIWY_MAINT","PED_COUNT","PED_DEATH_COUNT","PED_SUSP_SERIOUS_INJ_COUNT","PERSON_COUNT","POLICE_AGCY","POSSIBLE_INJ_COUNT","RDWY_SURF_TYPE_CD","RELATION_TO_ROAD","ROAD_CONDITION","SCH_BUS_IND","SCH_ZONE_IND","SMALL_TRUCK_COUNT","SPEC_JURIS_CD","SUSP_MINOR_INJ_COUNT","SUSP_SERIOUS_INJ_COUNT","SUV_COUNT","TCD_FUNC_CD","TCD_TYPE","TFC_DETOUR_IND","TIME_OF_DAY","TOT_INJ_COUNT","TOTAL_UNITS","UNB_DEATH_COUNT","UNB_SUSP_SERIOUS_INJ_COUNT","UNBELTED_OCC_COUNT","UNK_INJ_DEG_COUNT","UNK_INJ_PER_COUNT","URBAN_RURAL","VAN_COUNT","VEHICLE_COUNT","WORK_ZONE_IND","WORK_ZONE_LOC","WORK_ZONE_TYPE","WORKERS_PRES","WZ_CLOSE_DETOUR","WZ_FLAGGER","WZ_LAW_OFFCR_IND","WZ_LN_CLOSURE","WZ_MOVING","WZ_OTHER","WZ_SHLDER_MDN","ROADWAY_CLEARED","WEATHER1","WEATHER2","WZ_WORKERS_INJ_KILLED","SECONDARY_CRASH","INTERSECTION_RELATED"
"0820","1","0","0","0","0","0","0","0","0","7","0","","36","10","2017","2017110014","5","40.2107","-76.0159","0744","08","0","0","0","0","0","0","0","0","","0","0","0","07","2","0","00","0","40 12:38.518","","00","76 00:57.284","9","0","0","0","36202","0","0","0","","0","0","0","1","68J01","0","","5","01","N","N","0","","0","0","0","0","0","","0741","0","1","0","0","0","0","1","1","0","1","N","","","","","","","","","","","","03","  ","","",""
"1732","0","0","0","0","0","0","0","0","0","4","0","","36","10","2017","2017110059","3","40.0394","-76.3627","1729","08","0","0","0","0","0","0","0","0","2","0","0","0","17","1","0","00","2","40 02:21.884","4","00","76 21:45.566","0","0","0","0","36214","0","0","0","","0","0","0","2","36214","0","","1","01","N","N","0","","0","0","1","0","0","N","1726","0","2","0","0","0","0","0","3","1","2","N","","","","","","","","","","","","03","  ","","",""
"0107","1","0","0","0","0","0","0","0","0","4","0","","36","10","2017","2017110060","1","40.073","-76.3511","0103","08","0","0","0","0","0","1","0","0","2","0","0","0","00","2","0","02","1","40 04:22.946","2","00","76 21:03.968","9","0","0","0","36214","0","0","0","","0","0","0","2","36214","0","","1","01","N","N","0","","0","0","0","3","3","N","0059","0","2","0","0","0","0","1","3","0","2","N","","","","","","","","","","","","03","  ","","",""
"1335","0","0","0","0","0","0","0","0","0","4","0","","36","10","2017","2017110230","2","40.1518","-76.6016","1330","08","0","0","0","0","0","0","1","0","2","0","0","0","13","1","0","01","2","40 09:06.364","7","00","76 36:05.659","0","0","0","0","36407","0","0","0","N","0","0","0","4","36407","0","","1","01","N","N","0","","0","0","1","3","8","Y","1330","0","2","0","0","0","0","0","2","1","2","N","","","","","","","","","","","","03","  ","","",""
"2155","0","0","0","0","0","0","0","0","0","7","0","","36","10","2017","2017110237","2","40.0905","-76.0763","2149","08","0","0","0","0","0","0","0","0","","0","0","0","21","2","0","00","0","40 05:25.920","","00","76 04:34.785","0","0","0","0","36209","0","0","0","N","0","0","0","2","36415","0","","5","09","N","N","0","","0","0","0","0","0","","2148","0","1","0","0","0","0","0","1","1","1","N","","","","","","","","","","","","07","  ","","",""
"1910","3","0","0","0","0","0","0","0","0","1","0","","36","10","2017","2017110350","6","40.1147","-76.3056","1900","08","0","0","0","1","0","0","0","0","","0","0","0","18","2","0","00","0","40 06:52.801","","00","76 18:20.257","0","0","0","0","36101","0","0","0","","0","0","0","3","36101","0","","1","09","N","N","0","","0","0","0","0","0","","1854","0","3","0","0","0","0","0","3","0","3","N","","","","","","","","","","","","07","  ","","",""
"1602","2","0","0","0","0","0","0","0","0","1","0","","36","10","2017","2017110351","7","40.0897","-76.1954","1558","08","0","0","0","0","1","1","0","0","2","0","0","0","15","1","1","00","1","40 05:23.097","3","00","76 11:43.326","4","0","0","0","36234","0","0","0","","0","0","0","3","36215","1","","1","01","N","N","1","","0","0","0","0","0","N","1556","1","3","0","0","0","0","0","1","0","3","N","","","","","","","","","","","","03","  ","","",""
"1455","2","0","0","0","0","0","0","0","0","1","0","","36","10","2017","2017110352","2","40.0179","-76.1699","1443","08","0","0","0","0","0","1","0","0","1","0","0","0","14","1","3","00","1","40 01:04.521","3","00","76 10:11.468","4","0","0","0","36215","0","0","0","","0","0","0","9","36215","3","","1","01","N","N","0","","0","0","2","0","0","N","1441","3","4","0","0","0","0","0","1","0","4","N","","","","","","","","","","","","03","  ","","",""
"1843","1","0","0","0","0","0","0","0","0","1","0","","36","10","2017","2017110353","6","40.0153","-76.1566","1836","08","0","0","0","0","0","0","0","0","","0","0","0","17","3","0","00","0","40 00:55.090","","00","76 09:23.744","0","0","0","0","36215","0","0","0","","0","0","0","2","36215","0","","1","01","N","N","0","","0","0","1","0","0","","1759","0","2","0","0","0","0","0","1","0","2","N","","","","","","","","","","","","03","  ","","",""
"2111","1","0","0","0","0","0","0","0","0","4","0","","36","10","2017","2017110354","6","40.031","-76.2354","2108","08","0","0","0","0","0","0","1","1","2","0","0","0","21","3","0","02","2","40 01:50.356","6","00","76 14:03.582","0","0","0","0","36215","0","0","0","","0","0","0","4","36215","0","","1","01","N","N","0","","0","0","1","3","2","N","2106","0","2","0","0","0","0","0","1","0","2","N","","","","","","","","","","","","03","  ","","",""
"1428","0","0","1","0","0","0","0","0","0","9","0","","36","10","2017","2017110388","2","40.2026","-76.4203","1418","08","0","0","0","0","0","0","0","0","","0","0","0","14","1","1","00","0","40 12:09.471","","00","76 25:13.256","2","0","0","0","36230","0","0","0","N","0","0","0","2","36410","0","","1","01","N","N","0","","0","1","1","0","0","","1418","1","1","0","0","0","0","0","1","0","1","N","","","","","","","","","","","","03","  ","","",""
"1440","2","0","0","0","0","0","0","0","0","4","0","","36","10","2017","2017110390","2","40.1781","-76.5418","1436","08","0","0","0","0","0","0","1","1","","0","0","0","14","1","0","02","0","40 10:41.212","","00","76 32:30.453","0","0","0","0","36225","0","0","0","N","0","0","0","2","36505","0","","1","01","N","N","0","","0","0","0","3","3","","1436","0","2","0","0","0","0","0","2","0","2","N","","","","","","","","","","","","03","  ","","",""
"0807","1","0","0","0","0","0","0","0","0","4","1","","36","10","2017","2017110452","3","40.1028","-76.421","0758","08","0","0","0","0","0","1","0","0","2","0","1","0","07","1","0","00","1","40 06:10.000","4","07","76 25:15.500","0","0","0","0","36214","0","0","0","N","0","0","0","2","36214","0","","1","09","N","N","0","","0","0","0","3","3","N","0750","0","2","0","0","0","0","0","3","0","2","N","","","","","","","","","","","","03","  ","","",""
"1454","1","0","0","0","0","0","0","0","0","7","0","","36","10","2017","2017110462","6","40.204","-76.3603","1447","08","0","0","0","0","0","0","1","0","3","0","0","0","14","1","0","00","2","40 12:14.279","6","00","76 21:36.925","0","0","0","0","36227","0","0","0","N","0","0","0","1","36506","0","","2","01","N","N","0","","0","0","0","0","0","Y","1447","0","1","0","0","0","0","0","1","0","1","N","","","","","","","","","","","","03","  ","","",""
"1709","1","0","0","0","0","0","0","0","0","4","0","","36","10","2017","2017110484","2","40.1701","-76.3929","1705","08","1","0","0","0","0","0","0","0","1","0","0","0","17","1","0","02","1","40 10:12.360","6","00","76 23:34.393","0","0","0","0","36410","0","0","0","N","0","0","0","2","36410","0","","1","01","N","N","0","","0","0","0","0","0","Y","1705","0","2","0","0","0","0","0","2","1","2","N","","","","","","","","","","","","03","  ","","",""
"0756","1","0","0","0","0","0","0","0","0","1","0","","36","10","2017","2017110488","3","40.124","-76.472","0741","08","0","1","0","0","0","0","0","0","1","0","0","0","07","1","2","02","1","40 07:26.288","6","00","76 28:19.159","8","0","0","0","36230","0","0","0","N","0","0","0","2","36410","0","","1","09","N","N","0","","0","0","1","0","0","Y","0741","2","2","0","0","0","2","0","1","0","2","N","","","","","","","","","","","","03","  ","","",""
"1215","3","0","0","0","0","0","0","0","0","7","1","","36","10","2017","2017110519","3","40.1297","-76.4986","1208","08","0","0","0","0","0","0","0","0","2","0","1","0","12","1","0","00","1","40 07:46.816","4","00","76 29:54.968","0","0","0","0","36230","0","0","0","N","0","0","0","4","36410","0","","1","01","N","N","0","","0","0","0","0","0","N","1208","0","4","0","0","0","0","0","1","0","4","N","","","","","","","","","","","","03","  ","","",""
"0759","0","0","0","0","0","0","0","0","0","1","0","","36","10","2017","2017110524","2","40.1795","-76.6004","0746","08","0","0","0","0","0","0","0","0","","0","0","0","07","1","0","07","0","40 10:46.127","","02","76 36:01.518","0","0","0","0","36225","0","0","0","N","0","0","0","2","36505","0","","1","01","N","N","0","","0","0","2","3","4","","0742","0","2","0","0","0","0","0","2","0","2","N","","","","","","","","","","","","03","  ","","",""
"1400","0","0","0","0","0","0","0","0","0","7","0","","36","10","2017","2017110528","2","40.0561","-76.0535","1349","08","0","0","0","0","0","1","0","0","2","0","0","0","13","1","1","00","2","40 03:22.122","6","00","76 03:12.688","3","0","0","0","36209","0","0","0","N","0","0","0","1","36415","0","","5","01","N","N","0","","1","0","0","0","0","Y","1349","1","1","0","0","0","0","0","1","1","1","N","","","","","","","","","","","","03","  ","","",""
"0737","1","0","0","0","0","0","0","0","0","2","0","","36","10","2017","2017110554","3","40.1398","-76.3035","0735","08","0","0","0","0","0","1","0","0","2","0","0","0","07","1","2","00","2","40 08:23.367","1","00","76 18:12.484","8","0","0","0","36235","0","0","0","","0","0","0","2","36506","0","","1","09","N","N","1","","0","0","0","0","0","N","0735","2","2","0","0","0","2","0","1","0","2","N","","","","","","","","","","","","07","  ","","",""
"0123","1","0","0","0","0","0","0","0","0","7","0","","36","10","2017","2017110613","6","39.9772","-76.4037","0112","08","1","0","0","0","0","0","0","0","1","0","0","0","01","2","0","00","2","39 58:37.870","6","00","76 24:13.154","0","0","0","0","36223","0","0","0","N","0","0","0","5","36223","0","","5","01","N","N","0","","0","0","0","0","0","N","0108","0","1","0","0","0","0","0","1","0","1","N","","","","","","","","","","","","03","  ","","",""
"1954","1","0","0","0","0","0","0","0","0","1","0","","36","10","2017","2017110614","6","40.038","-76.3461","1901","08","0","0","0","0","0","0","0","0","1","0","0","0","19","3","1","00","1","40 02:16.862","3","00","76 20:45.795","4","0","0","0","36223","0","0","0","","0","0","0","2","36223","1","","1","01","N","N","0","","0","0","1","0","0","Y","1901","1","2","0","0","0","0","0","1","0","2","N","","","","","","","","","","","","03","  ","","",""
"2113","1","0","0","0","0","0","0","0","0","4","0","","36","10","2017","2017110691","4","40.2007","-76.1718","2110","08","0","0","0","0","0","0","0","0","","0","0","0","21","3","0","01","0","40 12:02.510","","00","76 10:18.574","0","0","0","0","36218","0","0","0","N","0","0","0","3","36408","0","","1","01","N","N","0","","0","0","1","3","3","","2108","0","2","0","0","0","0","0","1","0","2","N","","","","","","","","","","","","03","  ","","",""
"2025","3","0","0","0","0","0","0","0","0","1","0","","36","10","2017","2017110715","3","40.0417","-76.3638","2019","08","0","0","0","1","1","0","0","0","2","0","0","0","20","3","0","02","1","40 02:30.029","2","00","76 21:49.816","0","0","0","0","36214","0","0","0","N","0","0","0","5","36214","0","","1","01","N","N","0","","0","0","0","3","2","N","2016","0","3","0","0","0","0","0","3","0","3","N","","","","","","","","","","","","03","  ","","",""
"0729","0","0","0","0","0","0","0","0","0","4","0","","36","10","2017","2017110722","3","40.1885","-76.2257","0726","08","0","0","0","0","0","0","0","0","","0","0","0","07","1","0","01","0","40 11:18.482","","00","76 13:32.617","0","0","0","0","36218","0","0","0","N","0","0","0","2","36408","0","","1","01","N","N","0","","0","0","2","3","3","","0724","0","2","0","0","0","0","0","1","0","2","N","","","","","","","","","","","","03","  ","","",""
"1942","1","0","0","1","0","1","0","0","0","1","0","","36","10","2017","2017110732","7","39.9835","-76.2911","1932","08","0","0","0","0","0","0","0","0","2","0","0","0","19","2","1","00","2","39 59:00.543","5","00","76 17:28.006","2","0","0","0","36228","1","0","1","N","0","0","0","2","36503","0","","9","01","N","N","0","","0","1","0","0","0","Y","1925","1","2","0","0","0","0","0","1","0","1","N","","","","","","","","","","","","03","  ","","",""
"1858","1","0","0","0","0","0","0","0","0","7","0","","36","10","2017","2017110761","5","40.0724","-76.5926","1835","08","0","0","0","0","0","0","0","0","2","0","0","0","18","1","1","00","2","40 04:20.460","6","00","76 35:33.520","2","0","0","0","36211","0","0","0","N","0","0","0","1","36504","0","","2","01","N","N","0","","0","1","0","0","0","Y","1832","1","1","0","1","1","0","0","1","0","1","N","","","","","","","","","","","","03","  ","","",""
"0436","1","0","0","0","0","0","0","0","0","7","0","","36","09","2017","2017110833","1","40.0278","-76.3262","0433","08","0","0","0","0","0","0","0","0","","0","0","0","04","3","1","10","0","40 01:39.968","","07","76 19:34.314","8","0","0","0","36220","0","0","0","","0","0","0","1","36101","0","","5","01","N","N","0","","0","0","0","0","0","","0433","1","1","0","0","0","1","0","3","0","1","N","","","","","","","","","","","","03","  ","","",""
"1400","1","0","0","0","0","0","0","0","0","4","0","","36","10","2017","2017110834","7","40.0051","-76.3372","1358","08","0","1","0","0","0","0","0","0","1","0","0","0","13","1","1","02","1","40 00:18.451","1","07","76 20:13.809","4","0","0","0","36220","0","0","0","N","0","0","0","4","36101","1","","1","01","N","N","0","","0","0","1","0","0","N","1355","1","2","0","0","0","0","0","3","0","2","N","","","","","","","","","","","","03","  ","","",""
"1504","1","0","0","0","0","0","0","0","0","1","0","","36","10","2017","2017110835","2","40.0685","-76.3029","1504","08","0","0","0","0","0","0","1","0","2","0","0","0","15","1","0","01","1","40 04:06.491","2","00","76 18:10.333","0","0","0","0","36101","0","0","0","","0","0","0","2","36101","0","","1","01","N","N","0","","0","0","1","3","2","N","1500","0","2","0","0","0","0","0","3","0","2","N","","","","","","","","","","","","03","  ","","",""
"1653","0","0","0","0","0","0","0","0","0","7","0","","36","10","2017","2017110836","2","40.0994","-76.2884","1648","08","0","0","0","0","0","0","0","0","","0","0","0","16","1","0","00","0","40 05:57.980","","00","76 17:18.360","0","0","0","0","36101","0","0","0","N","0","0","0","1","36101","0","","4","01","N","N","0","","0","0","1","0","0","","1648","0","1","0","0","0","0","0","3","0","1","N","","","","","","","","","","","","03","  ","","",""
"0614","0","0","0","0","0","0","0","0","0","1","0","","36","10","2017","2017110837","6","40.1158","-76.3057","0606","08","0","0","0","0","0","0","0","0","2","0","0","0","06","3","1","00","1","40 06:57.005","1","00","76 18:20.390","4","0","0","0","36101","0","0","0","","0","0","0","2","36101","1","","1","01","N","N","1","","0","0","1","3","2","N","0602","1","2","0","0","0","0","0","3","0","2","N","","","","","","","","","","","","03","  ","","",""
"0750","1","0","0","0","0","0","0","0","0","1","0","","36","10","2017","2017110838","7","40.0954","-76.3288","0743","08","0","0","0","0","0","1","0","0","2","0","0","0","07","1","0","00","1","40 05:43.504","2","00","76 19:43.849","0","0","0","0","36101","0","0","0","","0","0","0","2","36101","0","","1","01","N","N","1","","0","0","0","0","0","N","0741","0","2","0","0","0","0","0","3","0","2","N","","","","","","","","","","","","03","  ","","",""
"0804","1","0","0","0","0","0","0","0","0","9","0","","36","10","2017","2017110839","7","40.0807","-76.349","0758","08","0","0","0","0","0","0","0","0","","0","0","0","07","1","0","00","0","40 04:50.689","","00","76 20:56.299","0","0","0","0","36101","0","0","0","N","0","0","0","1","36101","0","","1","01","N","N","0","","0","0","0","0","0","","0755","0","1","0","0","0","0","0","3","0","1","N","","","","","","","","","","","","03","  ","","",""
"0810","1","0","0","0","0","0","0","0","0","1","0","","36","10","2017","2017110840","1","40.0687","-76.3302","0806","08","0","0","0","0","0","1","0","0","2","0","0","0","08","1","0","00","1","40 04:07.183","1","00","76 19:48.592","0","0","0","0","36101","0","0","0","","0","0","0","2","36101","0","","1","01","N","N","0","","0","0","0","3","2","N","0806","0","2","0","0","0","0","0","3","1","2","N","","","","","","","","","","","","03","  ","","",""
"1303","1","0","0","0","0","0","0","0","0","7","0","","36","10","2017","2017110841","2","40.0681","-76.2933","1254","08","0","0","0","0","1","0","0","0","","0","0","0","12","1","0","00","0","40 04:05.125","","00","76 17:35.721","0","0","0","0","36101","0","0","0","Y","0","0","0","1","36101","0","","3","01","N","N","0","","0","0","0","0","0","","1250","0","1","0","0","0","0","0","3","0","1","N","","","","","","","","","","","","03","  ","","",""
"0750","2","0","0","0","0","0","0","0","0","1","0","","36","10","2017","2017110842","4","40.1058","-76.2517","0746","08","0","0","0","0","0","0","0","0","2","0","0","0","07","1","2","00","1","40 06:20.963","2","00","76 15:06.148","4","0","0","0","36101","0","0","0","N","0","0","0","2","36101","2","","1","01","N","N","0","","0","0","0","0","0","N","0746","2","2","0","0","0","0","0","3","0","2","N","","","","","","","","","","","","03","  ","","",""
"0929","0","0","0","0","0","0","0","0","0","4","0","","36","10","2017","2017110843","4","40.06","-76.2973","0920","08","0","0","0","0","0","0","0","0","","0","0","0","09","1","0","00","0","40 03:36.110","","07","76 17:50.150","0","0","0","0","36101","0","0","0","N","0","0","0","2","36101","0","","1","01","N","N","0","","0","0","2","0","0","","0908","0","2","0","0","0","0","0","3","0","2","N","","","","","","","","","","","","03","  ","","",""
"0840","0","0","0","0","0","0","0","0","0","4","0","","36","10","2017","2017110844","5","40.07","-76.3005","0837","08","0","0","0","0","0","0","0","0","","0","0","0","08","1","1","00","0","40 04:12.020","","07","76 18:01.910","3","0","0","0","36101","0","0","0","N","0","0","0","4","36101","0","","1","01","N","N","0","","1","0","2","0","0","","0834","1","2","0","0","1","0","0","3","0","2","N","","","","","","","","","","","","03","  ","","",""
"1039","1","0","0","0","0","0","0","0","0","4","0","","36","10","2017","2017110845","5","40.0667","-76.3071","1039","08","0","0","0","0","0","1","0","0","1","0","0","0","10","1","1","00","1","40 03:59.951","1","00","76 18:25.691","4","0","0","0","36101","0","0","0","","0","0","0","2","36101","1","","1","01","N","N","0","","0","0","1","0","0","N","1039","1","2","0","0","0","0","0","3","0","2","N","","","","","","","","","","","","03","  ","","",""
"1030","1","0","0","0","0","0","0","0","0","5","0","","36","10","2017","2017110846","5","40.0685","-76.3074","1030","08","0","0","0","0","0","2","0","0","2","0","0","0","10","1","1","01","1","40 04:06.527","1","00","76 18:26.750","3","0","0","0","36101","0","0","0","","0","0","0","2","36101","0","","1","01","N","N","0","","1","0","1","2","2","N","1026","1","2","0","0","0","0","0","3","0","2","N","","","","","","","","","","","","03","  ","","",""
"1322","1","0","0","0","0","0","0","0","0","1","0","","36","10","2017","2017110847","5","40.0964","-76.305","1322","08","0","0","0","0","0","0","0","0","1","0","0","0","13","1","2","00","1","40 05:47.064","2","00","76 18:18.070","4","0","0","0","36101","0","0","0","","0","0","0","3","36101","2","","1","01","N","N","0","","0","0","1","0","0","N","1322","2","2","0","0","0","0","0","3","0","2","N","","","","","","","","","","","","03","  ","","",""
"1555","1","0","0","0","0","0","0","0","0","1","0","","36","10","2017","2017110848","5","40.063","-76.3058","1550","08","0","0","0","0","0","2","0","0","2","0","0","0","15","1","2","00","2","40 03:46.815","1","00","76 18:20.700","4","0","0","0","36101","0","0","0","","0","0","0","3","36101","2","","1","01","N","N","1","","0","0","1","0","0","N","1542","2","3","0","0","0","0","0","3","0","3","N","","","","","","","","","","","","03","  ","","",""
"2323","1","0","0","0","0","0","0","0","0","7","0","","36","10","2017","2017110849","2","40.0974","-76.2824","2319","08","0","0","1","0","0","0","0","0","2","0","0","0","23","2","3","00","1","40 05:50.720","4","00","76 16:56.730","4","0","0","0","36101","0","0","0","","0","0","0","3","36101","3","","2","09","N","N","0","","0","0","0","0","0","N","2319","3","1","0","0","0","0","0","3","0","1","N","","","","","","","","","","","","07","  ","","",""
"1700","1","0","0","0","0","0","0","0","0","6","0","","36","10","2017","2017110851","4","40.0918","-76.1592","1654","08","0","0","0","0","0","0","0","0","","0","0","0","16","1","1","00","0","40 05:30.558","","00","76 09:33.178","3","0","0","0","36234","0","0","0","N","0","0","0","2","36215","0","","1","01","N","N","0","","1","0","0","0","0","","1650","1","2","0","0","0","0","1","1","0","2","N","","","","","","","","","","","","03","  ","","",""
"1828","1","0","0","0","0","0","0","0","0","1","0","","36","10","2017","2017110852","5","40.0319","-76.2398","1825","08","0","0","0","0","0","0","0","0","","0","0","0","18","4","0","02","0","40 01:54.765","","02","76 14:23.331","0","0","0","0","36215","0","0","0","N","0","0","0","4","36215","0","","1","01","N","N","1","","0","0","0","3","2","","1823","0","2","0","0","0","0","0","1","0","2","N","","","","","","","","","","","","03","  ","","",""
"0843","1","0","0","0","0","0","0","0","0","5","0","","36","10","2017","2017110966","4","40.0261","-76.3055","0839","08","0","0","0","0","0","0","0","0","2","0","0","0","08","1","0","00","2","40 01:33.990","2","00","76 18:19.761","0","0","0","0","36301","4","0","0","N","0","0","0","5","36301","0","","6","01","N","N","0","","0","0","1","0","0","N","0829","0","2","0","0","0","0","0","3","0","2","N","","","","","","","","","","","","03","  ","","",""
"1717","2","0","0","0","0","0","0","0","0","1","0","","36","10","2017","2017110975","4","40.0369","-76.3105","1712","08","0","0","0","0","0","1","0","0","2","0","0","0","17","1","1","00","2","40 02:12.774","7","00","76 18:37.650","3","0","0","0","36301","0","0","0","N","0","0","0","6","36301","0","","1","01","N","N","0","","1","0","0","0","0","Y","1709","1","2","0","0","2","0","0","3","0","2","N","","","","","","","","","","","","03","  ","","",""
"1059","1","0","0","0","0","0","0","0","0","1","0","","36","10","2017","2017110983","7","40.1685","-76.6058","1051","08","0","0","0","0","0","1","0","0","","0","0","0","10","1","0","02","0","40 10:06.611","","00","76 36:21.046","0","0","0","0","36225","0","0","0","N","0","0","0","6","36505","0","","1","01","N","N","0","","0","0","1","3","2","","1045","0","2","0","0","0","0","0","2","0","2","N","","","","","","","","","","","","03","  ","","",""
"1731","2","0","0","0","0","0","0","0","0","4","0","","36","10","2017","2017111019","1","40.1436","-76.3048","1727","08","0","0","0","0","0","2","0","0","1","0","0","0","17","1","0","01","1","40 08:36.966","3","00","76 18:17.243","9","0","0","0","36409","0","0","0","N","0","0","0","4","36409","0","","1","01","N","N","0","","0","0","0","3","2","N","1726","0","2","0","0","0","0","4","3","0","2","N","","","","","","","","","","","","03","  ","","",""
"1935","1","0","0","0","0","0","0","0","0","7","0","","36","10","2017","2017111062","2","40.1419","-76.2239","1928","08","0","0","0","0","0","0","0","0","4","1","0","0","19","2","0","00","2","40 08:30.991","7","00","76 13:25.923","1","0","0","0","36235","0","0","0","","0","0","0","1","36506","0","2","4","01","N","N","0","0","0","0","0","0","0","Y","1928","0","1","1","0","1","0","0","1","0","1","N","","","","","","","","","","","","98","  ","","",""
"0115","0","0","0","0","0","0","0","0","0","9","0","","36","10","2017","2017111122","7","40.118","-76.4557","0113","08","0","0","0","0","0","0","0","0","","0","0","0","01","2","0","00","0","40 07:04.626","","00","76 27:20.610","0","0","0","0","36230","0","0","0","N","0","0","0","1","36410","0","","1","01","N","N","0","","0","0","1","0","0","","0111","0","1","0","0","0","0","0","1","0","1","N","","","","","","","","","","","","03","  ","","",""
"0656","2","0","0","0","0","0","0","0","0","4","0","","36","10","2017","2017111134","2","40.0606","-76.2768","0643","08","0","0","0","0","0","0","0","0","1","0","0","0","06","3","0","01","2","40 03:38.256","4","00","76 16:36.560","0","0","0","0","36101","0","0","0","","0","0","0","2","36101","0","","1","01","N","N","0","","0","0","0","3","2","Y","0640","0","2","0","0","0","0","0","3","0","2","N","","","","","","","","","","","","03","  ","","",""
"0930","1","0","0","0","0","0","0","0","0","1","0","","36","10","2017","2017111135","3","39.985","-76.1786","0923","08","0","0","0","0","1","0","1","0","1","0","0","0","09","1","0","00","1","39 59:05.977","1","00","76 10:42.966","0","0","0","0","36417","0","0","0","N","0","0","0","2","36417","0","","1","01","N","N","1","","0","0","0","0","0","N","0920","0","2","0","0","0","0","0","1","0","2","N","","","","","","","","","","","","03","  ","","",""
"1316","1","0","1","0","0","0","0","0","0","7","0","","36","10","2017","2017111282","1","40.0981","-76.5213","1310","08","0","1","0","0","0","0","0","0","2","0","0","0","13","1","1","01","2","40 05:53.113","7","00","76 31:16.648","2","0","0","0","36211","0","0","0","N","0","0","0","2","36504","0","","4","01","N","N","0","","0","1","0","3","3","Y","1310","1","1","0","0","0","0","1","1","0","1","N","","","","","","","","","","","","03","  ","","",""
"1602","1","0","0","0","0","0","0","0","0","7","0","","36","10","2017","2017111287","4","40.2467","-76.177","1555","08","1","0","0","0","0","0","0","0","1","0","0","0","15","1","1","00","1","40 14:48.148","5","00","76 10:37.335","8","0","0","0","36236","0","0","0","N","0","0","0","1","36408","0","","2","01","N","N","0","","0","0","0","0","0","N","1553","1","1","0","0","0","1","0","1","0","1","N","","","","","","","","","","","","03","  ","","",""
"1901","2","0","0","0","0","0","0","0","0","4","0","","36","10","2017","2017111291","6","39.9872","-76.2819","1901","08","0","0","0","0","0","1","0","0","2","0","0","0","19","3","1","00","1","39 59:13.896","1","00","76 16:54.695","8","0","0","0","36240","0","0","0","N","0","0","0","3","36240","0","","1","01","N","N","0","","0","0","0","0","0","N","1901","1","2","0","0","0","1","0","1","0","2","N","","","","","","","","","","","","03","  ","","",""
"1953","0","0","0","0","0","0","0","0","0","0","0","","36","10","2017","2017111292","7","40.1735","-76.2253","1950","08","0","0","1","0","0","0","0","0","","0","0","0","19","2","0","00","0","40 10:24.700","","00","76 13:31.160","0","0","0","0","36218","0","0","0","N","0","0","0","1","36408","0","","5","01","N","N","0","","0","0","1","0","0","","1947","0","1","0","0","0","0","0","1","0","1","N","","","","","","","","","","","","03","  ","","",""
"0237","1","0","0","0","0","0","0","0","0","7","0","","36","10","2017","2017111294","5","40.2111","-76.1038","0231","08","0","0","0","0","0","0","0","0","","0","0","0","02","2","0","00","0","40 12:40.004","","00","76 06:13.731","0","0","0","0","36210","0","0","0","Y","0","0","0","1","36210","0","","5","01","N","N","0","","0","0","0","0","0","","0227","0","1","0","0","0","0","0","1","0","1","N","","","","","","","","","","","","03","  ","","",""
"1945","2","0","0","0","0","0","0","0","0","1","0","","36","10","2017","2017111297","7","40.0392","-76.2951","1911","08","0","0","0","0","0","0","0","0","","0","0","0","19","3","1","01","0","40 02:20.968","","00","76 17:42.317","3","0","0","0","36301","0","0","0","N","0","0","0","2","36301","0","","1","01","N","N","0","","1","0","0","3","2","","1909","1","2","0","0","0","0","1","3","0","2","N","","","","","","","","","","","","03","  ","","",""