"ARRIVAL_TM","AUTOMOBILE_COUNT","BELTED_DEATH_COUNT","BELTED_SUSP_SERIOUS_INJ_COUNT","BICYCLE_COUNT","BICYCLE_DEATH_COUNT","BICYCLE_SUSP_SERIOUS_INJ_COUNT","BUS_COUNT","CHLDPAS_DEATH_COUNT","CHLDPAS_SUSP_SERIOUS_INJ_COUNT","COLLISION_TYPE","COMM_VEH_COUNT","CONS_ZONE_SPD_LIM","COUNTY","CRASH_MONTH","CRASH_YEAR","CRN","DAY_OF_WEEK","DEC_LAT","DEC_LONG","DISPATCH_TM","DISTRICT","DRIVER_COUNT_16YR","DRIVER_COUNT_17YR","DRIVER_COUNT_18YR","DRIVER_COUNT_19YR","DRIVER_COUNT_20YR","DRIVER_COUNT_50_64YR","DRIVER_COUNT_65_74YR","DRIVER_COUNT_75PLUS","EST_HRS_CLOSED","FATAL_COUNT","HEAVY_TRUCK_COUNT","HORSE_BUGGY_COUNT","HOUR_OF_DAY","ILLUMINATION","INJURY_COUNT","INTERSECT_TYPE","LANE_CLOSED","LATITUDE","LN_CLOSE_DIR","LOCATION_TYPE","LONGITUDE","MAX_SEVERITY_LEVEL","MCYCLE_DEATH_COUNT","MCYCLE_SUSP_SERIOUS_INJ_COUNT","MOTORCYCLE_COUNT","MUNICIPALITY","NONMOTR_COUNT","NONMOTR_DEATH_COUNT","NONMOTR_SUSP_SERIOUS_INJ_COUNT","NTFY_HIWY_MAINT","PED_COUNT","PED_DEATH_COUNT","PED_SUSP_SERIOUS_INJ_COUNT","PERSON_COUNT","POLICE_AGCY","POSSIBLE_INJ_COUNT","RDWY_SURF_TYPE_CD","RELATION_TO_ROAD","ROAD_CONDITION","SCH_BUS_IND","SCH_ZONE_IND","SMALL_TRUCK_COUNT","SPEC_JURIS_CD","SUSP_MINOR_INJ_COUNT","SUSP_SERIOUS_INJ_COUNT","SUV_COUNT","TCD_FUNC_CD","TCD_TYPE","TFC_DETOUR_IND","TIME_OF_DAY","TOT_INJ_COUNT","TOTAL_UNITS","UNB_DEATH_COUNT","UNB_SUSP_SERIOUS_INJ_COUNT","UNBELTED_OCC_COUNT","UNK_INJ_DEG_COUNT","UNK_INJ_PER_COUNT","URBAN_RURAL","VAN_COUNT","VEHICLE_COUNT","WORK_ZONE_IND","WORK_ZONE_LOC","WORK_ZONE_TYPE","WORKERS_PRES","WZ_CLOSE_DETOUR","WZ_FLAGGER","WZ_LAW_OFFCR_IND","WZ_LN_CLOSURE","WZ_MOVING","WZ_OTHER","WZ_SHLDER_MDN","ROADWAY_CLEARED","WEATHER1","WEATHER2","WZ_WORKERS_INJ_KILLED","SECONDARY_CRASH","INTERSECTION_RELATED"
"1435","1","0","0","0","0","0","0","0","0","4","0","","36","10","2017","2017111363","7","40.0431","-76.3284","1426","08","0","0","0","0","0","0","2","0","","0","0","0","14","1","1","01","0","40 02:35.307","","00","76 19:42.329","8","0","0","0","36220","0","0","0","N","0","0","0","2","36101","0","","1","01","N","N","0","","0","0","1","3","2","","1426","1","2","0","0","0","1","0","3","0","2","N","","","","","","","","","","","","03","  ","","",""
"2115","0","0","0","0","0","0","0","0","0","9","0","","36","10","2017","2017111364","3","40.0837","-76.2728","2115","08","0","0","0","0","0","0","0","0","","0","0","0","21","2","0","00","0","40 05:01.186","","00","76 16:22.188","0","0","0","0","36101","0","0","0","","0","0","0","1","36101","0","","1","01","N","N","1","","0","0","0","0","0","","2115","0","1","0","0","0","0","0","3","0","1","N","","","","","","","","","","","","03","  ","","",""
"1003","1","0","0","0","0","0","0","0","0","7","0","","36","10","2017","2017111365","1","40.0412","-76.3902","0959","08","0","0","0","0","0","0","0","0","1","0","0","0","09","1","0","01","1","40 02:28.220","1","00","76 23:24.681","0","0","0","0","36214","0","0","0","","0","0","0","1","36214","0","","4","01","N","N","0","","0","0","0","3","2","N","0955","0","1","0","0","0","0","0","3","0","1","N","","","","","","","","","","","","03","  ","","",""
"0008","1","0","0","0","0","0","0","0","0","7","0","","36","10","2017","2017111366","7","40.0606","-76.1867","0003","08","0","0","0","0","0","0","0","0","","0","0","0","00","2","0","00","0","40 03:38.180","","00","76 11:12.060","0","0","0","0","36234","0","0","0","N","0","0","0","2","36215","0","","4","09","N","N","0","","0","0","0","0","0","","0003","0","1","0","0","0","0","0","1","0","1","N","","","","","","","","","","","","03","  ","","",""
"2107","1","0","0","0","0","0","0","0","0","7","0","","36","10","2017","2017111367","3","40.0556","-76.2658","2106","08","0","1","0","0","0","0","0","0","","0","0","0","20","3","1","10","0","40 03:20.197","","00","76 15:56.805","3","0","0","0","36215","0","0","0","","0","0","0","2","36215","0","","5","01","N","N","0","","1","0","0","0","0","","2055","1","1","0","0","0","0","0","1","0","1","N","","","","","","","","","","","","03","  ","","",""
"0720","0","0","0","0","0","0","0","0","0","7","0","","36","10","2017","2017111368","1","40.0833","-76.2315","0711","08","0","0","0","0","0","0","0","0","2","0","0","0","07","1","1","00","1","40 04:59.743","4","00","76 13:53.343","4","0","0","0","36234","0","0","0","","0","0","0","1","36215","1","","5","01","N","N","0","","0","0","1","0","0","N","0710","1","1","0","0","0","0","0","1","0","1","N","","","","","","","","","","","","03","  ","","",""
"2231","2","0","0","0","0","0","0","0","0","1","0","","36","10","2017","2017111369","2","40.0224","-76.1929","2228","08","0","0","0","0","0","0","0","0","","0","0","0","22","3","0","01","0","40 01:20.631","","00","76 11:34.338","0","0","0","0","36215","0","0","0","","0","0","0","4","36215","0","","1","09","N","N","0","","0","0","0","0","0","","2226","0","2","0","0","1","0","0","1","0","2","N","","","","","","","","","","","","07","  ","","",""
"0800","2","0","0","0","0","0","0","0","0","4","0","","36","10","2017","2017111370","5","40.1499","-76.4115","0755","08","0","0","0","0","0","0","0","0","2","0","0","0","07","1","0","02","1","40 08:59.638","4","00","76 24:41.226","0","0","0","0","36230","0","0","0","N","0","0","0","2","36410","0","","1","01","N","N","0","","0","0","0","3","3","N","0753","0","2","0","0","0","0","0","1","0","2","N","","","","","","","","","","","","03","  ","","",""
"0814","1","0","0","0","0","0","0","0","0","1","0","","36","10","2017","2017111371","3","40.1287","-76.449","0806","08","0","0","0","0","0","0","0","0","2","0","0","0","08","1","0","00","2","40 07:43.410","4","00","76 26:56.483","0","0","0","0","36230","0","0","0","N","0","0","0","2","36410","0","","1","01","N","N","1","","0","0","0","0","0","N","0804","0","2","0","0","0","0","0","1","0","2","N","","","","","","","","","","","","03","  ","","",""
"1425","1","0","0","0","0","0","0","0","0","1","1","","36","10","2017","2017111372","6","40.1859","-76.4097","1423","08","0","0","0","0","0","0","0","0","2","0","1","0","14","1","0","00","2","40 11:09.125","1","00","76 24:34.978","0","0","0","0","36230","0","0","0","","0","0","0","3","36410","0","","1","01","N","N","0","","0","0","0","3","3","N","1421","0","2","0","0","0","0","0","1","0","2","N","","","","","","","","","","","","03","  ","","",""
"2225","2","0","0","0","0","0","0","0","0","1","0","","36","10","2017","2017111501","5","40.1218","-76.4634","2215","08","0","0","0","0","0","0","0","0","2","0","0","0","22","6","2","00","1","40 07:18.493","4","00","76 27:48.322","8","0","0","0","36230","0","0","0","N","0","0","0","3","36410","0","","1","01","N","N","0","","0","0","0","0","0","N","2210","2","2","0","0","0","2","0","1","0","2","N","","","","","","","","","","","","03","  ","","",""
"1135","0","0","0","0","0","0","0","0","0","9","0","","36","10","2017","2017111505","5","40.0483","-76.4083","1130","08","0","0","0","0","0","0","0","0","1","0","0","0","11","1","0","00","1","40 02:53.870","3","00","76 24:29.842","0","0","0","0","36239","0","0","0","N","0","0","0","1","36239","0","","1","01","N","N","0","","0","0","1","0","0","N","1130","0","1","0","0","0","0","0","3","0","1","N","","","","","","","","","","","","03","  ","","",""
"0814","3","0","0","0","0","0","0","0","0","1","0","","36","10","2017","2017111508","4","40.0419","-76.3092","0801","08","0","0","0","0","1","0","0","0","","0","0","0","08","1","1","00","0","40 02:30.720","","00","76 18:33.250","4","0","0","0","36301","0","0","0","N","0","0","0","3","36301","1","","1","01","N","N","0","","0","0","0","0","0","","0800","1","3","0","0","0","0","0","3","0","3","N","","","","","","","","","","","","03","  ","","",""
"0548","1","0","0","0","0","0","0","0","0","7","0","","36","10","2017","2017111613","5","39.9686","-75.9892","0540","08","0","0","0","0","0","0","0","0","","0","0","0","05","2","0","00","0","39 58:06.814","","00","75 59:21.285","9","0","0","0","36231","0","0","0","","0","0","0","1","68J01","0","","4","09","N","N","0","","0","0","0","0","0","","0532","0","1","0","0","0","0","1","1","0","1","N","","","","","","","","","","","","07","  ","","",""
"1335","1","0","0","0","0","0","0","0","0","2","1","","36","10","2017","2017111616","6","39.9904","-76.0105","1315","08","0","0","0","0","0","1","0","0","2","0","1","0","13","1","1","00","1","39 59:25.498","4","00","76 00:37.831","3","0","0","0","36232","0","0","0","","0","0","0","2","68J01","0","","1","01","N","N","0","","1","0","0","0","0","N","1312","1","2","0","0","0","0","0","1","0","2","N","","","","","","","","","","","","03","  ","","",""
"0837","0","0","0","0","0","0","0","0","0","1","0","","36","10","2017","2017111622","4","39.9923","-76.0218","0812","08","0","0","0","0","0","1","0","0","","0","0","0","08","1","0","01","0","39 59:32.151","","00","76 01:18.351","0","0","0","0","36232","0","0","0","","0","0","0","2","68J01","0","","1","01","N","N","0","","0","0","0","3","2","","0806","0","2","0","0","0","0","0","1","2","2","N","","","","","","","","","","","","03","  ","","",""
"1456","1","0","0","0","0","0","0","0","0","4","0","","36","10","2017","2017111625","5","40.2077","-76.0179","1433","08","0","0","0","0","0","1","1","0","2","0","0","0","14","1","4","02","1","40 12:27.708","1","00","76 01:04.296","3","0","0","0","36202","0","0","0","","0","0","0","4","68J01","0","","1","01","N","N","0","","4","0","1","3","3","N","1429","4","2","0","0","0","0","0","1","0","2","N","","","","","","","","","","","","03","  ","","",""
"2332","2","0","0","0","0","0","0","0","0","2","0","","36","10","2017","2017111682","5","39.989","-75.9877","2320","08","0","0","0","0","1","0","0","0","2","0","0","0","23","3","2","00","2","39 59:20.375","6","00","75 59:15.716","8","0","0","0","36232","0","0","0","N","0","0","0","2","68J01","0","","1","01","N","N","0","","0","0","0","0","0","Y","2319","2","2","0","0","0","2","0","1","0","2","N","","","","","","","","","","","","03","  ","","",""
"2025","1","0","0","0","0","0","0","0","0","0","0","","36","10","2017","2017111706","4","40.0733","-76.5667","2021","08","0","1","0","0","0","0","0","0","2","0","0","0","20","2","0","00","2","40 04:23.900","5","00","76 33:59.960","0","0","0","0","36211","0","0","0","N","0","0","0","2","36504","0","","5","01","N","N","0","","0","0","0","0","0","Y","2018","0","1","0","0","0","0","0","1","0","1","N","","","","","","","","","","","","03","  ","","",""
"1923","0","0","0","0","0","0","0","0","0","9","0","","36","10","2017","2017111719","5","40.0447","-76.4271","1918","08","0","0","0","0","0","1","0","0","1","0","0","0","19","2","0","00","1","40 02:41.080","3","00","76 25:37.642","0","0","0","0","36239","0","0","0","N","0","0","0","1","36239","0","","1","01","N","N","0","","0","0","1","0","0","N","1918","0","1","0","0","0","0","0","3","0","1","N","","","","","","","","","","","","03","  ","","",""
"2155","1","0","0","0","0","0","0","0","0","7","0","","36","10","2017","2017111725","4","40.1626","-76.0656","2152","08","0","0","0","0","0","0","0","0","2","0","0","0","21","2","0","00","2","40 09:45.380","5","00","76 03:56.010","0","0","0","0","36213","0","0","0","N","0","0","0","1","36213","0","","5","01","N","N","0","","0","0","0","0","0","N","2149","0","1","0","0","1","0","0","1","0","1","N","","","","","","","","","","","","03","  ","","",""
"1631","3","0","0","0","0","0","0","0","0","1","0","","36","10","2017","2017111748","5","39.9876","-76.2764","1627","08","0","1","0","0","0","0","0","0","3","0","0","0","16","1","1","00","2","39 59:15.329","5","00","76 16:35.150","8","0","0","0","36240","0","0","0","N","0","0","0","5","36240","0","","1","01","N","N","0","","0","0","1","0","0","Y","1626","1","4","0","0","0","1","0","1","0","4","N","","","","","","","","","","","","03","  ","","",""
"0251","0","0","0","0","0","0","0","0","0","9","0","","36","10","2017","2017111749","6","40.0384","-76.459","0251","08","0","0","0","0","0","0","0","0","","0","0","0","01","2","0","00","0","40 02:18.261","","00","76 27:32.327","0","0","0","0","36239","0","0","0","N","0","0","0","1","36239","0","","1","01","N","N","0","","0","0","1","0","0","","0150","0","1","0","0","0","0","0","3","0","1","N","","","","","","","","","","","","03","  ","","",""
"0042","0","0","0","0","0","0","0","0","0","9","0","","36","10","2017","2017111759","6","39.9901","-76.2514","0039","08","0","0","0","0","0","1","0","0","","0","0","0","00","3","0","00","0","39 59:24.312","","00","76 15:04.983","0","0","0","0","36240","0","0","0","N","0","0","0","1","36240","0","","1","01","N","N","1","","0","0","0","0","0","","0039","0","1","0","0","0","0","0","1","0","1","N","","","","","","","","","","","","03","  ","","",""
"0657","1","0","0","0","0","0","0","0","0","1","0","","36","10","2017","2017111919","6","40.1234","-76.4775","0645","08","0","0","0","0","0","1","0","0","","0","0","0","06","2","0","00","0","40 07:24.358","","00","76 28:38.836","0","0","0","0","36230","0","0","0","N","0","0","0","2","36410","0","","1","01","N","N","1","","0","0","0","3","2","","0645","0","2","0","0","0","0","0","1","0","2","N","","","","","","","","","","","","03","  ","","",""
"0925","1","0","0","0","0","0","0","0","0","7","0","","36","10","2017","2017112029","2","40.2342","-76.3152","0905","08","0","0","0","0","1","0","0","0","2","0","0","0","09","1","0","00","1","40 14:02.766","4","00","76 18:57.843","0","0","0","0","36217","0","0","0","","0","0","0","1","68T06","0","","2","09","N","N","0","","0","0","0","0","0","N","0900","0","1","0","0","0","0","0","1","0","1","N","","","","","","","","","","","","07","  ","","",""
"1859","1","0","0","0","0","0","0","0","0","9","0","","36","10","2017","2017112034","2","40.2243","-76.4071","1818","08","0","0","0","0","0","0","0","0","","0","0","0","18","4","0","00","0","40 13:27.909","","00","76 24:22.284","0","0","0","0","36227","0","0","0","","0","0","0","3","68T06","0","","1","01","N","N","0","","0","0","0","0","0","","1818","0","1","0","0","0","0","0","1","0","1","N","","","","","","","","","","","","03","  ","","",""
"0545","1","0","0","0","0","0","0","0","0","9","0","","36","10","2017","2017112041","5","40.2254","-76.3997","0525","08","0","0","0","0","0","1","0","0","","0","0","0","05","2","0","00","0","40 13:31.803","","00","76 23:56.369","0","0","0","0","36227","0","0","0","","0","0","0","1","68T06","0","","1","01","N","N","0","","0","0","0","0","0","","0525","0","1","0","0","0","0","0","1","0","1","N","","","","","","","","","","","","03","  ","","",""
"1432","1","0","0","0","0","0","0","0","0","7","0","","36","10","2017","2017112044","6","40.243","-76.1519","1427","08","0","0","0","0","1","0","0","0","1","0","0","0","14","1","0","00","1","40 14:35.014","4","00","76 09:07.497","0","0","0","0","36236","0","0","0","","0","0","0","1","68T06","0","","3","01","N","N","0","","0","0","0","0","0","N","1426","0","1","0","0","0","0","0","1","0","1","N","","","","","","","","","","","","03","  ","","",""
"1913","1","0","0","0","0","0","0","0","0","4","0","","36","10","2017","2017112084","4","40.0788","-76.3368","1913","08","0","0","0","0","0","1","0","1","1","0","0","0","19","3","0","00","1","40 04:43.570","3","07","76 20:12.390","0","0","0","0","36101","0","0","0","N","0","0","0","2","36101","0","","1","01","N","N","0","","0","0","1","0","0","N","1905","0","2","0","0","0","0","0","3","0","2","N","","","","","","","","","","","","03","  ","","",""
"1915","2","0","0","0","0","0","0","0","0","4","0","","36","10","2017","2017112094","5","40.044","-76.3242","1907","08","0","0","0","0","1","0","0","0","2","0","0","0","19","3","1","01","1","40 02:38.378","2","00","76 19:27.213","8","0","0","0","36301","0","0","0","N","0","0","0","2","36301","0","","1","01","N","N","0","","0","0","0","3","2","Y","1907","1","2","0","0","0","1","0","3","0","2","N","","","","","","","","","","","","03","  ","","",""
"0648","0","0","0","0","0","0","0","0","0","4","1","","36","10","2017","2017112132","3","40.1359","-76.2116","0645","08","0","0","0","0","0","1","0","1","3","0","1","0","06","5","0","03","2","40 08:16.042","5","00","76 12:40.498","0","0","0","0","36238","0","0","0","N","0","0","0","2","36238","0","","1","01","N","N","0","","0","0","1","3","3","Y","0644","0","2","0","0","0","0","0","3","0","2","N","","","","","","","","","","","","03","  ","","",""
"2009","0","0","0","0","0","0","0","0","0","5","0","","36","10","2017","2017112137","2","40.0561","-76.3222","2002","08","0","0","0","0","0","0","0","0","2","0","0","0","19","2","0","00","2","40 03:21.998","4","07","76 19:19.807","0","0","0","0","36301","0","0","0","N","0","0","0","2","36301","0","","1","01","N","N","0","","0","0","1","0","0","Y","1957","0","2","0","0","0","0","0","3","1","2","N","","","","","","","","","","","","03","  ","","",""
"1739","1","0","0","0","0","0","0","0","0","4","0","","36","10","2017","2017112141","5","40.1279","-76.2002","1733","08","0","0","0","0","0","1","0","0","2","0","0","0","17","1","0","02","1","40 07:40.339","6","00","76 12:00.636","0","0","0","0","36238","0","0","0","N","0","0","0","2","36238","0","","1","01","N","N","1","","0","0","0","3","4","Y","1727","0","2","0","0","0","0","0","3","0","2","N","","","","","","","","","","","","03","  ","","",""
"0326","1","0","0","0","0","0","0","0","0","9","0","","36","10","2017","2017112144","7","40.0507","-76.4575","0326","08","0","0","0","1","0","0","0","0","1","0","0","0","03","2","0","00","2","40 03:02.694","1","00","76 27:26.831","0","0","0","0","36239","0","0","0","N","0","0","0","1","36239","0","","1","01","","","0","","0","0","0","0","0","N","0326","0","1","0","0","0","0","0","3","0","1","N","","","","","","","","","","","","03","  ","","",""
"1900","1","0","0","0","0","0","0","0","0","1","0","","36","10","2017","2017112157","1","40.0685","-76.3029","1854","08","0","0","0","0","0","1","0","0","1","0","0","0","18","3","3","00","1","40 04:06.491","3","00","76 18:10.333","3","0","0","0","36101","0","0","0","","0","0","0","4","36101","2","","1","01","N","N","0","","1","0","1","3","4","N","1848","3","2","0","0","0","0","0","3","0","2","N","","","","","","","","","","","","03","  ","","",""
"1350","1","0","0","0","0","0","0","0","0","4","0","","36","10","2017","2017112199","6","40.1713","-76.1704","1345","08","0","0","0","0","0","0","0","0","3","0","0","0","13","1","0","00","2","40 10:16.693","3","07","76 10:13.323","0","0","0","0","36408","0","0","0","N","0","0","0","2","36408","0","","1","01","N","N","0","","0","0","0","0","0","Y","1340","0","2","0","0","0","0","0","2","1","2","N","","","","","","","","","","","","03","  ","","",""
"1442","0","0","0","0","0","0","0","0","0","1","0","","36","10","2017","2017112208","6","40.04","-76.3221","1439","08","0","0","0","0","1","0","0","0","","0","0","0","14","1","0","00","0","40 02:24.150","","00","76 19:19.660","0","0","0","0","36301","0","0","0","N","0","0","0","2","36301","0","","2","01","N","N","1","","0","0","1","0","0","","1400","0","2","0","0","0","0","0","3","0","2","N","","","","","","","","","","","","03","  ","","",""
"1515","1","0","0","0","0","0","0","0","0","4","0","","36","10","2017","2017112231","6","40.049","-76.346","1505","08","0","0","0","0","0","0","0","0","","0","0","0","15","1","0","02","0","40 02:56.460","","00","76 20:45.629","0","0","0","0","36214","0","0","0","N","0","0","0","3","36214","0","","4","01","N","N","1","","0","0","0","0","0","","1500","0","2","0","0","0","0","0","3","0","2","N","","","","","","","","","","","","03","  ","","",""
"1011","2","0","0","0","0","0","0","0","0","4","0","","36","10","2017","2017112260","5","40.0447","-76.3026","1011","08","0","0","0","0","0","0","0","1","","0","0","0","10","1","3","01","0","40 02:40.897","","00","76 18:09.264","4","0","0","0","36301","0","0","0","N","0","0","0","4","36301","3","","1","01","N","N","0","","0","0","0","3","2","","1010","3","2","0","0","0","0","0","3","0","2","N","","","","","","","","","","","","03","  ","","",""
"1428","0","0","0","0","0","0","0","0","0","7","0","","36","10","2017","2017112307","7","40.1057","-76.5105","1427","08","0","0","0","0","0","1","0","0","1","0","0","0","14","1","1","00","2","40 06:20.580","6","00","76 30:37.690","2","0","1","1","36413","0","0","0","N","0","0","0","1","36413","0","","5","01","N","N","0","","0","1","0","0","0","Y","1426","1","1","0","0","0","0","0","2","0","1","N","","","","","","","","","","","","03","  ","","",""
"0708","0","0","0","0","0","0","0","0","0","4","0","","36","10","2017","2017112392","3","40.0762","-76.3477","0633","08","0","0","0","0","0","0","0","0","","0","0","0","06","5","0","02","0","40 04:34.192","","00","76 20:51.752","0","0","0","0","36101","0","0","0","","0","0","0","2","36101","0","","1","09","N","N","2","","0","0","0","0","0","","0630","0","2","0","0","0","0","0","3","0","2","N","","","","","","","","","","","","07","  ","","",""
"1844","1","0","0","0","0","0","0","0","0","4","0","","36","10","2017","2017112434","7","40.0612","-76.4196","1842","08","0","1","0","0","0","1","0","0","","0","0","0","18","3","1","01","0","40 03:40.232","","00","76 25:10.472","8","0","0","0","36239","0","0","0","N","0","0","0","3","36239","0","","1","01","N","N","1","","0","0","0","1","2","","1842","1","2","0","0","0","1","0","3","0","2","N","","","","","","","","","","","","03","  ","","",""
"1938","1","0","0","0","0","0","0","0","0","4","0","","36","10","2017","2017112435","7","40.0941","-76.3777","1938","08","1","0","0","0","0","0","0","0","2","0","0","0","19","3","1","01","2","40 05:38.930","5","00","76 22:39.833","4","0","0","0","36214","0","0","0","N","0","0","0","2","36214","1","","1","01","N","N","1","","0","0","0","3","2","N","1933","1","2","0","0","1","0","0","3","0","2","N","","","","","","","","","","","","03","  ","","",""
"2153","1","0","0","0","0","0","0","0","0","9","0","","36","10","2017","2017112451","7","40.0534","-76.3737","2148","08","0","0","0","0","0","0","1","0","","0","0","0","21","2","0","00","0","40 03:12.154","","00","76 22:25.283","0","0","0","0","36214","0","0","0","N","0","0","0","2","36214","0","","1","01","N","N","0","","0","0","0","0","0","","2146","0","1","0","0","0","0","0","3","0","1","N","","","","","","","","","","","","03","  ","","",""
"2203","1","0","0","0","0","0","0","0","0","7","0","","36","10","2017","2017112457","7","40.0382","-76.4396","2201","08","0","0","0","0","0","1","0","0","1","0","0","0","21","2","1","00","2","40 02:17.402","6","00","76 26:22.513","3","0","0","0","36414","0","0","0","Y","0","0","0","1","36239","0","","2","01","N","N","0","","1","0","0","0","0","Y","2159","1","1","0","0","1","0","0","3","0","1","N","","","","","","","","","","","","03","  ","","",""
"1551","3","0","0","0","0","0","0","0","0","1","0","","36","10","2017","2017112567","7","40.1041","-76.0845","1549","08","0","0","0","0","0","1","1","0","1","0","0","0","15","1","1","02","1","40 06:14.710","4","00","76 05:04.321","3","0","0","0","36415","0","0","0","N","0","0","0","3","36415","0","","1","01","N","N","0","","1","0","0","3","2","Y","1548","1","3","0","0","0","0","0","1","0","3","N","","","","","","","","","","","","03","  ","","",""
"1416","2","0","0","0","0","0","0","0","0","2","0","","36","10","2017","2017112580","6","40.1006","-76.0971","1414","08","0","0","0","0","0","0","1","0","2","0","0","0","14","1","2","00","2","40 06:02.104","6","00","76 05:49.560","3","0","0","0","36415","0","0","0","N","0","0","0","2","36415","1","","1","01","N","N","0","","1","0","0","0","0","Y","1412","2","2","0","0","0","0","0","1","0","2","N","","","","","","","","","","","","03","  ","","",""
"1125","3","0","0","0","0","0","0","0","0","1","0","","36","10","2017","2017112587","7","40.1893","-76.1251","1120","08","0","1","0","0","0","1","0","0","","0","0","0","11","1","0","00","0","40 11:21.602","","00","76 07:30.324","0","0","0","0","36210","0","0","0","N","0","0","0","5","36210","0","","1","01","N","N","0","","0","0","0","0","0","","1119","0","3","0","0","0","0","0","1","0","3","N","","","","","","","","","","","","03","  ","","",""
"1401","0","0","0","0","0","0","0","0","0","7","0","","36","10","2017","2017112658","1","40.273","-76.0887","1355","08","0","0","0","0","0","0","0","0","1","0","0","0","13","1","1","00","1","40 16:22.670","2","00","76 05:19.441","4","0","0","0","36210","0","0","0","N","0","0","0","1","36210","1","","5","09","N","N","1","","0","0","0","0","0","N","1352","1","1","0","0","0","0","0","1","0","1","N","","","","","","","","","","","","07","  ","","",""
"1515","2","0","0","0","0","0","0","0","0","4","0","","36","10","2017","2017112664","1","40.0648","-76.4006","1509","08","0","0","0","1","0","0","1","0","","0","0","0","15","1","0","02","0","40 03:53.384","","00","76 24:02.307","0","0","0","0","36214","0","0","0","N","0","0","0","3","36214","0","","1","09","N","N","0","","0","0","0","0","0","","1509","0","2","0","0","0","0","0","3","0","2","N","","","","","","","","","","","","07","  ","","",""
"1517","1","0","0","0","0","0","0","0","0","4","0","","36","10","2017","2017112673","1","40.2653","-76.1092","1509","08","0","0","0","0","0","1","0","0","2","0","0","0","15","1","0","01","1","40 15:55.179","6","00","76 06:33.107","0","0","0","0","36236","0","0","0","N","0","0","0","2","36210","0","","1","09","N","N","1","","0","0","0","3","3","N","1508","0","2","0","0","0","0","0","1","0","2","N","","","","","","","","","","","","07","  ","","",""
"1727","2","0","0","0","0","0","0","0","0","1","0","","36","10","2017","2017112748","5","40.0059","-76.3696","1715","08","0","0","0","0","0","0","0","0","","0","0","0","17","3","0","02","0","40 00:21.229","","00","76 22:10.488","0","0","0","0","36223","0","0","0","N","0","0","0","2","36223","0","","1","01","N","N","0","","0","0","0","0","0","","1715","0","2","0","0","0","0","0","1","0","2","N","","","","","","","","","","","","03","  ","","",""
"2027","1","0","0","0","0","0","0","0","0","1","0","","36","10","2017","2017112749","3","40.0204","-76.3572","2027","08","0","0","0","0","0","1","0","0","","0","0","0","20","3","0","02","0","40 01:13.444","","00","76 21:25.971","0","0","0","0","36223","0","0","0","","0","0","0","3","36223","0","","1","01","N","N","0","","0","0","1","0","0","","2027","0","2","0","0","0","0","0","1","0","2","N","","","","","","","","","","","","03","  ","","",""
"1756","1","0","0","0","0","0","0","0","0","7","0","","36","10","2017","2017112769","1","40.0764","-76.4608","1748","08","0","0","0","0","0","0","0","0","1","0","0","0","17","4","0","00","1","40 04:35.011","1","00","76 27:38.981","0","0","0","0","36239","0","0","0","Y","0","0","0","1","36239","0","","2","09","N","N","0","","0","0","0","0","0","N","1748","0","1","0","0","0","0","0","3","0","1","N","","","","","","","","","","","","07","  ","","",""
"1526","2","0","0","0","0","0","0","0","0","1","0","","36","10","2017","2017112777","1","40.038","-76.2706","1506","08","0","0","0","0","0","1","0","0","1","0","0","0","15","1","1","00","2","40 02:16.714","4","00","76 16:14.063","4","0","0","0","36215","0","0","0","N","0","0","0","5","36215","1","","1","01","N","N","0","","0","0","0","3","2","Y","1503","1","2","0","0","0","0","0","1","0","2","N","","","","","","","","","","","","03","  ","","",""
"0158","0","0","0","0","0","0","0","0","0","7","0","","36","10","2017","2017112779","1","40.117","-76.5328","0152","08","0","0","0","0","0","0","0","0","3","0","0","0","01","3","1","00","2","40 07:01.304","6","00","76 31:58.202","2","0","0","0","36211","0","0","0","N","0","0","0","1","36504","0","","5","01","N","N","0","","0","1","1","0","0","Y","0148","1","1","0","0","0","0","0","1","0","1","N","","","","","","","","","","","","03","  ","","",""
"1937","1","0","0","1","0","0","0","0","0","4","0","","36","10","2017","2017112828","6","40.0315","-76.3056","1936","08","0","0","0","0","0","0","0","0","1","0","0","0","19","3","1","01","2","40 01:53.234","4","00","76 18:20.026","8","0","0","0","36301","1","0","0","N","0","0","0","2","36301","0","","1","01","","","0","","0","0","0","3","3","N","1934","1","2","0","0","0","1","0","3","0","1","N","","","","","","","","","","","","03","  ","","",""
"0501","2","0","0","0","0","0","0","0","0","9","0","","36","10","2017","2017112832","7","40.1624","-76.5803","0455","08","0","0","0","0","0","0","0","0","3","0","0","0","04","2","1","00","1","40 09:44.533","4","00","76 34:49.152","4","0","0","0","36225","0","0","0","N","0","0","0","2","36505","1","","1","01","N","N","0","","0","0","0","0","0","N","0455","1","2","0","0","0","0","0","2","0","2","N","","","","","","","","","","","","03","  ","","",""
"2158","2","0","0","0","0","0","0","0","0","5","0","","36","10","2017","2017112839","7","40.0349","-76.3151","2155","08","0","0","0","0","0","0","0","0","2","0","0","0","21","3","3","00","2","40 02:05.654","6","00","76 18:54.493","4","0","0","0","36301","0","0","0","N","0","0","0","3","36301","3","","6","01","N","N","0","","0","0","2","0","0","Y","2155","3","4","0","0","0","0","0","3","0","4","N","","","","","","","","","","","","03","  ","","",""