"ARRIVAL_TM","AUTOMOBILE_COUNT","BELTED_DEATH_COUNT","BELTED_SUSP_SERIOUS_INJ_COUNT","BICYCLE_COUNT","BICYCLE_DEATH_COUNT","BICYCLE_SUSP_SERIOUS_INJ_COUNT","BUS_COUNT","CHLDPAS_DEATH_COUNT","CHLDPAS_SUSP_SERIOUS_INJ_COUNT","COLLISION_TYPE","COMM_VEH_COUNT","CONS_ZONE_SPD_LIM","COUNTY","CRASH_MONTH","CRASH_YEAR","CRN","DAY_OF_WEEK","DEC_LAT","DEC_LONG","DISPATCH_TM","DISTRICT","DRIVER_COUNT_16YR","DRIVER_COUNT_17YR","DRIVER_COUNT_18YR","DRIVER_COUNT_19YR","DRIVER_COUNT_20YR","DRIVER_COUNT_50_64YR","DRIVER_COUNT_65_74YR","DRIVER_COUNT_75PLUS","EST_HRS_CLOSED","FATAL_COUNT","HEAVY_TRUCK_COUNT","HORSE_BUGGY_COUNT","HOUR_OF_DAY","ILLUMINATION","INJURY_COUNT","INTERSECT_TYPE","LANE_CLOSED","LATITUDE","LN_CLOSE_DIR","LOCATION_TYPE","LONGITUDE","MAX_SEVERITY_LEVEL","MCYCLE_DEATH_COUNT","MCYCLE_SUSP_SERIOUS_INJ_COUNT","MOTORCYCLE_COUNT","MUNICIPALITY","NONMOTR_COUNT","NONMOTR_DEATH_COUNT","NONMOTR_SUSP_SERIOUS_INJ_COUNT","NTFY_HIWY_MAINT","PED_COUNT","PED_DEATH_COUNT","PED_SUSP_SERIOUS_INJ_COUNT","PERSON_COUNT","POLICE_AGCY","POSSIBLE_INJ_COUNT","RDWY_SURF_TYPE_CD","RELATION_TO_ROAD","ROAD_CONDITION","SCH_BUS_IND","SCH_ZONE_IND","SMALL_TRUCK_COUNT","SPEC_JURIS_CD","SUSP_MINOR_INJ_COUNT","SUSP_SERIOUS_INJ_COUNT","SUV_COUNT","TCD_FUNC_CD","TCD_TYPE","TFC_DETOUR_IND","TIME_OF_DAY","TOT_INJ_COUNT","TOTAL_UNITS","UNB_DEATH_COUNT","UNB_SUSP_SERIOUS_INJ_COUNT","UNBELTED_OCC_COUNT","UNK_INJ_DEG_COUNT","UNK_INJ_PER_COUNT","URBAN_RURAL","VAN_COUNT","VEHICLE_COUNT","WORK_ZONE_IND","WORK_ZONE_LOC","WORK_ZONE_TYPE","WORKERS_PRES","WZ_CLOSE_DETOUR","WZ_FLAGGER","WZ_LAW_OFFCR_IND","WZ_LN_CLOSURE","WZ_MOVING","WZ_OTHER","WZ_SHLDER_MDN","ROADWAY_CLEARED","WEATHER1","WEATHER2","WZ_WORKERS_INJ_KILLED","SECONDARY_CRASH","INTERSECTION_RELATED"
"0029","0","0","0","0","0","0","0","0","0","7","0","","36","10","2017","2017112864","7","40.1443","-76.2082","0028","08","0","0","0","1","0","0","0","0","1","0","0","0","00","2","0","00","1","40 08:39.535","5","00","76 12:29.644","0","0","0","0","36238","0","0","0","N","0","0","0","1","36238","0","","4","01","N","N","0","","0","0","1","0","0","N","0026","0","1","0","0","0","0","0","3","0","1","N","","","","","","","","","","","","03","  ","","",""
"0644","1","0","0","0","0","0","0","0","0","1","0","","36","10","2017","2017112894","5","40.0459","-76.3072","0641","08","0","0","0","0","0","0","0","0","1","0","0","0","06","3","3","01","1","40 02:45.142","1","00","76 18:25.864","8","0","0","0","36301","0","0","0","N","0","0","0","4","36301","0","","1","09","N","N","0","","0","0","2","3","2","N","0639","3","3","0","0","0","3","0","3","0","3","N","","","","","","","","","","","","07","  ","","",""
"0650","1","0","0","0","0","0","0","0","0","4","0","","36","10","2017","2017112920","2","40.0443","-76.3069","0650","08","0","0","0","0","0","2","0","0","1","0","0","0","06","3","0","01","1","40 02:39.403","1","00","76 18:24.797","0","0","0","0","36301","0","0","0","N","0","0","0","2","36301","0","","1","09","N","N","0","","0","0","0","3","2","N","0650","0","2","0","0","0","0","0","3","1","2","N","","","","","","","","","","","","07","  ","","",""
"1621","2","0","0","0","0","0","0","0","0","1","0","","36","10","2017","2017113060","6","40.1525","-76.3148","1621","08","0","0","0","0","0","1","0","0","","0","0","0","16","1","0","00","0","40 09:08.960","","00","76 18:53.360","0","0","0","0","36409","0","0","0","N","0","0","0","1","36409","0","","6","01","N","N","0","","0","0","0","0","0","","1621","0","2","0","0","0","0","0","3","0","2","N","","","","","","","","","","","","03","  ","","",""
"1312","2","0","0","0","0","0","0","0","0","1","0","","36","10","2017","2017113061","1","40.1118","-76.5117","1306","08","0","0","0","0","0","0","0","1","","0","0","0","13","1","1","00","0","40 06:42.437","","00","76 30:42.144","3","0","0","0","36413","0","0","0","","0","0","0","2","36413","0","","1","09","N","N","0","","1","0","0","0","0","","1304","1","2","0","0","1","0","0","2","0","2","N","","","","","","","","","","","","07","  ","","",""
"1550","1","0","0","0","0","0","0","0","0","1","0","","36","10","2017","2017113269","7","40.167","-76.1996","1546","08","0","0","0","0","0","0","0","0","","0","0","0","15","1","1","00","0","40 10:01.314","","07","76 11:58.638","3","0","0","1","36408","0","0","0","N","0","0","0","2","36408","0","","1","01","N","N","0","","1","0","0","0","0","","1545","1","2","0","0","0","0","0","2","0","2","N","","","","","","","","","","","","03","  ","","",""
"1021","2","0","0","0","0","0","0","0","0","1","0","","36","10","2017","2017113291","1","40.1412","-76.3039","1017","08","0","0","0","0","0","2","0","0","1","0","0","0","10","1","0","00","1","40 08:28.185","2","00","76 18:14.010","9","0","0","0","36409","0","0","0","N","0","0","0","4","36409","0","","1","01","N","N","0","","0","0","0","0","0","N","1015","0","2","0","0","0","0","4","3","0","2","N","","","","","","","","","","","","03","  ","","",""
"2355","6","0","0","0","0","0","0","0","0","3","0","","36","10","2017","2017113300","7","40.0204","-76.3151","2351","08","0","0","0","0","0","0","0","0","2","0","0","0","23","3","2","00","2","40 01:13.260","1","00","76 18:54.280","3","0","0","0","36301","0","0","0","N","0","0","0","2","36301","1","","4","01","N","N","0","","1","0","0","0","0","N","2340","2","6","0","0","0","0","0","3","0","6","N","","","","","","","","","","","","03","  ","","",""
"2020","0","0","0","0","0","0","0","0","0","7","0","","36","10","2017","2017113325","3","40.0047","-76.2184","2024","08","0","0","0","0","0","0","0","0","2","0","0","0","20","2","0","00","1","40 00:16.821","1","00","76 13:06.313","0","0","0","0","36240","0","0","0","N","0","0","0","1","36240","0","","4","01","N","N","0","","0","0","1","0","0","N","2017","0","1","0","0","0","0","0","1","0","1","N","","","","","","","","","","","","03","  ","","",""
"2231","0","0","0","0","0","0","0","0","0","0","0","","36","09","2017","2017113338","7","39.8146","-76.1284","2225","08","0","0","0","0","0","0","0","0","2","0","0","0","22","2","1","05","2","39 48:52.524","5","00","76 07:42.246","3","0","0","1","36222","0","0","0","N","0","0","0","2","68J01","0","","1","01","N","N","1","","1","0","0","0","0","N","2220","1","2","0","0","0","0","0","1","0","2","N","","","","","","","","","","","","03","  ","","",""
"1706","2","0","1","0","0","0","0","0","0","2","0","","36","10","2017","2017113342","3","40.1111","-75.9716","1629","08","0","0","0","0","0","0","0","0","3","0","0","0","16","1","2","00","2","40 06:39.796","6","00","75 58:17.856","2","0","0","0","36203","0","0","0","N","0","0","0","2","68J01","0","","1","01","N","N","0","","1","1","0","0","0","Y","1627","2","2","0","0","0","0","0","1","0","2","N","","","","","","","","","","","","03","  ","","",""
"1950","0","0","0","0","0","0","0","0","1","4","0","","36","10","2017","2017113343","7","39.9094","-76.1856","1945","08","0","0","0","0","0","1","0","1","2","0","0","0","19","2","3","00","2","39 54:33.814","7","07","76 11:08.302","2","0","0","0","36229","0","0","0","N","0","0","0","3","68J01","0","","1","01","N","N","0","","0","3","1","0","0","Y","1943","3","2","0","3","3","0","0","1","1","2","N","","","","","","","","","","","","03","  ","","",""
"1235","2","0","0","0","0","0","0","0","0","4","0","","36","10","2017","2017113344","2","39.8923","-76.1791","1235","08","0","0","0","0","0","1","1","0","2","0","0","0","12","1","1","01","1","39 53:32.260","7","00","76 10:44.595","3","0","0","0","36212","0","0","0","","0","0","0","3","68J01","0","","1","09","N","N","0","","1","0","0","3","3","N","1233","1","2","0","0","0","0","0","1","0","2","N","","","","","","","","","","","","07","  ","","",""
"1232","1","0","0","0","0","0","0","0","0","4","1","","36","10","2017","2017113345","6","39.9785","-76.0147","1202","08","0","0","0","0","0","1","0","1","2","0","1","0","11","1","1","00","2","39 58:42.533","5","07","76 00:52.802","8","0","0","0","36231","0","0","0","","0","0","0","2","68J01","0","","1","01","N","N","0","","0","0","0","0","0","N","1157","1","2","0","0","0","1","0","1","0","2","N","","","","","","","","","","","","03","  ","","",""
"2158","1","0","0","0","0","0","0","0","0","9","0","","36","10","2017","2017113348","1","40.2238","-76.024","2131","08","0","0","0","0","0","0","0","0","2","0","0","0","21","2","0","00","1","40 13:25.830","2","00","76 01:26.470","0","0","0","0","36202","0","0","0","N","0","0","0","1","68J01","0","","1","01","N","N","0","","0","0","0","0","0","N","2125","0","1","0","0","0","0","0","1","0","1","N","","","","","","","","","","","","03","  ","","",""
"0933","0","0","0","0","0","0","0","0","0","1","0","","36","10","2017","2017113350","4","39.9208","-76.2476","0914","08","0","1","0","0","0","2","0","0","","0","0","0","09","1","0","00","0","39 55:15.046","","00","76 14:51.204","0","0","0","0","36229","0","0","0","","0","0","0","3","68J01","0","","1","01","N","N","2","","0","0","1","0","0","","0900","0","3","0","0","0","0","0","1","0","3","N","","","","","","","","","","","","03","  ","","",""
"0413","0","0","0","0","0","0","0","0","0","7","0","","36","10","2017","2017113351","5","39.9432","-76.2097","0400","08","0","0","0","0","0","0","0","0","1","0","0","0","03","2","0","00","1","39 56:35.438","2","00","76 12:34.892","0","0","0","0","36233","0","0","0","","0","0","0","1","68J01","0","","4","01","N","N","0","","0","0","1","0","0","N","0359","0","1","0","0","0","0","0","1","0","1","N","","","","","","","","","","","","03","  ","","",""
"0639","1","0","0","0","0","0","0","0","0","4","0","","36","10","2017","2017113354","6","40.2138","-76.058","0622","08","0","0","1","0","0","0","0","0","1","0","0","0","06","2","0","02","1","40 12:49.711","2","00","76 03:28.639","0","0","0","0","36202","0","0","0","","0","0","0","2","68J01","0","","1","01","N","N","0","","0","0","1","0","0","N","0612","0","2","0","0","0","0","0","1","0","2","N","","","","","","","","","","","","03","  ","","",""
"1953","0","0","0","0","0","0","0","0","0","9","0","","36","10","2017","2017113379","4","39.8486","-76.2985","1928","08","0","0","0","0","0","0","0","0","2","0","0","0","19","2","1","00","1","39 50:54.905","3","00","76 17:54.661","3","0","0","0","36224","0","0","0","","0","0","0","1","68J01","0","","1","01","N","N","1","","1","0","0","0","0","N","1925","1","1","0","0","0","0","0","1","0","1","N","","","","","","","","","","","","03","  ","","",""
"1720","2","0","0","0","0","0","0","0","0","4","0","","36","10","2017","2017113380","5","39.8732","-76.2273","1708","08","0","0","0","0","0","0","1","0","2","0","0","0","17","1","2","02","2","39 52:23.536","7","00","76 13:38.319","3","0","0","0","36212","0","0","0","N","0","0","0","2","68J01","0","","1","01","N","N","0","","2","0","0","0","0","Y","1705","2","2","0","0","0","0","0","1","0","2","N","","","","","","","","","","","","03","  ","","",""
"1535","1","0","0","0","0","0","0","0","0","7","0","","36","10","2017","2017113382","7","40.1944","-75.978","1518","08","0","0","0","0","0","0","0","0","","0","0","0","15","1","1","00","0","40 11:39.980","","00","75 58:40.820","3","0","0","0","36202","0","0","0","N","0","0","0","1","68J01","0","","4","01","N","N","0","","1","0","0","0","0","","1504","1","1","0","0","0","0","0","1","0","1","N","","","","","","","","","","","","03","  ","","",""
"1038","0","0","0","0","0","0","0","0","0","7","0","","36","10","2017","2017113383","2","40.05","-76.0268","1021","08","0","0","0","0","0","0","0","0","1","0","0","0","10","1","0","00","1","40 03:00.003","4","00","76 01:36.446","0","0","0","0","36232","0","0","0","","0","0","0","1","68J01","0","","4","09","N","N","1","","0","0","0","0","0","N","1018","0","1","0","0","0","0","0","1","0","1","N","","","","","","","","","","","","07","  ","","",""
"1526","3","0","0","0","0","0","0","0","0","1","0","","36","10","2017","2017113388","3","39.8607","-76.1525","1503","08","2","1","0","0","0","0","0","0","2","0","1","0","15","1","2","02","2","39 51:38.354","5","00","76 09:09.097","3","0","0","0","36212","0","0","0","Y","0","0","0","7","68J01","0","","1","01","N","N","0","","2","0","0","0","0","Y","1502","2","4","0","0","0","0","0","1","0","4","N","","","","","","","","","","","","03","  ","","",""
"1826","1","0","0","0","0","0","0","0","0","4","0","","36","10","2017","2017113389","4","40.0381","-76.1067","1811","08","0","0","0","0","0","0","0","0","","0","0","0","18","3","0","01","0","40 02:17.173","","00","76 06:24.166","0","0","0","0","36221","0","0","0","","0","0","0","3","68J01","0","","1","09","N","N","1","","0","0","0","3","3","","1807","0","2","0","0","0","0","0","1","0","2","N","","","","","","","","","","","","07","  ","","",""
"0526","0","0","0","0","0","0","0","0","0","7","0","","36","10","2017","2017113390","5","39.9309","-76.16","0510","08","0","0","0","0","0","1","0","0","","0","0","0","05","2","1","00","0","39 55:51.100","","00","76 09:36.000","3","0","0","0","36216","0","0","0","N","0","0","0","1","68J01","0","","5","09","N","N","0","","1","0","0","0","0","","0508","1","1","0","0","1","0","0","1","1","1","N","","","","","","","","","","","","07","  ","","",""
"2207","1","0","0","0","0","0","0","0","0","7","0","","36","10","2017","2017113394","6","40.1986","-76.2744","2153","08","0","1","0","0","0","0","0","0","","0","0","0","21","2","0","00","0","40 11:55.036","","00","76 16:27.934","0","0","0","0","36217","0","0","0","","0","0","0","1","68J01","0","","4","09","N","N","0","","0","0","0","0","0","","2150","0","1","0","0","0","0","0","1","0","1","N","","","","","","","","","","","","07","  ","","",""
"2153","0","0","0","0","0","0","0","0","0","0","0","","36","10","2017","2017113398","1","40.1202","-75.917","2118","08","0","0","0","0","0","1","0","0","","0","0","0","21","2","1","00","0","40 07:12.686","","00","75 55:01.167","2","0","1","1","36203","0","0","0","N","0","0","0","1","68J01","0","","1","01","N","N","0","","0","1","0","0","0","","2106","1","1","0","0","0","0","0","1","0","1","N","","","","","","","","","","","","03","  ","","",""
"2110","1","0","0","0","0","0","0","0","0","7","0","","36","10","2017","2017113400","2","40.0126","-76.0484","2103","08","0","0","0","0","0","0","0","0","3","0","0","0","20","2","1","00","2","40 00:45.252","5","00","76 02:54.328","3","0","0","0","36232","0","0","0","N","0","0","0","2","68J01","0","","2","01","N","N","0","","1","0","1","0","0","N","2048","1","2","0","0","0","0","0","1","0","2","N","","","","","","","","","","","","03","  ","","",""
"2110","0","0","0","0","0","0","0","0","0","7","0","","36","10","2017","2017113401","2","39.7689","-76.2029","2052","08","0","0","0","1","0","0","0","0","3","0","0","0","20","2","0","00","2","39 46:08.140","6","00","76 12:10.460","0","0","0","0","36219","0","0","0","N","0","0","0","1","68J01","0","","4","01","N","N","1","","0","0","0","0","0","Y","2050","0","1","0","0","0","0","0","1","0","1","N","","","","","","","","","","","","03","  ","","",""
"2041","0","0","0","0","0","0","0","0","0","9","0","","36","10","2017","2017113404","4","40.0328","-76.0925","2030","08","0","1","0","0","0","0","0","0","2","0","0","0","20","2","0","00","2","40 01:58.019","6","00","76 05:32.887","0","0","0","0","36221","0","0","0","","0","0","0","4","68J01","0","","1","01","N","N","1","","0","0","0","0","0","Y","2018","0","1","0","0","3","0","0","1","0","1","N","","","","","","","","","","","","03","  ","","",""
"1928","1","0","0","0","0","0","0","0","0","7","0","","36","10","2017","2017113410","6","39.9254","-76.2005","1917","08","0","0","0","1","0","0","0","0","3","0","0","0","19","2","0","00","1","39 55:31.460","4","00","76 12:01.630","0","0","0","0","36229","0","0","0","N","0","0","0","1","68J01","0","","4","01","N","N","0","","0","0","0","0","0","N","1911","0","1","0","0","0","0","0","1","0","1","N","","","","","","","","","","","","03","  ","","",""
"1442","2","0","0","0","0","0","0","0","0","4","0","","36","10","2017","2017113412","7","39.9876","-76.0188","1419","08","0","0","0","0","0","1","1","0","","0","0","0","14","1","1","01","0","39 59:15.481","","00","76 01:07.852","3","0","0","0","36232","0","0","0","N","0","0","0","4","68J01","0","","1","01","N","N","0","","1","0","0","2","3","","1408","1","2","0","0","0","0","0","1","0","2","N","","","","","","","","","","","","03","  ","","",""
"2153","1","0","0","0","0","0","0","0","0","9","0","","36","10","2017","2017113416","1","39.7807","-76.0846","2128","08","0","0","0","0","0","1","0","0","","0","0","0","21","2","1","00","0","39 46:50.697","","00","76 05:04.628","3","0","0","0","36222","0","0","0","","0","0","0","1","68J01","0","","1","01","N","N","0","","1","0","0","0","0","","2125","1","1","0","0","0","0","0","1","0","1","N","","","","","","","","","","","","03","  ","","",""
"0937","0","0","0","0","0","0","0","0","0","7","1","","36","10","2017","2017113442","7","39.9913","-76.0213","0916","08","0","0","0","0","0","0","0","0","","0","1","0","09","1","0","00","0","39 59:28.793","","00","76 01:16.503","0","0","0","0","36232","0","0","0","","0","0","0","1","68J01","0","","2","01","N","N","0","","0","0","0","0","0","","0912","0","1","0","0","0","0","0","1","0","1","N","","","","","","","","","","","","03","  ","","",""
"0918","1","0","0","0","0","0","0","0","0","1","1","","36","10","2017","2017113477","5","40.1502","-76.3069","0918","08","0","0","0","0","0","1","0","0","1","0","1","0","09","1","0","01","1","40 09:00.621","3","00","76 18:24.730","0","0","0","0","36409","0","0","0","N","0","0","0","3","36409","0","","1","01","N","N","0","","0","0","0","3","2","Y","0918","0","2","0","0","0","0","0","3","0","2","N","","","","","","","","","","","","03","  ","","",""
"1615","2","0","0","0","0","0","0","0","0","5","0","","36","10","2017","2017113486","6","40.0276","-76.3058","1606","08","0","0","0","0","0","0","0","0","1","0","0","0","16","1","0","00","1","40 01:39.257","2","00","76 18:20.757","0","0","0","0","36301","0","0","0","N","0","0","0","1","36301","0","","2","01","N","N","0","","0","0","1","0","0","N","1606","0","3","0","0","0","0","0","3","0","3","N","","","","","","","","","","","","03","  ","","",""
"1454","2","0","0","0","0","0","0","0","0","4","0","","36","10","2017","2017113511","2","40.1436","-76.3048","1452","08","0","0","0","0","0","1","0","1","","0","0","0","14","1","3","01","0","40 08:36.966","","00","76 18:17.243","8","0","0","0","36409","0","0","0","N","0","0","0","3","36409","0","","1","01","N","N","0","","0","0","0","3","2","","1450","3","2","0","0","0","3","0","3","0","2","N","","","","","","","","","","","","03","  ","","",""
"1112","1","0","0","0","0","0","0","0","0","4","0","","36","10","2017","2017113559","7","40.017","-76.1651","1102","08","0","0","0","0","0","0","1","0","","0","0","0","11","1","0","01","0","40 01:01.087","","00","76 09:54.311","0","0","0","0","36215","0","0","0","N","0","0","0","2","36215","0","","1","01","N","N","1","","0","0","0","3","2","","1100","0","2","0","0","0","0","0","1","0","2","N","","","","","","","","","","","","03","  ","","",""
"0958","2","0","0","0","0","0","0","0","0","4","0","","36","10","2017","2017113567","5","39.9957","-76.3629","0955","08","0","0","1","0","0","0","0","0","1","0","0","0","09","1","0","02","1","39 59:44.393","3","00","76 21:46.512","0","0","0","0","36412","0","0","0","N","0","0","0","2","36412","0","","1","01","N","N","0","","0","0","0","3","3","N","0953","0","2","0","0","0","0","0","3","0","2","N","","","","","","","","","","","","03","  ","","",""
"2140","2","0","0","0","0","0","0","0","0","2","0","","36","10","2017","2017113700","4","40.0385","-76.2597","2137","08","0","0","0","1","0","0","0","0","1","0","0","0","21","3","1","00","1","40 02:18.772","2","00","76 15:35.071","3","0","0","0","36215","0","0","0","N","0","0","0","3","36215","0","","1","01","N","N","0","","1","0","0","0","0","N","2135","1","2","0","0","1","0","0","1","0","2","N","","","","","","","","","","","","03","  ","","",""
"1445","1","0","0","0","0","0","0","0","0","1","1","","36","07","2017","2017113712","4","40.0609","-76.568","1436","08","0","0","0","0","0","0","0","0","","0","1","0","14","1","0","01","0","40 03:39.357","","00","76 34:04.694","0","0","0","0","36211","0","0","0","N","0","0","0","2","36504","0","","1","01","N","N","0","","0","0","0","3","2","","1433","0","2","0","0","0","0","0","1","0","2","N","","","","","","","","","","","","03","  ","","",""
"1737","1","0","0","0","0","0","0","0","0","1","0","","36","10","2017","2017113722","3","40.1678","-76.166","1733","08","0","0","0","0","0","1","0","0","1","0","0","0","17","1","0","00","1","40 10:04.148","3","00","76 09:57.443","0","0","0","0","36218","0","0","0","N","0","0","0","6","36408","0","","1","01","N","N","0","","0","0","2","3","2","N","1733","0","3","0","0","1","0","0","1","0","3","N","","","","","","","","","","","","03","  ","","",""
"0247","0","0","0","0","0","0","0","0","0","7","0","","36","10","2017","2017113784","2","40.1241","-75.968","0231","08","0","0","0","0","1","0","0","0","","0","0","0","02","2","0","00","0","40 07:26.816","","00","75 58:04.657","0","0","0","0","36203","0","0","0","","0","0","0","1","68J01","0","","4","01","N","N","0","","0","0","1","0","0","","0228","0","1","0","0","0","0","0","1","0","1","N","","","","","","","","","","","","03","  ","","",""
"1945","1","0","0","0","0","0","0","0","0","9","0","","36","10","2017","2017113788","4","40.2201","-76.0872","1923","08","0","0","0","0","0","0","1","0","","0","0","0","19","2","2","00","0","40 13:13.139","","00","76 05:15.522","8","0","0","0","36210","0","0","0","","0","0","0","2","68T06","0","","1","01","N","N","0","","0","0","0","0","0","","1923","2","1","0","0","0","2","0","1","0","1","N","","","","","","","","","","","","03","  ","","",""
"1056","0","0","0","0","0","0","0","0","0","9","0","","36","10","2017","2017113789","5","40.2269","-76.3885","1055","08","0","0","0","0","0","0","0","0","","0","0","0","10","1","0","00","0","40 13:36.611","","00","76 23:19.326","0","0","0","0","36227","0","0","0","","0","0","0","1","68T06","0","","1","01","N","N","0","","0","0","1","0","0","","1055","0","1","0","0","0","0","0","1","0","1","N","","","","","","","","","","","","03","  ","","",""
"0529","0","0","0","0","0","0","0","0","0","7","0","","36","10","2017","2017113819","1","40.2136","-76.016","0452","08","0","0","0","0","0","0","0","0","3","0","0","0","04","2","0","00","2","40 12:49.065","5","00","76 00:57.700","0","0","0","0","36202","0","0","0","","0","0","0","1","68J01","0","","4","01","N","N","1","","0","0","0","0","0","Y","0430","0","1","0","0","0","0","0","1","0","1","N","","","","","","","","","","","","03","  ","","",""
"2353","1","0","0","0","0","0","0","0","0","7","0","","36","10","2017","2017113822","2","39.9164","-76.1767","2335","08","0","0","0","1","0","0","0","0","","0","0","0","23","2","1","00","0","39 54:58.956","","00","76 10:36.024","8","0","0","0","36216","0","0","0","N","0","0","0","1","68J01","0","","4","09","N","N","0","","0","0","0","0","0","","2335","1","1","0","0","0","1","0","1","0","1","N","","","","","","","","","","","","98","  ","","",""
"0634","1","0","0","0","0","0","0","0","0","9","0","","36","10","2017","2017113823","4","39.7469","-76.139","0556","08","0","0","0","0","0","0","0","0","2","0","0","0","05","2","0","00","2","39 44:48.666","5","00","76 08:20.341","0","0","0","0","36219","0","0","0","N","0","0","0","1","68J01","0","","1","01","N","N","0","","0","0","0","0","0","N","0548","0","1","0","0","1","0","0","1","0","1","N","","","","","","","","","","","","03","  ","","",""
"0237","1","0","0","0","0","0","0","0","0","7","0","","36","10","2017","2017113842","7","40.0339","-76.4996","0237","08","0","0","0","0","0","0","0","0","1","0","0","0","02","3","0","01","2","40 02:01.965","7","00","76 29:58.569","0","0","0","0","36404","0","0","0","N","0","0","0","1","36404","0","","2","01","N","N","0","","0","0","0","2","2","Y","0237","0","1","0","0","0","0","0","3","0","1","N","","","","","","","","","","","","03","  ","","",""
"1441","2","0","0","0","0","0","0","0","0","1","0","","36","10","2017","2017113847","3","40.052","-76.3095","1434","08","0","0","0","0","0","1","0","0","","0","0","0","14","1","0","00","0","40 03:07.297","","00","76 18:34.339","0","0","0","0","36301","0","0","0","N","0","0","0","3","36301","0","","1","01","N","N","0","","0","0","0","0","0","","1429","0","2","0","0","0","0","0","3","0","2","N","","","","","","","","","","","","03","  ","","",""
"1218","1","0","0","0","0","0","0","0","0","4","0","","36","10","2017","2017113850","7","40.041","-76.2875","1217","08","0","0","0","0","0","1","0","0","1","0","0","0","12","1","1","00","1","40 02:27.700","2","07","76 17:15.100","8","0","0","0","36301","0","0","0","N","0","0","0","2","36301","0","","1","01","N","N","1","","0","0","0","0","0","N","1217","1","2","0","0","0","1","0","3","0","2","N","","","","","","","","","","","","03","  ","","",""
"1548","1","0","0","0","0","0","0","0","0","7","0","","36","10","2017","2017113907","1","40.0227","-76.3049","1541","08","0","0","0","0","0","0","0","0","2","0","0","0","15","1","0","00","2","40 01:21.810","2","00","76 18:17.665","0","0","0","0","36220","0","0","0","N","0","0","0","4","36101","0","","4","09","N","N","0","","0","0","0","3","2","Y","1527","0","1","0","0","0","0","0","3","0","1","N","","","","","","","","","","","","07","  ","","",""
"0956","2","0","0","0","0","0","0","0","0","4","0","","36","10","2017","2017113908","2","40.1063","-76.3218","0951","08","0","0","0","0","0","0","1","0","","0","0","0","09","1","0","01","0","40 06:22.525","","00","76 19:18.627","0","0","0","0","36101","0","0","0","N","0","0","0","2","36101","0","","1","01","N","N","0","","0","0","0","3","2","","0948","0","2","0","0","0","0","0","3","0","2","N","","","","","","","","","","","","03","  ","","",""
"1020","2","0","0","0","0","0","0","0","0","4","0","","36","10","2017","2017113909","7","40.0899","-76.3362","1015","08","0","0","0","0","0","0","1","0","","0","0","0","10","1","0","00","0","40 05:23.520","","00","76 20:10.240","0","0","0","0","36101","0","0","0","N","0","0","0","2","36101","0","","1","01","N","N","0","","0","0","0","0","0","","1012","0","2","0","0","0","0","0","3","0","2","N","","","","","","","","","","","","03","  ","","",""
"1254","1","0","0","0","0","0","0","0","0","7","0","","36","10","2017","2017113910","7","40.0728","-76.2867","1247","08","0","0","0","0","1","0","0","0","1","0","0","0","12","1","2","00","1","40 04:22.205","1","00","76 17:11.946","8","0","0","0","36101","0","0","0","","0","0","0","2","36101","0","","3","01","N","N","0","","0","0","0","9","9","N","1246","2","1","0","0","2","2","0","3","0","1","N","","","","","","","","","","","","03","  ","","",""
"1100","1","0","0","0","0","0","0","0","0","1","0","","36","10","2017","2017113911","1","40.0683","-76.3298","1048","08","0","1","0","0","0","0","0","0","1","0","0","0","10","1","0","07","1","40 04:05.465","1","02","76 19:47.300","0","0","0","0","36101","0","0","0","","0","0","0","2","36101","0","","1","09","N","N","0","","0","0","1","3","2","N","1045","0","2","0","0","0","0","0","3","0","2","N","","","","","","","","","","","","07","  ","","",""
"1232","1","0","0","0","0","0","0","0","0","4","0","","36","10","2017","2017113912","1","40.0767","-76.3374","1228","08","0","0","0","0","0","1","0","0","1","0","0","0","12","1","1","02","1","40 04:36.726","1","02","76 20:14.946","4","0","0","0","36101","0","0","0","N","0","0","0","2","36101","1","","1","09","N","N","0","","0","0","0","3","2","N","1220","1","2","0","0","0","0","0","3","1","2","N","","","","","","","","","","","","07","  ","","",""
"1659","1","0","0","0","0","0","0","0","0","7","0","","36","10","2017","2017113913","1","40.0936","-76.3187","1654","08","0","0","1","0","0","0","0","0","","0","0","0","16","1","0","00","0","40 05:37.120","","00","76 19:07.270","0","0","0","0","36101","0","0","0","N","0","0","0","1","36101","0","","5","09","N","N","0","","0","0","0","0","0","","1634","0","1","0","0","0","0","0","3","0","1","N","","","","","","","","","","","","07","  ","","",""
"1917","1","0","0","0","0","0","0","0","0","4","0","","36","10","2017","2017113915","2","40.0403","-76.245","1914","08","0","0","0","1","0","0","0","0","","0","0","0","19","3","0","02","0","40 02:25.231","","00","76 14:41.992","0","0","0","0","36215","0","0","0","","0","0","0","3","36215","0","","1","01","N","N","0","","0","0","1","0","0","","1913","0","2","0","0","0","0","0","1","0","2","N","","","","","","","","","","","","03","  ","","",""
"0735","2","0","0","0","0","0","0","0","0","4","0","","36","11","2017","2017113983","4","40.1642","-76.1543","0723","08","0","0","0","0","0","1","0","0","","0","0","0","07","5","0","02","0","40 09:50.605","","00","76 09:14.180","0","0","0","0","36218","0","0","0","N","0","0","0","2","36408","0","","1","09","N","N","0","","0","0","0","3","2","","0723","0","2","0","0","0","0","0","1","0","2","N","","","","","","","","","","","","03","  ","","",""