"ARRIVAL_TM","AUTOMOBILE_COUNT","BELTED_DEATH_COUNT","BELTED_SUSP_SERIOUS_INJ_COUNT","BICYCLE_COUNT","BICYCLE_DEATH_COUNT","BICYCLE_SUSP_SERIOUS_INJ_COUNT","BUS_COUNT","CHLDPAS_DEATH_COUNT","CHLDPAS_SUSP_SERIOUS_INJ_COUNT","COLLISION_TYPE","COMM_VEH_COUNT","CONS_ZONE_SPD_LIM","COUNTY","CRASH_MONTH","CRASH_YEAR","CRN","DAY_OF_WEEK","DEC_LAT","DEC_LONG","DISPATCH_TM","DISTRICT","DRIVER_COUNT_16YR","DRIVER_COUNT_17YR","DRIVER_COUNT_18YR","DRIVER_COUNT_19YR","DRIVER_COUNT_20YR","DRIVER_COUNT_50_64YR","DRIVER_COUNT_65_74YR","DRIVER_COUNT_75PLUS","EST_HRS_CLOSED","FATAL_COUNT","HEAVY_TRUCK_COUNT","HORSE_BUGGY_COUNT","HOUR_OF_DAY","ILLUMINATION","INJURY_COUNT","INTERSECT_TYPE","LANE_CLOSED","LATITUDE","LN_CLOSE_DIR","LOCATION_TYPE","LONGITUDE","MAX_SEVERITY_LEVEL","MCYCLE_DEATH_COUNT","MCYCLE_SUSP_SERIOUS_INJ_COUNT","MOTORCYCLE_COUNT","MUNICIPALITY","NONMOTR_COUNT","NONMOTR_DEATH_COUNT","NONMOTR_SUSP_SERIOUS_INJ_COUNT","NTFY_HIWY_MAINT","PED_COUNT","PED_DEATH_COUNT","PED_SUSP_SERIOUS_INJ_COUNT","PERSON_COUNT","POLICE_AGCY","POSSIBLE_INJ_COUNT","RDWY_SURF_TYPE_CD","RELATION_TO_ROAD","ROAD_CONDITION","SCH_BUS_IND","SCH_ZONE_IND","SMALL_TRUCK_COUNT","SPEC_JURIS_CD","SUSP_MINOR_INJ_COUNT","SUSP_SERIOUS_INJ_COUNT","SUV_COUNT","TCD_FUNC_CD","TCD_TYPE","TFC_DETOUR_IND","TIME_OF_DAY","TOT_INJ_COUNT","TOTAL_UNITS","UNB_DEATH_COUNT","UNB_SUSP_SERIOUS_INJ_COUNT","UNBELTED_OCC_COUNT","UNK_INJ_DEG_COUNT","UNK_INJ_PER_COUNT","URBAN_RURAL","VAN_COUNT","VEHICLE_COUNT","WORK_ZONE_IND","WORK_ZONE_LOC","WORK_ZONE_TYPE","WORKERS_PRES","WZ_CLOSE_DETOUR","WZ_FLAGGER","WZ_LAW_OFFCR_IND","WZ_LN_CLOSURE","WZ_MOVING","WZ_OTHER","WZ_SHLDER_MDN","ROADWAY_CLEARED","WEATHER1","WEATHER2","WZ_WORKERS_INJ_KILLED","SECONDARY_CRASH","INTERSECTION_RELATED"
"1930","1","0","0","0","0","0","0","0","0","4","0","","36","10","2017","2017113999","1","40.1293","-76.2191","1926","08","0","0","0","0","0","0","0","0","1","0","0","0","19","3","0","01","1","40 07:51.556","7","00","76 13:01.609","0","0","0","0","36238","0","0","0","N","0","0","0","3","36238","0","","1","09","N","N","0","","0","0","0","3","2","N","1925","0","2","0","0","0","0","0","3","1","2","N","","","","","","","","","","","","07","  ","","",""
"1322","1","0","0","0","0","0","0","0","0","4","0","","36","10","2017","2017114001","7","40.0087","-76.343","1316","08","0","1","0","0","0","1","0","0","2","0","0","0","13","1","1","01","2","40 00:31.485","1","00","76 20:34.745","3","0","0","0","36412","0","0","0","N","0","0","0","3","36412","0","","1","01","N","N","0","","1","0","0","3","2","Y","1310","1","2","0","0","0","0","0","3","1","2","N","","","","","","","","","","","","03","  ","","",""
"1335","0","0","0","0","0","0","0","0","0","4","0","","36","10","2017","2017114006","6","40.0805","-76.3833","1330","08","0","0","1","0","0","0","0","0","1","0","0","0","13","1","1","01","1","40 04:49.623","3","00","76 22:59.948","8","0","0","0","36214","0","0","0","N","0","0","0","2","36214","0","","1","01","N","N","1","","0","0","1","3","2","N","1330","1","2","0","0","0","1","0","3","0","2","N","","","","","","","","","","","","03","  ","","",""
"0700","2","0","0","0","0","0","0","0","0","1","0","","36","11","2017","2017114020","4","40.171","-76.1969","0655","08","0","0","0","0","0","0","0","0","","0","0","0","06","2","0","00","0","40 10:15.729","","00","76 11:48.767","0","0","0","0","36408","0","0","0","N","0","0","0","2","36408","0","","1","01","N","N","0","","0","0","0","0","0","","0650","0","2","0","0","0","0","0","2","0","2","N","","","","","","","","","","","","03","  ","","",""
"1737","1","0","0","0","0","0","0","0","0","1","0","","36","10","2017","2017114082","2","40.0968","-76.2702","1732","08","0","1","0","0","0","0","0","0","1","0","0","0","17","1","0","00","1","40 05:48.338","1","00","76 16:12.824","0","0","0","0","36101","0","0","0","N","0","0","0","2","36101","0","","1","01","N","N","0","","0","0","1","0","0","N","1730","0","2","0","0","0","0","0","3","0","2","N","","","","","","","","","","","","03","  ","","",""
"1528","1","0","0","0","0","0","0","0","0","4","0","","36","10","2017","2017114136","1","40.1032","-76.5333","1522","08","0","1","0","0","0","1","0","0","2","0","0","0","15","1","0","00","2","40 06:11.445","5","00","76 31:59.977","0","0","0","0","36211","0","0","0","N","0","0","0","2","36504","0","","1","09","N","N","0","","0","0","1","0","0","Y","1519","0","2","0","0","0","0","0","1","0","2","N","","","","","","","","","","","","07","  ","","",""
"1827","2","0","0","0","0","0","0","0","0","4","0","","36","10","2017","2017114139","6","40.033","-76.3177","1825","08","0","0","0","0","0","1","0","0","1","0","0","0","18","4","2","02","1","40 01:58.641","7","00","76 19:03.670","3","0","0","0","36301","0","0","0","N","0","0","0","5","36301","1","","1","01","N","N","0","","1","0","0","3","3","Y","1825","2","2","0","0","0","0","0","3","0","2","N","","","","","","","","","","","","03","  ","","",""
"0005","2","0","0","0","0","0","0","0","0","4","0","","36","11","2017","2017114183","5","40.028","-76.3038","0003","08","0","0","0","0","0","0","0","0","1","0","0","0","00","3","0","00","1","40 01:40.850","1","00","76 18:13.841","0","0","0","0","36301","0","0","0","N","0","0","0","1","36301","0","","2","01","N","N","1","","0","0","1","0","0","N","0003","0","4","0","0","1","0","0","3","0","4","N","","","","","","","","","","","","03","  ","","",""
"0046","1","0","0","0","0","0","0","0","0","9","0","","36","11","2017","2017114195","5","40.1582","-76.6137","0039","08","0","0","0","0","0","0","0","0","1","0","0","0","00","2","1","00","2","40 09:29.653","3","00","76 36:49.269","8","0","0","0","36237","0","0","0","N","0","0","0","1","36505","0","","1","01","N","N","0","","0","0","0","0","0","N","0038","1","1","0","0","0","1","0","1","0","1","N","","","","","","","","","","","","03","  ","","",""
"1419","0","0","0","0","0","0","0","0","0","4","0","","36","10","2017","2017114198","3","40.012","-76.2263","1415","08","0","0","0","0","0","2","0","0","","0","0","0","14","1","0","01","0","40 00:43.379","","00","76 13:34.666","0","0","0","0","36240","0","0","0","N","0","0","0","2","36240","0","","1","01","N","N","0","","0","0","2","3","3","","1409","0","2","0","0","0","0","0","1","0","2","N","","","","","","","","","","","","03","  ","","",""
"2105","2","0","0","0","0","0","0","0","0","1","0","","36","10","2017","2017114252","3","40.1152","-76.3056","2100","08","0","0","0","0","0","1","0","0","2","0","0","0","21","2","0","00","1","40 06:54.625","1","00","76 18:20.310","0","0","0","0","36101","0","0","0","N","0","0","0","2","36101","0","","1","01","N","N","0","","0","0","0","0","0","N","2100","0","2","0","0","0","0","0","3","0","2","N","","","","","","","","","","","","03","  ","","",""
"0828","0","0","0","0","0","0","0","0","0","1","0","","36","11","2017","2017114253","4","40.0922","-76.263","0814","08","0","0","0","0","0","0","0","0","","0","0","0","08","1","0","00","0","40 05:31.751","","00","76 15:46.710","0","0","0","0","36101","0","0","0","","0","0","0","3","36101","0","","1","01","N","N","0","","0","0","2","0","0","","0803","0","3","0","0","0","0","0","3","1","3","N","","","","","","","","","","","","03","  ","","",""
"1354","0","0","0","0","0","0","0","0","0","1","2","","36","10","2017","2017114254","2","40.1053","-76.4277","1348","08","0","0","0","0","0","0","0","0","4","0","2","0","13","1","2","00","1","40 06:18.959","4","00","76 25:39.679","3","0","0","0","36214","0","0","0","","0","0","0","2","36214","1","","2","01","N","N","0","","1","0","0","0","0","N","1345","2","2","0","0","1","0","0","3","0","2","N","","","","","","","","","","","","03","  ","","",""
"1819","2","0","0","0","0","0","0","0","0","4","0","","36","10","2017","2017114255","3","40.0819","-76.351","1815","08","0","0","0","0","0","1","0","0","2","0","0","0","18","4","4","01","1","40 04:54.975","2","02","76 21:03.454","3","0","0","0","36214","0","0","0","N","0","0","0","4","36214","3","","1","01","N","N","0","","1","0","0","3","2","N","1812","4","2","0","0","2","0","0","3","0","2","N","","","","","","","","","","","","03","  ","","",""
"0802","2","0","0","0","0","0","0","0","0","1","0","","36","10","2017","2017114256","7","40.0411","-76.382","0750","08","0","0","0","0","0","0","1","0","","0","0","0","07","1","1","02","0","40 02:27.904","","00","76 22:55.225","4","0","0","0","36223","0","0","0","","0","0","0","3","36223","1","","1","01","N","N","0","","0","0","0","3","2","","0748","1","2","0","0","0","0","0","1","0","2","N","","","","","","","","","","","","03","  ","","",""
"1641","1","0","0","0","0","0","0","0","0","7","0","","36","10","2017","2017114257","2","40.0071","-76.4765","1626","08","0","0","0","0","0","1","0","0","2","0","0","0","16","1","0","00","2","40 00:25.680","5","00","76 28:35.260","0","0","0","0","36223","0","0","0","N","0","0","0","2","36223","0","","4","01","N","N","0","","0","0","0","0","0","Y","1624","0","2","0","0","0","0","0","1","0","1","N","","","","","","","","","","","","03","  ","","",""
"1740","1","0","0","0","0","0","0","0","0","7","0","","36","10","2017","2017114325","7","40.0157","-76.3496","1736","08","0","0","0","0","0","0","0","0","","0","0","0","17","1","1","01","0","40 00:56.470","","00","76 20:58.524","4","0","0","0","36412","0","0","0","N","0","0","0","2","36412","1","","2","01","N","N","0","","0","0","0","3","2","","1732","1","2","0","0","0","0","0","3","0","1","N","","","","","","","","","","","","03","  ","","",""
"0843","1","0","0","0","0","0","0","0","0","7","0","","36","10","2017","2017114326","2","39.9685","-76.2771","0822","08","0","0","0","0","0","0","0","0","","0","0","0","01","2","0","00","0","39 58:06.463","","00","76 16:37.530","0","0","0","0","36228","0","0","0","Y","0","0","0","1","36503","0","","2","01","N","N","0","","0","0","0","0","0","","0100","0","1","0","0","0","0","0","1","0","1","N","","","","","","","","","","","","03","  ","","",""
"1007","1","0","0","0","0","0","0","0","0","8","0","","36","10","2017","2017114466","4","40.1788","-76.0074","1002","08","0","0","0","0","0","0","0","0","","0","0","0","09","1","1","00","0","40 10:43.607","","00","76 00:26.490","3","0","0","0","36202","1","0","0","","1","0","0","2","68J01","0","","2","01","N","N","0","","1","0","0","0","0","","0958","1","2","0","0","0","0","1","1","0","1","N","","","","","","","","","","","","03","  ","","",""
"1504","1","0","0","0","0","0","0","0","0","4","0","","36","10","2017","2017114525","2","39.9925","-76.0232","1435","08","0","0","0","0","0","0","0","0","2","0","0","0","14","1","0","01","2","39 59:32.151","4","00","76 01:18.351","0","0","0","0","36232","0","0","0","N","0","0","0","4","68J01","0","","1","01","N","N","0","","0","0","1","3","2","N","1428","0","2","0","0","0","0","0","1","0","2","N","","","","","","","","","","","","03","  ","","",""
"1730","0","0","0","0","0","0","0","0","0","4","0","","36","10","2017","2017114539","4","40.0112","-76.1358","1718","08","0","0","0","0","0","0","0","0","3","0","0","0","17","1","0","01","1","40 00:40.355","4","00","76 08:08.950","0","0","0","0","36226","0","0","0","","0","0","0","3","68J01","0","","1","01","N","N","2","","0","0","0","2","3","N","1710","0","2","0","0","0","0","0","1","0","2","N","","","","","","","","","","","","03","  ","","",""
"1036","0","0","2","0","0","0","0","0","0","4","1","","36","10","2017","2017114548","7","39.8288","-76.3103","1026","08","0","0","0","0","0","0","0","0","3","0","1","0","10","1","2","01","2","39 49:43.579","6","00","76 18:36.908","2","0","0","0","36224","0","0","0","","0","0","0","3","68J01","0","","1","01","N","N","0","","0","2","0","3","3","Y","1007","2","2","0","0","0","0","0","1","1","2","N","","","","","","","","","","","","03","  ","","",""
"1843","1","0","0","0","0","0","0","0","0","1","0","","36","10","2017","2017114558","2","40.209","-76.3219","1833","08","0","0","0","0","0","0","1","0","","0","0","0","18","2","0","02","0","40 12:32.318","","00","76 19:18.985","0","0","0","0","36217","0","0","0","","0","0","0","3","68J01","0","","1","01","N","N","0","","0","0","1","0","0","","1800","0","2","0","0","0","0","0","1","0","2","N","","","","","","","","","","","","03","  ","","",""
"1617","1","0","0","0","0","0","0","0","0","1","0","","36","10","2017","2017114563","3","39.888","-76.2364","1604","08","0","0","1","0","0","1","0","0","","0","0","0","16","1","1","00","0","39 53:16.972","","00","76 14:11.034","4","0","0","0","36229","0","0","0","","0","0","0","2","68J01","1","","1","01","N","N","1","","0","0","0","0","0","","1602","1","2","0","0","0","0","0","1","0","2","N","","","","","","","","","","","","03","  ","","",""
"2323","1","0","0","0","0","0","0","0","0","5","0","","36","11","2017","2017114624","4","40.0465","-76.4142","2316","08","0","0","0","0","0","0","0","0","","0","0","0","23","2","0","00","0","40 02:47.524","","00","76 24:51.250","0","0","0","0","36239","0","0","0","N","0","0","0","1","36239","0","","2","01","N","N","0","","0","0","0","0","0","","2310","0","2","0","0","0","0","0","3","1","2","N","","","","","","","","","","","","03","  ","","",""
"2048","1","0","0","0","0","0","0","0","0","9","0","","36","11","2017","2017114631","5","40.0431","-76.5127","2035","08","0","0","0","0","0","0","0","0","","0","0","0","20","2","0","00","0","40 02:35.281","","00","76 30:45.686","0","0","0","0","36239","0","0","0","N","0","0","0","1","36239","0","","1","01","N","N","0","","0","0","0","0","0","","2029","0","1","0","0","0","0","0","3","0","1","N","","","","","","","","","","","","03","  ","","",""
"1043","1","0","0","0","0","0","0","0","0","4","0","","36","10","2017","2017114694","7","40.0373","-76.4082","1040","08","0","0","0","0","1","0","0","0","2","0","0","0","10","1","1","01","1","40 02:14.323","4","00","76 24:29.659","8","0","0","0","36223","0","0","0","","0","0","0","5","36223","0","","1","01","N","N","0","","0","0","1","3","2","N","1038","1","2","0","0","0","1","0","1","0","2","N","","","","","","","","","","","","03","  ","","",""
"0740","2","0","0","0","0","0","0","0","0","7","0","","36","10","2017","2017114695","2","39.9921","-76.4684","0720","08","0","0","0","0","0","0","0","0","2","0","0","0","07","1","0","00","1","39 59:31.690","2","00","76 28:06.369","0","0","0","0","36223","0","0","0","N","0","0","0","1","36223","0","","5","09","N","N","0","","0","0","0","0","0","N","0720","0","2","0","0","0","0","0","1","0","2","N","","","","","","","","","","","","03","  ","","",""
"1540","2","0","0","0","0","0","0","0","0","5","0","","36","10","2017","2017114696","7","40.0406","-76.3933","1535","08","0","0","0","0","0","1","0","0","2","0","0","0","15","1","0","10","1","40 02:26.272","3","00","76 23:35.824","0","0","0","0","36223","0","0","0","","0","0","0","2","36223","0","","1","01","N","N","0","","0","0","0","0","0","N","1530","0","2","0","0","0","0","0","1","0","2","N","","","","","","","","","","","","03","  ","","",""
"0802","1","0","0","0","0","0","0","0","0","2","0","","36","10","2017","2017114697","3","40.0091","-76.4294","0755","08","0","0","0","0","0","0","1","0","1","0","0","0","07","1","0","02","1","40 00:32.611","1","00","76 25:45.676","0","0","0","0","36223","0","0","0","","0","0","0","3","36223","0","","1","09","N","N","0","","0","0","1","0","0","N","0752","0","2","0","0","0","0","0","1","0","2","N","","","","","","","","","","","","03","  ","","",""
"0702","2","0","0","0","0","0","0","0","0","4","0","","36","10","2017","2017114754","5","40.0382","-76.4553","0700","08","0","0","0","0","0","0","0","0","2","0","0","0","07","1","0","02","1","40 02:17.526","3","02","76 27:18.919","0","0","0","0","36239","0","0","0","N","0","0","0","2","36239","0","","1","01","N","N","0","","0","0","0","3","2","N","0700","0","2","0","0","0","0","0","3","0","2","N","","","","","","","","","","","","03","  ","","",""
"1646","1","0","0","1","0","0","0","0","0","4","0","","36","09","2017","2017114759","7","40.0398","-76.3039","1643","08","0","0","0","0","0","1","0","0","1","0","0","0","16","1","1","01","1","40 02:23.108","2","00","76 18:14.080","4","0","0","0","36301","1","0","0","N","0","0","0","2","36301","1","","1","01","N","N","0","","0","0","0","3","2","N","1642","1","2","0","0","0","0","0","3","0","1","N","","","","","","","","","","","","03","  ","","",""
"0854","2","0","0","0","0","0","0","0","0","1","0","","36","11","2017","2017114795","6","40.0422","-76.2957","0849","08","0","0","0","0","0","0","1","0","1","0","0","0","08","1","1","01","1","40 02:32.089","3","00","76 17:44.343","3","0","0","0","36301","0","0","0","N","0","0","0","2","36301","0","","1","01","N","N","0","","1","0","0","0","0","Y","0847","1","2","0","0","0","0","0","3","0","2","N","","","","","","","","","","","","03","  ","","",""
"1135","1","0","0","0","0","0","0","0","0","9","0","","36","11","2017","2017114791","6","40.2305","-76.0718","1129","08","0","0","0","0","0","1","0","0","","0","0","0","11","1","1","00","0","40 13:49.907","","00","76 04:18.496","4","0","0","0","36210","0","0","0","N","0","0","0","1","36210","1","","1","01","N","N","0","","0","0","0","0","0","","1129","1","1","0","0","0","0","0","1","0","1","N","","","","","","","","","","","","03","  ","","",""
"1442","0","0","0","0","0","0","0","0","0","4","0","","36","10","2017","2017114980","4","40.0257","-76.2092","1442","08","0","0","0","0","0","1","0","0","2","0","0","0","14","1","2","00","1","40 01:32.529","6","07","76 12:33.155","3","0","0","0","36215","0","0","0","N","0","0","0","3","36215","0","","1","01","N","N","1","","2","0","1","3","2","N","1439","2","2","0","0","0","0","0","1","0","2","N","","","","","","","","","","","","03","  ","","",""
"1838","1","0","0","0","0","0","0","0","0","1","0","","36","11","2017","2017114992","6","40.1858","-76.1839","1835","08","0","1","0","0","0","0","0","0","","0","0","0","18","3","0","00","0","40 11:08.800","","00","76 11:02.050","0","0","0","0","36408","0","0","0","N","0","0","0","1","36408","0","","4","01","N","N","0","","0","0","1","0","0","","1833","0","2","0","0","0","0","0","2","0","2","N","","","","","","","","","","","","03","  ","","",""
"0004","1","0","0","0","0","0","0","0","0","7","0","","36","10","2017","2017114995","6","40.2383","-76.1437","0002","08","0","0","0","0","0","0","0","0","3","1","0","0","23","2","0","00","2","40 14:17.807","6","00","76 08:37.177","1","0","0","0","36236","0","0","0","Y","0","0","0","1","36408","0","2","4","01","N","N","0","0","0","0","0","0","0","Y","2359","0","2","1","0","1","0","0","1","1","2","N","","","","","","","","","","","","03","  ","","",""
"1913","0","0","0","0","0","0","0","0","0","7","0","","36","11","2017","2017115006","6","40.0789","-76.4278","1911","08","0","0","0","0","0","0","0","0","2","0","0","0","19","2","1","00","1","40 04:43.863","6","00","76 25:40.228","4","0","0","0","36239","0","0","0","N","0","0","0","1","36239","1","","4","01","N","N","0","","0","0","1","0","0","N","1909","1","1","0","0","0","0","0","3","0","1","N","","","","","","","","","","","","03","  ","","",""
"1534","0","0","0","0","0","0","0","0","0","4","0","","36","10","2017","2017115097","3","40.0484","-76.3011","1533","08","0","0","0","0","0","0","0","0","","0","0","0","15","1","1","01","0","40 02:54.355","","00","76 18:03.826","8","0","0","0","36301","0","0","0","N","0","0","0","3","36301","0","","1","01","N","N","0","","0","0","2","3","3","","1531","1","2","0","0","0","1","0","3","0","2","N","","","","","","","","","","","","03","  ","","",""
"1232","1","0","0","0","0","0","0","0","0","1","0","","36","11","2017","2017115117","6","40.0469","-76.4134","1228","08","0","0","0","0","0","0","0","0","3","0","0","0","12","1","0","00","2","40 02:48.834","4","00","76 24:48.130","0","0","0","0","36239","0","0","0","Y","0","0","0","2","36239","0","","1","01","N","N","1","","0","0","0","0","0","Y","1226","0","2","0","0","0","0","0","3","0","2","N","","","","","","","","","","","","03","  ","","",""
"1653","0","0","0","0","0","0","0","0","0","1","1","","36","10","2017","2017115126","2","40.1987","-76.1753","1651","08","0","0","0","0","0","0","1","0","","0","1","0","16","1","2","00","0","40 11:55.480","","00","76 10:31.140","3","0","0","0","36218","0","0","0","N","0","0","0","4","36408","0","","1","01","N","N","0","","2","0","1","0","0","","1648","2","2","0","0","0","0","0","1","0","2","N","","","","","","","","","","","","03","  ","","",""
"1722","2","0","0","0","0","0","0","0","0","4","0","","36","10","2017","2017115150","4","40.0346","-76.3072","1721","08","0","0","0","0","1","0","0","1","","0","0","0","16","1","0","01","0","40 02:04.495","","00","76 18:25.758","0","0","0","0","36301","0","0","0","N","0","0","0","2","36301","0","","1","01","N","N","0","","0","0","0","3","3","","1614","0","2","0","0","0","0","0","3","0","2","N","","","","","","","","","","","","03","  ","","",""
"1518","2","0","0","0","0","0","0","0","0","1","0","","36","11","2017","2017115164","7","40.0384","-76.2992","1513","08","0","0","0","0","0","0","0","0","1","0","0","0","15","1","1","01","2","40 02:18.330","3","00","76 17:57.285","4","0","0","0","36301","0","0","0","N","0","0","0","2","36301","1","","1","01","N","N","0","","0","0","0","3","3","N","1509","1","2","0","0","0","0","0","3","0","2","N","","","","","","","","","","","","03","  ","","",""
"1900","0","0","0","0","0","0","0","0","0","9","0","","36","10","2017","2017115245","1","40.1052","-76.2523","1850","08","0","0","0","0","0","1","0","0","","0","0","0","18","2","0","00","0","40 06:18.686","","00","76 15:08.299","0","0","0","0","36101","0","0","0","","0","0","0","1","36101","0","","1","01","N","N","0","","0","0","1","0","0","","1845","0","1","0","0","0","0","0","3","0","1","N","","","","","","","","","","","","03","  ","","",""
"1706","1","0","0","0","0","0","0","0","0","1","0","","36","10","2017","2017115263","1","40.0188","-76.1744","1655","08","0","0","0","0","1","1","0","0","","0","0","0","16","1","0","00","0","40 01:07.783","","00","76 10:27.953","0","0","0","0","36215","0","0","0","N","0","0","0","2","36215","0","","1","01","N","N","0","","0","0","1","0","0","","1655","0","2","0","0","0","0","0","1","0","2","N","","","","","","","","","","","","03","  ","","",""
"0105","0","0","0","0","0","0","0","0","0","7","0","","36","10","2017","2017115265","7","40.0348","-76.3155","0105","08","0","0","0","0","0","1","0","0","1","0","0","0","01","3","0","00","2","40 02:05.200","3","00","76 18:55.900","0","0","0","0","36301","0","0","0","N","0","0","0","1","36301","0","","5","01","N","N","0","","0","0","1","0","0","Y","0105","0","1","0","0","0","0","0","3","0","1","N","","","","","","","","","","","","03","  ","","",""
"0711","1","0","0","0","0","0","0","0","0","7","0","","36","10","2017","2017115269","2","40.0913","-76.165","0659","08","0","0","0","0","0","0","0","0","2","0","0","0","06","1","1","00","1","40 05:28.787","6","00","76 09:54.102","3","0","0","0","36234","0","0","0","N","0","0","0","1","36215","0","","4","01","N","N","0","","1","0","0","0","0","N","0659","1","1","0","0","1","0","0","1","0","1","N","","","","","","","","","","","","03","  ","","",""
"0051","1","0","0","0","0","0","0","0","0","7","0","","36","11","2017","2017115288","7","40.2751","-76.1001","0051","08","0","0","0","0","0","1","0","0","","0","0","0","00","2","0","03","0","40 16:30.463","","00","76 06:00.282","0","0","0","0","36210","0","0","0","N","0","0","0","1","36408","0","","5","01","N","N","0","","0","0","0","0","0","","0051","0","1","0","0","0","0","0","1","0","1","N","","","","","","","","","","","","03","  ","","",""
"1900","1","0","0","0","0","0","0","0","0","6","0","","36","11","2017","2017115295","7","40.1856","-76.1885","1858","08","0","0","0","0","0","1","0","0","1","0","0","0","18","2","0","00","1","40 11:08.104","6","02","76 11:18.552","0","0","0","0","36408","0","0","0","N","0","0","0","2","36408","0","","1","01","N","N","0","","0","0","1","0","0","N","1856","0","2","0","0","0","0","0","2","0","2","N","","","","","","","","","","","","03","  ","","",""
"1520","2","0","0","0","0","0","0","0","0","4","0","","36","11","2017","2017115296","4","40.2416","-76.1756","1512","08","0","0","0","0","0","0","0","1","1","0","0","0","15","1","0","01","1","40 14:29.725","1","00","76 10:32.248","0","0","0","0","36236","0","0","0","N","0","0","0","2","36408","0","","1","01","N","N","0","","0","0","0","3","3","N","1510","0","2","0","0","0","0","0","1","0","2","N","","","","","","","","","","","","03","  ","","",""
"0938","2","0","0","0","0","0","0","0","0","4","0","","36","10","2017","2017115324","3","40.0409","-76.3334","0936","08","0","0","0","0","1","0","0","0","","0","0","0","09","1","1","01","0","40 02:27.092","","00","76 20:00.333","4","0","0","0","36220","0","0","0","N","0","0","0","2","36101","1","","1","01","N","N","0","","0","0","0","3","3","","0935","1","2","0","0","0","0","0","3","0","2","N","","","","","","","","","","","","03","  ","","",""
"2119","1","0","0","0","0","0","0","0","0","7","0","","36","10","2017","2017115325","7","40.1245","-76.342","2115","08","0","0","0","1","0","0","0","0","1","0","0","0","21","2","0","00","2","40 07:28.195","5","00","76 20:31.145","0","0","0","0","36101","0","0","0","","0","0","0","1","36101","0","","4","01","N","N","0","","0","0","0","0","0","N","2112","0","1","0","0","0","0","0","3","0","1","N","","","","","","","","","","","","03","  ","","",""
"1622","3","0","0","0","0","0","0","0","0","1","0","","36","10","2017","2017115326","5","40.0696","-76.3121","1607","08","0","0","1","0","0","1","0","0","1","0","0","0","16","1","2","00","2","40 04:10.430","3","00","76 18:43.506","4","0","0","0","36101","0","0","0","N","0","0","0","3","36101","2","","1","01","N","N","0","","0","0","0","0","0","N","1606","2","3","0","0","0","0","0","3","0","3","N","","","","","","","","","","","","03","  ","","",""
"1711","2","0","0","0","0","0","0","0","0","4","0","","36","10","2017","2017115327","5","40.0608","-76.3049","1709","08","0","0","0","0","0","0","2","0","1","0","0","0","17","4","1","01","1","40 03:38.764","3","00","76 18:17.528","4","0","0","0","36101","0","0","0","N","0","0","0","2","36101","1","","1","01","N","N","0","","0","0","0","3","3","N","1708","1","2","0","0","0","0","0","3","0","2","N","","","","","","","","","","","","03","  ","","",""
"0651","2","0","0","0","0","0","0","0","0","1","0","","36","10","2017","2017115328","2","40.0678","-76.3304","0646","08","0","0","0","0","0","0","0","0","","0","0","0","06","2","0","00","0","40 04:04.080","","02","76 19:49.554","0","0","0","0","36101","0","0","0","N","0","0","0","2","36101","0","","1","09","N","N","0","","0","0","0","0","0","","0642","0","2","0","0","0","0","0","3","0","2","N","","","","","","","","","","","","07","  ","","",""
"1231","1","0","0","0","0","0","0","0","0","7","0","","36","10","2017","2017115329","3","40.1077","-76.2497","1227","08","0","0","0","0","0","1","0","0","2","0","0","0","12","1","1","00","1","40 06:27.580","1","00","76 14:59.030","3","0","0","0","36101","0","0","0","N","0","0","0","1","36101","0","","5","01","N","N","0","","1","0","0","0","0","N","1224","1","1","0","0","0","0","0","3","0","1","N","","","","","","","","","","","","03","  ","","",""
"1813","1","0","0","0","0","0","0","0","0","5","0","","36","11","2017","2017115396","7","40.1692","-76.0499","1805","08","1","0","0","0","0","0","0","0","3","0","0","0","18","4","0","00","2","40 10:09.000","5","00","76 02:59.700","0","0","0","0","36213","0","0","0","N","0","0","0","2","36213","0","","1","01","N","N","0","","0","0","0","0","0","Y","1804","0","2","0","0","0","0","0","1","0","2","N","","","","","","","","","","","","03","  ","","",""
"0710","0","0","0","0","0","0","0","0","0","7","0","","36","11","2017","2017115404","1","40.0525","-76.4727","0706","08","0","0","0","1","0","0","0","0","1","0","0","0","07","1","1","00","1","40 03:08.956","4","00","76 28:21.730","4","0","0","0","36239","0","0","0","N","0","0","0","1","36239","1","","4","09","N","N","0","","0","0","1","0","0","Y","0706","1","1","0","0","0","0","0","3","0","1","N","","","","","","","","","","","","03","  ","","",""
"1549","1","0","0","0","0","0","0","0","0","7","0","","36","11","2017","2017115405","7","","","1541","08","0","0","0","0","0","0","0","0","","0","0","0","15","1","0","00","0","","","00","","0","0","0","0","36218","0","0","0","N","0","0","0","1","36408","0","","5","01","N","N","0","","0","0","0","0","0","","1541","0","1","0","0","0","0","0","1","0","1","N","","","","","","","","","","","","03","  ","","",""
"1126","0","0","0","0","0","0","0","0","0","4","0","","36","10","2017","2017115423","2","40.0103","-76.3444","1125","08","0","0","0","0","0","0","1","1","1","0","0","0","11","1","2","02","1","40 00:37.078","2","00","76 20:39.866","8","0","0","0","36412","0","0","0","N","0","0","0","2","36412","0","","1","01","N","N","0","","0","0","2","3","2","N","1123","2","2","0","0","0","2","0","3","0","2","N","","","","","","","","","","","","03","  ","","",""