"ARRIVAL_TM","AUTOMOBILE_COUNT","BELTED_DEATH_COUNT","BELTED_SUSP_SERIOUS_INJ_COUNT","BICYCLE_COUNT","BICYCLE_DEATH_COUNT","BICYCLE_SUSP_SERIOUS_INJ_COUNT","BUS_COUNT","CHLDPAS_DEATH_COUNT","CHLDPAS_SUSP_SERIOUS_INJ_COUNT","COLLISION_TYPE","COMM_VEH_COUNT","CONS_ZONE_SPD_LIM","COUNTY","CRASH_MONTH","CRASH_YEAR","CRN","DAY_OF_WEEK","DEC_LAT","DEC_LONG","DISPATCH_TM","DISTRICT","DRIVER_COUNT_16YR","DRIVER_COUNT_17YR","DRIVER_COUNT_18YR","DRIVER_COUNT_19YR","DRIVER_COUNT_20YR","DRIVER_COUNT_50_64YR","DRIVER_COUNT_65_74YR","DRIVER_COUNT_75PLUS","EST_HRS_CLOSED","FATAL_COUNT","HEAVY_TRUCK_COUNT","HORSE_BUGGY_COUNT","HOUR_OF_DAY","ILLUMINATION","INJURY_COUNT","INTERSECT_TYPE","LANE_CLOSED","LATITUDE","LN_CLOSE_DIR","LOCATION_TYPE","LONGITUDE","MAX_SEVERITY_LEVEL","MCYCLE_DEATH_COUNT","MCYCLE_SUSP_SERIOUS_INJ_COUNT","MOTORCYCLE_COUNT","MUNICIPALITY","NONMOTR_COUNT","NONMOTR_DEATH_COUNT","NONMOTR_SUSP_SERIOUS_INJ_COUNT","NTFY_HIWY_MAINT","PED_COUNT","PED_DEATH_COUNT","PED_SUSP_SERIOUS_INJ_COUNT","PERSON_COUNT","POLICE_AGCY","POSSIBLE_INJ_COUNT","RDWY_SURF_TYPE_CD","RELATION_TO_ROAD","ROAD_CONDITION","SCH_BUS_IND","SCH_ZONE_IND","SMALL_TRUCK_COUNT","SPEC_JURIS_CD","SUSP_MINOR_INJ_COUNT","SUSP_SERIOUS_INJ_COUNT","SUV_COUNT","TCD_FUNC_CD","TCD_TYPE","TFC_DETOUR_IND","TIME_OF_DAY","TOT_INJ_COUNT","TOTAL_UNITS","UNB_DEATH_COUNT","UNB_SUSP_SERIOUS_INJ_COUNT","UNBELTED_OCC_COUNT","UNK_INJ_DEG_COUNT","UNK_INJ_PER_COUNT","URBAN_RURAL","VAN_COUNT","VEHICLE_COUNT","WORK_ZONE_IND","WORK_ZONE_LOC","WORK_ZONE_TYPE","WORKERS_PRES","WZ_CLOSE_DETOUR","WZ_FLAGGER","WZ_LAW_OFFCR_IND","WZ_LN_CLOSURE","WZ_MOVING","WZ_OTHER","WZ_SHLDER_MDN","ROADWAY_CLEARED","WEATHER1","WEATHER2","WZ_WORKERS_INJ_KILLED","SECONDARY_CRASH","INTERSECTION_RELATED"
"1714","3","0","0","0","0","0","0","0","0","4","0","","36","10","2017","2017115481","6","40.024","-76.307","1710","08","0","0","0","0","0","0","0","0","2","0","0","0","17","1","1","00","2","40 01:26.374","7","00","76 18:25.107","4","0","0","0","36301","0","0","0","N","0","0","0","1","36301","1","","1","01","N","N","0","","0","0","0","0","0","Y","1708","1","3","0","0","0","0","0","3","0","3","N","","","","","","","","","","","","03","  ","","",""
"0050","1","0","0","0","0","0","0","0","0","7","0","","36","11","2017","2017115488","6","40.1372","-76.5823","0050","08","0","0","0","0","1","0","0","0","2","0","0","0","00","2","2","00","1","40 08:13.984","2","00","76 34:56.412","8","0","0","0","36237","0","0","0","N","0","0","0","2","36505","0","","5","01","N","N","0","","0","0","0","0","0","N","0048","2","1","0","0","1","2","0","1","0","1","N","","","","","","","","","","","","03","  ","","",""
"1922","1","0","0","0","0","0","0","0","0","9","0","","36","11","2017","2017115557","5","40.132","-75.9014","1840","08","0","0","0","0","0","0","0","0","","0","0","0","18","2","0","00","0","40 07:55.298","","00","75 54:05.134","0","0","0","0","36203","0","0","0","","0","0","0","1","68J03","0","","1","01","N","N","0","","0","0","0","0","0","","1836","0","1","0","0","0","0","0","1","0","1","N","","","","","","","","","","","","03","  ","","",""
"2130","0","0","0","0","0","0","0","0","0","1","0","","36","11","2017","2017115604","6","40.1145","-76.0343","2128","08","0","0","2","0","0","0","0","0","1","0","0","0","21","2","0","00","1","40 06:52.237","4","00","76 02:03.388","0","0","0","0","36209","0","0","0","N","0","0","0","2","36415","0","","1","01","N","N","2","","0","0","0","3","7","N","2128","0","2","0","0","0","0","0","1","0","2","N","","","","","","","","","","","","03","  ","","",""
"1745","2","0","0","0","0","0","0","0","0","4","0","","36","11","2017","2017115628","1","40.1383","-76.1002","1735","08","0","0","1","0","0","0","0","0","2","0","0","0","17","2","3","01","2","40 08:17.897","7","00","76 06:00.676","3","0","0","0","36209","0","0","0","N","0","0","0","4","36415","1","","1","01","N","N","0","","2","0","0","0","0","Y","1735","3","2","0","0","1","0","0","1","0","2","N","","","","","","","","","","","","03","  ","","",""
"0122","1","0","0","0","0","0","0","0","0","7","0","65","36","10","2017","2017115641","5","40.1495","-76.1767","0116","08","1","0","0","0","0","0","0","0","","0","0","0","01","2","0","00","0","40 08:49.380","","00","76 11:3.656","0","0","0","0","36238","0","0","0","N","0","0","0","1","36238","0","","2","09","N","N","0","","0","0","0","0","0","","0116","0","1","0","0","0","0","0","3","0","1","Y","8","2","N","","","N","","","","Y","","07","  ","","",""
"0419","0","0","0","0","0","0","0","0","0","7","0","","36","11","2017","2017115649","1","40.246","-76.1698","0414","08","0","0","1","0","0","0","0","0","","0","0","0","04","2","0","00","0","40 14:45.500","","00","76 10:11.300","0","0","0","0","36236","0","0","0","N","0","0","0","1","36408","0","","5","09","N","N","0","","0","0","1","0","0","","0412","0","1","0","0","0","0","0","1","0","1","N","","","","","","","","","","","","07","  ","","",""
"0235","3","0","0","0","0","0","0","0","0","5","0","","36","11","2017","2017115653","1","40.0387","-76.3193","0231","08","0","0","0","0","0","0","0","0","1","0","0","0","02","3","0","00","1","40 02:19.400","4","00","76 19:09.300","0","0","0","0","36301","0","0","0","N","0","0","0","2","36301","0","","6","09","N","N","0","","0","0","1","0","0","N","0228","0","4","0","0","0","0","0","3","0","4","N","","","","","","","","","","","","07","  ","","",""
"0117","1","0","0","0","0","0","0","0","0","5","0","","36","11","2017","2017115657","1","40.0389","-76.3122","0101","08","0","0","0","0","0","0","0","0","","0","0","0","01","3","0","00","0","40 02:19.927","","00","76 18:43.907","0","0","0","0","36301","0","0","0","N","0","0","0","1","36301","0","","6","09","N","N","1","","0","0","0","0","0","","0100","0","2","0","0","0","0","0","3","0","2","N","","","","","","","","","","","","07","  ","","",""
"0254","1","0","0","0","0","0","0","0","0","0","0","","36","10","2017","2017115668","7","40.0131","-76.2628","0252","08","0","0","0","0","0","0","0","0","","0","0","0","02","3","1","00","0","40 00:47.300","","00","76 15:46.000","8","0","0","0","36240","0","0","0","N","0","0","0","1","36240","0","","4","01","N","N","0","","0","0","0","0","0","","0247","1","1","0","0","1","1","0","1","0","1","N","","","","","","","","","","","","03","  ","","",""
"0752","1","0","0","0","0","0","0","0","0","4","0","","36","10","2017","2017115703","2","39.9165","-76.1879","0747","08","0","1","0","0","0","0","1","0","","0","0","0","07","1","2","02","0","39 54:59.289","","00","76 11:16.582","3","0","0","0","36229","0","0","0","N","0","0","0","3","68J01","0","","1","01","N","N","0","","2","0","1","3","3","","0746","2","2","0","0","0","0","0","1","0","2","N","","","","","","","","","","","","03","  ","","",""
"1657","1","0","0","0","0","0","0","0","0","7","0","","36","10","2017","2017115708","1","39.9119","-76.3107","1629","08","0","1","0","0","0","0","0","0","","0","0","0","16","1","0","03","0","39 54:42.745","","00","76 18:38.632","0","0","0","0","36224","0","0","0","N","0","0","0","2","68J01","0","","5","09","N","N","0","","0","0","0","0","0","","1627","0","1","0","0","0","0","0","1","0","1","N","","","","","","","","","","","","07","  ","","",""
"1552","0","0","0","0","0","0","0","0","0","7","1","","36","11","2017","2017115717","5","39.8896","-76.1875","1532","08","0","0","0","0","0","0","0","0","4","0","1","0","15","1","0","00","1","39 53:22.490","4","00","76 11:15.020","0","0","0","0","36212","0","0","0","","0","0","0","1","68J01","0","","4","01","N","N","0","","0","0","0","0","0","N","1516","0","1","0","0","0","0","0","1","0","1","N","","","","","","","","","","","","03","  ","","",""
"1028","0","0","0","0","0","0","0","0","0","4","0","","36","11","2017","2017115734","1","39.9135","-76.0453","0959","08","0","0","0","0","0","0","2","0","","0","0","0","09","1","0","01","0","39 54:48.553","","00","76 02:42.913","0","0","0","0","36201","0","0","0","N","0","0","0","2","68J01","0","","1","01","N","N","0","","0","0","2","3","3","","0959","0","2","0","0","0","0","0","1","0","2","N","","","","","","","","","","","","03","  ","","",""
"0756","1","0","0","0","0","0","0","0","0","4","1","","36","10","2017","2017115741","4","40.0704","-76.2699","0728","08","0","0","0","0","0","1","0","0","2","0","1","0","07","1","1","01","2","40 04:13.278","3","00","76 16:11.508","4","0","0","0","36101","0","0","0","","0","0","0","2","36101","1","","1","01","N","N","0","","0","0","0","3","2","N","0727","1","2","0","0","0","0","0","3","0","2","N","","","","","","","","","","","","03","  ","","",""
"0819","1","0","0","0","0","0","0","0","0","1","0","25","36","10","2017","2017115742","3","40.0574","-76.2973","0814","08","0","0","0","0","0","0","0","1","2","0","0","0","08","1","0","00","1","40 03:26.780","2","00","76 17:50.440","0","0","0","0","36101","0","0","0","N","0","0","0","2","36101","0","","1","01","N","N","0","","0","0","1","3","7","N","0811","0","2","0","0","0","0","0","3","0","2","Y","2","3","Y","N","Y","N","Y","N","N","N","","03","  ","","",""
"2109","1","0","0","0","0","0","0","0","0","9","0","","36","10","2017","2017115743","3","40.1148","-76.3056","2100","08","0","0","0","0","0","0","0","0","","0","0","0","21","2","0","00","0","40 06:53.168","","00","76 18:20.268","0","0","0","0","36101","0","0","0","","0","0","0","3","36101","0","","1","01","N","N","0","","0","0","0","0","0","","2100","0","1","0","0","0","0","0","3","0","1","N","","","","","","","","","","","","03","  ","","",""
"1138","0","0","0","0","0","0","0","0","0","7","0","","36","11","2017","2017115744","6","40.0815","-76.3276","1138","08","0","0","0","0","0","0","0","0","","0","0","0","04","2","0","00","0","40 04:53.343","","00","76 19:39.538","0","0","0","0","36101","0","0","0","","0","0","0","1","36101","0","","4","01","N","N","0","","0","0","0","0","0","","0400","0","1","0","0","0","0","0","3","1","1","N","","","","","","","","","","","","03","  ","","",""
"1511","2","0","0","0","0","0","0","0","0","1","0","","36","11","2017","2017115745","6","40.1022","-76.2579","1507","08","0","0","0","1","0","1","0","0","2","0","0","0","15","1","1","00","1","40 06:07.818","2","00","76 15:28.565","4","0","0","0","36101","0","0","0","N","0","0","0","2","36101","1","","1","01","N","N","0","","0","0","0","0","0","N","1506","1","2","0","0","0","0","0","3","0","2","N","","","","","","","","","","","","03","  ","","",""
"1158","1","0","0","0","0","0","0","0","0","4","0","","36","10","2017","2017115756","6","40.0183","-75.9641","1150","08","0","0","0","0","0","1","0","0","","0","0","0","11","1","0","02","0","40 01:05.703","","00","75 57:50.745","0","0","0","0","36232","0","0","0","N","0","0","0","2","68J01","0","","1","01","N","N","1","","0","0","0","3","3","","1139","0","2","0","0","0","0","0","1","0","2","N","","","","","","","","","","","","03","  ","","",""
"1207","1","0","0","0","0","0","0","0","0","7","0","","36","10","2017","2017115759","6","40.2351","-76.3039","1149","08","0","0","0","0","0","0","0","0","","0","0","0","11","1","1","00","0","40 14:06.348","","00","76 18:14.757","3","0","0","0","36217","0","0","0","","0","0","0","1","68T06","0","","2","01","N","N","0","","1","0","0","0","0","","1145","1","1","0","0","0","0","0","1","0","1","N","","","","","","","","","","","","03","  ","","",""
"0756","3","0","0","0","0","0","0","0","0","1","0","","36","11","2017","2017115828","2","40.1708","-76.1699","0752","08","0","0","0","0","1","0","0","0","","0","0","0","07","1","2","00","0","40 10:14.861","","00","76 10:11.600","3","0","0","0","36408","0","0","0","N","0","0","0","2","36408","0","","6","09","N","N","0","","2","0","0","0","0","","0752","2","3","0","0","2","0","0","2","0","3","N","","","","","","","","","","","","03","  ","","",""
"1107","2","0","0","0","0","0","0","0","0","4","0","","36","11","2017","2017115861","2","40.0229","-76.3048","1107","08","0","0","0","0","0","1","0","0","2","0","0","0","11","1","0","05","1","40 01:22.439","1","00","76 18:17.112","0","0","0","0","36301","0","0","0","N","0","0","0","2","36301","0","","1","09","N","N","0","","0","0","0","3","2","N","1105","0","2","0","0","0","0","0","3","0","2","N","","","","","","","","","","","","03","  ","","",""
"1017","1","0","0","0","0","0","0","0","0","0","0","","36","10","2017","2017115871","7","40.2006","-76.1205","1013","08","0","0","0","0","0","0","0","0","2","0","0","0","10","1","0","00","2","40 12:02.091","1","00","76 07:13.701","0","0","0","0","36210","0","0","0","N","0","0","0","2","36210","0","","1","01","N","N","0","","0","0","0","0","0","N","1013","0","1","0","0","0","0","0","1","0","1","N","","","","","","","","","","","","03","  ","","",""
"1040","1","0","0","0","0","0","0","0","0","7","0","","36","11","2017","2017115889","2","40.0463","-76.4949","1036","08","0","0","0","0","0","0","0","0","1","0","0","0","10","1","0","00","1","40 02:46.501","1","00","76 29:41.487","0","0","0","0","36404","0","0","0","N","0","0","0","3","36404","0","","4","09","N","N","0","","0","0","0","0","0","N","1036","0","1","0","0","0","0","0","3","0","1","N","","","","","","","","","","","","03","  ","","",""
"1810","2","0","0","0","0","0","0","0","0","4","0","","36","10","2017","2017115974","1","40.0384","-76.3162","1808","08","0","0","0","0","0","0","1","0","2","0","0","0","18","3","1","01","1","40 02:18.405","4","00","76 18:58.402","8","0","0","0","36301","0","0","0","N","0","0","0","2","36301","0","","1","09","N","N","0","","0","0","0","3","3","N","1808","1","2","0","0","0","1","0","3","0","2","N","","","","","","","","","","","","07","  ","","",""
"1610","1","0","0","0","0","0","0","0","0","4","0","","36","11","2017","2017116294","5","40.0512","-76.5166","1559","08","0","0","0","0","0","0","1","0","2","0","0","0","15","1","1","00","1","40 03:04.424","2","07","76 30:59.580","3","0","0","0","36239","0","0","0","N","0","0","0","3","36239","0","","1","01","N","N","0","","1","0","1","0","0","N","1559","1","2","0","0","0","0","0","3","0","2","N","","","","","","","","","","","","03","  ","","",""
"1127","0","0","0","0","0","0","0","0","0","1","1","","36","11","2017","2017116402","5","40.156","-76.1319","1123","08","0","0","0","0","0","1","0","0","","0","1","0","11","1","0","00","0","40 09:21.703","","00","76 07:54.834","0","0","0","0","36218","0","0","0","N","0","0","0","2","36408","0","","1","01","N","N","0","","0","0","0","0","0","","1120","0","2","0","0","0","0","0","1","1","2","N","","","","","","","","","","","","03","  ","","",""
"1748","1","0","0","0","0","0","0","0","0","1","0","","36","11","2017","2017116430","2","40.1945","-76.1991","1746","08","0","0","0","0","0","0","0","0","1","0","0","0","17","3","1","00","1","40 11:40.044","4","00","76 11:56.900","2","0","1","1","36408","0","0","0","N","0","0","0","3","36408","0","","1","01","N","N","0","","0","1","0","0","0","Y","1744","1","2","0","0","0","0","0","2","0","2","N","","","","","","","","","","","","03","  ","","",""
"1905","1","0","0","0","0","0","0","0","0","0","0","","36","10","2017","2017116438","5","40.0775","-76.5472","1858","08","0","0","0","0","0","0","0","0","3","0","0","0","18","2","1","00","2","40 04:38.900","6","00","76 32:50.000","8","0","0","0","36211","0","0","0","N","0","0","0","2","36504","0","","4","09","N","N","0","","0","0","0","0","0","Y","1855","1","1","0","0","0","1","0","1","0","1","N","","","","","","","","","","","","07","  ","","",""
"1737","2","0","0","0","0","0","0","0","0","1","0","","36","09","2017","2017116466","1","40.2101","-76.2293","1730","08","0","0","0","0","0","0","0","0","2","0","0","0","17","1","4","00","1","40 12:36.444","6","07","76 13:45.437","4","0","0","0","36204","0","0","0","","0","0","0","5","36506","4","","1","01","N","N","0","","0","0","0","0","0","N","1730","4","2","0","0","0","0","0","1","0","2","N","","","","","","","","","","","","03","  ","","",""
"2055","1","0","0","0","0","0","0","0","0","1","0","","36","11","2017","2017116512","6","40.0217","-76.3297","2049","08","0","0","0","0","0","1","0","0","2","0","0","0","20","2","0","00","1","40 01:18.060","5","00","76 19:46.840","0","0","0","0","36220","1","0","0","N","0","0","0","2","36101","0","","1","01","N","N","0","","0","0","1","0","0","N","2048","0","2","0","0","0","0","0","3","0","2","N","","","","","","","","","","","","03","  ","","",""
"2325","1","0","0","0","0","0","0","0","0","2","0","","36","11","2017","2017116514","7","40.009","-76.4293","2318","08","0","0","0","1","0","0","0","0","2","0","0","0","23","2","1","01","2","40 00:32.544","2","00","76 25:45.623","4","0","0","0","36223","0","0","0","","0","0","0","3","36223","1","","1","09","N","N","1","","0","0","0","0","0","Y","2317","1","2","0","0","0","0","0","1","0","2","N","","","","","","","","","","","","07","  ","","",""
"1540","1","0","0","0","0","0","0","0","0","2","0","","36","11","2017","2017116515","1","40.009","-76.4293","1531","08","0","0","0","0","0","1","0","0","1","0","0","0","15","1","1","01","2","40 00:32.544","5","00","76 25:45.623","8","0","0","0","36223","0","0","0","","0","0","0","5","36223","0","","1","09","N","N","0","","0","0","1","0","0","Y","1529","1","2","0","0","0","1","0","1","0","2","N","","","","","","","","","","","","07","  ","","",""
"1302","1","0","0","0","0","0","0","0","0","1","0","","36","10","2017","2017116516","2","40.1103","-76.4401","1244","08","0","0","0","0","0","0","1","0","","0","0","0","12","1","0","00","0","40 06:36.991","","00","76 26:24.507","0","0","0","0","36230","0","0","0","N","0","0","0","4","36410","0","","1","01","N","N","0","","0","0","1","0","0","","1239","0","2","0","0","0","0","0","1","0","2","N","","","","","","","","","","","","03","  ","","",""
"1704","1","0","0","0","0","0","0","0","0","5","0","","36","11","2017","2017116517","6","40.1093","-76.4851","1657","08","0","0","0","0","0","0","0","0","","0","0","0","16","1","0","02","0","40 06:33.591","","00","76 29:05.540","0","0","0","0","36413","0","0","0","","0","0","0","3","36410","0","","1","01","N","N","0","","0","0","0","3","3","","1657","0","2","0","0","0","0","0","2","1","2","N","","","","","","","","","","","","03","  ","","",""
"2230","0","0","0","0","0","0","0","0","0","7","0","","36","11","2017","2017116518","1","40.2134","-76.4296","2213","08","0","0","1","0","0","0","0","0","2","0","0","0","22","2","0","00","2","40 12:48.096","5","00","76 25:46.446","0","0","0","0","36230","0","0","0","","0","0","0","1","36410","0","","5","09","N","N","1","","0","0","0","0","0","N","2213","0","1","0","0","0","0","0","1","0","1","N","","","","","","","","","","","","07","  ","","",""
"0654","1","0","0","0","0","0","0","0","0","9","0","","36","11","2017","2017116600","3","40.1909","-76.5782","0645","08","0","0","0","0","0","0","0","0","","0","0","0","06","1","0","00","0","40 11:27.099","","00","76 34:41.507","0","0","0","0","36225","0","0","0","N","0","0","0","1","36505","0","","1","01","N","N","0","","0","0","0","0","0","","0640","0","1","0","0","0","0","0","2","0","1","N","","","","","","","","","","","","03","  ","","",""
"1636","1","0","0","0","0","0","0","0","0","1","0","","36","11","2017","2017116618","2","40.0614","-76.3522","1627","08","0","0","0","0","0","0","0","0","2","0","0","0","16","1","0","00","2","40 03:41.161","4","00","76 21:07.752","0","0","0","0","36214","0","0","0","N","0","0","0","2","36214","0","","1","01","N","N","0","","0","0","1","0","0","Y","1625","0","2","0","0","0","0","0","3","0","2","N","","","","","","","","","","","","03","  ","","",""
"0836","1","0","0","0","0","0","0","0","0","7","0","","36","11","2017","2017116636","3","40.2146","-76.0959","0834","08","0","0","0","0","0","0","0","0","","0","0","0","08","1","0","00","0","40 12:52.669","","00","76 05:45.100","0","0","0","0","36210","0","0","0","Y","0","0","0","1","36210","0","","3","01","N","N","0","","0","0","0","0","0","","0833","0","2","0","0","1","0","0","1","0","1","N","","","","","","","","","","","","03","  ","","",""
"1647","0","0","0","0","0","0","0","0","0","0","0","","36","09","2017","2017116640","1","40.1293","-76.2191","1642","08","0","0","0","0","0","0","0","0","","0","0","0","16","1","1","01","0","40 07:45.579","","00","76 13:08.729","2","0","1","1","36238","0","0","0","N","0","0","0","1","36238","0","","1","01","N","N","0","","0","1","0","3","2","","1642","1","1","0","0","0","0","0","3","0","1","N","","","","","","","","","","","","03","  ","","",""
"1220","2","0","0","0","0","0","0","0","0","4","0","","36","11","2017","2017116641","4","40.0404","-76.2974","1215","08","0","0","0","1","0","0","0","0","2","0","0","0","12","1","0","01","2","40 02:25.538","6","00","76 17:50.699","0","0","0","0","36301","0","0","0","N","0","0","0","2","36301","0","","1","09","N","N","0","","0","0","0","3","2","Y","1212","0","2","0","0","0","0","0","3","0","2","N","","","","","","","","","","","","03","  ","","",""
"1654","1","0","0","0","0","0","0","0","0","1","0","35","36","11","2017","2017116652","5","40.223","-76.148","1646","08","0","0","0","0","0","1","0","0","","0","0","0","16","1","0","00","0","40 13:22.760","","00","76 08:52.829","0","0","0","0","36405","0","0","0","N","0","0","0","2","36210","0","","1","01","N","N","1","","0","0","0","0","0","","1644","0","2","0","0","0","0","0","1","0","2","Y","4","3","Y","","","N","","","","Y","","03","  ","","",""
"1518","1","0","0","0","0","0","0","0","0","1","0","","36","11","2017","2017116666","2","40.039","-76.5105","1513","08","0","0","0","0","0","1","0","0","1","0","0","0","15","1","1","01","1","40 02:20.317","1","00","76 30:37.949","8","0","0","0","36404","0","0","0","N","0","0","0","2","36404","0","","1","01","N","N","0","","0","0","1","0","0","N","1513","1","2","0","0","0","1","0","3","0","2","N","","","","","","","","","","","","03","  ","","",""
"0944","1","0","0","0","0","0","0","0","0","6","1","","36","11","2017","2017116674","3","40.0647","-76.4413","0940","08","0","0","0","0","0","1","0","0","2","0","0","0","09","1","1","02","2","40 03:52.766","6","00","76 26:28.722","8","0","0","0","36239","0","0","0","","0","0","0","2","36239","0","","1","01","","","0","","0","0","0","0","0","Y","0940","1","2","0","0","0","1","0","3","0","2","N","","","","","","","","","","","","03","  ","","",""
"1607","0","0","0","0","0","0","0","0","0","7","0","","36","11","2017","2017116687","2","40.0448","-76.4126","1553","08","0","0","0","0","0","0","0","0","","0","0","0","15","1","0","00","0","40 02:41.268","","00","76 24:45.463","0","0","0","0","36239","0","0","0","N","0","0","0","1","36239","0","","5","09","N","N","0","","0","0","1","0","0","","1500","0","1","0","0","0","0","0","3","0","1","N","","","","","","","","","","","","07","  ","","",""
"0936","1","0","0","0","0","0","0","0","0","1","0","","36","10","2017","2017116708","3","40.1036","-76.6456","0933","08","0","0","0","0","0","1","0","1","","0","0","0","09","1","0","00","0","40 06:12.990","","00","76 38:44.010","0","0","0","0","36207","0","0","0","N","0","0","0","2","36504","0","","5","01","N","N","0","","0","0","0","0","0","","0931","0","2","0","0","0","0","0","1","0","2","N","","","","","","","","","","","","03","  ","","",""
"1101","1","0","0","0","0","0","0","0","0","7","0","","36","11","2017","2017116730","2","40.0297","-76.5052","1101","08","0","0","0","0","0","0","0","0","1","0","0","0","11","1","0","00","1","40 01:47.045","1","00","76 30:18.828","0","0","0","0","36404","0","0","0","Y","0","0","0","1","36404","0","","2","09","N","N","0","","0","0","0","0","0","Y","1101","0","1","0","0","0","0","0","3","0","1","N","","","","","","","","","","","","07","  ","","",""
"0842","2","0","0","0","0","0","0","0","0","1","0","","36","11","2017","2017116783","2","40.1759","-76.1739","0840","08","0","0","0","0","0","1","0","1","","0","0","0","08","1","0","00","0","40 10:33.249","","00","76 10:26.137","0","0","0","0","36408","0","0","0","N","0","0","0","3","36408","0","","1","01","N","N","0","","0","0","1","0","0","","0838","0","3","0","0","0","0","0","2","0","3","N","","","","","","","","","","","","03","  ","","",""
"1133","0","0","0","0","0","0","0","0","0","4","0","","36","10","2017","2017116797","3","40.1063","-76.3544","1125","08","0","0","0","0","0","0","0","2","1","0","0","0","11","1","2","01","2","40 06:22.809","4","00","76 21:16.002","4","0","0","0","36406","0","0","0","N","0","0","0","3","36101","2","","1","01","N","N","0","","0","0","2","3","2","Y","1120","2","2","0","0","0","0","0","3","0","2","N","","","","","","","","","","","","03","  ","","",""
"1910","0","0","0","0","0","0","0","0","0","7","0","","36","08","2017","2017116863","7","40.0739","-76.0056","1854","08","0","0","0","0","0","0","0","0","2","0","0","0","18","1","1","00","2","40 04:25.930","6","00","76 00:20.240","3","0","0","0","36232","0","0","0","","0","0","0","1","68J01","0","","4","01","N","N","0","","1","0","1","0","0","Y","1853","1","1","0","0","0","0","0","1","0","1","N","","","","","","","","","","","","03","  ","","",""
"2311","0","0","0","0","0","0","0","0","0","9","0","","36","10","2017","2017116886","7","40.0784","-76.6526","2259","08","0","0","0","0","0","0","1","0","","0","0","0","22","2","0","00","0","40 04:42.199","","00","76 39:09.443","0","0","0","0","36207","0","0","0","N","0","0","0","1","36504","0","","1","01","N","N","0","","0","0","0","0","0","","2245","0","1","0","0","0","0","0","1","1","1","N","","","","","","","","","","","","03","  ","","",""
"1758","1","0","0","0","0","0","0","0","0","4","0","","36","11","2017","2017116892","3","40.1183","-76.0479","1754","08","0","0","0","0","0","1","0","0","2","0","0","0","17","3","2","01","1","40 07:05.968","4","00","76 02:52.589","3","0","0","0","36213","0","0","0","N","0","0","0","3","36213","1","","1","09","N","N","0","","1","0","1","3","2","Y","1754","2","2","0","0","0","0","0","1","0","2","N","","","","","","","","","","","","07","  ","","",""
"2335","1","0","1","0","0","0","0","0","0","5","0","","36","11","2017","2017116929","3","40.0375","-76.4205","2326","08","0","0","0","0","0","0","1","0","2","0","0","0","23","3","1","00","2","40 02:14.988","4","00","76 25:13.736","2","0","0","0","36239","0","0","0","N","0","0","0","1","36239","0","","2","01","N","N","1","","0","1","1","0","0","N","2326","1","3","0","0","0","0","0","3","0","3","N","","","","","","","","","","","","03","  ","","",""
"2036","2","0","0","0","0","0","0","0","0","4","0","","36","10","2017","2017116942","1","40.1449","-76.281","2028","08","0","0","0","0","0","0","0","0","","0","0","0","20","2","0","02","0","40 08:41.532","","00","76 16:51.736","0","0","0","0","36235","0","0","0","N","0","0","0","2","36506","0","","1","09","N","N","0","","0","0","0","0","0","","2028","0","2","0","0","0","0","0","1","0","2","N","","","","","","","","","","","","07","  ","","",""
"1207","1","0","0","0","0","0","0","0","0","2","0","","36","11","2017","2017116943","5","40.1297","-76.3113","1200","08","0","0","0","0","0","0","0","1","","0","0","0","12","1","1","02","0","40 07:46.855","","00","76 18:40.680","8","0","0","0","36235","0","0","0","N","0","0","0","6","36506","0","","1","01","N","N","0","","0","0","0","3","3","","1200","1","2","0","0","0","1","0","1","1","2","N","","","","","","","","","","","","03","  ","","",""
"1529","3","0","0","0","0","0","0","0","0","1","0","","36","10","2017","2017116987","2","40.0341","-76.2505","1523","08","0","0","0","0","0","0","0","0","","0","0","0","15","1","1","00","0","40 02:02.929","","00","76 15:01.795","4","0","0","0","36215","0","0","0","N","0","0","0","3","36215","1","","1","01","N","N","0","","0","0","0","3","2","","1523","1","3","0","0","0","0","0","1","0","3","N","","","","","","","","","","","","03","  ","","",""
"0818","2","0","0","0","0","0","0","0","0","1","0","","36","10","2017","2017116988","3","40.0402","-76.2378","0812","08","0","0","0","0","0","1","0","0","","0","0","0","08","1","0","00","0","40 02:24.650","","00","76 14:16.084","0","0","0","0","36215","0","0","0","","0","0","0","5","36215","0","","1","09","N","N","0","","0","0","0","0","0","","0812","0","3","0","0","0","0","0","1","1","3","N","","","","","","","","","","","","03","  ","","",""
"1358","1","0","0","0","0","0","0","0","0","1","0","","36","10","2017","2017116989","1","40.0205","-76.1922","1355","08","0","0","0","0","0","0","0","0","2","0","0","1","13","1","1","00","2","40 01:13.748","1","00","76 11:31.740","4","0","0","0","36215","2","0","0","N","0","0","0","3","36215","1","","1","09","N","N","0","","0","0","0","0","0","Y","1353","1","2","0","0","1","0","0","1","0","1","N","","","","","","","","","","","","03","  ","","",""
"2318","1","0","0","0","0","0","0","0","0","7","0","","36","10","2017","2017117104","1","40.1503","-76.1691","2314","08","0","0","0","0","0","0","0","0","","0","0","0","23","2","0","00","0","40 09:01.249","","00","76 10:08.770","9","0","0","0","36238","0","0","0","N","0","0","0","1","36238","0","","5","01","N","N","0","","0","0","0","0","0","","2310","0","1","0","0","0","0","1","3","0","1","N","","","","","","","","","","","","03","  ","","",""