"ARRIVAL_TM","AUTOMOBILE_COUNT","BELTED_DEATH_COUNT","BELTED_SUSP_SERIOUS_INJ_COUNT","BICYCLE_COUNT","BICYCLE_DEATH_COUNT","BICYCLE_SUSP_SERIOUS_INJ_COUNT","BUS_COUNT","CHLDPAS_DEATH_COUNT","CHLDPAS_SUSP_SERIOUS_INJ_COUNT","COLLISION_TYPE","COMM_VEH_COUNT","CONS_ZONE_SPD_LIM","COUNTY","CRASH_MONTH","CRASH_YEAR","CRN","DAY_OF_WEEK","DEC_LAT","DEC_LONG","DISPATCH_TM","DISTRICT","DRIVER_COUNT_16YR","DRIVER_COUNT_17YR","DRIVER_COUNT_18YR","DRIVER_COUNT_19YR","DRIVER_COUNT_20YR","DRIVER_COUNT_50_64YR","DRIVER_COUNT_65_74YR","DRIVER_COUNT_75PLUS","EST_HRS_CLOSED","FATAL_COUNT","HEAVY_TRUCK_COUNT","HORSE_BUGGY_COUNT","HOUR_OF_DAY","ILLUMINATION","INJURY_COUNT","INTERSECT_TYPE","LANE_CLOSED","LATITUDE","LN_CLOSE_DIR","LOCATION_TYPE","LONGITUDE","MAX_SEVERITY_LEVEL","MCYCLE_DEATH_COUNT","MCYCLE_SUSP_SERIOUS_INJ_COUNT","MOTORCYCLE_COUNT","MUNICIPALITY","NONMOTR_COUNT","NONMOTR_DEATH_COUNT","NONMOTR_SUSP_SERIOUS_INJ_COUNT","NTFY_HIWY_MAINT","PED_COUNT","PED_DEATH_COUNT","PED_SUSP_SERIOUS_INJ_COUNT","PERSON_COUNT","POLICE_AGCY","POSSIBLE_INJ_COUNT","RDWY_SURF_TYPE_CD","RELATION_TO_ROAD","ROAD_CONDITION","SCH_BUS_IND","SCH_ZONE_IND","SMALL_TRUCK_COUNT","SPEC_JURIS_CD","SUSP_MINOR_INJ_COUNT","SUSP_SERIOUS_INJ_COUNT","SUV_COUNT","TCD_FUNC_CD","TCD_TYPE","TFC_DETOUR_IND","TIME_OF_DAY","TOT_INJ_COUNT","TOTAL_UNITS","UNB_DEATH_COUNT","UNB_SUSP_SERIOUS_INJ_COUNT","UNBELTED_OCC_COUNT","UNK_INJ_DEG_COUNT","UNK_INJ_PER_COUNT","URBAN_RURAL","VAN_COUNT","VEHICLE_COUNT","WORK_ZONE_IND","WORK_ZONE_LOC","WORK_ZONE_TYPE","WORKERS_PRES","WZ_CLOSE_DETOUR","WZ_FLAGGER","WZ_LAW_OFFCR_IND","WZ_LN_CLOSURE","WZ_MOVING","WZ_OTHER","WZ_SHLDER_MDN","ROADWAY_CLEARED","WEATHER1","WEATHER2","WZ_WORKERS_INJ_KILLED","SECONDARY_CRASH","INTERSECTION_RELATED"
"1646","1","0","0","0","0","0","0","0","0","7","0","","36","11","2017","2017117119","6","40.1263","-76.2187","1641","08","0","0","0","0","0","1","0","0","2","0","0","0","16","1","2","00","2","40 07:34.803","2","00","76 13:07.436","3","0","0","0","36238","0","0","0","N","0","0","0","2","36238","1","","5","01","N","N","0","","1","0","1","0","0","Y","1640","2","2","0","0","0","0","0","3","0","2","N","","","","","","","","","","","","03","  ","","",""
"1303","1","0","0","0","0","0","0","0","0","4","0","","36","11","2017","2017117137","7","40.1256","-76.21","1301","08","0","0","0","0","0","0","0","0","1","0","0","0","13","1","1","01","1","40 07:31.986","3","00","76 12:35.869","3","0","0","0","36238","0","0","0","N","0","0","0","4","36238","0","","1","01","N","N","0","","1","0","1","3","3","N","1300","1","2","0","0","0","0","0","3","0","2","N","","","","","","","","","","","","03","  ","","",""
"2324","1","0","0","0","0","0","0","0","0","9","0","","36","11","2017","2017117154","6","40.1624","-76.2737","2322","08","0","0","0","0","0","1","0","0","1","0","0","0","23","2","0","00","1","40 09:44.760","2","00","76 16:25.400","0","0","0","0","36235","0","0","0","N","0","0","0","2","36506","0","","1","01","N","N","0","","0","0","0","0","0","N","2322","0","1","0","0","0","0","0","1","0","1","N","","","","","","","","","","","","03","  ","","",""
"1900","0","0","0","0","0","0","0","0","0","1","0","","36","10","2017","2017117167","5","40.0399","-76.3028","1853","08","0","0","0","0","0","0","0","0","","0","0","0","17","3","0","00","0","40 02:23.550","","00","76 18:10.135","0","0","0","0","36301","0","0","0","N","0","0","0","2","36301","0","","1","01","","","0","","0","0","2","0","0","","1757","0","2","0","0","0","0","0","3","0","2","N","","","","","","","","","","","","03","  ","","",""
"1257","2","0","0","0","0","0","0","0","0","4","0","","36","11","2017","2017117178","4","40.1383","-76.1002","1250","08","0","0","0","0","0","1","0","1","2","0","0","0","12","1","2","01","2","40 08:17.788","4","00","76 06:00.418","3","0","0","0","36209","0","0","0","N","0","0","0","2","36415","0","","1","01","N","N","0","","2","0","0","3","3","N","1250","2","2","0","0","1","0","0","1","0","2","N","","","","","","","","","","","","03","  ","","",""
"0748","1","0","0","0","0","0","0","0","0","8","0","","36","11","2017","2017117204","4","40.0374","-76.3105","0747","08","0","0","0","0","0","0","0","0","","0","0","0","07","1","1","01","0","40 02:14.785","","00","76 18:37.926","2","0","0","0","36301","1","0","1","N","1","0","1","2","36301","0","","1","01","N","N","0","","0","1","0","3","8","","0746","1","2","0","0","0","0","0","3","0","1","N","","","","","","","","","","","","03","  ","","",""
"1501","1","0","0","0","0","0","0","0","0","1","0","","36","10","2017","2017117217","3","39.9873","-76.2778","1455","08","0","0","1","0","0","1","0","0","","0","0","0","14","1","0","00","0","39 59:14.250","","00","76 16:40.000","0","0","0","0","36240","0","0","0","N","0","0","0","5","36240","0","","1","01","N","N","0","","0","0","1","0","0","","1450","0","3","0","0","0","0","0","1","1","3","N","","","","","","","","","","","","03","  ","","",""
"0926","1","0","0","0","0","0","0","0","0","1","0","","36","11","2017","2017117226","4","40.0453","-76.4245","0916","08","0","0","0","0","0","0","0","0","1","0","0","0","09","1","0","07","1","40 02:41.756","3","02","76 25:34.941","0","0","0","0","36239","0","0","0","N","0","0","0","3","36239","0","","1","01","N","N","0","","0","0","1","3","2","N","0914","0","2","0","0","0","0","0","3","0","2","N","","","","","","","","","","","","03","  ","","",""
"0703","1","0","0","0","0","0","0","0","0","4","0","","36","11","2017","2017117330","4","40.068","-76.3159","0700","08","0","0","0","0","0","1","0","0","1","0","0","0","06","3","0","01","1","40 04:04.857","1","00","76 18:57.193","0","0","0","0","36101","0","0","0","","0","0","0","8","36101","0","","1","01","N","N","1","","0","0","0","3","2","N","0657","0","2","0","0","0","0","0","3","0","2","N","","","","","","","","","","","","03","  ","","",""
"0547","1","0","0","0","0","0","0","0","0","1","0","","36","11","2017","2017117331","5","40.0757","-76.3365","0544","08","0","0","0","0","0","1","0","0","2","0","0","0","05","2","2","00","2","40 04:32.663","3","00","76 20:11.275","3","0","0","0","36101","0","0","0","","0","0","0","4","36101","1","","1","01","N","N","1","","1","0","0","0","0","N","0542","2","3","0","0","0","0","0","3","1","3","N","","","","","","","","","","","","03","  ","","",""
"0633","1","0","0","0","0","0","0","0","0","4","0","","36","11","2017","2017117332","5","40.1066","-76.3263","0628","08","0","0","0","0","0","1","0","0","2","0","0","0","06","2","1","02","1","40 06:23.916","4","00","76 19:34.775","3","0","0","1","36101","0","0","0","","0","0","0","2","36101","0","","1","01","N","N","0","","1","0","0","0","0","N","0625","1","2","0","0","0","0","0","3","0","2","N","","","","","","","","","","","","03","  ","","",""
"1103","2","0","0","0","0","0","0","0","0","4","0","","36","10","2017","2017117353","2","40.0112","-76.1358","1050","08","0","0","0","0","0","0","1","0","1","0","0","0","07","1","0","01","1","40 00:40.355","6","00","76 08:08.950","0","0","0","0","36226","0","0","0","","0","0","0","3","68J01","0","","1","09","N","N","0","","0","0","0","3","3","N","0718","0","2","0","0","0","0","0","1","0","2","N","","","","","","","","","","","","07","  ","","",""
"0646","1","0","0","0","0","0","0","0","0","9","0","","36","10","2017","2017117371","3","40.1308","-76.5308","0629","08","0","0","0","0","0","0","0","0","","0","0","0","06","2","0","00","0","40 07:50.758","","00","76 31:50.775","0","0","0","0","36225","0","0","0","N","0","0","0","3","68J01","0","","1","01","N","N","0","","0","0","0","0","0","","0620","0","1","0","0","0","0","0","2","0","1","N","","","","","","","","","","","","03","  ","","",""
"1950","1","0","0","0","0","0","0","0","0","7","0","","36","11","2017","2017117446","2","40.2724","-76.0892","1946","08","0","0","0","0","0","0","0","0","","0","0","0","19","2","0","00","0","40 16:20.748","","00","76 05:21.188","0","0","0","0","36210","0","0","0","N","0","0","0","1","36210","0","","5","09","N","N","0","","0","0","0","0","0","","1943","0","1","0","0","0","0","0","1","0","1","N","","","","","","","","","","","","07","  ","","",""
"1331","1","0","0","0","0","0","0","0","0","7","0","","36","11","2017","2017117465","2","40.0446","-76.4906","1331","08","0","0","1","0","0","0","0","0","","0","0","0","13","1","0","00","0","40 02:40.695","","03","76 29:26.126","0","0","0","0","36404","0","0","0","Y","0","0","0","1","36404","0","","2","09","N","N","0","","0","0","0","0","0","","1331","0","1","0","0","0","0","0","3","0","1","N","","","","","","","","","","","","07","  ","","",""
"2340","1","0","0","0","0","0","0","0","0","7","0","","36","11","2017","2017117467","4","40.042","-76.4097","2330","08","0","0","0","0","0","0","0","0","1","0","0","0","23","3","1","00","1","40 02:31.020","1","00","76 24:35.060","4","0","0","0","36239","0","0","0","N","0","0","0","1","36239","1","","2","01","N","N","0","","0","0","0","0","0","N","2330","1","1","0","0","0","0","0","3","0","1","N","","","","","","","","","","","","03","  ","","",""
"2217","2","0","0","0","0","0","0","0","0","1","0","","36","11","2017","2017117472","1","","","2212","08","0","0","0","0","0","0","0","0","","0","0","0","22","2","0","00","0","","","00","","0","0","0","0","36225","0","0","0","N","0","0","0","2","36505","0","","1","09","","","0","","0","0","0","0","0","","2212","0","2","0","0","0","0","0","2","0","2","N","","","","","","","","","","","","07","  ","","",""
"2015","0","0","0","0","0","0","0","0","0","7","0","","36","10","2017","2017117473","3","40.0319","-76.5","2015","08","0","1","0","0","0","0","0","0","","0","0","0","20","3","0","01","0","40 01:54.735","","00","76 29:59.892","0","0","0","0","36404","0","0","0","N","0","0","0","1","36404","0","","5","01","N","N","0","","0","0","1","0","0","","2015","0","1","0","0","0","0","0","3","0","1","N","","","","","","","","","","","","03","  ","","",""
"1754","0","0","0","0","0","0","0","0","0","4","0","","36","11","2017","2017117509","1","39.8704","-76.243","1752","08","0","0","0","0","0","1","0","0","2","0","0","0","17","2","0","00","2","39 52:13.331","6","00","76 14:34.681","0","0","0","0","36208","0","0","0","","0","0","0","3","68J01","0","","1","01","N","N","2","","0","0","0","0","0","Y","1749","0","2","0","0","0","0","0","1","0","2","N","","","","","","","","","","","","03","  ","","",""
"2246","0","0","0","0","0","0","0","0","0","0","0","","36","11","2017","2017117535","5","40.019","-76.3214","2245","08","0","0","0","0","0","0","0","0","","0","0","0","22","3","1","00","0","40 01:08.372","","07","76 19:16.868","3","0","0","1","36220","0","0","0","N","0","0","0","1","36101","0","","1","01","N","N","0","","1","0","0","0","0","","2245","1","1","0","0","0","0","0","3","0","1","N","","","","","","","","","","","","03","  ","","",""
"1532","1","0","0","0","0","0","0","0","0","4","0","","36","10","2017","2017117536","6","40.025","-76.3249","1530","08","0","0","0","0","0","1","0","0","1","0","0","0","15","1","1","00","1","40 01:29.860","5","07","76 19:29.560","4","0","0","0","36220","0","0","0","N","0","0","0","2","36101","1","","1","09","N","N","0","","0","0","1","3","3","N","1525","1","2","0","0","0","0","0","3","0","2","N","","","","","","","","","","","","07","  ","","",""
"1747","3","0","0","0","0","0","0","0","0","1","0","","36","11","2017","2017117537","3","40.0259","-76.3291","1740","08","0","0","1","1","0","0","0","0","2","0","0","0","17","3","0","00","1","40 01:33.359","3","00","76 19:44.789","0","0","0","0","36220","0","0","0","","0","0","0","4","36101","0","","1","09","N","N","1","","0","0","0","0","0","Y","1740","0","4","0","0","0","0","0","3","0","4","N","","","","","","","","","","","","07","  ","","",""
"2107","1","0","0","0","0","0","0","0","0","9","0","","36","11","2017","2017117538","4","40.0851","-76.2656","2103","08","0","0","1","0","0","0","0","0","","0","0","0","21","2","0","00","0","40 05:06.210","","00","76 15:56.230","0","0","0","0","36101","0","0","0","N","0","0","0","1","36101","0","","1","01","N","N","0","","0","0","0","0","0","","2103","0","1","0","0","0","0","0","3","0","1","N","","","","","","","","","","","","03","  ","","",""
"0119","1","0","0","0","0","0","0","0","0","7","0","","36","11","2017","2017117539","5","40.0705","-76.3271","0115","08","0","0","0","0","0","0","0","0","","0","0","0","01","3","0","00","0","40 04:13.937","","03","76 19:37.486","0","0","0","0","36101","0","0","0","","0","0","0","1","36101","0","","2","01","N","N","0","","0","0","0","0","0","","0112","0","1","0","0","0","0","0","3","0","1","N","","","","","","","","","","","","03","  ","","",""
"0635","0","0","0","0","0","0","0","0","0","9","0","","36","11","2017","2017117540","5","40.0981","-76.2672","0630","08","0","0","0","0","0","1","0","0","","0","0","0","06","3","0","00","0","40 05:53.178","","00","76 16:01.929","0","0","0","0","36101","0","0","0","","0","0","0","1","36101","0","","1","01","N","N","0","","0","0","1","0","0","","0622","0","1","0","0","0","0","0","3","0","1","N","","","","","","","","","","","","03","  ","","",""
"1827","1","0","0","0","0","0","0","0","0","1","0","","36","10","2017","2017117541","1","40.0393","-76.1986","1827","08","0","0","1","0","0","0","0","0","2","0","0","0","17","2","0","00","1","40 02:21.574","4","00","76 11:54.856","0","0","0","0","36215","0","0","0","","0","0","0","3","36215","0","","1","09","N","N","0","","0","0","1","0","0","N","1755","0","2","0","0","0","0","0","1","0","2","N","","","","","","","","","","","","07","  ","","",""
"1540","1","0","0","0","0","0","0","0","0","4","0","","36","10","2017","2017117542","2","40.0761","-76.2059","1540","08","0","0","0","0","0","0","0","1","1","0","0","0","15","1","0","01","2","40 04:34.113","4","00","76 12:21.249","0","0","0","0","36234","0","0","0","N","0","0","0","2","36215","0","","1","01","N","N","0","","0","0","1","3","3","N","1540","0","2","0","0","0","0","0","1","0","2","N","","","","","","","","","","","","03","  ","","",""
"1520","0","0","0","0","0","0","0","0","0","4","0","","36","11","2017","2017117554","4","40.0975","-76.0693","1515","08","0","0","0","0","0","0","1","0","1","0","0","0","15","1","1","01","1","40 05:51.093","4","00","76 04:09.310","8","0","0","0","36209","0","0","0","N","0","0","0","3","36415","0","","1","01","N","N","2","","0","0","0","0","0","N","1510","1","2","0","0","1","1","0","1","0","2","N","","","","","","","","","","","","03","  ","","",""
"1609","0","0","0","0","0","0","0","0","0","1","0","","36","10","2017","2017117557","3","40.1666","-76.6071","1604","08","0","1","0","0","0","0","0","0","1","0","0","0","16","1","3","00","2","40 09:59.902","1","00","76 36:25.483","4","0","0","0","36225","0","0","0","N","0","0","0","6","36505","3","","1","01","N","N","1","","0","0","1","0","0","N","1600","3","4","0","0","0","0","1","2","2","4","N","","","","","","","","","","","","03","  ","","",""
"1126","2","0","0","0","0","0","0","0","0","1","0","","36","11","2017","2017117563","4","40.0524","-76.3063","1124","08","0","0","0","0","0","0","0","0","2","0","0","0","11","1","2","00","1","40 03:08.502","2","00","76 18:22.856","8","0","0","0","36301","0","0","0","N","0","0","0","2","36301","0","","1","01","N","N","0","","0","0","0","0","0","N","1122","2","2","0","0","0","2","0","3","0","2","N","","","","","","","","","","","","03","  ","","",""
"0717","1","0","0","0","0","0","0","0","0","4","0","","36","11","2017","2017117564","5","40.0953","-76.4103","0715","08","0","0","0","0","0","0","0","0","","0","0","0","07","1","1","01","0","40 05:43.016","","00","76 24:37.175","8","0","0","1","36214","0","0","0","N","0","0","0","2","36214","0","","1","01","N","N","0","","0","0","0","0","0","","0713","1","2","0","0","0","1","0","3","0","2","N","","","","","","","","","","","","03","  ","","",""
"1022","1","0","0","0","0","0","0","0","0","3","0","","36","11","2017","2017117567","4","40.0382","-76.3039","1020","08","0","0","0","0","0","0","1","0","2","0","0","0","10","1","0","00","1","40 02:17.351","3","00","76 18:14.188","0","0","0","0","36301","0","0","0","N","0","0","0","1","36301","0","","5","01","N","N","0","","0","0","1","0","0","N","1020","0","2","0","0","0","0","0","3","0","2","N","","","","","","","","","","","","03","  ","","",""
"0711","0","0","0","0","0","0","0","0","0","7","0","","36","11","2017","2017117605","4","40.226","-76.1326","0703","08","0","1","0","0","0","0","0","0","2","0","0","0","07","1","2","00","1","40 13:33.700","5","00","76 07:57.400","3","0","0","0","36210","0","0","0","N","0","0","0","2","36210","0","","4","09","N","N","1","","2","0","0","0","0","N","0701","2","1","0","0","0","0","0","1","0","1","N","","","","","","","","","","","","03","  ","","",""
"1743","2","0","0","0","0","0","0","0","0","5","0","","36","10","2017","2017117638","6","40.1091","-76.4955","1738","08","0","0","0","0","0","0","0","0","1","0","0","0","17","1","0","00","1","40 06:32.832","3","00","76 29:43.899","0","0","0","0","36413","0","0","0","N","0","0","0","2","36413","0","","1","09","N","N","0","","0","0","0","0","0","N","1737","0","2","0","0","0","0","0","2","0","2","N","","","","","","","","","","","","07","  ","","",""
"1012","1","0","0","0","0","0","0","0","0","4","1","","36","09","2017","2017117639","5","40.0445","-76.309","1008","08","0","0","0","1","0","0","0","0","2","0","0","0","10","1","0","00","2","40 02:40.302","2","00","76 18:32.270","0","0","0","0","36301","0","0","0","","0","0","0","2","36301","0","","1","01","","","1","","0","0","0","3","2","Y","1008","0","4","0","0","0","0","0","3","2","4","N","","","","","","","","","","","","03","  ","","",""
"1028","2","0","0","0","0","0","0","0","0","4","0","","36","11","2017","2017117657","5","40.1009","-76.0823","1023","08","0","0","0","0","0","1","0","0","2","0","0","0","10","1","2","01","2","40 06:03.334","6","00","76 04:56.150","3","0","0","0","36415","0","0","0","N","0","0","0","3","36415","0","","1","01","N","N","0","","2","0","0","3","3","Y","1023","2","2","0","0","0","0","0","1","0","2","N","","","","","","","","","","","","03","  ","","",""
"1316","1","0","0","0","0","0","0","0","0","8","0","","36","10","2017","2017117724","2","40.0388","-76.111","1309","08","0","1","0","0","0","0","0","0","3","0","0","0","13","1","2","02","1","40 02:19.833","3","00","76 06:39.712","3","0","0","0","36221","2","0","0","","2","0","0","3","68J01","0","","1","01","N","N","0","","1","0","0","0","0","Y","1306","2","3","0","0","0","1","0","1","0","1","N","","","","","","","","","","","","03","  ","","",""
"2148","0","0","0","0","0","0","0","0","0","7","0","","36","11","2017","2017117740","7","40.0681","-76.2959","2141","08","0","0","0","0","0","1","0","0","","0","0","0","21","2","0","00","0","40 04:05.045","","00","76 17:45.218","0","0","0","0","36101","0","0","0","","0","0","0","1","36101","0","","2","09","N","N","1","","0","0","0","0","0","","2139","0","1","0","0","0","0","0","3","0","1","N","","","","","","","","","","","","07","  ","","",""
"0002","1","0","0","0","0","0","0","0","0","7","0","","36","11","2017","2017117741","7","40.1076","-76.3371","2355","08","0","0","0","0","0","0","0","0","","0","0","0","23","2","0","00","0","40 06:27.430","","00","76 20:13.610","0","0","0","0","36101","0","0","0","N","0","0","0","2","36101","0","","4","09","N","N","0","","0","0","0","0","0","","2340","0","1","0","0","0","0","0","3","0","1","N","","","","","","","","","","","","03","  ","","",""
"2149","0","0","0","0","0","0","0","0","0","7","0","","36","10","2017","2017117785","6","40.0402","-75.9666","2111","08","0","0","0","0","0","0","0","0","","0","0","0","21","2","0","00","0","40 02:24.560","","00","75 57:59.710","0","0","0","0","36232","0","0","0","N","0","0","0","1","68J01","0","","5","2","N","N","1","","0","0","0","0","0","","2107","0","1","0","0","0","0","0","1","0","1","N","","","","","","","","","","","","03","  ","","",""
"1637","2","0","0","0","0","0","0","0","0","1","0","","36","10","2017","2017117788","7","40.1501","-75.9061","1610","08","0","0","0","0","0","0","1","0","2","0","0","0","16","1","3","00","2","40 09:00.438","3","00","75 54:21.883","4","0","0","0","36203","0","0","0","","0","0","0","6","68J01","3","","1","01","N","N","0","","0","0","1","0","0","N","1608","3","3","0","0","0","0","1","1","0","3","N","","","","","","","","","","","","03","  ","","",""
"1811","1","0","0","0","0","0","0","0","0","1","0","","36","11","2017","2017117805","4","39.8965","-76.1768","1801","08","0","0","0","0","0","1","0","0","2","0","0","0","17","1","2","00","2","39 53:47.571","5","00","76 10:36.585","8","0","0","0","36229","0","0","0","","0","0","0","6","68J01","0","","1","01","N","N","1","","0","0","1","0","0","Y","1756","2","3","0","0","0","2","0","1","0","3","N","","","","","","","","","","","","03","  ","","",""
"1637","0","0","0","0","0","0","0","0","0","4","0","","36","11","2017","2017117808","5","39.7353","-76.1917","1623","08","0","0","0","0","0","0","1","0","","0","0","0","16","1","0","01","0","39 44:07.184","","00","76 11:30.260","9","0","0","0","36219","0","0","0","N","0","0","0","2","68J01","0","","1","01","N","N","0","","0","0","1","3","3","","1616","0","2","0","0","0","0","1","1","0","2","N","","","","","","","","","","","","03","  ","","",""
"1637","1","0","0","0","0","0","0","0","0","7","0","","36","11","2017","2017117817","1","40.0075","-76.0391","1636","08","0","0","0","0","0","0","0","0","2","0","0","0","16","1","4","00","1","40 00:27.092","4","00","76 02:20.914","3","0","0","0","36232","0","0","0","","0","0","0","4","68J01","3","","4","01","N","N","0","","1","0","0","0","0","N","1635","4","1","0","0","0","0","0","1","0","1","N","","","","","","","","","","","","03","  ","","",""
"1406","0","0","0","0","0","0","0","0","0","2","0","","36","11","2017","2017117823","2","39.9262","-76.1943","1352","08","0","0","0","0","0","2","0","0","2","0","0","0","13","1","0","00","2","39 55:34.480","3","00","76 11:39.350","0","0","0","0","36233","0","0","0","N","0","0","0","3","68J01","0","","1","09","N","N","1","","0","0","1","0","0","N","1350","0","2","0","0","0","0","0","1","0","2","N","","","","","","","","","","","","07","  ","","",""
"0736","2","0","0","0","0","0","0","0","0","1","0","","36","11","2017","2017117829","3","40.0386","-76.1617","0729","08","0","0","0","0","0","0","0","0","","0","0","0","07","1","0","02","0","40 02:18.921","","00","76 09:42.232","0","0","0","0","36221","0","0","0","N","0","0","0","2","68J01","0","","1","01","N","N","0","","0","0","0","0","0","","0727","0","2","0","0","0","0","0","1","0","2","N","","","","","","","","","","","","03","  ","","",""
"1552","2","0","0","0","0","0","0","0","0","4","0","","36","11","2017","2017117836","3","39.9479","-76.2301","1538","08","0","1","0","0","0","0","1","0","","0","0","0","15","1","1","05","0","39 56:52.261","","00","76 13:48.292","3","0","0","0","36233","0","0","0","N","0","0","0","2","68J01","0","","1","09","N","N","1","","1","0","2","3","3","","1535","1","5","0","0","0","0","0","1","0","5","N","","","","","","","","","","","","07","  ","","",""
"1909","0","0","0","0","0","0","0","0","0","7","0","","36","11","2017","2017117839","3","39.9012","-76.2999","1843","08","0","0","1","0","0","0","0","0","2","0","0","0","18","2","0","02","1","39 54:04.325","5","00","76 17:59.497","0","0","0","0","36224","0","0","0","N","0","0","0","1","68J01","0","","5","08","N","N","0","","0","0","0","3","3","N","1841","0","1","0","0","0","0","0","1","1","1","N","","","","","","","","","","","","07","  ","","",""
"0414","1","0","0","0","0","0","0","0","0","7","0","","36","11","2017","2017117841","4","39.9735","-76.0218","0354","08","0","0","0","0","0","0","0","0","","0","0","0","03","2","0","00","0","39 58:24.717","","00","76 01:18.426","0","0","0","0","36231","0","0","0","N","0","0","0","1","68J01","0","","4","01","N","N","0","","0","0","0","0","0","","0352","0","1","0","0","0","0","0","1","0","1","N","","","","","","","","","","","","03","  ","","",""
"1805","2","0","0","0","0","0","0","0","0","4","0","","36","11","2017","2017117889","5","40.1133","-76.03","1801","08","0","0","0","0","0","0","0","1","2","0","0","0","17","4","0","02","1","40 06:47.782","3","00","76 01:48.032","0","0","0","0","36213","0","0","0","N","0","0","0","6","36213","0","","1","09","N","N","0","","0","0","0","3","3","N","1755","0","2","0","0","0","0","0","1","0","2","N","","","","","","","","","","","","98","  ","","",""
"2043","0","0","0","0","0","0","0","0","0","4","0","","36","11","2017","2017117910","5","40.2632","-76.182","2035","08","0","1","0","0","0","0","0","0","","0","0","0","20","2","0","01","0","40 15:47.587","","00","76 10:55.076","0","0","0","0","36236","0","0","0","N","0","0","0","8","36408","0","","1","09","N","N","0","","0","0","1","0","0","","2033","0","2","0","0","0","0","0","1","1","2","N","","","","","","","","","","","","07","  ","","",""
"1904","0","0","0","0","0","0","0","0","0","4","0","","36","11","2017","2017117919","5","40.1034","-76.4349","1854","08","0","0","0","0","0","0","0","0","2","0","0","0","18","2","0","02","2","40 06:12.364","5","00","76 26:05.688","0","0","0","0","36239","0","0","0","N","0","0","0","2","36239","0","","1","09","N","N","2","","0","0","0","0","0","Y","1854","0","2","0","0","0","0","0","3","0","2","N","","","","","","","","","","","","07","  ","","",""
"2052","0","0","0","0","0","0","0","0","0","2","0","","36","11","2017","2017117999","7","40.1115","-76.4107","2050","08","0","0","1","0","0","1","0","0","2","0","0","0","20","2","0","00","2","40 06:41.470","6","00","76 24:38.690","0","0","0","0","36214","0","0","0","N","0","0","0","3","36214","0","","1","09","N","N","2","","0","0","0","0","0","Y","2042","0","2","0","0","0","0","0","3","0","2","N","","","","","","","","","","","","07","  ","","",""
"1830","0","0","0","0","0","0","0","0","0","4","0","","36","11","2017","2017118014","3","40.1149","-76.0355","1828","08","0","0","0","0","0","0","1","0","2","0","0","0","18","2","0","02","2","40 06:53.493","4","00","76 02:07.896","0","0","0","0","36213","0","0","0","N","0","0","0","2","36213","0","","1","09","N","N","1","","0","0","1","0","0","N","1825","0","2","0","0","0","0","0","1","0","2","N","","","","","","","","","","","","07","  ","","",""
"1051","1","0","0","0","0","0","0","0","0","4","0","","36","11","2017","2017118071","6","40.037","-76.4552","1048","08","0","0","0","0","0","0","0","0","","0","0","0","10","1","0","00","0","40 02:13.265","","07","76 27:18.776","0","0","0","0","36239","0","0","0","N","0","0","0","3","36239","0","","1","01","N","N","0","","0","0","1","0","0","","1045","0","2","0","0","0","0","0","3","0","2","N","","","","","","","","","","","","03","  ","","",""
"0756","2","0","0","0","0","0","0","0","0","4","0","","36","11","2017","2017118099","4","40.214","-76.1583","0747","08","0","0","0","0","1","1","0","0","2","0","0","0","07","1","0","01","1","40 12:50.259","1","00","76 09:29.735","0","0","0","0","36210","0","0","0","N","0","0","0","4","36210","0","","1","01","N","N","0","","0","0","0","3","3","N","0745","0","2","0","0","0","0","0","1","0","2","N","","","","","","","","","","","","03","  ","","",""
"1950","2","0","0","0","0","0","0","0","0","4","0","","36","10","2017","2017118101","1","40.0264","-76.3137","1941","08","0","0","0","0","0","0","0","0","1","0","0","0","19","3","0","01","1","40 01:35.187","1","00","76 18:49.161","0","0","0","0","36301","0","0","0","N","0","0","0","2","36301","0","","1","09","","","0","","0","0","0","3","3","N","1938","0","2","0","0","0","0","0","3","0","2","N","","","","","","","","","","","","07","  ","","",""
"0418","0","0","0","0","0","0","0","0","0","7","0","","36","11","2017","2017118151","1","39.7534","-76.1261","0335","08","0","0","0","0","0","1","0","0","","0","0","0","03","2","0","00","0","39 45:12.104","","00","76 07:33.891","0","0","0","0","36222","0","0","0","","0","0","0","1","68J01","0","","4","09","N","N","0","","0","0","1","3","8","","0332","0","1","0","0","0","0","0","1","0","1","N","","","","","","","","","","","","03","  ","","",""
"0455","1","0","0","0","0","0","0","0","0","7","0","","36","11","2017","2017118228","3","40.2258","-76.4318","0445","08","0","0","0","0","0","0","0","0","2","0","0","0","04","2","2","00","2","40 13:32.768","5","00","76 25:54.332","2","0","0","0","36230","0","0","0","Y","0","0","0","2","36410","0","","5","01","N","N","0","","1","1","0","0","0","Y","0444","2","1","0","0","0","0","0","1","0","1","N","","","","","","","","","","","","03","  ","","",""
"0141","2","0","0","0","0","0","0","0","0","4","0","","36","10","2017","2017118245","7","40.0379","-76.5042","0152","08","0","0","0","0","0","0","0","0","3","0","0","0","01","6","0","01","2","40 02:16.558","7","00","76 30:14.950","0","0","0","0","36404","0","0","0","N","0","0","0","2","36404","0","","1","01","N","N","0","","0","0","0","3","3","Y","0134","0","2","0","0","0","0","0","3","0","2","N","","","","","","","","","","","","03","  ","","",""