"ARRIVAL_TM","AUTOMOBILE_COUNT","BELTED_DEATH_COUNT","BELTED_SUSP_SERIOUS_INJ_COUNT","BICYCLE_COUNT","BICYCLE_DEATH_COUNT","BICYCLE_SUSP_SERIOUS_INJ_COUNT","BUS_COUNT","CHLDPAS_DEATH_COUNT","CHLDPAS_SUSP_SERIOUS_INJ_COUNT","COLLISION_TYPE","COMM_VEH_COUNT","CONS_ZONE_SPD_LIM","COUNTY","CRASH_MONTH","CRASH_YEAR","CRN","DAY_OF_WEEK","DEC_LAT","DEC_LONG","DISPATCH_TM","DISTRICT","DRIVER_COUNT_16YR","DRIVER_COUNT_17YR","DRIVER_COUNT_18YR","DRIVER_COUNT_19YR","DRIVER_COUNT_20YR","DRIVER_COUNT_50_64YR","DRIVER_COUNT_65_74YR","DRIVER_COUNT_75PLUS","EST_HRS_CLOSED","FATAL_COUNT","HEAVY_TRUCK_COUNT","HORSE_BUGGY_COUNT","HOUR_OF_DAY","ILLUMINATION","INJURY_COUNT","INTERSECT_TYPE","LANE_CLOSED","LATITUDE","LN_CLOSE_DIR","LOCATION_TYPE","LONGITUDE","MAX_SEVERITY_LEVEL","MCYCLE_DEATH_COUNT","MCYCLE_SUSP_SERIOUS_INJ_COUNT","MOTORCYCLE_COUNT","MUNICIPALITY","NONMOTR_COUNT","NONMOTR_DEATH_COUNT","NONMOTR_SUSP_SERIOUS_INJ_COUNT","NTFY_HIWY_MAINT","PED_COUNT","PED_DEATH_COUNT","PED_SUSP_SERIOUS_INJ_COUNT","PERSON_COUNT","POLICE_AGCY","POSSIBLE_INJ_COUNT","RDWY_SURF_TYPE_CD","RELATION_TO_ROAD","ROAD_CONDITION","SCH_BUS_IND","SCH_ZONE_IND","SMALL_TRUCK_COUNT","SPEC_JURIS_CD","SUSP_MINOR_INJ_COUNT","SUSP_SERIOUS_INJ_COUNT","SUV_COUNT","TCD_FUNC_CD","TCD_TYPE","TFC_DETOUR_IND","TIME_OF_DAY","TOT_INJ_COUNT","TOTAL_UNITS","UNB_DEATH_COUNT","UNB_SUSP_SERIOUS_INJ_COUNT","UNBELTED_OCC_COUNT","UNK_INJ_DEG_COUNT","UNK_INJ_PER_COUNT","URBAN_RURAL","VAN_COUNT","VEHICLE_COUNT","WORK_ZONE_IND","WORK_ZONE_LOC","WORK_ZONE_TYPE","WORKERS_PRES","WZ_CLOSE_DETOUR","WZ_FLAGGER","WZ_LAW_OFFCR_IND","WZ_LN_CLOSURE","WZ_MOVING","WZ_OTHER","WZ_SHLDER_MDN","ROADWAY_CLEARED","WEATHER1","WEATHER2","WZ_WORKERS_INJ_KILLED","SECONDARY_CRASH","INTERSECTION_RELATED"
"1704","1","0","0","0","0","0","0","0","0","4","0","","36","11","2017","2017118261","6","40.1713","-76.1704","1703","08","0","0","1","0","0","0","0","0","2","0","0","0","17","4","0","00","2","40 10:16.725","3","00","76 10:13.354","0","0","0","0","36408","0","0","0","N","0","0","0","3","36408","0","","1","01","N","N","0","","0","0","1","0","0","N","1700","0","2","0","0","0","0","0","2","0","2","N","","","","","","","","","","","","03","  ","","",""
"1659","2","0","0","0","0","0","0","0","0","4","0","","36","11","2017","2017118286","6","40.2402","-76.0593","1644","08","0","0","0","0","0","0","0","1","","0","0","0","16","1","0","01","0","40 14:24.690","","00","76 03:33.455","0","0","0","0","36401","0","0","0","N","0","0","0","2","36408","0","","1","01","N","N","0","","0","0","0","3","2","","1648","0","2","0","0","0","0","0","1","0","2","N","","","","","","","","","","","","03","  ","","",""
"0155","2","0","0","0","0","0","0","0","0","1","0","","36","11","2017","2017118290","7","40.0318","-76.2934","0152","08","0","0","0","0","0","1","0","0","1","0","0","0","01","3","1","01","1","40 01:54.659","2","00","76 17:36.254","8","0","0","0","36301","0","0","0","N","0","0","0","1","36301","0","","2","01","N","N","0","","0","0","0","3","3","N","0150","1","2","0","0","0","1","0","3","0","2","N","","","","","","","","","","","","03","  ","","",""
"0732","1","0","0","0","0","0","0","0","0","5","1","","36","10","2017","2017118314","6","40.2349","-76.1291","0718","08","0","0","0","0","0","0","1","0","2","0","1","0","07","1","1","00","2","40 14:04.911","3","00","76 07:44.413","8","0","0","0","36405","0","0","0","","0","0","0","3","68T06","0","","1","01","N","N","0","","0","0","0","0","0","N","0717","1","2","0","0","1","1","0","1","0","2","N","","","","","","","","","","","","03","  ","","",""
"2035","0","0","0","0","0","0","0","0","0","9","0","","36","10","2017","2017118319","5","40.2457","-76.197","2024","08","0","0","0","0","0","1","0","0","","0","0","0","20","2","0","00","0","40 14:44.564","","00","76 11:51.150","0","0","0","0","36236","0","0","0","","0","0","0","2","68T06","0","","1","01","N","N","0","","0","0","1","0","0","","2024","0","1","0","0","0","0","0","1","0","1","N","","","","","","","","","","","","03","  ","","",""
"1432","1","0","0","0","0","0","0","0","0","7","0","","36","10","2017","2017118324","3","40.2231","-76.4183","1413","08","0","0","0","0","0","0","0","0","","0","0","0","14","1","0","00","0","40 13:23.116","","00","76 25:05.878","0","0","0","0","36227","0","0","0","","0","0","0","1","68T06","0","","2","01","N","N","0","","0","0","0","0","0","","1413","0","1","0","0","0","0","0","1","0","1","N","","","","","","","","","","","","03","  ","","",""
"0038","0","0","0","0","0","0","0","0","0","9","0","","36","11","2017","2017118334","2","40.2277","-76.4678","0011","08","0","0","0","0","0","0","0","0","","0","0","0","00","2","0","00","0","40 13:39.161","","00","76 28:06.895","0","0","0","0","36225","0","0","0","","0","0","0","1","68T06","0","","1","01","N","N","0","","0","0","1","0","0","","0011","0","1","0","0","0","0","0","2","0","1","N","","","","","","","","","","","","03","  ","","",""
"1547","3","0","0","0","0","0","0","0","0","1","0","","36","11","2017","2017118362","4","40.0679","-76.2969","1541","08","0","0","0","0","0","0","0","0","","0","0","0","15","1","0","00","0","40 04:04.479","","00","76 17:48.886","0","0","0","0","36101","0","0","0","","0","0","0","3","36101","0","","1","01","N","N","0","","0","0","0","0","0","","1537","0","3","0","0","0","0","0","3","0","3","N","","","","","","","","","","","","03","  ","","",""
"1503","0","0","0","0","0","0","0","0","0","1","0","","36","11","2017","2017118363","7","40.0404","-76.2463","1500","08","0","0","0","0","0","2","0","0","2","0","0","0","14","1","1","07","2","40 02:25.418","2","02","76 14:46.561","3","0","0","1","36215","0","0","0","","0","0","0","3","36215","0","","1","01","N","N","0","","1","0","1","3","1","Y","1457","1","2","0","0","0","0","0","1","0","2","N","","","","","","","","","","","","03","  ","","",""
"1329","0","0","0","0","0","0","0","0","0","7","0","","36","11","2017","2017118364","1","39.941","-76.3993","1319","08","0","0","0","0","0","1","0","0","2","0","0","0","13","1","1","00","2","39 56:27.501","5","00","76 23:57.410","8","0","0","0","36223","0","0","0","N","0","0","0","1","36223","0","","4","09","N","N","0","","0","0","1","0","0","Y","1315","1","1","0","0","0","1","0","1","0","1","N","","","","","","","","","","","","07","  ","","",""
"2128","1","0","0","0","0","0","0","0","0","9","0","","36","11","2017","2017118375","4","40.2317","-76.3338","2113","08","0","0","0","0","0","1","0","0","","0","0","0","21","2","0","00","0","40 13:54.140","","00","76 20:00.677","0","0","0","0","36217","0","0","0","","0","0","0","1","68T06","0","","1","01","N","N","0","","0","0","0","0","0","","2111","0","1","0","0","0","0","0","1","0","1","N","","","","","","","","","","","","03","  ","","",""
"0825","2","0","0","0","0","0","0","0","0","1","0","","36","11","2017","2017118390","3","40.0125","-76.3531","0824","08","0","0","0","0","0","0","0","0","1","0","0","0","08","1","0","00","1","40 00:45.103","4","00","76 21:11.217","0","0","0","0","36412","0","0","0","N","0","0","0","2","36412","0","","1","01","N","N","0","","0","0","0","0","0","N","0824","0","2","0","0","0","0","0","3","0","2","N","","","","","","","","","","","","03","  ","","",""
"1117","1","0","0","0","0","0","0","0","0","9","0","","36","11","2017","2017118392","6","40.1428","-76.653","1115","08","0","0","0","0","0","0","0","0","1","0","0","0","11","1","1","00","1","40 08:34.005","4","00","76 39:10.882","4","0","0","0","36237","0","0","0","N","0","0","0","1","36505","1","","1","01","N","N","0","","0","0","0","0","0","N","1110","1","1","0","0","0","0","0","1","0","1","N","","","","","","","","","","","","03","  ","","",""
"1333","2","0","0","0","0","0","0","0","0","4","0","","36","11","2017","2017118393","6","40.0995","-76.1018","1332","08","0","0","0","0","0","1","0","1","","0","0","0","13","1","0","01","0","40 05:58.228","","00","76 06:06.638","0","0","0","0","36415","0","0","0","N","0","0","0","3","36415","0","","1","01","N","N","0","","0","0","0","3","3","","1331","0","2","0","0","0","0","0","1","0","2","N","","","","","","","","","","","","03","  ","","",""
"1554","2","0","1","0","0","0","0","0","0","2","0","","36","11","2017","2017118397","6","40.1358","-76.0941","1552","08","0","1","0","0","1","0","0","0","2","0","0","0","15","1","1","01","2","40 08:08.740","6","00","76 05:38.931","2","0","0","0","36209","0","0","0","N","0","0","0","2","36415","0","","1","01","N","N","0","","0","1","0","3","3","Y","1549","1","2","0","0","0","0","0","1","0","2","N","","","","","","","","","","","","03","  ","","",""
"1708","1","0","0","0","0","0","0","0","0","1","1","","36","11","2017","2017118421","6","","","1656","08","0","1","0","0","0","1","0","0","","0","1","0","16","1","0","00","0","","","00","","0","0","0","0","36225","0","0","0","N","0","0","0","3","36505","0","","1","01","N","N","0","","0","0","0","0","0","","1650","0","2","0","0","0","0","0","2","0","2","N","","","","","","","","","","","","03","  ","","",""
"1010","1","0","0","0","0","0","0","0","0","4","0","","36","11","2017","2017118425","7","40.0372","-76.3127","1006","08","0","0","0","0","0","0","0","0","1","0","0","0","10","1","1","05","1","40 02:13.971","3","00","76 18:45.697","3","0","0","0","36301","0","0","0","N","0","0","0","4","36301","0","","1","01","N","N","0","","1","0","1","3","2","Y","1004","1","2","0","0","0","0","2","3","0","2","N","","","","","","","","","","","","03","  ","","",""
"0640","2","0","0","0","0","0","0","0","0","2","0","","36","11","2017","2017118431","6","40.1489","-76.236","0633","08","0","0","0","0","0","1","0","0","1","0","0","0","06","1","0","00","1","40 08:55.977","6","00","76 14:09.669","0","0","0","0","36235","0","0","0","","0","0","0","2","36506","0","","1","01","N","N","0","","0","0","0","0","0","N","0633","0","2","0","0","0","0","0","1","0","2","N","","","","","","","","","","","","03","  ","","",""
"1908","1","0","0","0","0","0","0","0","0","7","0","","36","11","2017","2017118527","7","40.1319","-76.0682","1901","08","0","0","0","0","0","0","0","0","","0","0","0","19","2","0","00","0","40 07:54.810","","00","76 04:05.570","0","0","0","0","36213","0","0","0","N","0","0","0","1","36213","0","","2","01","N","N","0","","0","0","0","0","0","","1901","0","1","0","0","0","0","0","1","0","1","N","","","","","","","","","","","","03","  ","","",""
"2338","3","0","0","0","0","0","0","0","0","4","0","","36","11","2017","2017118544","7","40.0267","-76.3056","2335","08","0","0","0","0","0","0","0","0","1","0","0","0","23","3","0","00","2","40 01:36.054","2","00","76 18:20.131","0","0","0","0","36301","0","0","0","N","0","0","0","1","36301","0","","2","01","N","N","0","","0","0","0","0","0","N","2335","0","3","0","0","0","0","0","3","0","3","N","","","","","","","","","","","","03","  ","","",""
"1630","0","0","0","0","0","0","0","0","0","1","0","","36","11","2017","2017118565","5","40.0763","-76.3249","1624","08","0","0","0","0","0","2","0","0","","0","0","0","16","1","0","01","0","40 04:34.612","","00","76 19:29.643","0","0","0","0","36101","0","0","0","","0","0","0","3","36101","0","","1","01","N","N","1","","0","0","2","3","2","","1619","0","3","0","0","0","0","0","3","0","3","N","","","","","","","","","","","","03","  ","","",""
"1019","0","0","0","0","0","0","0","0","0","1","0","","36","11","2017","2017118566","2","40.1177","-76.3197","1008","08","0","0","0","0","0","1","0","0","","0","0","0","10","1","0","00","0","40 07:03.670","","00","76 19:10.870","0","0","0","0","36101","0","0","0","N","0","0","0","2","36101","0","","1","01","N","N","0","","0","0","2","0","0","","1006","0","2","0","0","0","0","0","3","0","2","N","","","","","","","","","","","","03","  ","","",""
"1636","2","0","0","0","0","0","0","0","0","1","0","","36","11","2017","2017118567","6","40.0668","-76.3324","1625","08","0","0","0","0","0","0","1","0","1","0","0","0","16","4","1","00","1","40 04:00.529","3","00","76 19:56.673","8","0","0","0","36101","0","0","0","","0","0","0","3","36101","0","","1","01","N","N","0","","0","0","0","0","0","N","1622","1","2","0","0","0","1","0","3","0","2","N","","","","","","","","","","","","03","  ","","",""
"1354","2","0","0","0","0","0","0","0","0","7","0","","36","11","2017","2017118568","3","40.1178","-76.3172","1347","08","0","0","0","1","0","0","0","0","","0","0","0","13","1","0","00","0","40 07:03.990","","00","76 19:02.090","0","0","0","0","36101","0","0","0","N","0","0","0","1","36101","0","","4","09","N","N","0","","0","0","2","0","0","","1336","0","4","0","0","0","0","0","3","0","4","N","","","","","","","","","","","","07","  ","","",""
"0550","2","0","0","0","0","0","0","0","0","4","0","","36","11","2017","2017118646","5","40.1626","-76.2016","0545","08","0","0","0","0","0","0","0","0","1","0","0","0","05","2","0","02","1","40 09:45.311","1","00","76 12:05.619","0","0","0","0","36218","0","0","0","N","0","0","0","2","36408","0","","1","01","N","N","0","","0","0","0","0","0","N","0545","0","2","0","0","0","0","0","1","0","2","N","","","","","","","","","","","","03","  ","","",""
"1952","2","0","0","0","0","0","0","0","0","4","0","","36","10","2017","2017118696","1","40.2339","-76.4347","1943","08","0","0","0","0","0","0","0","0","1","0","0","0","19","3","0","02","1","40 14:01.880","2","02","76 26:05.018","0","0","0","0","36230","0","0","0","N","0","0","0","9","36410","0","","1","01","N","N","0","","0","0","0","3","2","N","1940","0","2","0","0","0","0","0","1","0","2","N","","","","","","","","","","","","03","  ","","",""
"1755","1","0","0","0","0","0","0","0","0","7","0","","36","10","2017","2017118728","1","40.1462","-76.4511","1747","08","0","0","1","0","0","0","0","0","","0","0","0","17","4","0","00","0","40 08:46.200","","00","76 27:04.030","0","0","0","0","36230","0","0","0","N","0","0","0","1","36410","0","","2","09","N","N","0","","0","0","0","3","8","","1720","0","1","0","0","0","0","0","1","0","1","N","","","","","","","","","","","","07","  ","","",""
"1555","3","0","0","0","0","0","0","0","0","1","0","","36","11","2017","2017118786","2","40.0841","-76.2891","1554","08","0","0","0","0","0","1","0","2","1","0","0","0","15","1","0","00","1","40 05:02.928","1","00","76 17:20.928","0","0","0","0","36101","0","0","0","","0","0","0","3","36101","0","","1","09","N","N","0","","0","0","0","3","2","N","1519","0","3","0","0","0","0","0","3","0","3","N","","","","","","","","","","","","03","  ","","",""
"1255","2","0","0","0","0","0","0","0","0","4","0","","36","11","2017","2017118787","7","40.1163","-76.3057","1245","08","0","0","0","0","0","1","0","0","","0","0","0","12","1","0","01","0","40 06:58.631","","00","76 18:20.445","0","0","0","0","36101","0","0","0","","0","0","0","2","36101","0","","1","01","N","N","0","","0","0","0","3","2","","1242","0","2","0","0","0","0","0","3","0","2","N","","","","","","","","","","","","03","  ","","",""
"2140","1","0","0","0","0","0","0","0","0","7","0","","36","11","2017","2017118836","1","39.9901","-76.257","2150","08","0","0","0","0","0","0","0","0","","0","0","0","21","3","0","00","0","39 59:24.383","","00","76 15:25.198","9","0","0","0","36240","0","0","0","Y","0","0","0","1","36240","0","","5","01","N","N","0","","0","0","0","0","0","","2140","0","1","0","0","1","0","1","1","0","1","N","","","","","","","","","","","","03","  ","","",""
"1255","1","0","0","0","0","0","0","0","0","4","0","","36","11","2017","2017118877","7","40.1266","-76.3051","1249","08","0","0","0","0","0","1","0","0","","0","0","0","12","1","0","01","0","40 07:35.600","","00","76 18:18.296","0","0","0","0","36235","0","0","0","N","0","0","0","3","36506","0","","1","01","N","N","1","","0","0","0","3","2","","1249","0","2","0","0","0","0","0","1","0","2","N","","","","","","","","","","","","03","  ","","",""
"1952","2","0","0","0","0","0","0","0","0","4","0","","36","11","2017","2017118878","5","40.1355","-76.3038","1945","08","0","0","0","0","0","1","0","0","1","0","0","0","19","2","0","02","1","40 08:07.839","5","00","76 18:13.714","0","0","0","0","36235","0","0","0","N","0","0","0","4","36506","0","","1","09","N","N","0","","0","0","0","3","3","N","1943","0","2","0","0","0","0","0","1","0","2","N","","","","","","","","","","","","07","  ","","",""
"0855","1","0","0","0","0","0","0","0","0","1","0","","36","11","2017","2017118925","7","40.019","-76.3424","0846","08","0","0","0","0","0","1","0","0","2","0","0","0","08","1","0","02","1","40 01:08.574","4","00","76 20:32.789","0","0","0","0","36220","0","0","0","","0","0","0","2","36101","0","","1","01","N","N","1","","0","0","0","0","0","N","0821","0","2","0","0","0","0","0","3","0","2","N","","","","","","","","","","","","03","  ","","",""
"2000","2","0","0","0","0","0","0","0","0","4","0","","36","10","2017","2017118926","7","40.0579","-76.2808","1954","08","0","0","0","0","0","0","0","0","","0","0","0","19","3","0","01","0","40 03:28.352","","00","76 16:50.760","0","0","0","0","36101","0","0","0","","0","0","0","4","36101","0","","1","01","N","N","0","","0","0","0","3","2","","1948","0","2","0","0","0","0","0","3","0","2","N","","","","","","","","","","","","03","  ","","",""
"2231","2","0","0","0","0","0","0","0","0","1","0","","36","11","2017","2017118927","4","40.0521","-76.2768","2230","08","0","0","0","0","0","0","0","0","2","0","0","0","22","2","1","00","2","40 03:07.717","6","00","76 16:36.480","3","0","0","0","36101","0","0","0","","0","0","0","2","36101","0","","1","01","N","N","0","","1","0","0","0","0","N","2226","1","2","0","0","0","0","1","3","0","2","N","","","","","","","","","","","","03","  ","","",""
"1740","5","0","0","0","0","0","0","0","0","1","0","","36","11","2017","2017118928","2","40.0886","-76.2653","1735","08","0","0","0","0","0","0","0","0","2","0","0","0","17","2","1","00","2","40 05:18.983","2","00","76 15:55.142","4","0","0","0","36101","0","0","0","","0","0","0","5","36101","1","","1","09","N","N","0","","0","0","0","0","0","N","1730","1","5","0","0","0","0","0","3","0","5","N","","","","","","","","","","","","03","  ","","",""
"1659","2","0","0","0","0","0","0","0","0","4","0","","36","11","2017","2017118988","5","40.0521","-76.4153","1653","08","0","0","0","0","0","0","0","0","2","0","0","0","16","2","0","02","1","40 03:07.469","3","00","76 24:55.217","0","0","0","0","36239","0","0","0","N","0","0","0","3","36239","0","","1","09","N","N","0","","0","0","0","0","0","N","1648","0","2","0","0","1","0","0","3","0","2","N","","","","","","","","","","","","07","  ","","",""
"1740","2","0","0","0","0","0","0","0","0","6","0","","36","11","2017","2017119051","5","40.1348","-76.3817","1731","08","0","0","0","0","0","0","1","0","","0","0","0","17","2","0","00","0","40 08:05.298","","07","76 22:54.217","0","0","0","0","36227","0","0","0","N","0","0","0","2","36506","0","","1","09","N","N","0","","0","0","0","0","0","","1731","0","2","0","0","0","0","0","1","0","2","N","","","","","","","","","","","","07","  ","","",""
"1138","1","0","0","0","0","0","0","0","0","1","0","","36","11","2017","2017119169","1","40.068","-76.3041","1133","08","0","0","0","0","0","2","0","0","","0","0","0","11","1","0","00","0","40 04:04.833","","00","76 18:14.644","0","0","0","0","36101","0","0","0","","0","0","0","3","36101","0","","1","01","N","N","0","","0","0","1","3","4","","1129","0","2","0","0","0","0","0","3","0","2","N","","","","","","","","","","","","03","  ","","",""
"1405","2","0","0","0","0","0","0","0","0","4","0","","36","11","2017","2017119338","5","40.1783","-76.1767","1400","08","0","0","0","0","1","0","0","0","","0","0","0","13","1","0","02","0","40 10:41.727","","00","76 10:36.280","0","0","0","0","36408","0","0","0","N","0","0","0","2","36408","0","","1","09","N","N","0","","0","0","0","0","0","","1350","0","2","0","0","0","0","0","2","0","2","N","","","","","","","","","","","","07","  ","","",""
"2327","0","0","0","0","0","0","0","0","0","7","0","","36","11","2017","2017119350","2","40.0629","-76.5466","2323","08","0","0","0","0","0","0","0","0","2","0","0","0","23","6","1","00","2","40 03:46.507","5","00","76 32:47.897","8","0","0","0","36211","0","0","0","N","0","0","0","1","36504","0","","5","01","N","N","1","","0","0","0","0","0","Y","2321","1","1","0","0","0","1","0","1","0","1","N","","","","","","","","","","","","03","  ","","",""
"1359","2","0","0","0","0","0","0","0","0","4","0","","36","11","2017","2017119416","5","40.0294","-76.3235","1353","08","0","0","0","0","1","1","0","0","","0","0","0","13","1","0","00","0","40 01:45.869","","00","76 19:24.573","0","0","0","0","36220","0","0","0","","0","0","0","2","36101","0","","1","01","N","N","0","","0","0","0","0","0","","1347","0","2","0","0","0","0","0","3","0","2","N","","","","","","","","","","","","03","  ","","",""
"1750","2","0","0","0","0","0","0","0","0","4","0","","36","11","2017","2017119417","3","40.0606","-76.2768","1744","08","0","0","0","0","0","2","0","0","","0","0","0","17","3","0","01","0","40 03:38.256","","00","76 16:36.560","0","0","0","0","36101","0","0","0","","0","0","0","2","36101","0","","1","09","N","N","0","","0","0","0","3","2","","1741","0","2","0","0","0","0","0","3","0","2","N","","","","","","","","","","","","07","  ","","",""
"1804","1","0","0","0","0","0","0","0","0","4","0","","36","11","2017","2017119418","4","40.0871","-76.339","1756","08","0","0","1","0","0","0","1","0","2","0","0","0","17","2","1","02","2","40 05:13.689","6","00","76 20:20.302","3","0","0","0","36101","0","0","0","N","0","0","0","2","36101","0","","1","01","N","N","0","","1","0","1","0","0","N","1755","1","2","0","0","0","0","0","3","0","2","N","","","","","","","","","","","","03","  ","","",""
"0644","1","0","0","0","0","0","0","0","0","4","0","","36","10","2017","2017119419","7","40.0403","-76.245","0639","08","0","0","0","0","0","1","0","0","2","0","0","0","06","5","0","02","2","40 02:25.230","4","02","76 14:42.009","0","0","0","0","36215","0","0","0","N","0","0","0","2","36215","0","","1","01","N","N","1","","0","0","0","0","0","Y","0636","0","2","0","0","0","0","0","1","0","2","N","","","","","","","","","","","","03","  ","","",""
"1652","1","0","0","0","0","0","0","0","0","1","0","","36","11","2017","2017119420","5","40.0776","-76.2581","1652","08","0","0","0","0","0","0","0","0","","0","0","0","16","1","0","00","0","40 04:39.423","","00","76 15:29.237","0","0","0","0","36215","0","0","0","","0","0","0","2","36215","0","","1","01","N","N","0","","0","0","1","0","0","","1652","0","2","0","0","0","0","0","1","0","2","N","","","","","","","","","","","","03","  ","","",""
"0526","1","0","0","0","0","0","0","0","0","1","0","","36","11","2017","2017119421","6","40.0395","-76.2053","0520","08","0","0","0","0","0","1","0","0","","0","0","0","05","3","0","00","0","40 02:22.114","","00","76 12:19.248","0","0","0","0","36215","0","0","0","","0","0","0","2","36215","0","","1","01","N","N","0","","0","0","0","0","0","","0518","0","2","0","0","0","0","0","1","1","2","N","","","","","","","","","","","","03","  ","","",""
"0910","1","0","0","0","0","0","0","0","0","4","1","","36","11","2017","2017119422","6","40.0819","-76.2341","0905","08","0","0","0","0","0","1","0","1","2","0","1","0","09","1","1","01","1","40 04:54.777","6","00","76 14:02.802","4","0","0","0","36234","0","0","0","","0","0","0","2","36215","1","","1","01","N","N","0","","0","0","0","3","2","N","0905","1","2","0","0","0","0","0","1","0","2","N","","","","","","","","","","","","03","  ","","",""
"1209","0","0","0","0","0","0","0","0","0","7","0","","36","11","2017","2017119423","3","40.022","-76.1904","1201","08","0","0","0","0","0","1","0","0","","0","0","0","11","1","0","00","0","40 01:19.095","","00","76 11:25.588","9","0","0","0","36215","0","0","0","Y","0","0","0","1","36215","0","","4","09","N","N","1","","0","0","0","0","0","","1159","0","1","0","0","0","0","1","1","0","1","N","","","","","","","","","","","","07","  ","","",""
"1720","2","0","0","0","0","0","0","0","0","1","0","","36","11","2017","2017119424","3","40.0387","-76.2674","1711","08","0","0","0","1","1","0","0","0","","0","0","0","17","4","2","00","0","40 02:19.486","","00","76 16:02.740","4","0","0","0","36215","0","0","0","","0","0","0","4","36215","2","","1","09","N","N","0","","0","0","0","0","0","","1708","2","2","0","0","0","0","0","1","0","2","N","","","","","","","","","","","","07","  ","","",""
"1748","0","0","0","0","0","0","0","0","0","7","0","","36","11","2017","2017119425","3","40.0296","-76.2295","1748","08","0","0","0","0","0","0","0","0","1","0","0","0","17","3","0","00","2","40 01:46.546","3","00","76 13:46.049","0","0","0","0","36215","0","0","0","","0","0","0","1","36215","0","","5","09","N","N","0","","0","0","1","0","0","N","1748","0","1","0","0","0","0","0","1","0","1","N","","","","","","","","","","","","07","  ","","",""
"1904","2","0","0","0","0","0","0","0","0","7","0","","36","11","2017","2017119426","3","40.0556","-76.2664","1856","08","0","0","0","0","0","0","0","0","2","0","0","0","18","3","1","06","1","40 03:20.032","4","00","76 15:58.874","4","0","0","0","36215","0","0","0","","0","0","0","3","36215","1","","5","09","N","N","0","","0","0","0","0","0","N","1856","1","2","0","0","0","0","0","1","0","2","N","","","","","","","","","","","","07","  ","","",""
"1556","1","0","0","0","0","0","0","0","0","4","0","","36","11","2017","2017119427","6","40.0318","-76.2396","1552","08","0","1","0","0","0","0","0","0","2","0","0","0","15","1","1","00","1","40 01:54.565","6","00","76 14:22.564","4","0","0","0","36215","0","0","0","N","0","0","0","3","36215","1","","1","01","N","N","0","","0","0","0","0","0","N","1550","1","2","0","0","0","0","0","1","1","2","N","","","","","","","","","","","","03","  ","","",""
"2024","1","0","0","0","0","0","0","0","0","7","0","","36","11","2017","2017119428","6","40.0334","-76.208","2020","08","0","1","0","0","0","0","0","0","3","0","0","0","20","2","0","00","2","40 02:00.240","5","00","76 12:28.800","0","0","0","0","36215","0","0","0","N","0","0","0","1","36215","0","","4","01","N","N","0","","0","0","0","0","0","Y","2019","0","1","0","0","0","0","0","1","0","1","N","","","","","","","","","","","","03","  ","","",""
"1050","1","0","0","0","0","0","0","0","0","7","0","","36","11","2017","2017119429","4","40.1247","-76.4948","1037","08","0","0","0","0","0","0","0","0","","0","0","0","10","1","0","00","0","40 07:29.005","","00","76 29:41.208","0","0","0","0","36230","0","0","0","N","0","0","0","1","36410","0","","4","01","N","N","0","","0","0","0","0","0","","1035","0","1","0","0","1","0","0","1","0","1","N","","","","","","","","","","","","03","  ","","",""
"1231","0","0","0","0","0","0","0","0","0","7","0","","36","11","2017","2017119492","2","40.0358","-76.2433","1219","08","0","0","0","0","1","0","0","0","3","0","0","0","12","1","1","00","1","40 02:08.890","3","00","76 14:35.833","3","0","0","0","36215","0","0","0","N","0","0","0","1","36215","0","","5","09","N","N","1","","1","0","0","0","0","N","1219","1","1","0","0","1","0","0","1","0","1","N","","","","","","","","","","","","07","  ","","",""
"1432","2","0","0","0","0","0","0","0","0","4","0","","36","11","2017","2017119506","2","40.041","-76.2916","1432","08","0","0","0","0","0","1","0","0","3","0","0","0","14","1","2","01","2","40 02:27.689","7","00","76 17:29.630","8","0","0","0","36301","0","0","0","N","0","0","0","2","36301","0","","1","01","N","N","0","","0","0","0","3","2","Y","1430","2","2","0","0","0","2","0","3","0","2","N","","","","","","","","","","","","03","  ","","",""
"0230","1","0","0","0","0","0","0","0","0","7","0","","36","11","2017","2017119642","7","40.1872","-76.0002","0220","08","0","0","0","0","0","0","0","0","","0","0","0","02","2","0","00","0","40 11:15.353","","00","76 00:01.872","0","0","0","0","36202","0","0","0","N","0","0","0","3","68T06","0","","4","01","N","N","0","","0","0","0","0","0","","0230","0","1","0","0","0","0","0","1","0","1","N","","","","","","","","","","","","03","  ","","",""
"2225","2","0","0","0","0","0","0","0","0","4","0","","36","11","2017","2017119652","2","40.0382","-76.3036","2220","08","0","0","0","0","0","0","0","0","1","0","0","0","22","3","1","01","1","40 02:17.489","3","00","76 18:12.922","8","0","0","0","36301","0","0","0","N","0","0","0","3","36301","0","","1","01","N","N","0","","0","0","0","3","2","Y","2219","1","2","0","0","2","1","0","3","0","2","N","","","","","","","","","","","","03","  ","","",""
"0155","1","0","0","0","0","0","0","0","0","9","0","","36","11","2017","2017119722","1","40.2322","-76.3282","0139","08","0","0","0","0","0","0","0","0","","0","0","0","01","2","0","00","0","40 13:56.349","","00","76 19:39.141","0","0","0","0","36217","0","0","0","","0","0","0","2","68T06","0","","1","01","N","N","0","","0","0","0","0","0","","0139","0","1","0","0","0","0","0","1","0","1","N","","","","","","","","","","","","03","  ","","",""