"ARRIVAL_TM","AUTOMOBILE_COUNT","BELTED_DEATH_COUNT","BELTED_SUSP_SERIOUS_INJ_COUNT","BICYCLE_COUNT","BICYCLE_DEATH_COUNT","BICYCLE_SUSP_SERIOUS_INJ_COUNT","BUS_COUNT","CHLDPAS_DEATH_COUNT","CHLDPAS_SUSP_SERIOUS_INJ_COUNT","COLLISION_TYPE","COMM_VEH_COUNT","CONS_ZONE_SPD_LIM","COUNTY","CRASH_MONTH","CRASH_YEAR","CRN","DAY_OF_WEEK","DEC_LAT","DEC_LONG","DISPATCH_TM","DISTRICT","DRIVER_COUNT_16YR","DRIVER_COUNT_17YR","DRIVER_COUNT_18YR","DRIVER_COUNT_19YR","DRIVER_COUNT_20YR","DRIVER_COUNT_50_64YR","DRIVER_COUNT_65_74YR","DRIVER_COUNT_75PLUS","EST_HRS_CLOSED","FATAL_COUNT","HEAVY_TRUCK_COUNT","HORSE_BUGGY_COUNT","HOUR_OF_DAY","ILLUMINATION","INJURY_COUNT","INTERSECT_TYPE","LANE_CLOSED","LATITUDE","LN_CLOSE_DIR","LOCATION_TYPE","LONGITUDE","MAX_SEVERITY_LEVEL","MCYCLE_DEATH_COUNT","MCYCLE_SUSP_SERIOUS_INJ_COUNT","MOTORCYCLE_COUNT","MUNICIPALITY","NONMOTR_COUNT","NONMOTR_DEATH_COUNT","NONMOTR_SUSP_SERIOUS_INJ_COUNT","NTFY_HIWY_MAINT","PED_COUNT","PED_DEATH_COUNT","PED_SUSP_SERIOUS_INJ_COUNT","PERSON_COUNT","POLICE_AGCY","POSSIBLE_INJ_COUNT","RDWY_SURF_TYPE_CD","RELATION_TO_ROAD","ROAD_CONDITION","SCH_BUS_IND","SCH_ZONE_IND","SMALL_TRUCK_COUNT","SPEC_JURIS_CD","SUSP_MINOR_INJ_COUNT","SUSP_SERIOUS_INJ_COUNT","SUV_COUNT","TCD_FUNC_CD","TCD_TYPE","TFC_DETOUR_IND","TIME_OF_DAY","TOT_INJ_COUNT","TOTAL_UNITS","UNB_DEATH_COUNT","UNB_SUSP_SERIOUS_INJ_COUNT","UNBELTED_OCC_COUNT","UNK_INJ_DEG_COUNT","UNK_INJ_PER_COUNT","URBAN_RURAL","VAN_COUNT","VEHICLE_COUNT","WORK_ZONE_IND","WORK_ZONE_LOC","WORK_ZONE_TYPE","WORKERS_PRES","WZ_CLOSE_DETOUR","WZ_FLAGGER","WZ_LAW_OFFCR_IND","WZ_LN_CLOSURE","WZ_MOVING","WZ_OTHER","WZ_SHLDER_MDN","ROADWAY_CLEARED","WEATHER1","WEATHER2","WZ_WORKERS_INJ_KILLED","SECONDARY_CRASH","INTERSECTION_RELATED"
"2330","3","0","0","0","0","0","0","0","0","1","0","","36","11","2017","2017119771","2","40.1006","-76.0913","2320","08","0","0","0","0","0","0","0","0","","0","0","0","23","3","0","02","0","40 06:02.336","","00","76 05:28.755","0","0","0","0","36415","0","0","0","N","0","0","0","2","36415","0","","2","09","N","N","0","","0","0","0","0","0","","2310","0","3","0","0","0","0","0","1","0","3","N","","","","","","","","","","","","05","  ","","",""
"0223","2","0","0","0","0","0","0","0","0","5","0","","36","10","2017","2017119794","1","40.0297","-76.3162","0220","08","0","0","0","0","0","0","0","0","2","0","0","0","01","3","0","00","1","40 01:46.900","1","00","76 18:58.300","0","0","0","0","36301","0","0","0","N","0","0","0","1","36301","0","","6","01","N","N","0","","0","0","1","0","0","N","0152","0","3","0","0","0","0","0","3","0","3","N","","","","","","","","","","","","03","  ","","",""
"0757","1","0","0","0","0","0","0","0","0","4","0","","36","11","2017","2017119811","6","40.1293","-76.2192","0755","08","0","0","0","0","0","1","0","0","","0","0","0","07","1","0","01","0","40 07:45.579","","00","76 13:08.729","0","0","0","0","36238","0","0","0","N","0","0","0","2","36238","0","","1","01","N","N","0","","0","0","0","3","2","","0753","0","2","0","0","0","0","0","3","1","2","N","","","","","","","","","","","","03","  ","","",""
"1031","2","0","0","0","0","0","0","0","0","1","0","","36","11","2017","2017119864","2","40.0855","-76.3736","1021","08","0","0","0","0","0","1","0","0","1","0","0","0","10","1","1","00","2","40 05:07.922","3","00","76 22:24.789","3","0","0","0","36214","0","0","0","N","0","0","0","4","36214","0","","1","01","N","N","0","","1","0","0","0","0","N","1015","1","2","0","0","0","0","0","3","0","2","N","","","","","","","","","","","","03","  ","","",""
"1700","2","0","0","0","0","0","0","0","0","4","0","","36","11","2017","2017119865","5","40.0245","-76.203","1655","08","0","0","0","0","1","0","0","0","2","0","0","0","16","3","1","02","1","40 01:28.067","3","00","76 12:10.783","4","0","0","0","36215","0","0","0","","0","0","0","2","36215","1","","1","01","N","N","0","","0","0","0","3","3","N","1653","1","2","0","0","0","0","0","1","0","2","N","","","","","","","","","","","","03","  ","","",""
"0845","1","0","0","0","0","0","0","0","0","4","0","","36","11","2017","2017119866","3","40.1424","-76.3044","0843","08","0","0","0","0","0","0","0","0","","0","0","0","08","1","0","02","0","40 08:32.650","","00","76 18:15.664","0","0","0","0","36409","0","0","0","","0","0","0","2","36409","0","","1","01","N","N","0","","0","0","1","0","0","","0840","0","2","0","0","0","0","0","3","0","2","N","","","","","","","","","","","","03","  ","","",""
"0812","1","0","0","0","0","0","0","0","0","6","0","","36","11","2017","2017119983","4","40.1867","-76.1084","0806","08","0","0","0","0","0","0","0","0","1","0","0","0","08","1","1","00","1","40 11:12.002","4","00","76 06:30.085","4","0","0","0","36210","0","0","0","N","0","0","0","3","36210","1","","1","01","N","N","0","","0","0","1","0","0","N","0805","1","2","0","0","0","0","0","1","0","2","N","","","","","","","","","","","","03","  ","","",""
"0240","2","0","0","0","0","0","0","0","0","1","0","","36","11","2017","2017119999","1","40.0301","-76.4896","0240","08","0","0","0","0","0","0","0","0","","0","0","0","02","6","0","00","0","40 01:48.320","","00","76 29:22.460","0","0","0","0","36404","0","0","0","N","0","0","0","1","36404","0","","4","01","N","N","0","","0","0","0","0","0","","0240","0","2","0","0","0","0","0","3","0","2","N","","","","","","","","","","","","03","  ","","",""
"0848","1","0","0","0","0","0","0","0","0","1","1","","36","11","2017","2017120011","2","40.172","-76.3085","0838","08","0","0","0","0","0","0","0","0","1","0","1","0","08","1","1","00","1","40 10:19.196","2","07","76 18:30.470","8","0","0","0","36235","0","0","0","","0","0","0","2","36506","0","","1","09","N","N","0","","0","0","0","0","0","Y","0838","1","2","0","0","0","1","0","1","0","2","N","","","","","","","","","","","","03","  ","","",""
"0715","2","0","0","0","0","0","0","0","0","2","0","","36","11","2017","2017120012","3","40.1313","-76.3045","0711","08","0","0","0","0","0","0","0","0","2","0","0","0","07","1","2","00","2","40 07:52.666","2","00","76 18:16.077","4","0","0","0","36235","0","0","0","","0","0","0","3","36506","1","","1","01","N","N","0","","0","0","0","0","0","N","0708","2","2","0","0","0","1","0","1","0","2","N","","","","","","","","","","","","03","  ","","",""
"1247","2","0","0","0","0","0","0","0","0","1","0","","36","11","2017","2017120031","4","40.1405","-76.1054","1239","08","0","0","1","0","0","1","0","0","1","0","0","0","12","1","0","00","1","40 08:25.663","6","00","76 06:19.332","0","0","0","0","36209","0","0","0","N","0","0","0","4","36415","0","","1","01","N","N","0","","0","0","0","0","0","N","1237","0","2","0","0","0","0","0","1","0","2","N","","","","","","","","","","","","03","  ","","",""
"1857","1","0","0","0","0","0","0","0","0","7","0","","36","11","2017","2017120034","3","40.1625","-76.5528","1853","08","0","0","0","0","0","0","0","0","2","0","0","0","18","2","0","01","1","40 09:44.935","7","00","76 33:10.134","0","0","0","0","36225","0","0","0","N","0","0","0","1","36505","0","","4","01","N","N","0","","0","0","0","3","3","N","1853","0","1","0","0","0","0","0","2","0","1","N","","","","","","","","","","","","03","  ","","",""
"1226","1","0","0","0","0","0","0","0","0","1","1","","36","11","2017","2017120114","4","40.0683","-76.3297","1211","08","0","0","0","0","0","0","0","0","","0","1","0","11","1","1","00","0","40 04:05.813","","00","76 19:47.035","8","0","0","0","36101","0","0","0","","0","0","0","2","36101","0","","1","01","N","N","0","","0","0","0","3","2","","1150","1","2","0","0","0","1","0","3","0","2","N","","","","","","","","","","","","03","  ","","",""
"1622","1","0","0","0","0","0","0","0","0","7","0","","36","11","2017","2017120115","5","40.1054","-76.4366","1616","08","0","0","0","0","0","0","0","0","2","0","0","0","16","4","0","00","1","40 06:19.270","3","00","76 26:11.830","0","0","0","0","36214","0","0","0","N","0","0","0","1","36214","0","","4","01","N","N","0","","0","0","0","0","0","N","1600","0","1","0","0","0","0","0","3","0","1","N","","","","","","","","","","","","03","  ","","",""
"1752","2","0","0","0","0","0","0","0","0","1","0","","36","11","2017","2017120213","4","40.1527","-76.2071","1750","08","0","0","0","0","0","1","0","0","","0","0","0","17","3","0","00","0","40 09:09.770","","00","76 12:25.476","0","0","0","0","36402","0","0","0","N","0","0","0","3","36402","0","","1","01","N","N","0","","0","0","1","0","0","","1745","0","3","0","0","0","0","0","2","0","3","N","","","","","","","","","","","","03","  ","","",""
"0541","1","0","0","0","0","0","0","0","0","4","1","","36","11","2017","2017120287","4","40.1791","-76.6006","0534","08","0","0","0","0","0","1","0","0","","0","1","0","05","3","1","01","0","40 10:44.789","","02","76 36:02.048","3","0","0","0","36225","0","0","0","Y","0","0","0","2","36505","0","","1","01","N","N","0","","1","0","0","3","2","","0534","1","2","0","0","0","0","0","2","0","2","N","","","","","","","","","","","","03","  ","","",""
"1729","2","0","0","0","0","0","0","0","0","4","0","","36","11","2017","2017120330","3","40.106","-76.3518","1718","08","0","0","1","0","0","0","0","0","2","0","0","0","17","3","0","01","2","40 06:21.682","7","00","76 21:06.393","9","0","0","0","36406","0","0","0","N","0","0","0","8","36101","0","","1","01","N","N","0","","0","0","1","0","0","N","1717","0","3","0","0","0","0","1","3","0","3","N","","","","","","","","","","","","03","  ","","",""
"0854","2","0","0","0","0","0","0","0","0","4","0","","36","11","2017","2017120331","1","40.0615","-76.3133","0845","08","0","0","0","0","1","0","0","0","1","0","0","0","08","1","3","02","2","40 03:41.347","1","00","76 18:47.867","4","0","0","0","36101","0","0","0","","0","0","0","3","36101","3","","1","01","N","N","0","","0","0","0","3","3","N","0844","3","2","0","0","0","0","0","3","0","2","N","","","","","","","","","","","","03","  ","","",""
"2139","2","0","0","0","0","0","0","0","0","4","1","","36","11","2017","2017120332","3","40.0606","-76.2768","2138","08","0","0","1","0","0","1","0","0","1","0","1","0","21","2","1","01","2","40 03:38.256","3","00","76 16:36.560","4","0","0","0","36101","0","0","0","","0","0","0","4","36101","1","","1","01","N","N","0","","0","0","0","3","2","Y","2136","1","3","0","0","0","0","0","3","0","3","N","","","","","","","","","","","","03","  ","","",""
"2211","1","0","0","0","0","0","0","0","0","4","0","","36","11","2017","2017120333","3","40.0403","-76.2447","2200","08","0","1","0","0","0","0","0","0","","0","0","0","21","3","0","02","0","40 02:25.197","","00","76 14:41.006","0","0","0","0","36215","0","0","0","","0","0","0","2","36215","0","","1","01","N","N","0","","0","0","0","0","0","","2158","0","2","0","0","0","0","0","1","0","2","N","","","","","","","","","","","","03","  ","","",""
"1624","2","0","0","0","0","0","0","0","0","4","0","","36","11","2017","2017120334","2","40.036","-76.3082","1622","08","0","0","0","0","0","0","0","0","1","0","0","0","16","1","1","01","1","40 02:09.771","1","00","76 18:29.474","3","0","0","0","36301","0","0","0","N","0","0","0","2","36301","0","","1","01","N","N","0","","1","0","0","3","3","N","1622","1","2","0","0","0","0","0","3","0","2","N","","","","","","","","","","","","03","  ","","",""
"1503","1","0","0","0","0","0","0","0","0","1","0","","36","11","2017","2017120379","3","40.1642","-76.2008","1500","08","0","0","0","0","0","1","1","0","","0","0","0","14","1","0","00","0","40 09:51.193","","00","76 12:02.992","0","0","0","0","36218","0","0","0","N","0","0","0","4","36408","0","","1","09","N","N","0","","0","0","2","0","0","","1458","0","3","0","0","0","0","0","1","0","3","N","","","","","","","","","","","","07","  ","","",""
"0712","1","0","0","0","0","0","0","0","0","3","1","","36","10","2017","2017120414","2","40.1374","-76.581","0658","08","0","0","0","0","0","0","0","0","1","0","1","0","06","5","0","00","1","40 08:14.752","3","00","76 34:51.746","0","0","0","0","36225","0","0","0","N","0","0","0","1","36505","0","","2","01","N","N","0","","0","0","0","0","0","N","0655","0","2","0","0","1","0","0","2","0","2","N","","","","","","","","","","","","03","  ","","",""
"0928","0","0","0","0","0","0","0","0","0","4","0","","36","11","2017","2017120415","5","40.0819","-76.351","0924","08","0","0","0","0","0","0","0","0","","0","0","0","08","1","1","01","0","40 04:54.975","","02","76 21:03.454","3","0","0","0","36214","0","0","0","N","0","0","0","4","36214","0","","1","01","N","N","0","","1","0","0","3","2","","0851","1","2","0","0","0","0","0","3","2","2","N","","","","","","","","","","","","03","  ","","",""
"1330","1","0","0","0","0","0","0","0","0","4","0","","36","10","2017","2017120427","3","40.1795","-76.6004","1328","08","0","0","0","0","0","0","0","1","","0","0","0","13","1","0","01","0","40 10:43.697","","00","76 36:02.430","0","0","0","0","36225","0","0","0","N","0","0","0","5","36505","0","","1","01","N","N","0","","0","0","1","3","2","","1325","0","2","0","0","0","0","0","2","0","2","N","","","","","","","","","","","","03","  ","","",""
"1210","0","0","0","0","0","0","0","0","0","6","0","","36","11","2017","2017120744","7","39.9906","-76.2401","1205","08","0","0","0","0","0","1","0","0","","0","0","0","12","1","1","00","0","39 59:26.328","","07","76 14:24.487","8","0","0","0","36240","0","0","0","N","0","0","0","3","36240","0","","1","01","N","N","0","","0","0","2","3","2","","1205","1","2","0","0","0","1","0","1","0","2","N","","","","","","","","","","","","03","  ","","",""
"0000","1","0","0","0","0","0","0","0","0","7","0","","36","09","2017","2017120793","7","40.0593","-76.0701","0000","08","0","0","0","0","0","0","0","0","2","0","0","0","00","2","0","00","2","40 03:33.655","6","00","76 04:12.224","9","0","0","0","36209","0","0","0","","0","0","0","1","36415","0","","4","09","N","N","0","","0","0","0","0","0","Y","0000","0","1","0","0","1","0","1","1","0","1","N","","","","","","","","","","","","03","  ","","",""
"1601","1","0","0","0","0","0","0","0","0","4","0","","36","11","2017","2017120806","3","40.024","-76.3314","1601","08","0","0","0","0","1","0","0","0","2","0","0","0","16","4","0","02","1","40 01:26.518","1","00","76 19:52.956","0","0","0","0","36220","0","0","0","","0","0","0","2","36101","0","","1","01","N","N","0","","0","0","1","0","0","N","1601","0","2","0","0","0","0","0","3","0","2","N","","","","","","","","","","","","03","  ","","",""
"1731","0","0","0","0","0","0","0","0","0","7","0","","36","10","2017","2017120807","7","40.0769","-76.2703","1727","08","0","0","0","0","0","0","0","1","2","0","0","0","17","1","1","02","1","40 04:36.948","5","00","76 16:13.115","4","0","0","0","36101","0","0","0","N","0","0","0","1","36101","1","","4","01","N","N","0","","0","0","1","3","3","N","1726","1","1","0","0","0","0","0","3","0","1","N","","","","","","","","","","","","03","  ","","",""
"1636","2","0","0","0","0","0","0","0","0","1","0","","36","11","2017","2017120808","3","40.0772","-76.3278","1635","08","0","0","0","0","0","0","0","0","","0","0","0","16","4","1","00","0","40 04:37.841","","00","76 19:39.936","4","0","0","0","36101","0","0","0","N","0","0","0","2","36101","1","","1","09","N","N","0","","0","0","0","0","0","","1631","1","2","0","0","0","0","0","3","0","2","N","","","","","","","","","","","","07","  ","","",""
"1736","2","0","0","0","0","0","0","0","0","1","0","","36","11","2017","2017120809","3","40.0527","-76.3232","1719","08","0","0","1","0","0","0","0","0","2","0","0","0","17","3","0","00","1","40 03:09.542","3","00","76 19:23.605","0","0","0","0","36101","0","0","0","","0","0","0","2","36101","0","","1","01","N","N","0","","0","0","0","0","0","N","1714","0","2","0","0","0","0","0","3","0","2","N","","","","","","","","","","","","03","  ","","",""
"0735","2","0","0","0","0","0","0","0","0","1","0","","36","11","2017","2017120810","4","40.0764","-76.3379","0729","08","0","0","0","0","0","0","0","0","","0","0","0","07","5","0","00","0","40 04:35.127","","00","76 20:16.379","0","0","0","0","36101","0","0","0","N","0","0","0","2","36101","0","","1","01","N","N","0","","0","0","0","0","0","","0725","0","2","0","0","0","0","0","3","0","2","N","","","","","","","","","","","","03","  ","","",""
"2042","1","0","0","0","0","0","0","0","0","7","0","","36","11","2017","2017120811","3","39.997","-76.3682","2030","08","0","0","0","0","1","0","0","0","2","0","0","0","20","3","1","01","2","39 59:49.225","6","00","76 22:05.689","8","0","0","0","36223","0","0","0","N","0","0","0","1","36223","0","","2","01","N","N","0","","0","0","0","0","0","N","2030","1","1","0","0","0","1","0","1","0","1","N","","","","","","","","","","","","03","  ","","",""
"1739","2","0","0","0","0","0","0","0","0","4","0","","36","11","2017","2017120897","5","40.0123","-76.3461","1736","08","0","0","0","0","0","0","0","0","2","0","0","0","17","2","1","00","2","40 00:44.171","2","00","76 20:46.059","4","0","0","0","36220","0","0","0","N","0","0","0","3","36412","1","","1","01","N","N","0","","0","0","0","0","0","Y","1735","1","2","0","0","1","0","0","3","0","2","N","","","","","","","","","","","","03","  ","","",""
"1839","1","0","0","0","0","0","0","0","0","1","0","","36","11","2017","2017120898","2","40.1743","-76.5962","1836","08","0","0","0","0","0","1","0","1","1","0","0","0","18","2","1","00","1","40 10:27.322","3","00","76 35:46.172","8","0","0","0","36225","0","0","0","N","0","0","0","3","36505","0","","1","01","N","N","0","","0","0","1","0","0","N","1835","1","3","0","0","1","1","0","2","1","3","N","","","","","","","","","","","","03","  ","","",""
"2229","1","0","0","0","0","0","0","0","0","9","0","","36","11","2017","2017120918","1","","","2223","08","0","0","0","0","0","0","0","0","","0","0","0","22","2","0","00","0","","","00","","0","0","0","0","36210","0","0","0","N","0","0","0","1","36210","0","","1","01","N","N","0","","0","0","0","0","0","","2221","0","1","0","0","0","0","0","1","0","1","N","","","","","","","","","","","","03","  ","","",""
"1948","2","0","0","0","0","0","0","0","0","4","0","","36","11","2017","2017120923","1","40.1315","-76.1479","1940","08","0","0","0","0","0","1","0","0","2","0","0","0","19","2","0","01","1","40 07:53.254","3","00","76 08:52.441","0","0","0","0","36238","0","0","0","Y","0","0","0","2","36238","0","","1","01","N","N","0","","0","0","0","3","3","N","1938","0","2","0","0","0","0","0","3","0","2","N","","","","","","","","","","","","03","  ","","",""
"2238","1","0","0","0","0","0","0","0","0","4","0","","36","11","2017","2017120944","5","40.0412","-76.3902","2231","08","0","0","0","1","0","0","0","0","2","0","0","0","22","3","0","01","2","40 02:28.220","2","00","76 23:24.681","0","0","0","0","36214","0","0","0","N","0","0","0","3","36214","0","","1","01","N","N","0","","0","0","1","3","2","Y","2230","0","2","0","0","0","0","0","3","0","2","N","","","","","","","","","","","","03","  ","","",""
"1914","1","0","0","0","0","0","0","0","0","1","0","","36","11","2017","2017120957","5","","","1906","08","0","0","0","0","0","0","0","0","","0","1","0","19","2","0","00","0","","","00","","0","0","0","0","36301","0","0","0","N","0","0","0","1","36301","0","","2","01","N","N","1","","0","0","2","0","0","","1906","0","5","0","0","0","0","0","3","0","5","N","","","","","","","","","","","","03","  ","","",""
"1433","1","0","0","0","0","0","0","0","0","7","0","","36","11","2017","2017120959","5","40.1361","-76.3068","1427","08","0","0","0","0","0","0","0","0","1","0","0","0","14","1","1","00","1","40 08:09.990","7","00","76 18:24.440","3","0","0","0","36235","0","0","0","N","0","0","0","1","36506","0","","2","01","N","N","0","","1","0","0","0","0","Y","1426","1","1","0","0","0","0","0","1","0","1","N","","","","","","","","","","","","03","  ","","",""
"0650","0","0","0","0","0","0","0","0","0","0","0","","36","11","2017","2017121012","6","40.0579","-76.2808","0646","08","0","0","0","0","0","0","0","0","1","0","0","0","06","1","1","01","1","40 03:28.292","3","00","76 16:50.947","4","0","0","1","36101","0","0","0","","0","0","0","2","36101","1","","1","01","N","N","1","","0","0","0","3","2","N","0645","1","2","0","0","0","0","0","3","0","2","N","","","","","","","","","","","","03","  ","","",""
"1517","1","0","0","0","0","0","0","0","0","4","0","","36","11","2017","2017121013","7","40.0698","-76.3168","1517","08","0","0","0","0","0","0","1","0","1","0","0","0","15","1","3","01","1","40 04:11.400","2","00","76 19:01.409","4","0","0","0","36101","0","0","0","","0","0","0","3","36101","3","","1","01","N","N","0","","0","0","1","3","2","N","1507","3","2","0","0","0","0","0","3","0","2","N","","","","","","","","","","","","03","  ","","",""
"0936","0","0","0","0","0","0","0","0","0","7","0","","36","11","2017","2017121060","6","40.0457","-76.3092","0933","08","0","0","0","0","0","0","0","0","2","0","0","0","09","1","2","05","1","40 02:44.444","3","00","76 18:32.989","4","0","0","0","36301","0","0","0","N","0","0","0","2","36301","2","","5","01","N","N","0","","0","0","1","3","2","Y","0931","2","1","0","0","0","0","0","3","0","1","N","","","","","","","","","","","","03","  ","","",""
"1308","1","0","0","0","0","0","0","0","0","7","0","","36","11","2017","2017121102","6","40.0547","-76.2687","1301","08","0","0","0","0","0","0","0","0","","0","0","0","12","1","0","00","0","40 03:17.260","","00","76 16:07.337","0","0","0","0","36301","0","0","0","N","0","0","0","4","36301","0","","3","01","N","N","0","","0","0","0","3","3","","1239","0","1","0","0","0","0","0","3","0","1","N","","","","","","","","","","","","03","  ","","",""
"1014","1","0","0","0","0","0","0","0","0","4","1","","36","11","2017","2017121193","7","40.1","-76.3541","1011","08","0","0","0","0","0","1","0","0","2","0","1","0","10","1","1","01","2","40 06:00.025","7","00","76 21:14.898","3","0","0","0","36406","0","0","0","","0","0","0","2","36101","0","","1","01","N","N","0","","1","0","0","3","2","Y","1009","1","2","0","0","0","0","0","3","0","2","N","","","","","","","","","","","","03","  ","","",""
"2340","0","0","0","0","0","0","0","0","0","0","0","","36","11","2017","2017121194","7","40.0977","-76.259","2336","08","0","0","0","0","0","0","0","0","","0","0","0","23","2","0","00","0","40 05:51.746","","00","76 15:32.476","0","0","0","0","36101","0","0","0","","0","0","0","2","36101","0","","1","01","N","N","0","","0","0","2","0","0","","2336","0","2","0","0","0","0","0","3","0","2","N","","","","","","","","","","","","03","  ","","",""
"0806","1","0","0","0","0","0","0","0","0","7","0","","36","11","2017","2017121195","5","40.0981","-76.2998","0801","08","0","0","0","0","0","1","0","0","1","0","0","0","07","1","0","02","1","40 05:53.215","2","00","76 17:59.412","0","0","0","0","36101","0","0","0","N","0","0","0","5","36101","0","","2","09","N","N","0","","0","0","1","3","2","N","0759","0","2","0","0","0","0","0","3","0","2","N","","","","","","","","","","","","03","  ","","",""
"0508","1","0","0","0","0","0","0","0","0","7","1","","36","11","2017","2017121258","6","40.125","-76.4704","0501","08","0","0","0","0","0","0","0","0","2","0","1","0","04","2","0","00","1","40 07:29.879","3","00","76 28:13.268","0","0","0","0","36230","0","0","0","Y","0","0","0","2","36410","0","","2","01","N","N","0","","0","0","0","0","0","N","0458","0","2","0","0","0","0","0","1","0","2","N","","","","","","","","","","","","03","  ","","",""
"1632","1","0","0","0","0","0","0","0","0","1","0","","36","11","2017","2017121276","6","40.0947","-76.1119","1625","08","0","0","1","0","0","1","0","0","1","0","0","0","16","1","0","00","1","40 05:40.796","4","00","76 06:42.740","0","0","0","0","36209","0","0","0","N","0","0","0","5","36415","0","","1","01","N","N","0","","0","0","2","0","0","N","1625","0","3","0","0","0","0","0","1","0","3","N","","","","","","","","","","","","03","  ","","",""
"2225","1","0","0","0","0","0","0","0","0","7","0","","36","11","2017","2017121307","6","40.0286","-76.2926","2037","08","0","0","0","0","0","0","0","0","1","0","0","0","20","3","0","02","1","40 01:42.867","1","00","76 17:33.448","9","0","0","0","36301","0","0","0","N","0","0","0","2","36301","0","","5","01","N","N","0","","0","0","0","0","0","N","2037","0","1","0","0","0","0","2","3","0","1","N","","","","","","","","","","","","03","  ","","",""
"1947","1","0","0","0","0","0","0","0","0","8","0","","36","11","2017","2017121325","3","40.0366","-76.3033","1946","08","0","0","0","0","0","0","0","0","1","0","0","0","19","3","1","01","2","40 02:11.747","6","00","76 18:11.719","3","0","0","0","36301","1","0","0","N","1","0","0","2","36301","0","","1","01","N","N","0","","1","0","0","0","0","Y","1945","1","2","0","0","0","0","0","3","0","1","N","","","","","","","","","","","","03","  ","","",""
"1823","1","0","0","0","0","0","0","0","0","4","0","","36","11","2017","2017121380","4","40.0606","-76.2768","1820","08","0","0","0","0","0","0","0","0","1","0","0","0","18","3","0","01","1","40 03:38.256","4","00","76 16:36.560","0","0","0","0","36101","0","0","0","","0","0","0","2","36101","0","","1","01","N","N","0","","0","0","1","3","2","N","1817","0","2","0","0","0","0","0","3","0","2","N","","","","","","","","","","","","03","  ","","",""
"2154","0","0","0","0","0","0","0","0","0","1","0","","36","11","2017","2017121381","4","40.1163","-76.3057","2147","08","0","0","0","0","0","1","0","0","2","0","0","0","21","3","0","01","1","40 06:58.571","1","00","76 18:20.444","0","0","0","0","36101","0","0","0","","0","0","0","3","36101","0","","1","01","N","N","0","","0","0","2","3","2","N","2145","0","2","0","0","0","0","0","3","0","2","N","","","","","","","","","","","","03","  ","","",""
"0839","0","0","0","0","0","0","0","0","0","7","0","","36","11","2017","2017121382","5","40.0937","-76.3186","0830","08","0","0","0","0","0","0","0","0","","0","0","0","08","1","0","00","0","40 05:37.300","","00","76 19:07.100","0","0","0","0","36101","0","0","0","N","0","0","0","1","36101","0","","2","09","N","N","1","","0","0","0","0","0","","0815","0","1","0","0","0","0","0","3","0","1","N","","","","","","","","","","","","03","  ","","",""
"1723","1","0","0","0","0","0","0","0","0","1","0","","36","11","2017","2017121383","5","40.0633","-76.3405","1717","08","0","0","0","0","0","1","0","0","2","0","0","0","17","3","0","00","1","40 03:48.036","4","01","76 20:25.669","0","0","0","0","36101","0","0","0","","0","0","0","2","36101","0","","1","01","N","N","1","","0","0","0","0","0","N","1713","0","2","0","0","0","0","0","3","0","2","N","","","","","","","","","","","","03","  ","","",""
"1704","0","0","0","0","0","0","0","0","0","1","0","","36","11","2017","2017121384","2","40.0856","-76.2085","1702","08","0","0","0","0","0","0","0","0","","0","0","0","17","3","0","00","0","40 05:08.254","","00","76 12:30.661","0","0","0","0","36234","0","0","0","","0","0","0","2","36215","0","","1","01","N","N","1","","0","0","1","0","0","","1701","0","2","0","0","0","0","0","1","0","2","N","","","","","","","","","","","","03","  ","","",""
"1810","2","0","0","0","0","0","0","0","0","4","0","","36","11","2017","2017121394","6","40.0251","-76.3039","1801","08","0","0","0","0","0","2","0","0","1","0","0","0","17","3","1","01","1","40 01:30.378","4","00","76 18:14.198","4","0","0","0","36301","0","0","0","N","0","0","0","2","36301","1","","1","01","N","N","0","","0","0","0","3","3","N","1757","1","2","0","0","0","0","0","3","0","2","N","","","","","","","","","","","","03","  ","","",""
"0342","1","0","0","0","0","0","0","0","0","7","0","","36","11","2017","2017121398","6","40.1695","-76.1496","0336","08","0","0","0","0","0","0","0","0","1","0","0","0","03","2","0","00","1","40 10:10.355","1","00","76 08:58.400","0","0","0","0","36218","0","0","0","Y","0","0","0","1","36408","0","","3","01","N","N","0","","0","0","0","0","0","N","0332","0","1","0","0","0","0","0","1","0","1","N","","","","","","","","","","","","03","  ","","",""
"1725","1","0","0","0","0","0","0","0","0","1","0","","36","11","2017","2017121406","2","40.1098","-76.4798","1723","08","0","0","0","0","0","0","0","0","","0","0","0","17","4","0","02","0","40 06:35.270","","00","76 28:47.275","0","0","0","0","36230","0","0","0","N","0","0","0","3","36413","0","","1","01","N","N","0","","0","0","1","3","2","","1723","0","2","0","0","0","0","0","1","0","2","N","","","","","","","","","","","","03","  ","","",""
"1139","1","0","0","0","0","0","0","0","0","5","1","","36","11","2017","2017121435","6","40.0457","-76.4221","1132","08","0","0","0","0","0","0","0","1","2","0","1","0","11","1","0","00","1","40 02:44.413","4","00","76 25:19.596","0","0","0","0","36239","0","0","0","Y","0","0","0","3","36239","0","","1","01","N","N","0","","0","0","0","0","0","N","1127","0","2","0","0","0","0","0","3","0","2","N","","","","","","","","","","","","03","  ","","",""