"ARRIVAL_TM","AUTOMOBILE_COUNT","BELTED_DEATH_COUNT","BELTED_SUSP_SERIOUS_INJ_COUNT","BICYCLE_COUNT","BICYCLE_DEATH_COUNT","BICYCLE_SUSP_SERIOUS_INJ_COUNT","BUS_COUNT","CHLDPAS_DEATH_COUNT","CHLDPAS_SUSP_SERIOUS_INJ_COUNT","COLLISION_TYPE","COMM_VEH_COUNT","CONS_ZONE_SPD_LIM","COUNTY","CRASH_MONTH","CRASH_YEAR","CRN","DAY_OF_WEEK","DEC_LAT","DEC_LONG","DISPATCH_TM","DISTRICT","DRIVER_COUNT_16YR","DRIVER_COUNT_17YR","DRIVER_COUNT_18YR","DRIVER_COUNT_19YR","DRIVER_COUNT_20YR","DRIVER_COUNT_50_64YR","DRIVER_COUNT_65_74YR","DRIVER_COUNT_75PLUS","EST_HRS_CLOSED","FATAL_COUNT","HEAVY_TRUCK_COUNT","HORSE_BUGGY_COUNT","HOUR_OF_DAY","ILLUMINATION","INJURY_COUNT","INTERSECT_TYPE","LANE_CLOSED","LATITUDE","LN_CLOSE_DIR","LOCATION_TYPE","LONGITUDE","MAX_SEVERITY_LEVEL","MCYCLE_DEATH_COUNT","MCYCLE_SUSP_SERIOUS_INJ_COUNT","MOTORCYCLE_COUNT","MUNICIPALITY","NONMOTR_COUNT","NONMOTR_DEATH_COUNT","NONMOTR_SUSP_SERIOUS_INJ_COUNT","NTFY_HIWY_MAINT","PED_COUNT","PED_DEATH_COUNT","PED_SUSP_SERIOUS_INJ_COUNT","PERSON_COUNT","POLICE_AGCY","POSSIBLE_INJ_COUNT","RDWY_SURF_TYPE_CD","RELATION_TO_ROAD","ROAD_CONDITION","SCH_BUS_IND","SCH_ZONE_IND","SMALL_TRUCK_COUNT","SPEC_JURIS_CD","SUSP_MINOR_INJ_COUNT","SUSP_SERIOUS_INJ_COUNT","SUV_COUNT","TCD_FUNC_CD","TCD_TYPE","TFC_DETOUR_IND","TIME_OF_DAY","TOT_INJ_COUNT","TOTAL_UNITS","UNB_DEATH_COUNT","UNB_SUSP_SERIOUS_INJ_COUNT","UNBELTED_OCC_COUNT","UNK_INJ_DEG_COUNT","UNK_INJ_PER_COUNT","URBAN_RURAL","VAN_COUNT","VEHICLE_COUNT","WORK_ZONE_IND","WORK_ZONE_LOC","WORK_ZONE_TYPE","WORKERS_PRES","WZ_CLOSE_DETOUR","WZ_FLAGGER","WZ_LAW_OFFCR_IND","WZ_LN_CLOSURE","WZ_MOVING","WZ_OTHER","WZ_SHLDER_MDN","ROADWAY_CLEARED","WEATHER1","WEATHER2","WZ_WORKERS_INJ_KILLED","SECONDARY_CRASH","INTERSECTION_RELATED"
"1349","0","0","0","0","0","0","0","0","0","4","0","","36","11","2017","2017121465","7","40.0579","-76.2808","1343","08","0","0","0","0","0","0","0","0","2","0","0","0","13","8","0","01","2","40 03:28.332","3","00","76 16:50.762","0","0","0","0","36301","0","0","0","N","0","0","0","3","36301","0","","1","09","N","N","0","","0","0","1","3","2","N","1338","0","2","0","0","0","0","0","3","1","2","N","","","","","","","","","","","","07","  ","","",""
"1244","1","0","0","0","0","0","0","0","0","7","0","","36","11","2017","2017121468","7","40.0413","-76.4812","1238","08","0","0","0","0","0","0","0","0","3","0","0","0","12","1","1","00","1","40 02:28.607","3","00","76 28:52.325","3","0","0","0","36239","0","0","0","N","0","0","0","1","36239","0","","5","09","N","N","0","","1","0","0","0","0","N","1235","1","1","0","0","0","0","0","3","0","1","N","","","","","","","","","","","","07","  ","","",""
"1321","1","0","0","0","0","0","0","0","0","6","0","","36","11","2017","2017121472","7","39.9967","-76.3588","1314","08","0","0","0","1","0","0","0","0","","0","0","0","13","1","0","02","0","39 59:48.061","","00","76 21:31.648","0","0","0","0","36412","0","0","0","N","0","0","0","2","36412","0","","1","09","N","N","0","","0","0","1","3","3","","1314","0","2","0","0","0","0","0","3","0","2","N","","","","","","","","","","","","07","  ","","",""
"1713","2","0","0","0","0","0","0","0","0","5","0","","36","11","2017","2017121542","4","40.0594","-76.3191","1709","08","0","0","0","0","0","1","1","0","","0","0","0","17","3","1","00","0","40 03:33.719","","00","76 19:08.597","3","0","0","0","36301","0","0","0","N","0","0","0","3","36301","0","","1","01","N","N","0","","1","0","1","0","0","","1707","1","3","0","0","0","0","0","3","0","3","N","","","","","","","","","","","","03","  ","","",""
"1719","2","0","0","0","0","0","0","0","0","1","0","","36","11","2017","2017121602","2","40.1469","-76.603","1713","08","0","0","0","0","0","1","0","0","","0","0","0","17","3","2","01","0","40 08:48.953","","00","76 36:10.703","8","0","0","0","36407","0","0","0","N","0","0","0","4","36407","0","","1","01","N","N","0","","0","0","0","3","2","","1710","2","2","0","0","0","2","0","2","0","2","N","","","","","","","","","","","","03","  ","","",""
"2035","0","0","0","0","0","0","0","0","0","8","0","","36","11","2017","2017121638","6","40.0306","-76.29","2034","08","0","0","0","0","0","0","0","0","","0","0","0","20","3","1","00","0","40 01:50.205","","00","76 17:23.977","8","0","0","0","36301","1","0","0","N","1","0","0","2","36301","0","","1","01","N","N","0","","0","0","0","0","0","","2029","1","2","0","0","0","1","1","3","0","1","N","","","","","","","","","","","","03","  ","","",""
"0026","1","0","0","0","0","0","0","0","0","7","0","","36","11","2017","2017121641","1","40.1097","-76.0351","0021","08","0","0","0","0","0","0","0","0","1","0","0","0","00","2","0","02","1","40 06:35.024","4","00","76 02:06.197","9","0","0","0","36213","0","0","0","N","0","0","0","1","36213","0","","5","09","N","N","0","","0","0","0","0","0","N","0010","0","1","0","0","0","0","1","1","0","1","N","","","","","","","","","","","","07","  ","","",""
"0740","1","0","0","0","0","0","0","0","0","7","0","","36","11","2017","2017121663","2","40.0314","-76.3332","0732","08","0","0","0","0","0","0","0","0","2","0","0","0","07","1","0","00","2","40 01:52.900","2","00","76 19:59.460","0","0","0","0","36220","0","0","0","N","0","0","0","1","36101","0","","2","09","N","N","0","","0","0","0","0","0","N","0728","0","1","0","0","0","0","0","3","0","1","N","","","","","","","","","","","","07","  ","","",""
"1732","2","0","0","0","0","0","0","0","0","1","0","","36","11","2017","2017121664","4","40.0643","-76.3382","1725","08","0","1","0","0","0","1","0","0","3","0","0","0","17","2","7","00","2","40 03:51.441","4","00","76 20:17.430","3","0","0","0","36101","0","0","0","N","0","0","0","11","36101","6","","1","01","N","N","0","","1","0","2","0","0","Y","1722","7","4","0","0","0","0","0","3","0","4","N","","","","","","","","","","","","03","  ","","",""
"2205","2","0","0","0","0","0","0","0","0","1","0","","36","11","2017","2017121665","4","40.1052","-76.3054","2157","08","0","0","0","0","0","0","0","0","","0","0","0","21","3","0","00","0","40 06:18.609","","00","76 18:19.568","0","0","0","0","36101","0","0","0","","0","0","0","2","36101","0","","1","01","N","N","0","","0","0","0","0","0","","2155","0","2","0","0","0","0","0","3","0","2","N","","","","","","","","","","","","03","  ","","",""
"1743","2","0","0","0","0","0","0","0","0","4","0","","36","11","2017","2017121666","5","40.0534","-76.2874","1734","08","0","0","0","0","0","1","0","0","","0","0","0","17","3","0","02","0","40 03:12.348","","00","76 17:14.571","0","0","0","0","36101","0","0","0","","0","0","0","2","36101","0","","1","01","N","N","0","","0","0","0","3","3","","1732","0","2","0","0","0","0","0","3","0","2","N","","","","","","","","","","","","03","  ","","",""
"1924","1","0","0","0","0","0","0","0","0","4","0","","36","11","2017","2017121667","5","40.0763","-76.3249","1920","08","0","0","0","1","0","0","0","0","2","0","0","0","19","3","0","01","2","40 04:34.612","2","07","76 19:29.643","0","0","0","0","36101","0","0","0","","0","0","0","3","36101","0","","1","09","N","N","0","","0","0","1","3","2","Y","1904","0","2","0","0","0","0","0","3","0","2","N","","","","","","","","","","","","07","  ","","",""
"1512","2","0","0","0","0","0","0","0","0","4","0","","36","11","2017","2017121668","3","40.0685","-76.3074","1508","08","0","0","0","0","0","1","0","1","3","0","0","0","15","1","0","01","1","40 04:06.605","2","00","76 18:27.559","0","0","0","0","36101","0","0","0","N","0","0","0","3","36101","0","","1","01","N","N","0","","0","0","0","3","2","N","1505","0","2","0","0","0","0","0","3","0","2","N","","","","","","","","","","","","03","  ","","",""
"1821","2","0","0","0","0","0","0","0","0","1","0","","36","11","2017","2017121669","3","40.0656","-76.3051","1819","08","0","0","0","0","0","1","0","0","1","0","0","0","18","3","1","00","1","40 03:56.069","1","00","76 18:18.373","3","0","0","0","36101","0","0","0","","0","0","0","2","36101","0","","1","01","N","N","0","","1","0","0","0","0","N","1803","1","2","0","0","0","0","0","3","0","2","N","","","","","","","","","","","","03","  ","","",""
"0530","1","0","0","0","0","0","0","0","0","4","0","","36","11","2017","2017121670","6","40.0705","-76.3177","0522","08","0","0","0","0","0","1","0","0","3","0","0","0","05","3","1","00","1","40 04:13.937","4","03","76 19:03.681","8","0","0","0","36101","0","0","0","N","0","0","0","2","36101","0","","1","01","N","N","0","","0","0","1","0","0","N","0520","1","2","0","0","0","1","0","3","0","2","N","","","","","","","","","","","","03","  ","","",""
"1524","1","0","0","0","0","0","0","0","0","5","0","","36","11","2017","2017121671","6","40.058","-76.2732","1518","08","0","0","0","0","0","1","0","0","","0","0","0","15","1","0","00","0","40 03:28.705","","00","76 16:23.692","9","0","0","0","36101","0","0","0","N","0","0","0","2","36101","0","","1","01","N","N","0","","0","0","0","0","0","","1512","0","2","0","0","0","0","1","3","0","2","N","","","","","","","","","","","","03","  ","","",""
"1532","1","0","0","0","0","0","0","0","0","7","0","","36","11","2017","2017121672","6","40.0665","-76.3332","1525","08","0","0","0","0","0","0","0","0","3","0","0","0","15","1","3","00","1","40 03:59.565","4","03","76 19:59.366","3","0","0","0","36101","0","0","0","","0","0","0","4","36101","2","","2","01","N","N","0","","1","0","1","0","0","N","1520","3","2","0","0","0","0","0","3","0","2","N","","","","","","","","","","","","03","  ","","",""
"1709","1","0","0","0","0","0","0","0","0","7","0","","36","11","2017","2017121673","6","40.1163","-76.3057","1656","08","0","0","0","0","0","0","0","0","","0","0","0","16","4","1","01","0","40 06:58.631","","00","76 18:20.445","8","0","0","0","36101","0","0","0","","0","0","0","1","36101","0","","4","01","N","N","0","","0","0","0","3","2","","1655","1","1","0","0","0","1","0","3","0","1","N","","","","","","","","","","","","03","  ","","",""
"1319","1","0","0","0","0","0","0","0","0","7","0","","36","11","2017","2017121772","7","","","1319","08","0","0","0","0","0","0","1","0","","0","0","0","13","1","1","00","0","","","00","","8","0","0","0","36225","0","0","0","Y","0","0","0","2","36505","0","","4","09","N","N","0","","0","0","0","0","0","","1315","1","1","0","0","0","1","0","2","0","1","N","","","","","","","","","","","","07","  ","","",""
"1345","2","0","0","0","0","0","0","0","0","4","0","","36","11","2017","2017121814","1","39.9665","-76.2745","1338","08","0","0","0","0","0","0","0","1","3","0","0","0","13","1","0","02","2","39 57:59.351","2","00","76 16:28.353","0","0","0","0","36228","0","0","0","N","0","0","0","3","36503","0","","1","01","N","N","0","","0","0","0","0","0","Y","1337","0","2","0","0","1","0","0","1","0","2","N","","","","","","","","","","","","03","  ","","",""
"1555","1","0","2","0","0","0","0","0","0","4","0","","36","11","2017","2017121823","6","40.0619","-76.4988","1548","08","0","0","1","0","0","0","1","0","3","0","0","0","15","1","3","01","2","40 03:42.752","6","00","76 29:55.590","2","0","0","0","36239","0","0","0","N","0","0","0","4","36239","0","","1","01","N","N","2","","1","2","0","3","3","Y","1547","3","3","0","0","0","0","0","3","0","3","N","","","","","","","","","","","","03","  ","","",""
"1559","2","0","0","0","0","0","0","0","0","4","0","","36","10","2017","2017121834","4","40.0291","-76.3099","1557","08","0","0","0","0","0","0","0","0","","0","0","0","15","1","2","01","0","40 01:44.792","","00","76 18:35.784","3","0","0","0","36301","0","0","0","N","0","0","0","6","36301","0","","1","01","N","N","0","","1","0","0","3","3","","1555","2","2","0","0","1","1","0","3","0","2","N","","","","","","","","","","","","03","  ","","",""
"1700","1","0","0","0","0","0","0","0","0","7","0","","36","11","2017","2017121835","1","40.0895","-76.3576","1651","08","0","0","1","0","0","0","0","0","2","0","0","0","16","3","0","00","2","40 05:22.364","6","00","76 21:27.283","0","0","0","0","36214","0","0","0","N","0","0","0","1","36214","0","","5","01","N","N","0","","0","0","0","0","0","Y","1630","0","1","0","0","1","0","0","3","0","1","N","","","","","","","","","","","","03","  ","","",""
"0754","0","0","0","0","0","0","0","0","0","4","0","","36","11","2017","2017121836","3","40.1018","-76.6727","0741","08","0","0","0","0","0","1","0","0","2","0","0","0","07","1","1","01","1","40 06:06.624","2","00","76 40:21.755","3","0","0","0","36207","0","0","0","N","0","0","0","2","36504","0","","1","01","N","N","0","","1","0","2","3","3","N","0739","1","2","0","0","0","0","1","1","0","2","N","","","","","","","","","","","","03","  ","","",""
"0311","0","0","0","0","0","0","0","0","0","7","0","","36","10","2017","2017121856","4","40.0074","-75.9806","0253","08","0","0","0","0","0","0","0","0","3","0","0","0","02","2","1","00","2","40 00:26.650","5","00","75 58:49.980","3","0","0","0","36232","0","0","0","N","0","0","0","1","68J03","0","","4","01","N","N","1","","1","0","0","0","0","Y","0244","1","1","0","0","0","0","0","1","0","1","N","","","","","","","","","","","","03","  ","","",""
"1401","0","0","0","0","0","0","0","0","0","1","1","","36","11","2017","2017121892","6","40.0475","-76.3629","1358","08","0","0","0","0","0","2","0","0","","0","1","0","13","1","1","01","0","40 02:50.996","","00","76 21:46.341","4","0","0","0","36214","0","0","0","","0","0","0","3","36214","1","","1","01","N","N","0","","0","0","1","3","2","","1353","1","2","0","0","0","0","0","3","0","2","N","","","","","","","","","","","","03","  ","","",""
"1545","2","0","0","0","0","0","0","0","0","4","0","","36","11","2017","2017121893","7","40.042","-76.3906","1535","08","0","0","0","0","0","0","0","0","","0","0","0","15","1","0","00","0","40 02:31.349","","00","76 23:26.068","0","0","0","0","36214","0","0","0","N","0","0","0","3","36214","0","","1","08","N","N","0","","0","0","0","0","0","","1535","0","2","0","0","0","0","0","3","0","2","N","","","","","","","","","","","","07","  ","","",""
"0210","1","0","0","0","0","0","0","0","0","7","0","","36","11","2017","2017121945","7","40.2652","-76.1063","0207","08","0","0","0","0","0","0","0","0","2","0","0","0","02","3","0","00","1","40 15:54.927","6","00","76 06:22.662","0","0","0","0","36210","0","0","0","N","0","0","0","1","36210","0","","1","01","N","N","0","","0","0","0","0","0","Y","0204","0","1","0","0","0","0","0","1","0","1","N","","","","","","","","","","","","03","  ","","",""
"1836","1","0","0","0","0","0","0","0","0","9","0","","36","11","2017","2017121948","1","","","1820","08","0","0","0","0","0","0","0","0","","0","0","0","18","2","0","00","0","","","00","","0","0","0","0","36230","0","0","0","N","0","0","0","1","36410","0","","1","01","N","N","0","","0","0","0","0","0","","1817","0","1","0","0","0","0","0","1","0","1","N","","","","","","","","","","","","03","  ","","",""
"1820","1","0","0","0","0","0","0","0","0","1","0","","36","11","2017","2017121967","2","40.039","-76.5105","1814","08","0","0","0","0","0","0","0","0","","0","0","0","18","2","0","06","0","40 02:23.420","","00","76 30:40.350","0","0","0","0","36404","0","0","0","N","0","0","0","4","36404","0","","7","01","N","N","1","","0","0","2","3","4","","1814","0","4","0","0","0","0","0","3","0","4","N","","","","","","","","","","","","03","  ","","",""
"0459","0","0","0","0","0","0","0","0","0","7","0","","36","11","2017","2017121969","4","40.1804","-76.195","0456","08","0","0","0","0","1","0","0","0","","0","0","0","04","3","1","00","0","40 10:49.347","","00","76 11:41.980","3","0","0","0","36408","0","0","0","Y","0","0","0","1","36408","0","","4","01","N","N","0","","1","0","0","0","0","","0451","1","1","0","0","0","0","0","2","1","1","N","","","","","","","","","","","","03","  ","","",""
"1852","1","0","0","0","0","0","0","0","0","4","0","","36","11","2017","2017121977","1","40.1816","-76.194","1849","08","0","0","0","0","1","0","0","0","","0","0","0","18","3","0","01","0","40 10:53.583","","00","76 11:38.402","9","0","0","0","36408","0","0","0","N","0","0","0","2","36408","0","","1","01","N","N","0","","0","0","1","3","2","","1847","0","2","0","0","0","0","1","2","0","2","N","","","","","","","","","","","","03","  ","","",""
"0134","1","0","0","0","0","0","0","0","0","7","0","","36","11","2017","2017121983","1","40.0485","-76.2941","0130","08","0","0","0","0","0","0","0","0","2","0","0","0","01","3","0","01","1","40 02:54.467","2","00","76 17:38.677","0","0","0","0","36301","0","0","0","N","0","0","0","1","36301","0","","4","09","N","N","0","","0","0","0","0","0","N","0129","0","1","0","0","0","0","0","3","0","1","N","","","","","","","","","","","","07","  ","","",""
"2022","2","0","0","0","0","0","0","0","0","4","0","","36","11","2017","2017121989","7","40.0357","-76.3143","2022","08","0","0","0","0","0","1","0","0","","0","0","0","20","3","0","01","0","40 02:08.544","","00","76 18:51.312","0","0","0","0","36301","0","0","0","N","0","0","0","2","36301","0","","1","09","N","N","0","","0","0","0","3","3","","2022","0","2","0","0","0","0","0","3","0","2","N","","","","","","","","","","","","03","  ","","",""
"1739","1","0","0","0","0","0","0","0","0","7","0","","36","11","2017","2017121993","1","40.1928","-76.158","1735","08","1","0","0","0","0","0","0","0","1","0","0","0","17","2","0","00","1","40 11:34.000","2","00","76 09:28.800","0","0","0","0","36218","0","0","0","N","0","0","0","1","36408","0","","5","01","N","N","0","","0","0","0","0","0","N","1732","0","1","0","0","0","0","0","1","0","1","N","","","","","","","","","","","","03","  ","","",""
"0018","1","0","0","0","0","0","0","0","0","7","0","","36","11","2017","2017121994","7","40.1046","-76.1567","0010","08","0","0","0","1","0","0","0","0","2","0","0","0","00","2","0","00","1","40 06:16.708","1","00","76 09:24.156","0","0","0","0","36238","0","0","0","N","0","0","0","1","36238","0","","4","01","N","N","0","","0","0","0","0","0","N","0007","0","1","0","0","0","0","0","3","0","1","N","","","","","","","","","","","","03","  ","","",""
"1842","1","0","0","0","0","0","0","0","0","7","0","","36","11","2017","2017122012","7","40.1112","-76.6534","1833","08","0","0","0","0","0","1","0","0","2","0","0","0","18","2","0","00","2","40 06:40.293","5","00","76 39:12.092","0","0","0","0","36207","0","0","0","N","0","0","0","1","36504","0","","5","09","N","N","0","","0","0","0","0","0","Y","1831","0","1","0","0","0","0","0","1","0","1","N","","","","","","","","","","","","07","  ","","",""
"1637","1","0","0","0","0","0","0","0","0","7","0","","36","11","2017","2017122136","7","40.0828","-76.0996","1632","08","0","1","0","0","0","0","0","0","","0","0","0","16","4","0","00","0","40 04:58.100","","00","76 05:58.400","0","0","0","0","36209","0","0","0","N","0","0","0","2","36415","0","","4","09","N","N","0","","0","0","0","0","0","","1632","0","1","0","0","0","0","0","1","0","1","N","","","","","","","","","","","","07","  ","","",""
"1206","2","0","0","0","0","0","0","0","0","5","0","","36","11","2017","2017122241","1","40.0264","-76.3055","1202","08","0","0","0","0","0","0","0","0","","0","0","0","12","1","1","01","0","40 01:35.077","","00","76 18:19.941","4","0","0","0","36301","0","0","0","N","0","0","0","2","36301","1","","1","01","N","N","0","","0","0","0","3","2","","1202","1","2","0","0","0","0","0","3","0","2","N","","","","","","","","","","","","03","  ","","",""
"1542","1","0","0","0","0","0","0","0","0","4","0","","36","11","2017","2017122281","2","40.1505","-76.0281","1536","08","0","0","0","0","0","0","0","0","1","0","0","0","15","1","0","01","1","40 09:01.638","7","00","76 01:41.060","0","0","0","0","36213","0","0","0","N","0","0","0","5","36213","0","","1","01","N","N","0","","0","0","1","3","3","N","1534","0","2","0","0","0","0","0","1","0","2","N","","","","","","","","","","","","03","  ","","",""
"1639","2","0","0","0","0","0","0","0","0","4","0","","36","11","2017","2017122305","4","40.1489","-76.3808","1630","08","0","0","0","0","1","0","1","0","1","0","0","0","16","1","0","00","1","40 08:56.138","1","00","76 22:50.909","0","0","0","0","36227","0","0","0","","0","0","0","2","36506","0","","1","01","N","N","0","","0","0","0","0","0","N","1630","0","2","0","0","0","0","0","1","0","2","N","","","","","","","","","","","","03","  ","","",""
"1716","1","0","0","0","0","0","0","0","0","7","0","","36","11","2017","2017122313","6","40.1468","-76.2096","1711","08","0","0","0","0","0","0","0","0","2","0","0","0","17","2","0","00","1","40 08:48.498","1","00","76 12:34.621","0","0","0","0","36238","0","0","0","N","0","0","0","1","36238","0","","5","01","N","N","0","","0","0","0","0","0","Y","1708","0","1","0","0","0","0","0","3","0","1","N","","","","","","","","","","","","03","  ","","",""
"2022","0","0","0","0","0","0","0","0","0","9","0","","36","11","2017","2017122468","2","40.0543","-76.5235","2011","08","0","0","0","0","0","1","0","0","","0","0","0","20","2","0","00","0","40 03:15.357","","00","76 31:24.675","0","0","0","0","36239","0","0","0","N","0","0","0","1","36239","0","","1","01","N","N","0","","0","0","1","0","0","","2003","0","1","0","0","0","0","0","3","0","1","N","","","","","","","","","","","","03","  ","","",""
"2314","3","0","0","0","0","0","0","0","0","5","0","","36","11","2017","2017122491","2","40.0391","-76.4282","2307","08","0","0","0","0","0","0","0","0","1","0","0","0","23","3","0","00","1","40 02:20.808","3","00","76 25:41.340","0","0","0","0","36239","0","0","0","N","0","0","0","1","36239","0","","2","01","N","N","0","","0","0","0","0","0","N","2306","0","3","0","0","0","0","0","3","0","3","N","","","","","","","","","","","","03","  ","","",""
"0454","1","0","0","0","0","0","0","0","0","9","0","","36","11","2017","2017122532","1","40.2292","-76.4471","0426","08","0","0","0","0","0","0","0","0","","0","0","0","04","2","1","00","0","40 13:45.633","","00","76 26:46.561","3","0","0","0","36230","0","0","0","","0","0","0","1","68T06","0","","1","01","N","N","0","","1","0","0","0","0","","0425","1","1","0","0","0","0","0","1","0","1","N","","","","","","","","","","","","03","  ","","",""
"0715","0","0","0","0","0","0","0","0","0","9","0","","36","11","2017","2017122544","7","40.2285","-76.3601","0656","08","0","0","0","0","0","1","0","0","","0","0","0","06","5","0","00","0","40 13:42.459","","00","76 21:35.850","0","0","0","0","36227","0","0","0","","0","0","0","3","68T06","0","","1","01","N","N","1","","0","0","0","0","0","","0655","0","1","0","0","0","0","0","1","0","1","N","","","","","","","","","","","","03","  ","","",""
"0435","1","0","0","0","0","0","0","0","0","7","0","","36","11","2017","2017122567","1","40.0144","-76.3267","0430","08","0","0","0","0","0","0","0","0","2","0","0","0","04","2","0","02","1","40 00:51.749","4","00","76 19:36.106","0","0","0","0","36220","0","0","0","N","0","0","0","1","36101","0","","2","09","N","N","0","","0","0","0","3","3","N","0420","0","1","0","0","0","0","0","3","0","1","N","","","","","","","","","","","","07","  ","","",""
"2326","2","0","0","0","0","0","0","0","0","4","0","","36","11","2017","2017122568","7","40.0669","-76.3044","2319","08","0","0","0","1","0","0","0","0","","0","0","0","23","2","0","01","0","40 04:00.689","","00","76 18:15.730","0","0","0","0","36101","0","0","0","","0","0","0","4","36101","0","","1","09","N","N","0","","0","0","0","3","2","","2317","0","2","0","0","0","0","0","3","0","2","N","","","","","","","","","","","","07","  ","","",""
"0339","0","0","0","0","0","0","0","0","0","7","0","","36","11","2017","2017122569","1","40.0105","-76.1627","0330","08","0","0","0","1","0","0","0","0","2","0","0","0","03","2","0","00","1","40 00:37.640","2","00","76 09:45.640","0","0","0","0","36215","0","0","0","N","0","0","0","1","36215","0","","5","09","N","N","1","","0","0","0","0","0","N","0329","0","1","0","0","1","0","0","1","0","1","N","","","","","","","","","","","","03","  ","","",""
"1533","1","0","0","0","0","0","0","0","0","7","0","","36","11","2017","2017122570","5","40.2164","-76.4328","1527","08","0","0","0","0","0","0","0","0","1","0","0","0","15","1","0","02","1","40 12:59.206","2","00","76 25:58.223","0","0","0","0","36230","0","0","0","","0","0","0","1","36410","0","","2","01","N","N","0","","0","0","0","0","0","N","1525","0","1","0","0","0","0","0","1","0","1","N","","","","","","","","","","","","03","  ","","",""
"1750","0","0","0","0","0","0","0","0","0","1","0","","36","11","2017","2017122571","3","40.2188","-76.4323","1740","08","0","0","0","0","0","1","0","0","1","0","0","0","17","2","0","00","1","40 13:07.588","2","07","76 25:56.130","0","0","0","0","36230","0","0","0","N","0","0","0","4","36410","0","","1","01","N","N","1","","0","0","1","0","0","N","1736","0","2","0","0","0","0","0","1","0","2","N","","","","","","","","","","","","03","  ","","",""
"1627","2","0","0","0","0","0","0","0","0","4","0","","36","11","2017","2017122572","6","40.1638","-76.3951","1627","08","0","0","0","0","0","1","1","0","2","0","0","0","16","1","0","01","1","40 09:49.597","7","00","76 23:42.519","0","0","0","0","36410","0","0","0","","0","0","0","2","36410","0","","1","01","N","N","0","","0","0","0","3","2","N","1627","0","2","0","0","0","0","0","2","0","2","N","","","","","","","","","","","","03","  ","","",""
"2359","1","0","0","0","0","0","0","0","0","9","0","","36","11","2017","2017122573","1","40.128","-76.4758","2348","08","0","0","0","1","0","0","0","0","1","0","0","0","22","2","0","00","1","40 07:40.652","4","00","76 28:32.774","0","0","0","0","36230","0","0","0","N","0","0","0","2","36410","0","","1","01","N","N","0","","0","0","0","0","0","N","2200","0","1","0","0","0","0","0","1","0","1","N","","","","","","","","","","","","03","  ","","",""
"0635","1","0","0","0","0","0","0","0","0","4","0","","36","11","2017","2017122654","2","40.1026","-76.1131","0630","08","0","0","0","0","0","0","0","0","1","0","0","1","06","5","0","00","2","40 06:09.200","5","00","76 06:47.200","0","0","0","0","36209","1","0","0","N","0","0","0","4","36415","0","","1","01","N","N","0","","0","0","0","0","0","Y","0628","0","2","0","0","0","0","0","1","0","1","N","","","","","","","","","","","","03","  ","","",""
"1806","3","0","0","0","0","0","0","0","0","5","0","","36","11","2017","2017122662","3","40.0417","-76.3085","1806","08","0","0","0","0","0","0","0","1","1","0","0","0","18","3","0","00","1","40 02:30.236","2","00","76 18:30.537","0","0","0","0","36301","1","0","0","N","0","0","0","2","36301","0","","6","09","N","N","0","","0","0","0","0","0","Y","1806","0","3","0","0","0","0","0","3","0","3","N","","","","","","","","","","","","07","  ","","",""
"1357","0","0","0","0","0","0","0","0","0","5","0","","36","11","2017","2017122663","5","40.0347","-76.3119","1347","08","0","0","0","0","0","1","0","0","1","0","0","0","13","1","0","00","2","40 02:04.800","4","00","76 18:42.800","0","0","0","0","36301","0","0","0","N","0","0","0","1","36301","0","","6","01","N","N","2","","0","0","0","0","0","Y","1344","0","3","0","0","0","0","0","3","1","3","N","","","","","","","","","","","","03","  ","","",""
"1302","1","0","0","0","0","0","0","0","0","4","0","","36","11","2017","2017122664","2","40.1128","-76.3965","1300","08","0","0","0","0","0","0","0","0","2","0","0","0","12","1","0","01","1","40 06:45.982","7","00","76 23:47.576","0","0","0","0","36214","0","0","0","N","0","0","0","4","36214","0","","1","01","N","N","0","","0","0","1","3","3","N","1255","0","2","0","0","0","0","0","3","0","2","N","","","","","","","","","","","","03","  ","","",""
"1008","2","0","0","0","0","0","0","0","0","2","0","","36","10","2017","2017122699","1","40.0591","-76.4629","1004","08","0","0","0","0","0","0","0","0","2","0","0","0","10","1","1","02","2","40 03:32.814","5","00","76 27:46.398","3","0","0","0","36239","0","0","0","N","0","0","0","3","36239","0","","1","09","N","N","0","","1","0","0","0","0","Y","1004","1","2","0","0","0","0","0","3","0","2","N","","","","","","","","","","","","07","  ","","",""
"0852","1","0","0","0","0","0","0","0","0","4","0","","36","11","2017","2017122702","1","40.1799","-76.1829","0850","08","0","0","0","0","0","0","0","2","","0","0","0","08","1","0","01","0","40 10:47.722","","00","76 10:58.605","0","0","0","0","36408","0","0","0","N","0","0","0","2","36408","0","","1","01","N","N","1","","0","0","0","3","3","","0850","0","2","0","0","1","0","0","2","0","2","N","","","","","","","","","","","","03","  ","","",""
"1603","2","0","0","0","0","0","0","0","0","4","0","","36","09","2017","2017122749","5","40.043","-76.3036","1600","08","0","0","0","0","0","1","0","0","2","0","0","0","16","1","0","01","1","40 02:34.742","3","00","76 18:12.891","9","0","0","0","36301","0","0","0","N","0","0","0","2","36301","0","","1","01","N","N","0","","0","0","0","3","3","N","1600","0","2","0","0","0","0","1","3","0","2","N","","","","","","","","","","","","03","  ","","",""
"1543","0","0","0","0","0","0","0","0","0","4","0","","36","11","2017","2017122836","3","39.9542","-76.3273","1541","08","0","0","0","0","0","0","1","0","1","0","0","0","15","1","1","02","1","39 57:15.050","1","00","76 19:38.232","4","0","0","0","36206","0","0","0","N","0","0","0","2","36503","1","","1","01","N","N","0","","0","0","1","0","0","N","1540","1","2","0","0","0","0","0","1","1","2","N","","","","","","","","","","","","03","  ","","",""