"ARRIVAL_TM","AUTOMOBILE_COUNT","BELTED_DEATH_COUNT","BELTED_SUSP_SERIOUS_INJ_COUNT","BICYCLE_COUNT","BICYCLE_DEATH_COUNT","BICYCLE_SUSP_SERIOUS_INJ_COUNT","BUS_COUNT","CHLDPAS_DEATH_COUNT","CHLDPAS_SUSP_SERIOUS_INJ_COUNT","COLLISION_TYPE","COMM_VEH_COUNT","CONS_ZONE_SPD_LIM","COUNTY","CRASH_MONTH","CRASH_YEAR","CRN","DAY_OF_WEEK","DEC_LAT","DEC_LONG","DISPATCH_TM","DISTRICT","DRIVER_COUNT_16YR","DRIVER_COUNT_17YR","DRIVER_COUNT_18YR","DRIVER_COUNT_19YR","DRIVER_COUNT_20YR","DRIVER_COUNT_50_64YR","DRIVER_COUNT_65_74YR","DRIVER_COUNT_75PLUS","EST_HRS_CLOSED","FATAL_COUNT","HEAVY_TRUCK_COUNT","HORSE_BUGGY_COUNT","HOUR_OF_DAY","ILLUMINATION","INJURY_COUNT","INTERSECT_TYPE","LANE_CLOSED","LATITUDE","LN_CLOSE_DIR","LOCATION_TYPE","LONGITUDE","MAX_SEVERITY_LEVEL","MCYCLE_DEATH_COUNT","MCYCLE_SUSP_SERIOUS_INJ_COUNT","MOTORCYCLE_COUNT","MUNICIPALITY","NONMOTR_COUNT","NONMOTR_DEATH_COUNT","NONMOTR_SUSP_SERIOUS_INJ_COUNT","NTFY_HIWY_MAINT","PED_COUNT","PED_DEATH_COUNT","PED_SUSP_SERIOUS_INJ_COUNT","PERSON_COUNT","POLICE_AGCY","POSSIBLE_INJ_COUNT","RDWY_SURF_TYPE_CD","RELATION_TO_ROAD","ROAD_CONDITION","SCH_BUS_IND","SCH_ZONE_IND","SMALL_TRUCK_COUNT","SPEC_JURIS_CD","SUSP_MINOR_INJ_COUNT","SUSP_SERIOUS_INJ_COUNT","SUV_COUNT","TCD_FUNC_CD","TCD_TYPE","TFC_DETOUR_IND","TIME_OF_DAY","TOT_INJ_COUNT","TOTAL_UNITS","UNB_DEATH_COUNT","UNB_SUSP_SERIOUS_INJ_COUNT","UNBELTED_OCC_COUNT","UNK_INJ_DEG_COUNT","UNK_INJ_PER_COUNT","URBAN_RURAL","VAN_COUNT","VEHICLE_COUNT","WORK_ZONE_IND","WORK_ZONE_LOC","WORK_ZONE_TYPE","WORKERS_PRES","WZ_CLOSE_DETOUR","WZ_FLAGGER","WZ_LAW_OFFCR_IND","WZ_LN_CLOSURE","WZ_MOVING","WZ_OTHER","WZ_SHLDER_MDN","ROADWAY_CLEARED","WEATHER1","WEATHER2","WZ_WORKERS_INJ_KILLED","SECONDARY_CRASH","INTERSECTION_RELATED"
"1850","2","0","0","0","0","0","0","0","0","4","0","","36","11","2017","2017122885","5","40.0032","-76.4519","1845","08","0","0","0","0","0","1","0","0","","0","0","0","18","2","1","01","0","40 00:11.365","","00","76 27:06.746","8","0","0","0","36223","0","0","0","N","0","0","0","4","36223","0","","1","09","N","N","0","","0","0","0","3","3","","1836","1","2","0","0","0","1","0","1","0","2","N","","","","","","","","","","","","07","  ","","",""
"1740","0","0","0","0","0","0","0","0","0","9","0","","36","11","2017","2017122886","7","40.0058","-76.4091","1735","08","0","0","0","0","0","1","0","0","","0","0","0","17","4","0","10","0","40 00:20.876","","00","76 24:32.932","0","0","0","0","36223","0","0","0","","0","0","0","1","36223","0","","1","01","N","N","0","","0","0","1","0","0","","1730","0","1","0","0","0","0","0","1","0","1","N","","","","","","","","","","","","03","  ","","",""
"1341","3","0","0","0","0","0","0","0","0","0","0","","36","11","2017","2017122887","2","40.0314","-76.3608","1333","08","0","0","0","0","0","0","0","0","","0","0","0","13","1","0","00","0","40 01:52.904","","00","76 21:38.775","0","0","0","0","36223","0","0","0","N","0","0","0","3","36223","0","","1","01","N","N","0","","0","0","0","0","0","","1327","0","3","0","0","0","0","0","1","0","3","N","","","","","","","","","","","","03","  ","","",""
"1356","0","0","0","0","0","0","0","0","0","4","0","","36","11","2017","2017122888","6","40.0024","-76.4756","1355","08","0","0","0","0","0","0","0","0","","0","0","0","13","1","0","02","0","40 00:08.523","","00","76 28:32.238","0","0","0","0","36223","0","0","0","N","0","0","0","3","36223","0","","1","01","N","N","0","","0","0","2","3","3","","1350","0","2","0","0","0","0","0","1","0","2","N","","","","","","","","","","","","03","  ","","",""
"1216","0","0","0","0","0","0","0","0","0","7","0","","36","11","2017","2017122889","7","40.0264","-76.3945","1213","08","0","0","0","0","0","1","0","0","","0","0","0","12","1","1","00","0","40 01:35.090","","00","76 23:40.048","4","0","0","0","36223","0","0","0","N","0","0","0","2","36223","1","","4","09","N","N","0","","0","0","0","0","0","","1210","1","1","0","0","0","0","0","1","0","1","N","","","","","","","","","","","","07","  ","","",""
"1736","2","0","0","0","0","0","0","0","0","4","0","","36","11","2017","2017122895","3","40.0819","-76.351","1722","08","0","0","0","0","0","1","0","0","","0","0","0","17","3","0","01","0","40 04:54.975","","02","76 21:03.454","0","0","0","0","36214","0","0","0","N","0","0","0","3","36214","0","","1","01","N","N","0","","0","0","0","3","2","","1715","0","2","0","0","0","0","0","3","0","2","N","","","","","","","","","","","","03","  ","","",""
"1302","1","0","0","0","0","0","0","0","0","1","0","","36","11","2017","2017122987","7","40.2236","-76.292","1210","08","0","0","0","0","0","1","0","0","","0","0","0","12","1","1","00","0","40 13:25.085","","00","76 17:31.187","3","0","0","0","36217","0","0","0","","0","0","0","3","68J01","0","","1","09","N","N","0","","1","0","1","0","0","","1204","1","2","0","0","0","0","0","1","0","2","N","","","","","","","","","","","","07","  ","","",""
"1754","2","0","0","0","0","0","0","0","0","1","0","","36","11","2017","2017123037","3","40.1757","-76.6021","1744","08","0","0","0","0","0","1","0","0","","0","0","0","17","3","0","00","0","40 10:32.484","","00","76 36:07.541","0","0","0","0","36225","0","0","0","N","0","0","0","2","36505","0","","1","01","N","N","0","","0","0","0","0","0","","1742","0","2","0","0","0","0","0","2","0","2","N","","","","","","","","","","","","03","  ","","",""
"1911","0","0","0","0","0","0","0","0","0","9","0","","36","11","2017","2017123040","3","40.0545","-76.4612","1906","08","0","0","0","0","0","1","0","0","1","0","0","0","19","2","1","00","1","40 03:16.092","1","00","76 27:40.400","4","0","0","0","36239","0","0","0","N","0","0","0","1","36239","1","","1","01","N","N","0","","0","0","1","0","0","N","1903","1","1","0","0","0","0","0","3","0","1","N","","","","","","","","","","","","03","  ","","",""
"1728","2","0","0","0","0","0","0","0","0","1","0","","36","11","2017","2017123042","7","40.0293","-76.2281","1720","08","0","0","0","0","0","1","0","0","1","0","0","0","17","3","1","00","2","40 01:45.514","4","00","76 13:41.023","4","0","0","0","36215","0","0","0","N","0","0","0","5","36215","1","","1","09","N","N","0","","0","0","0","0","0","N","1718","1","2","0","0","0","0","0","1","0","2","N","","","","","","","","","","","","03","  ","","",""
"1724","2","0","0","0","0","0","0","0","0","1","0","","36","11","2017","2017123072","5","40.0678","-76.3291","1700","08","0","0","0","0","0","0","0","0","2","0","0","0","16","4","0","01","1","40 04:03.946","5","00","76 19:44.884","0","0","0","0","36301","0","0","0","N","0","0","0","2","36301","0","","1","01","N","N","0","","0","0","0","0","0","N","1658","0","2","0","0","0","0","0","3","0","2","N","","","","","","","","","","","","03","  ","","",""
"1455","0","0","0","0","0","0","0","0","0","1","0","","36","11","2017","2017123080","3","40.1298","-76.2166","1441","08","0","0","0","0","0","0","0","0","","0","0","0","14","1","0","01","0","40 07:47.418","","02","76 12:59.629","0","0","0","0","36238","0","0","0","N","0","0","0","2","36238","0","","1","09","N","N","0","","0","0","2","3","2","","1437","0","2","0","0","0","0","0","3","0","2","N","","","","","","","","","","","","07","  ","","",""
"2254","1","0","0","0","0","0","0","0","0","1","0","","36","11","2017","2017123085","6","40.0392","-76.3089","2254","08","0","0","0","0","0","0","0","0","2","0","0","0","22","3","0","00","1","40 02:21.194","4","00","76 18:32.203","0","0","0","0","36301","0","0","0","N","0","0","0","1","36301","0","","2","01","N","N","1","","0","0","0","0","0","N","2254","0","2","0","0","0","0","0","3","0","2","N","","","","","","","","","","","","03","  ","","",""
"1015","0","0","0","0","0","0","0","0","0","4","1","","36","10","2017","2017123115","7","40.0386","-76.1596","1008","08","0","0","0","0","0","1","0","0","","0","1","0","10","1","1","00","0","40 02:19.077","","07","76 09:34.507","3","0","0","0","36221","0","0","0","","0","0","0","3","68J01","0","","1","01","N","N","0","","1","0","1","0","0","","1007","1","2","0","0","0","0","0","1","0","2","N","","","","","","","","","","","","03","  ","","",""
"1625","1","0","0","0","0","0","0","0","0","4","0","","36","11","2017","2017123121","3","39.9593","-76.0996","1555","08","0","0","0","0","0","1","0","0","","0","0","0","15","1","0","01","0","39 57:33.444","","00","76 05:58.443","0","0","0","0","36226","0","0","0","N","0","0","0","2","68J01","0","","1","09","N","N","0","","0","0","0","3","3","","1553","0","2","0","0","0","0","0","1","1","2","N","","","","","","","","","","","","07","  ","","",""
"1143","0","0","0","0","0","0","0","0","0","4","0","","36","11","2017","2017123123","6","39.9945","-76.0291","1121","08","0","0","0","0","0","0","0","1","2","0","0","0","11","1","1","01","1","39 59:40.359","7","00","76 01:44.728","3","0","0","0","36232","0","0","0","","0","0","0","3","68J01","0","","1","01","N","N","1","","1","0","0","3","2","N","1120","1","2","0","0","0","0","0","1","1","2","N","","","","","","","","","","","","03","  ","","",""
"1538","1","0","0","0","0","0","0","0","0","0","0","","36","11","2017","2017123124","6","39.9853","-76.1517","1526","08","0","0","0","0","0","0","0","0","2","0","0","0","15","1","0","00","2","39 59:06.970","5","00","76 09:06.280","0","0","0","0","36233","0","0","0","N","0","0","0","2","68J01","0","","1","01","N","N","0","","0","0","0","3","6","Y","1519","0","1","0","0","0","0","0","1","0","1","N","","","","","","","","","","","","03","  ","","",""
"1700","2","0","0","0","0","0","0","0","0","4","0","","36","11","2017","2017123130","3","40.2152","-76.2829","1633","08","0","1","0","0","0","0","0","1","2","0","0","0","16","4","0","02","2","40 12:54.543","6","00","76 16:58.572","0","0","0","0","36217","0","0","0","N","0","0","0","2","68J01","0","","1","01","N","N","0","","0","0","0","3","3","Y","1629","0","2","0","0","0","0","0","1","0","2","N","","","","","","","","","","","","03","  ","","",""
"0050","1","0","0","0","0","0","0","0","0","7","0","","36","11","2017","2017123135","1","39.9123","-76.3052","0046","08","0","0","0","0","0","0","0","0","","0","0","0","00","2","0","00","0","39 54:44.310","","00","76 18:18.820","0","0","0","0","36224","0","0","0","N","0","0","0","1","68J01","0","","4","09","N","N","0","","0","0","0","0","0","","0042","0","1","0","0","0","0","0","1","0","1","N","","","","","","","","","","","","07","  ","","",""
"1333","0","0","0","0","0","0","0","0","0","2","0","","36","11","2017","2017123136","1","39.8801","-76.1326","1328","08","0","0","2","0","0","0","0","0","2","0","0","0","13","1","0","01","2","39 52:48.385","1","00","76 07:57.446","0","0","0","0","36205","0","0","0","","0","0","0","4","68J01","0","","1","01","N","N","1","","0","0","1","3","3","N","1324","0","2","0","0","0","0","0","1","0","2","N","","","","","","","","","","","","03","  ","","",""
"2102","1","0","0","0","0","0","0","0","0","7","0","","36","10","2017","2017123150","1","40.0665","-76.3022","2102","08","0","0","0","0","0","0","0","0","2","0","0","0","21","2","0","00","1","40 03:59.540","3","00","76 18:08.010","0","0","0","0","36101","0","0","0","N","0","0","0","1","36101","0","","4","09","N","N","0","","0","0","0","0","0","N","2100","0","1","0","0","0","0","0","3","0","1","N","","","","","","","","","","","","07","  ","","",""
"0413","1","0","0","0","0","0","0","0","0","9","0","","36","10","2017","2017123167","6","40.2264","-76.0579","0353","08","0","0","0","0","0","0","0","0","","0","0","0","03","2","0","00","0","40 13:34.975","","00","76 03:28.484","0","0","0","0","36202","0","0","0","","0","0","0","1","68J01","0","","1","01","N","N","0","","0","0","0","0","0","","0350","0","1","0","0","0","0","0","1","0","1","N","","","","","","","","","","","","03","  ","","",""
"1903","3","0","0","0","0","0","0","0","0","2","0","","36","10","2017","2017123168","7","39.9841","-76.1019","1849","08","0","0","0","0","0","2","0","0","3","0","0","0","18","2","5","00","2","39 59:02.688","6","00","76 06:06.895","3","0","0","0","36226","0","0","0","N","0","0","0","10","68J01","0","","1","01","N","N","1","","5","0","0","0","0","Y","1837","5","5","0","0","0","0","0","1","1","5","N","","","","","","","","","","","","03","  ","","",""
"0446","0","0","0","0","0","0","0","0","0","9","0","","36","11","2017","2017123179","2","39.8353","-76.3093","0422","08","0","0","0","0","0","0","0","0","","0","0","0","04","2","0","00","0","39 50:07.045","","00","76 18:33.315","0","0","0","0","36224","0","0","0","","0","0","0","1","68J01","0","","1","01","N","N","0","","0","0","1","0","0","","0421","0","1","0","0","0","0","0","1","0","1","N","","","","","","","","","","","","03","  ","","",""
"1157","0","0","0","0","0","0","0","0","0","4","0","","36","11","2017","2017123190","6","40.0386","-76.1058","1144","08","0","0","0","0","0","0","1","0","2","0","0","0","11","1","0","00","1","40 02:18.819","3","00","76 06:20.954","0","0","0","0","36221","0","0","0","","0","0","0","3","68J01","0","","1","01","N","N","0","","0","0","2","0","0","N","1142","0","2","0","0","0","0","0","1","0","2","N","","","","","","","","","","","","03","  ","","",""
"0900","0","0","0","0","0","0","0","0","0","4","0","","36","11","2017","2017123195","7","39.9294","-76.2528","0858","08","0","0","0","0","0","1","0","0","","0","0","0","08","1","1","01","0","39 55:45.777","","00","76 15:09.973","4","0","0","0","36229","0","0","0","","0","0","0","2","68J01","1","","1","01","N","N","1","","0","0","1","3","3","","0850","1","2","0","0","0","0","0","1","0","2","N","","","","","","","","","","","","03","  ","","",""
"1519","1","0","0","0","0","0","0","0","0","4","0","","36","11","2017","2017123196","7","40.0162","-76.0262","1509","08","0","0","0","0","0","0","0","0","2","0","0","0","15","1","0","02","1","40 00:58.244","6","00","76 01:34.449","0","0","0","0","36232","0","0","0","N","0","0","0","4","68J01","0","","1","01","N","N","0","","0","0","1","3","3","Y","1506","0","2","0","0","0","0","0","1","0","2","N","","","","","","","","","","","","03","  ","","",""
"0753","1","0","0","0","0","0","0","0","0","4","0","","36","11","2017","2017123206","4","39.8899","-76.2377","0740","08","0","1","0","0","0","0","0","0","","0","0","0","07","1","0","01","0","39 53:24.827","","00","76 14:16.772","0","0","0","0","36229","0","0","0","N","0","0","0","2","68J01","0","","1","01","N","N","0","","0","0","1","3","2","","0730","0","2","0","0","0","0","0","1","0","2","N","","","","","","","","","","","","03","  ","","",""
"1151","1","0","0","0","0","0","0","0","0","7","0","","36","11","2017","2017123208","4","40.2057","-76.2985","1130","08","0","0","0","0","0","0","0","0","","0","0","0","11","1","0","00","0","40 12:20.536","","00","76 17:54.555","0","0","0","0","36217","0","0","0","","0","0","0","1","68J01","0","","4","01","N","N","0","","0","0","0","0","0","","1127","0","1","0","0","1","0","0","1","0","1","N","","","","","","","","","","","","03","  ","","",""
"1511","1","0","0","0","0","0","0","0","0","1","0","","36","11","2017","2017123211","6","40.2077","-76.0179","1429","08","0","0","0","0","0","0","0","0","","0","0","0","14","1","0","02","0","40 12:27.708","","00","76 01:04.296","0","0","0","0","36202","0","0","0","N","0","0","0","4","68J01","0","","1","01","N","N","1","","0","0","0","0","0","","1419","0","2","0","0","1","0","0","1","0","2","N","","","","","","","","","","","","03","  ","","",""
"1548","0","0","0","0","0","0","0","0","0","4","0","","36","11","2017","2017123212","6","40.0009","-76.0716","1538","08","0","0","0","0","0","1","0","0","2","0","0","0","15","1","2","01","1","40 00:03.333","6","00","76 04:17.662","4","0","0","0","36226","0","0","0","N","0","0","0","2","68J01","2","","1","01","N","N","0","","0","0","1","3","3","N","1532","2","2","0","0","0","0","0","1","1","2","N","","","","","","","","","","","","03","  ","","",""
"1017","2","0","0","0","0","0","0","0","0","2","0","","36","11","2017","2017123215","7","40.2258","-76.3027","0956","08","0","0","0","0","0","0","0","0","2","0","0","0","09","1","2","00","2","40 13:32.798","5","00","76 18:09.721","3","0","0","0","36217","0","0","0","","0","0","0","2","68J01","0","","1","09","N","N","0","","2","0","0","0","0","N","0942","2","2","0","0","0","0","0","1","0","2","N","","","","","","","","","","","","07","  ","","",""
"2055","2","0","0","0","0","0","0","0","0","4","0","","36","11","2017","2017123240","6","40.031","-76.2354","2052","08","0","0","0","0","0","0","0","0","2","0","0","0","20","3","1","02","2","40 01:50.687","4","00","76 14:03.501","4","0","0","0","36215","0","0","0","N","0","0","0","5","36215","1","","1","01","N","N","0","","0","0","0","3","2","Y","2050","1","2","0","0","1","0","0","1","0","2","N","","","","","","","","","","","","03","  ","","",""
"0533","0","0","0","0","0","0","0","0","0","2","0","","36","11","2017","2017123250","4","40.2331","-76.0784","0529","08","0","0","0","0","0","2","0","0","2","0","0","0","05","3","0","01","1","40 13:59.288","1","00","76 04:42.215","0","0","0","0","36210","0","0","0","N","0","0","0","2","36210","0","","1","01","N","N","0","","0","0","2","3","2","N","0527","0","2","0","0","0","0","0","1","0","2","N","","","","","","","","","","","","03","  ","","",""
"0149","1","0","0","0","0","0","0","0","0","7","0","","36","11","2017","2017123251","1","40.0815","-76.2341","0149","08","0","0","1","0","0","0","0","0","","0","0","0","01","2","0","00","0","40 04:53.500","","00","76 14:02.600","0","0","0","0","36234","0","0","0","N","0","0","0","1","36215","0","","4","09","N","N","0","","0","0","0","0","0","","0140","0","1","0","0","0","0","0","1","0","1","N","","","","","","","","","","","","07","  ","","",""
"1031","3","0","0","0","0","0","0","0","0","4","0","","36","11","2017","2017123289","3","40.1578","-76.2659","1025","08","0","0","0","1","0","0","0","0","2","0","0","0","10","1","1","00","1","40 09:28.100","6","00","76 15:57.100","3","0","0","0","36235","0","0","0","N","0","0","0","3","36506","0","","1","01","N","N","0","","1","0","0","0","0","N","1025","1","3","0","0","0","0","0","1","0","3","N","","","","","","","","","","","","03","  ","","",""
"1038","2","0","0","0","0","0","0","0","0","5","0","","36","11","2017","2017123293","4","40.0431","-76.3001","1034","08","0","0","0","0","0","1","0","0","1","0","0","0","10","1","1","00","1","40 02:35.124","2","00","76 18:00.518","4","0","0","0","36301","0","0","0","N","0","0","0","1","36301","1","","2","01","N","N","0","","0","0","0","0","0","Y","1033","1","2","0","0","0","0","0","3","0","2","N","","","","","","","","","","","","03","  ","","",""
"1242","3","0","0","0","0","0","0","0","0","4","0","","36","11","2017","2017123311","1","40.1317","-76.2175","1236","08","0","0","0","0","0","0","1","0","","0","0","0","12","1","0","00","0","40 07:54.117","","00","76 13:03.066","0","0","0","0","36238","0","0","0","N","0","0","0","3","36238","0","","1","01","N","N","0","","0","0","0","0","0","","1236","0","3","0","0","0","0","0","3","0","3","N","","","","","","","","","","","","03","  ","","",""
"0634","0","0","0","0","0","0","0","0","0","7","0","","36","10","2017","2017123349","3","40.2072","-76.3743","0628","08","0","0","1","0","0","0","0","0","1","0","0","0","06","2","0","00","1","40 12:25.946","6","00","76 22:27.469","0","0","0","0","36227","0","0","0","N","0","0","0","1","36506","0","","5","01","N","N","1","","0","0","0","0","0","Y","0628","0","1","0","0","0","0","0","1","0","1","N","","","","","","","","","","","","03","  ","","",""
"1524","1","0","0","0","0","0","0","0","0","4","0","","36","11","2017","2017123384","3","40.0583","-76.3119","1519","08","0","0","0","0","1","0","0","0","3","0","0","0","15","1","0","00","1","40 03:29.752","1","00","76 18:42.695","0","0","0","0","36101","0","0","0","N","0","0","0","5","36101","0","","1","01","N","N","0","","0","0","0","0","0","N","1515","0","2","0","0","0","0","0","3","1","2","N","","","","","","","","","","","","03","  ","","",""
"1937","1","0","0","0","0","0","0","0","0","7","0","","36","11","2017","2017123385","5","40.0269","-76.4547","1920","08","0","0","0","0","0","0","0","0","1","0","0","0","19","2","0","00","1","40 01:36.800","5","00","76 27:17.060","0","0","0","0","36223","0","0","0","N","0","0","0","1","36223","0","","4","01","N","N","0","","0","0","0","0","0","N","1920","0","1","0","0","0","0","0","1","0","1","N","","","","","","","","","","","","03","  ","","",""
"2200","2","0","0","0","0","0","0","0","0","4","0","","36","10","2017","2017123403","6","40.0505","-76.2934","2152","08","0","0","0","0","0","0","0","0","1","0","0","0","21","3","0","01","1","40 03:01.936","2","00","76 17:36.150","0","0","0","0","36301","0","0","0","N","0","0","0","2","36301","0","","1","01","N","N","0","","0","0","0","3","3","N","2152","0","2","0","0","0","0","0","3","0","2","N","","","","","","","","","","","","03","  ","","",""
"1112","1","0","0","0","0","0","0","0","0","4","0","","36","09","2017","2017123448","7","39.9294","-76.2528","1110","08","0","0","0","0","0","0","0","0","2","0","0","0","11","1","3","01","2","39 55:45.339","5","00","76 15:09.922","2","0","0","0","36229","0","0","0","","0","0","0","3","68J01","0","","1","01","N","N","0","","2","1","1","3","3","N","1109","3","2","0","1","1","0","0","1","0","2","N","","","","","","","","","","","","03","  ","","",""
"0659","2","0","0","0","0","0","0","0","0","7","0","","36","11","2017","2017123453","7","40.037","-76.5083","0657","08","0","0","0","0","0","0","0","0","","0","0","0","06","3","0","01","0","40 02:13.102","","00","76 30:29.880","9","0","0","0","36404","0","0","0","N","0","0","0","1","36404","0","","2","01","N","N","0","","0","0","0","0","0","","0657","0","3","0","0","0","0","1","3","0","3","N","","","","","","","","","","","","03","  ","","",""
"1916","1","0","0","0","0","0","0","0","0","8","0","","36","10","2017","2017123489","1","40.0388","-76.3129","1910","08","0","0","0","0","0","1","0","0","","0","0","0","19","3","1","01","0","40 02:19.654","","00","76 18:46.345","8","0","0","0","36301","1","0","0","N","1","0","0","2","36301","0","","1","01","N","N","0","","0","0","0","3","2","","1909","1","2","0","0","0","1","0","3","0","1","N","","","","","","","","","","","","03","  ","","",""
"0222","3","0","0","0","0","0","0","0","0","1","0","","36","11","2017","2017123505","3","40.0399","-76.2913","0216","08","0","0","0","0","0","0","0","0","","0","0","0","02","3","0","00","0","40 02:23.600","","00","76 17:28.800","9","0","0","0","36301","0","0","0","N","0","0","0","1","36301","0","","6","01","N","N","0","","0","0","0","0","0","","0213","0","3","0","0","0","0","1","3","0","3","N","","","","","","","","","","","","03","  ","","",""
"0622","0","0","0","0","0","0","0","0","0","7","0","","36","11","2017","2017123545","6","40.0268","-76.2179","0611","08","0","0","0","0","0","1","0","0","","0","0","0","06","5","0","00","0","40 01:36.480","","00","76 13:04.319","0","0","0","0","36215","0","0","0","","0","0","0","1","36215","0","","5","01","N","N","0","","0","0","0","0","0","","0607","0","1","0","0","0","0","0","1","1","1","N","","","","","","","","","","","","03","  ","","",""
"1804","2","0","0","0","0","0","0","0","0","1","0","","36","11","2017","2017123546","1","40.0395","-76.2083","1759","08","0","0","0","0","1","0","0","0","","0","0","0","17","3","1","02","0","40 02:22.332","","00","76 12:29.802","8","0","0","0","36215","0","0","0","N","0","0","0","3","36215","0","","1","01","N","N","0","","0","0","0","3","2","","1759","1","2","0","0","0","1","0","1","0","2","N","","","","","","","","","","","","03","  ","","",""
"2102","1","0","0","0","0","0","0","0","0","7","0","","36","11","2017","2017123548","5","40.0473","-76.2504","2055","08","0","0","0","0","0","0","0","0","","0","0","0","20","3","0","00","0","40 02:50.138","","00","76 15:01.359","0","0","0","0","36215","0","0","0","","0","0","0","1","36215","0","","3","01","N","N","0","","0","0","0","0","0","","2055","0","1","0","0","0","0","0","1","0","1","N","","","","","","","","","","","","03","  ","","",""
"1311","1","0","0","0","0","0","0","0","0","4","0","","36","11","2017","2017123549","3","40.0319","-76.2398","1308","08","0","0","0","0","0","0","0","2","2","0","0","0","13","1","2","02","1","40 01:54.765","4","00","76 14:23.331","8","0","0","0","36215","0","0","0","","0","0","0","3","36215","0","","1","01","N","N","1","","0","0","0","3","2","Y","1308","2","2","0","0","0","2","0","1","0","2","N","","","","","","","","","","","","03","  ","","",""
"1152","1","0","0","0","0","0","0","0","0","1","0","","36","11","2017","2017123552","4","40.0859","-76.205","1151","08","0","0","0","0","0","1","1","0","2","0","0","0","11","1","0","02","1","40 05:09.321","3","00","76 12:18.051","0","0","0","0","36234","0","0","0","N","0","0","0","2","36215","0","","1","01","N","N","0","","0","0","0","0","0","N","1151","0","2","0","0","0","0","0","1","1","2","N","","","","","","","","","","","","03","  ","","",""
"0831","1","0","0","0","0","0","0","0","0","6","0","","36","11","2017","2017123579","4","40.0614","-76.5081","0819","08","0","0","1","0","0","0","0","0","","0","0","0","08","1","0","02","0","40 03:41.091","","00","76 30:29.052","0","0","0","0","36239","0","0","0","N","0","0","0","3","36239","0","","1","01","N","N","0","","0","0","0","3","3","","0816","0","2","0","0","0","0","0","3","1","2","N","","","","","","","","","","","","03","  ","","",""
"1719","3","0","0","0","0","0","0","0","0","1","0","","36","11","2017","2017123589","4","40.1384","-76.5858","1718","08","0","0","1","0","0","2","0","0","","0","0","0","17","2","1","00","0","40 08:18.063","","00","76 35:08.917","4","0","0","0","36225","0","0","0","N","0","0","0","4","36505","1","","1","01","N","N","0","","0","0","1","0","0","","1715","1","4","0","0","0","0","0","2","0","4","N","","","","","","","","","","","","03","  ","","",""
"0939","0","0","0","0","0","0","0","0","0","7","0","","36","11","2017","2017123597","5","40.2168","-76.1052","0938","08","0","1","0","0","0","0","0","0","2","0","0","0","09","1","1","00","2","40 13:00.486","5","00","76 06:18.834","2","0","0","0","36210","0","0","0","N","0","0","0","1","36210","0","","5","01","N","N","1","","0","1","0","0","0","Y","0937","1","1","0","1","1","0","0","1","0","1","N","","","","","","","","","","","","03","  ","","",""
"0636","2","0","0","0","0","0","0","0","0","1","0","","36","11","2017","2017123598","5","40.0392","-76.3096","0632","08","0","0","0","0","0","1","0","0","","0","0","0","06","3","0","00","0","40 02:20.954","","00","76 18:34.470","0","0","0","0","36301","0","0","0","N","0","0","0","1","36301","0","","4","01","N","N","0","","0","0","0","0","0","","0629","0","2","0","0","0","0","0","3","0","2","N","","","","","","","","","","","","03","  ","","",""
"0136","1","0","0","0","0","0","0","0","0","1","0","","36","11","2017","2017123634","2","40.1483","-76.6132","0131","08","0","0","0","0","0","1","0","0","1","0","0","0","01","3","0","00","1","40 08:53.950","4","00","76 36:47.608","0","0","0","0","36407","0","0","0","N","0","0","0","1","36407","0","","2","01","N","N","0","","0","0","0","0","0","N","0133","0","2","0","0","0","0","0","2","1","2","N","","","","","","","","","","","","03","  ","","",""
"1526","2","0","0","0","0","0","0","0","0","4","0","","36","11","2017","2017123638","5","40.0424","-76.2938","1523","08","0","0","0","0","0","0","1","0","1","0","0","0","15","1","0","01","1","40 02:32.780","2","00","76 17:37.618","0","0","0","0","36301","0","0","0","N","0","0","0","2","36301","0","","1","01","N","N","0","","0","0","0","3","3","N","1521","0","2","0","0","0","0","0","3","0","2","N","","","","","","","","","","","","03","  ","","",""
"0224","2","0","0","0","0","0","0","0","0","4","0","","36","11","2017","2017123698","7","40.1624","-76.6038","0223","08","0","0","0","0","0","0","0","0","","0","0","0","02","3","0","01","0","40 09:44.485","","00","76 36:13.535","9","0","0","0","36407","0","0","0","N","0","0","0","1","36407","0","","2","09","N","N","0","","0","0","0","1","3","","0223","0","2","0","0","0","0","1","2","0","2","N","","","","","","","","","","","","03","  ","","",""
"1157","0","0","0","0","0","0","0","0","0","7","0","","36","11","2017","2017123740","5","40.2039","-76.361","1152","08","0","0","0","0","0","0","0","0","3","0","0","0","11","1","0","00","2","40 12:14.166","6","00","76 21:39.713","0","0","0","0","36227","0","0","0","","0","0","0","1","36506","0","","5","01","N","N","0","","0","0","0","0","0","Y","1152","0","1","0","0","0","0","0","1","1","1","N","","","","","","","","","","","","03","  ","","",""
"0832","0","0","0","0","0","0","0","0","0","0","0","","36","10","2017","2017123748","2","40.0063","-76.0072","0811","08","1","0","0","0","0","0","0","0","","0","0","0","08","1","2","00","0","40 00:22.689","","00","76 00:25.984","3","0","0","0","36232","0","0","0","","0","0","0","2","68J01","0","","1","01","N","N","0","","2","0","1","0","0","","0805","2","1","0","0","0","0","0","1","0","1","N","","","","","","","","","","","","03","  ","","",""