"ARRIVAL_TM","AUTOMOBILE_COUNT","BELTED_DEATH_COUNT","BELTED_SUSP_SERIOUS_INJ_COUNT","BICYCLE_COUNT","BICYCLE_DEATH_COUNT","BICYCLE_SUSP_SERIOUS_INJ_COUNT","BUS_COUNT","CHLDPAS_DEATH_COUNT","CHLDPAS_SUSP_SERIOUS_INJ_COUNT","COLLISION_TYPE","COMM_VEH_COUNT","CONS_ZONE_SPD_LIM","COUNTY","CRASH_MONTH","CRASH_YEAR","CRN","DAY_OF_WEEK","DEC_LAT","DEC_LONG","DISPATCH_TM","DISTRICT","DRIVER_COUNT_16YR","DRIVER_COUNT_17YR","DRIVER_COUNT_18YR","DRIVER_COUNT_19YR","DRIVER_COUNT_20YR","DRIVER_COUNT_50_64YR","DRIVER_COUNT_65_74YR","DRIVER_COUNT_75PLUS","EST_HRS_CLOSED","FATAL_COUNT","HEAVY_TRUCK_COUNT","HORSE_BUGGY_COUNT","HOUR_OF_DAY","ILLUMINATION","INJURY_COUNT","INTERSECT_TYPE","LANE_CLOSED","LATITUDE","LN_CLOSE_DIR","LOCATION_TYPE","LONGITUDE","MAX_SEVERITY_LEVEL","MCYCLE_DEATH_COUNT","MCYCLE_SUSP_SERIOUS_INJ_COUNT","MOTORCYCLE_COUNT","MUNICIPALITY","NONMOTR_COUNT","NONMOTR_DEATH_COUNT","NONMOTR_SUSP_SERIOUS_INJ_COUNT","NTFY_HIWY_MAINT","PED_COUNT","PED_DEATH_COUNT","PED_SUSP_SERIOUS_INJ_COUNT","PERSON_COUNT","POLICE_AGCY","POSSIBLE_INJ_COUNT","RDWY_SURF_TYPE_CD","RELATION_TO_ROAD","ROAD_CONDITION","SCH_BUS_IND","SCH_ZONE_IND","SMALL_TRUCK_COUNT","SPEC_JURIS_CD","SUSP_MINOR_INJ_COUNT","SUSP_SERIOUS_INJ_COUNT","SUV_COUNT","TCD_FUNC_CD","TCD_TYPE","TFC_DETOUR_IND","TIME_OF_DAY","TOT_INJ_COUNT","TOTAL_UNITS","UNB_DEATH_COUNT","UNB_SUSP_SERIOUS_INJ_COUNT","UNBELTED_OCC_COUNT","UNK_INJ_DEG_COUNT","UNK_INJ_PER_COUNT","URBAN_RURAL","VAN_COUNT","VEHICLE_COUNT","WORK_ZONE_IND","WORK_ZONE_LOC","WORK_ZONE_TYPE","WORKERS_PRES","WZ_CLOSE_DETOUR","WZ_FLAGGER","WZ_LAW_OFFCR_IND","WZ_LN_CLOSURE","WZ_MOVING","WZ_OTHER","WZ_SHLDER_MDN","ROADWAY_CLEARED","WEATHER1","WEATHER2","WZ_WORKERS_INJ_KILLED","SECONDARY_CRASH","INTERSECTION_RELATED"
"1532","0","0","0","0","0","0","0","0","0","4","0","","36","10","2017","2017123749","3","39.9277","-76.2524","1518","08","0","0","0","0","0","1","0","0","","0","0","0","15","1","1","01","0","39 55:39.686","","00","76 15:08.739","3","0","0","1","36229","0","0","0","N","0","0","0","2","68J01","0","","1","01","N","N","1","","1","0","0","2","3","","1513","1","2","0","0","0","0","0","1","0","2","N","","","","","","","","","","","","03","  ","","",""
"1123","0","0","0","0","0","0","0","0","0","4","1","","36","11","2017","2017123776","2","40.0065","-76.1131","1109","08","0","0","0","0","0","0","0","0","","0","1","0","11","1","1","00","0","40 00:23.450","","00","76 06:47.243","8","0","0","0","36226","0","0","0","","0","0","0","3","68J01","0","","2","01","N","N","0","","0","0","1","0","0","","1105","1","2","0","0","0","1","0","1","0","2","N","","","","","","","","","","","","03","  ","","",""
"0831","1","0","0","0","0","0","0","0","0","4","0","","36","11","2017","2017123779","3","39.7515","-76.135","0748","08","0","0","0","0","0","0","0","0","2","0","0","0","07","1","0","01","1","39 45:05.535","5","00","76 08:06.108","0","0","0","0","36219","0","0","0","N","0","0","0","2","68J01","0","","1","01","N","N","0","","0","0","1","3","8","Y","0740","0","2","0","0","0","0","0","1","0","2","N","","","","","","","","","","","","03","  ","","",""
"2139","1","0","0","0","0","0","0","0","0","7","0","","36","11","2017","2017123780","3","40.2411","-76.2496","2127","08","0","0","0","1","0","0","0","0","3","0","0","0","21","2","0","00","2","40 14:27.680","4","00","76 14:59.725","0","0","0","0","36204","0","0","0","","0","0","0","2","68T06","0","","4","01","N","N","0","","0","0","0","0","0","N","2125","0","1","0","0","0","0","0","1","0","1","N","","","","","","","","","","","","03","  ","","",""
"1657","1","0","0","0","0","0","0","0","0","1","0","","36","11","2017","2017123781","4","40.207","-76.0345","1654","08","0","0","0","1","0","0","0","0","2","0","0","0","16","2","1","02","2","40 12:25.332","6","00","76 02:04.167","3","0","0","0","36202","0","0","0","N","0","0","0","4","68J01","0","","1","01","N","N","0","","1","0","1","0","0","Y","1652","1","2","0","0","0","0","0","1","0","2","N","","","","","","","","","","","","03","  ","","",""
"1603","1","0","0","0","0","0","0","0","0","4","0","","36","11","2017","2017123788","3","40.0763","-76.3249","1559","08","0","0","1","0","0","0","0","0","","0","0","0","15","1","1","01","0","40 04:34.612","","07","76 19:29.643","4","0","0","0","36101","0","0","0","","0","0","0","5","36101","1","","1","01","N","N","1","","0","0","0","3","2","","1552","1","2","0","0","0","0","0","3","0","2","N","","","","","","","","","","","","03","  ","","",""
"0812","2","0","0","0","0","0","0","0","0","5","0","","36","11","2017","2017123789","7","40.0705","-76.3175","0805","08","0","0","0","0","0","1","0","0","","0","0","0","08","5","1","00","0","40 04:13.822","","03","76 19:02.823","3","0","0","0","36101","0","0","0","N","0","0","0","3","36101","0","","1","01","N","N","0","","1","0","0","0","0","","0800","1","2","0","0","0","0","0","3","0","2","N","","","","","","","","","","","","03","  ","","",""
"1232","0","0","0","0","0","0","0","0","0","1","0","","36","11","2017","2017123790","4","40.1107","-76.3055","1222","08","0","0","0","0","1","0","0","0","","0","0","0","12","1","0","00","0","40 06:38.699","","00","76 18:19.970","0","0","0","0","36101","0","0","0","","0","0","0","3","36101","0","","1","01","N","N","1","","0","0","1","0","0","","1219","0","2","0","0","0","0","0","3","0","2","N","","","","","","","","","","","","03","  ","","",""
"1551","1","0","0","0","0","0","0","0","0","1","0","","36","11","2017","2017123791","4","40.0503","-76.3948","1534","08","0","0","0","0","0","0","0","0","","0","0","0","15","1","3","01","0","40 03:01.141","","00","76 23:41.283","4","0","0","0","36214","0","0","0","N","0","0","0","4","36214","3","","1","01","N","N","0","","0","0","1","3","2","","1530","3","3","0","0","0","0","0","3","1","3","N","","","","","","","","","","","","03","  ","","",""
"1603","1","0","0","0","0","0","0","0","0","1","0","","36","11","2017","2017123821","2","40.047","-76.3629","1559","08","0","0","0","0","1","0","0","0","","0","0","0","15","1","0","00","0","40 02:49.260","","00","76 21:46.613","0","0","0","0","36214","0","0","0","N","0","0","0","2","36214","0","","1","01","N","N","0","","0","0","1","0","0","","1550","0","2","0","0","0","0","0","3","0","2","N","","","","","","","","","","","","03","  ","","",""
"1540","2","0","0","0","0","0","0","0","0","6","0","","36","11","2017","2017123824","3","40.1119","-76.4074","1535","08","0","0","0","0","0","1","0","0","","0","0","0","15","1","0","00","0","40 06:42.800","","07","76 24:26.500","0","0","0","0","36214","0","0","0","N","0","0","0","4","36214","0","","1","01","N","N","0","","0","0","1","0","0","","1535","0","3","0","0","0","0","0","3","0","3","N","","","","","","","","","","","","03","  ","","",""
"1359","1","0","0","0","0","0","0","0","0","1","0","","36","11","2017","2017123884","6","39.9924","-76.2859","1359","08","0","0","0","0","0","0","0","1","","0","0","0","13","1","0","02","0","39 59:32.071","","00","76 17:09.342","0","0","0","0","36240","0","0","0","N","0","0","0","2","36240","0","","1","01","N","N","1","","0","0","0","3","2","","1341","0","2","0","0","0","0","0","1","0","2","N","","","","","","","","","","","","03","  ","","",""
"1430","1","0","0","0","0","0","0","0","0","4","0","","36","11","2017","2017123885","6","40.0413","-76.4265","1405","08","0","0","0","0","0","1","0","0","","0","1","0","14","1","0","05","0","40 02:28.659","","00","76 25:35.429","0","0","0","0","36414","0","0","0","N","0","0","0","2","36239","0","","1","01","N","N","0","","0","0","0","3","2","","1405","0","2","0","0","0","0","0","3","0","2","N","","","","","","","","","","","","03","  ","","",""
"1143","1","0","0","0","0","0","0","0","0","4","0","","36","11","2017","2017123890","6","40.235","-76.076","1139","08","0","0","0","0","0","0","1","1","2","0","0","0","11","1","2","02","2","40 14:06.083","5","00","76 04:33.697","8","0","0","0","36401","0","0","0","N","0","0","0","2","36408","0","","1","01","N","N","0","","0","0","1","0","0","Y","1135","2","2","0","0","0","2","0","1","0","2","N","","","","","","","","","","","","03","  ","","",""
"1621","1","0","0","0","0","0","0","0","0","4","0","","36","11","2017","2017123894","6","40.1827","-76.4639","1609","08","0","0","0","0","0","0","2","0","1","0","0","0","16","1","3","01","2","40 10:57.666","7","00","76 27:50.180","8","0","0","0","36230","0","0","0","N","0","0","0","3","36410","0","","1","01","N","N","0","","0","0","1","3","3","Y","1609","3","2","0","0","0","3","0","1","0","2","N","","","","","","","","","","","","03","  ","","",""
"1850","2","0","0","0","0","0","0","0","0","4","0","","36","11","2017","2017123991","6","40.0523","-76.3074","1848","08","0","0","0","0","0","0","0","0","","0","0","0","17","1","0","01","0","40 03:08.127","","00","76 18:26.464","0","0","0","0","36301","0","0","0","N","0","0","0","2","36301","0","","1","01","N","N","0","","0","0","0","3","3","","1743","0","2","0","0","0","0","0","3","0","2","N","","","","","","","","","","","","03","  ","","",""
"1443","2","0","0","0","0","0","0","0","0","4","0","","36","11","2017","2017124011","6","40.1518","-76.6016","1439","08","0","0","0","0","0","0","1","0","2","0","0","0","14","1","0","01","1","40 09:06.364","5","00","76 36:05.659","0","0","0","0","36407","0","0","0","N","0","0","0","3","36407","0","","1","01","N","N","0","","0","0","0","3","3","N","1439","0","2","0","0","0","0","0","2","0","2","N","","","","","","","","","","","","03","  ","","",""
"1403","0","0","0","0","0","0","1","0","0","4","1","","36","11","2017","2017124082","3","40.0268","-76.3278","1403","08","0","0","0","0","0","0","1","0","2","0","0","0","13","1","0","02","1","40 01:36.533","3","07","76 19:40.229","0","0","0","0","36220","0","0","0","","0","0","0","2","36101","0","","1","01","N","N","1","","0","0","0","3","3","N","1341","0","2","0","0","0","0","0","3","0","2","N","","","","","","","","","","","","03","  ","","",""
"1756","2","0","0","0","0","0","0","0","0","1","0","","36","11","2017","2017124083","5","40.0705","-76.319","1741","08","0","1","0","0","0","0","0","0","","0","0","0","17","3","0","00","0","40 04:13.850","","00","76 19:08.535","0","0","0","0","36101","0","0","0","N","0","0","0","2","36101","0","","1","01","N","N","0","","0","0","0","0","0","","1737","0","2","0","0","0","0","0","3","0","2","N","","","","","","","","","","","","03","  ","","",""
"1355","2","0","0","0","0","0","0","0","0","4","0","","36","11","2017","2017124084","3","40.0526","-76.3231","1345","08","0","1","0","0","0","0","0","0","2","0","0","0","13","1","0","00","1","40 03:09.281","4","00","76 19:23.103","0","0","0","0","36101","0","0","0","","0","0","0","2","36101","0","","1","01","N","N","0","","0","0","0","0","0","N","1345","0","2","0","0","0","0","0","3","0","2","N","","","","","","","","","","","","03","  ","","",""
"0807","1","0","0","1","0","0","0","0","0","4","0","","36","11","2017","2017124100","4","40.0426","-76.3076","0758","08","0","0","0","0","0","0","0","0","","0","0","0","07","1","1","01","0","40 02:33.356","","00","76 18:27.431","4","0","0","0","36301","1","0","0","N","0","0","0","2","36301","1","","1","01","N","N","0","","0","0","0","0","0","","0712","1","2","0","0","0","0","0","3","0","1","N","","","","","","","","","","","","03","  ","","",""
"1053","2","0","0","0","0","0","0","0","0","4","0","","36","11","2017","2017124101","3","40.1298","-76.2166","1049","08","0","0","0","0","0","0","1","0","","0","0","0","10","1","0","01","0","40 07:47.738","","02","76 12:59.285","0","0","0","0","36238","0","0","0","N","0","0","0","2","36238","0","","1","01","N","N","0","","0","0","0","3","2","","1049","0","2","0","0","0","0","0","3","0","2","N","","","","","","","","","","","","03","  ","","",""
"1548","1","0","0","0","0","0","0","0","0","7","0","","36","11","2017","2017124108","2","40.0399","-76.429","1546","08","0","0","0","0","0","1","0","0","1","0","0","0","15","1","1","00","1","40 02:23.794","2","00","76 25:44.432","4","0","0","0","36414","0","0","0","N","0","0","0","1","36239","1","","5","01","N","N","0","","0","0","0","0","0","N","1546","1","1","0","0","0","0","0","3","0","1","N","","","","","","","","","","","","98","  ","","",""
"0945","2","0","0","0","0","0","0","0","0","5","0","","36","11","2017","2017124109","7","40.041","-76.2917","0943","08","0","0","0","0","0","1","0","0","1","0","0","0","09","1","0","00","1","40 02:27.649","4","00","76 17:30.012","0","0","0","0","36301","0","0","0","N","0","0","0","1","36301","0","","6","01","N","N","0","","0","0","0","0","0","N","0943","0","2","0","0","0","0","0","3","0","2","N","","","","","","","","","","","","03","  ","","",""
"1735","3","0","0","0","0","0","0","0","0","5","0","","36","11","2017","2017124116","6","40.1498","-76.304","1734","08","0","0","0","0","0","0","0","1","1","0","0","0","17","6","1","00","2","40 08:59.430","5","00","76 18:14.470","8","0","0","0","36409","0","0","0","N","0","0","0","1","36409","0","","6","01","N","N","0","","0","0","0","0","0","Y","1732","1","3","0","0","0","1","0","3","0","3","N","","","","","","","","","","","","03","  ","","",""
"1750","2","0","0","0","0","0","0","0","0","1","0","","36","11","2017","2017124140","3","40.1215","-76.0596","1747","08","0","0","0","1","0","1","0","0","1","0","0","0","17","3","1","00","1","40 07:17.388","4","00","76 03:34.623","3","0","0","0","36213","0","0","0","N","0","0","0","2","36213","0","","1","01","N","N","0","","1","0","0","0","0","Y","1745","1","2","0","0","0","0","0","1","0","2","N","","","","","","","","","","","","03","  ","","",""
"1028","0","0","0","1","0","1","0","0","0","1","0","","36","11","2017","2017124144","6","40.1049","-76.0314","1022","08","0","0","0","0","0","0","0","1","1","0","0","0","10","1","1","00","2","40 06:17.600","5","00","76 01:53.100","2","0","0","0","36213","1","0","1","N","0","0","0","2","36213","0","","1","01","N","N","0","","0","1","0","0","0","Y","1020","1","2","0","0","0","0","0","1","1","1","N","","","","","","","","","","","","03","  ","","",""
"0256","1","0","0","0","0","0","0","0","0","7","0","","36","11","2017","2017124204","7","40.1582","-76.6085","0249","08","0","0","0","0","0","0","0","0","3","0","0","0","02","3","0","00","2","40 09:29.582","1","00","76 36:30.685","0","0","0","0","36407","0","0","0","N","0","0","0","1","36407","0","","4","01","N","N","0","","0","0","0","0","0","N","0249","0","1","0","0","0","0","0","2","0","1","N","","","","","","","","","","","","03","  ","","",""
"1720","1","0","0","0","0","0","0","0","0","6","0","","36","11","2017","2017124207","3","40.1805","-76.4042","1715","08","0","0","0","0","0","1","0","0","1","0","0","0","17","3","0","02","1","40 10:49.804","2","00","76 24:15.102","0","0","0","0","36230","0","0","0","N","0","0","0","3","36410","0","","1","01","N","N","1","","0","0","0","0","0","N","1712","0","2","0","0","0","0","0","1","0","2","N","","","","","","","","","","","","03","  ","","",""
"1727","1","0","1","0","0","0","0","0","0","4","0","","36","10","2017","2017124264","5","39.8516","-76.2208","1724","08","0","0","0","0","0","1","0","1","","0","0","0","17","1","2","00","0","39 51:05.590","","07","76 13:14.721","2","0","0","0","36212","0","0","0","N","0","0","0","3","68J01","0","","1","01","N","N","1","","1","1","0","0","0","","1722","2","3","0","0","0","0","0","1","1","3","N","","","","","","","","","","","","03","  ","","",""
"1818","0","0","0","0","0","0","0","0","0","1","0","","36","11","2017","2017124271","6","40.0398","-76.1259","1808","08","0","0","0","0","0","1","0","0","2","0","0","0","18","2","1","00","2","40 02:23.377","6","00","76 07:33.202","4","0","0","0","36221","0","0","0","","0","0","0","3","68J01","1","","1","01","N","N","0","","0","0","2","0","0","Y","1807","1","2","0","0","0","0","0","1","0","2","N","","","","","","","","","","","","03","  ","","",""
"1559","0","0","0","0","0","0","0","0","0","7","0","","36","11","2017","2017124277","4","39.8979","-76.3568","1559","08","0","0","0","0","0","0","0","0","","0","0","0","15","1","0","00","0","39 53:52.335","","00","76 21:24.438","0","0","0","0","36206","0","0","0","N","0","0","0","1","36503","0","","4","01","N","N","1","","0","0","0","0","0","","1559","0","1","0","0","0","0","0","1","0","1","N","","","","","","","","","","","","03","  ","","",""
"1841","2","0","0","0","0","0","0","0","0","9","0","","36","11","2017","2017124278","5","40.0411","-76.3063","1841","08","0","0","1","1","0","0","0","0","","0","0","0","18","3","1","01","0","40 02:27.991","","00","76 18:22.594","3","0","0","0","36301","1","0","0","Y","1","0","0","3","36301","0","","1","01","N","N","0","","1","0","0","3","2","","1841","1","3","0","0","0","0","0","3","0","2","N","","","","","","","","","","","","03","  ","","",""
"1315","1","0","0","0","0","0","0","0","0","4","0","","36","11","2017","2017124281","7","40.012","-76.2263","1310","08","0","0","0","0","0","0","0","1","2","0","0","0","13","1","3","01","2","40 00:43.379","7","00","76 13:34.666","8","0","0","0","36240","0","0","0","N","0","0","0","4","36240","0","","1","01","N","N","0","","0","0","0","3","3","Y","1300","3","2","0","0","0","3","0","1","1","2","N","","","","","","","","","","","","03","  ","","",""
"1300","0","0","0","0","0","0","0","0","0","1","0","","36","11","2017","2017124319","3","40.0442","-76.3078","1258","08","0","0","0","0","0","1","0","0","","0","0","0","12","1","0","00","0","40 02:39.119","","00","76 18:28.006","0","0","0","0","36301","0","0","0","N","0","0","0","2","36301","0","","1","01","N","N","0","","0","0","2","0","0","","1258","0","2","0","0","0","0","0","3","0","2","N","","","","","","","","","","","","03","  ","","",""
"1215","2","0","0","0","0","0","0","0","0","4","0","","36","11","2017","2017124329","5","40.0687","-76.3429","1210","08","0","0","0","0","0","0","0","1","2","0","0","0","12","1","0","02","1","40 04:07.251","2","00","76 20:34.310","0","0","0","0","36301","0","0","0","N","0","0","0","2","36301","0","","1","01","N","N","0","","0","0","0","3","2","Y","1210","0","2","0","0","0","0","0","3","0","2","N","","","","","","","","","","","","03","  ","","",""
"0041","2","0","0","0","0","0","0","0","0","4","0","","36","11","2017","2017124359","7","40.0229","-76.3048","0032","08","0","0","0","0","0","0","0","0","2","0","0","0","00","3","1","05","1","40 01:22.439","2","00","76 18:17.112","3","0","0","0","36220","0","0","0","","0","0","0","2","36101","0","","1","01","N","N","0","","1","0","0","3","2","N","0028","1","2","0","0","0","0","0","3","0","2","N","","","","","","","","","","","","03","  ","","",""
"0531","0","0","0","0","0","0","0","0","0","4","1","","36","11","2017","2017124360","4","40.1146","-76.245","0524","08","0","0","0","0","0","0","0","0","","0","1","0","05","3","0","02","0","40 06:52.583","","07","76 14:41.992","0","0","0","0","36101","0","0","0","","0","0","0","2","36101","0","","1","01","N","N","1","","0","0","0","3","3","","0521","0","2","0","0","0","0","0","3","0","2","N","","","","","","","","","","","","03","  ","","",""
"0127","1","0","0","0","0","0","0","0","0","7","0","","36","11","2017","2017124361","7","40.1001","-76.3177","0123","08","0","0","0","0","1","0","0","0","3","0","0","0","01","2","1","00","2","40 06:00.280","5","00","76 19:03.620","3","0","0","0","36101","0","0","0","N","0","0","0","2","36101","0","","4","01","N","N","0","","1","0","0","0","0","Y","0121","1","1","0","0","0","0","0","3","0","1","N","","","","","","","","","","","","03","  ","","",""
"1717","2","0","0","0","0","0","0","0","0","4","0","","36","11","2017","2017124397","1","39.9702","-76.273","1709","08","0","0","0","0","1","1","0","0","2","0","0","0","17","3","1","01","2","39 58:12.781","6","00","76 16:22.916","8","0","0","0","36240","0","0","0","N","0","0","0","2","36240","0","","1","01","N","N","0","","0","0","0","3","2","Y","1709","1","2","0","0","0","1","0","1","0","2","N","","","","","","","","","","","","03","  ","","",""
"0011","1","0","0","0","0","0","0","0","0","1","0","","36","11","2017","2017124444","2","40.0494","-76.4052","0008","08","0","0","0","0","0","0","1","0","2","0","0","0","00","2","0","00","1","40 02:57.711","4","00","76 24:18.767","0","0","0","0","36214","0","0","0","N","0","0","0","2","36214","0","","1","01","N","N","0","","0","0","1","0","0","N","0001","0","2","0","0","0","0","0","3","0","2","N","","","","","","","","","","","","03","  ","","",""
"0944","0","0","0","0","0","0","0","0","0","4","0","","36","11","2017","2017124445","5","40.1648","-76.2153","0941","08","0","0","0","0","0","0","1","0","1","0","0","0","09","1","0","01","1","40 09:53.158","4","00","76 12:54.966","0","0","0","0","36218","0","0","0","N","0","0","0","4","36408","0","","1","01","N","N","0","","0","0","2","3","2","N","0938","0","2","0","0","0","0","0","1","0","2","N","","","","","","","","","","","","03","  ","","",""
"2345","1","0","0","0","0","0","0","0","0","7","0","","36","11","2017","2017124447","1","40.0499","-76.4486","2337","08","0","0","0","0","0","0","0","0","3","0","0","0","23","3","1","00","2","40 02:59.760","6","00","76 26:55.040","4","0","0","0","36239","0","0","0","N","0","0","0","1","36239","1","","5","01","N","N","0","","0","0","0","0","0","N","2336","1","1","0","0","0","0","0","3","0","1","N","","","","","","","","","","","","03","  ","","",""
"1512","2","0","0","0","0","0","0","0","0","6","0","","36","11","2017","2017124497","5","40.2416","-76.1756","1505","08","0","0","0","0","0","3","0","0","1","0","0","0","15","1","0","01","1","40 14:29.725","4","00","76 10:32.248","0","0","0","0","36236","0","0","0","N","0","0","0","5","36408","0","","1","01","N","N","0","","0","0","1","3","3","Y","1502","0","3","0","0","0","0","0","1","0","3","N","","","","","","","","","","","","03","  ","","",""
"2055","1","0","1","0","0","0","0","0","0","4","0","","36","11","2017","2017124583","5","40.1422","-76.2104","2051","08","0","0","0","0","0","1","0","0","2","0","0","0","20","2","4","01","2","40 08:32.091","7","00","76 12:37.606","2","0","0","0","36238","0","0","0","N","0","0","0","4","36238","1","","1","01","N","N","0","","2","1","1","3","3","Y","2048","4","2","0","0","1","0","0","3","0","2","N","","","","","","","","","","","","03","  ","","",""
"1005","0","0","0","0","0","0","0","0","0","4","1","","36","11","2017","2017124617","2","40.1505","-76.0281","1002","08","0","0","0","0","0","1","1","0","4","0","1","0","10","1","3","01","2","40 09:01.638","5","00","76 01:41.060","3","0","0","0","36213","0","0","0","Y","0","0","0","3","36213","0","","1","01","N","N","0","","3","0","1","3","3","Y","1000","3","2","0","0","0","0","0","1","0","2","N","","","","","","","","","","","","03","  ","","",""
"1324","1","0","0","0","0","0","0","0","0","7","0","","36","11","2017","2017124723","7","39.8866","-76.1517","1317","08","0","0","0","0","1","0","0","0","2","0","0","0","13","1","1","00","1","39 53:11.600","3","00","76 09:06.150","3","0","0","0","36212","0","0","0","N","0","0","0","2","68J01","0","","4","01","N","N","0","","1","0","0","0","0","N","1314","1","1","0","0","0","0","0","1","0","1","N","","","","","","","","","","","","03","  ","","",""
"2352","0","0","0","0","0","0","0","0","0","4","0","","36","11","2017","2017124796","5","40.1721","-76.171","2350","08","0","0","0","1","1","0","0","0","1","0","0","0","23","3","0","02","1","40 10:19.672","3","00","76 10:15.601","0","0","0","0","36218","0","0","0","N","0","0","0","2","36408","0","","1","01","N","N","1","","0","0","1","3","3","N","2350","0","2","0","0","0","0","0","1","0","2","N","","","","","","","","","","","","03","  ","","",""
"0508","0","0","0","0","0","0","0","0","0","9","0","","36","11","2017","2017124833","2","40.0386","-76.0894","0452","08","0","0","0","0","0","0","0","0","","0","0","0","04","2","0","00","0","40 02:18.795","","00","76 05:21.829","0","0","0","0","36221","0","0","0","","0","0","0","1","68J01","0","","1","01","N","N","0","","0","0","1","0","0","","0451","0","1","0","0","0","0","0","1","0","1","N","","","","","","","","","","","","03","  ","","",""
"1000","2","0","0","0","0","0","0","0","0","5","0","","36","11","2017","2017124894","6","40.0597","-76.2864","0949","08","0","0","0","0","0","0","0","1","","0","0","0","09","1","1","00","0","40 03:34.900","","00","76 17:11.160","4","0","0","0","36101","0","0","0","N","0","0","0","1","36101","1","","2","01","N","N","0","","0","0","1","0","0","","0947","1","3","0","0","0","0","0","3","0","3","N","","","","","","","","","","","","03","  ","","",""
"1128","1","0","0","0","0","0","0","0","0","1","0","","36","11","2017","2017124895","7","40.0765","-76.3375","1122","08","1","0","0","0","0","0","0","0","2","0","0","0","11","1","0","00","1","40 04:35.406","2","00","76 20:14.857","0","0","0","0","36101","0","0","0","","0","0","0","7","36101","0","","1","09","N","N","0","","0","0","2","0","0","N","1117","0","3","0","0","0","0","0","3","0","3","N","","","","","","","","","","","","07","  ","","",""
"2200","1","0","0","0","0","0","0","0","0","9","0","","36","11","2017","2017124896","1","40.0071","-76.3782","2151","08","0","0","0","0","0","0","0","0","2","0","0","0","21","2","0","00","1","40 00:25.546","3","00","76 22:41.364","0","0","0","0","36223","0","0","0","","0","0","0","1","36223","0","","1","01","N","N","0","","0","0","0","0","0","N","2145","0","1","0","0","0","0","0","1","0","1","N","","","","","","","","","","","","03","  ","","",""
"0039","1","0","0","0","0","0","0","0","0","7","0","","36","11","2017","2017124897","2","40.1514","-76.4424","0030","08","0","0","0","0","0","0","0","0","2","0","0","0","00","2","0","00","1","40 09:05.162","1","00","76 26:32.510","0","0","0","0","36230","0","0","0","N","0","0","0","4","36410","0","","4","01","N","N","0","","0","0","0","0","0","N","0026","0","1","0","0","4","0","0","1","0","1","N","","","","","","","","","","","","03","  ","","",""
"1427","0","0","0","0","0","0","0","0","0","4","0","","36","11","2017","2017124968","7","39.8837","-76.3189","1405","08","0","2","0","0","0","0","0","0","1","0","0","0","13","1","2","01","1","39 53:01.213","1","00","76 19:07.864","3","0","0","0","36224","0","0","0","","0","0","0","5","68J01","0","","1","01","N","N","1","","2","0","0","3","3","N","1357","2","2","0","0","0","0","0","1","1","2","N","","","","","","","","","","","","03","  ","","",""
"1555","1","0","0","0","0","0","0","0","0","7","0","","36","11","2017","2017124969","7","40.1014","-75.9779","1518","08","0","1","0","0","0","0","0","0","3","0","0","0","15","1","0","00","1","40 06:05.100","2","00","75 58:40.410","0","0","0","0","36203","0","0","0","N","0","0","0","1","68J01","0","","4","01","N","N","0","","0","0","0","0","0","Y","1505","0","1","0","0","0","0","0","1","0","1","N","","","","","","","","","","","","03","  ","","",""
"0802","1","0","0","0","0","0","0","0","0","4","0","","36","11","2017","2017124997","3","39.9898","-76.2566","0759","08","0","0","0","0","0","1","0","0","2","0","0","0","07","1","0","03","2","39 59:23.416","7","00","76 15:23.588","0","0","0","0","36240","0","0","0","N","0","0","0","2","36240","0","","1","01","N","N","0","","0","0","1","0","0","Y","0759","0","2","0","0","0","0","0","1","0","2","N","","","","","","","","","","","","03","  ","","",""
"1806","2","0","0","0","0","0","0","0","0","4","0","","36","11","2017","2017125025","2","40.0371","-76.3238","1759","08","0","0","0","0","0","0","0","0","","0","0","0","17","2","2","01","0","40 02:13.448","","00","76 19:25.788","3","0","0","0","36301","0","0","0","N","0","0","0","3","36301","0","","1","01","N","N","0","","2","0","0","3","3","","1757","2","2","0","0","0","0","0","3","0","2","N","","","","","","","","","","","","03","  ","","",""
"1136","2","0","0","0","0","0","0","0","0","4","0","","36","11","2017","2017125081","1","40.1421","-76.5665","1129","08","0","0","0","0","0","1","0","0","1","0","0","0","11","1","2","02","1","40 08:31.700","7","00","76 33:59.551","8","0","0","0","36225","0","0","0","N","0","0","0","3","36505","0","","1","01","N","N","0","","0","0","0","3","3","N","1125","2","2","0","0","0","2","0","2","0","2","N","","","","","","","","","","","","03","  ","","",""
"0741","2","0","0","0","0","0","0","0","0","1","0","","36","11","2017","2017125086","6","40.1442","-76.5554","0731","08","0","0","1","0","0","0","0","0","","0","0","0","07","1","0","06","0","40 08:39.221","","02","76 33:19.292","0","0","0","0","36225","0","0","0","N","0","0","0","2","36505","0","","1","01","N","N","0","","0","0","0","3","4","","0728","0","2","0","0","0","0","0","2","0","2","N","","","","","","","","","","","","03","  ","","",""
"1155","0","0","0","0","0","0","0","0","0","1","0","","36","11","2017","2017125090","3","40.0614","-76.352","1150","08","0","0","0","0","0","0","1","0","","0","0","0","11","1","2","00","0","40 03:41.222","","00","76 21:06.979","2","0","0","0","36214","0","0","0","N","0","0","0","2","36214","0","","2","01","N","N","1","","1","1","1","0","0","","1148","2","2","0","1","2","0","0","3","0","2","N","","","","","","","","","","","","03","  ","","",""