"ARRIVAL_TM","AUTOMOBILE_COUNT","BELTED_DEATH_COUNT","BELTED_SUSP_SERIOUS_INJ_COUNT","BICYCLE_COUNT","BICYCLE_DEATH_COUNT","BICYCLE_SUSP_SERIOUS_INJ_COUNT","BUS_COUNT","CHLDPAS_DEATH_COUNT","CHLDPAS_SUSP_SERIOUS_INJ_COUNT","COLLISION_TYPE","COMM_VEH_COUNT","CONS_ZONE_SPD_LIM","COUNTY","CRASH_MONTH","CRASH_YEAR","CRN","DAY_OF_WEEK","DEC_LAT","DEC_LONG","DISPATCH_TM","DISTRICT","DRIVER_COUNT_16YR","DRIVER_COUNT_17YR","DRIVER_COUNT_18YR","DRIVER_COUNT_19YR","DRIVER_COUNT_20YR","DRIVER_COUNT_50_64YR","DRIVER_COUNT_65_74YR","DRIVER_COUNT_75PLUS","EST_HRS_CLOSED","FATAL_COUNT","HEAVY_TRUCK_COUNT","HORSE_BUGGY_COUNT","HOUR_OF_DAY","ILLUMINATION","INJURY_COUNT","INTERSECT_TYPE","LANE_CLOSED","LATITUDE","LN_CLOSE_DIR","LOCATION_TYPE","LONGITUDE","MAX_SEVERITY_LEVEL","MCYCLE_DEATH_COUNT","MCYCLE_SUSP_SERIOUS_INJ_COUNT","MOTORCYCLE_COUNT","MUNICIPALITY","NONMOTR_COUNT","NONMOTR_DEATH_COUNT","NONMOTR_SUSP_SERIOUS_INJ_COUNT","NTFY_HIWY_MAINT","PED_COUNT","PED_DEATH_COUNT","PED_SUSP_SERIOUS_INJ_COUNT","PERSON_COUNT","POLICE_AGCY","POSSIBLE_INJ_COUNT","RDWY_SURF_TYPE_CD","RELATION_TO_ROAD","ROAD_CONDITION","SCH_BUS_IND","SCH_ZONE_IND","SMALL_TRUCK_COUNT","SPEC_JURIS_CD","SUSP_MINOR_INJ_COUNT","SUSP_SERIOUS_INJ_COUNT","SUV_COUNT","TCD_FUNC_CD","TCD_TYPE","TFC_DETOUR_IND","TIME_OF_DAY","TOT_INJ_COUNT","TOTAL_UNITS","UNB_DEATH_COUNT","UNB_SUSP_SERIOUS_INJ_COUNT","UNBELTED_OCC_COUNT","UNK_INJ_DEG_COUNT","UNK_INJ_PER_COUNT","URBAN_RURAL","VAN_COUNT","VEHICLE_COUNT","WORK_ZONE_IND","WORK_ZONE_LOC","WORK_ZONE_TYPE","WORKERS_PRES","WZ_CLOSE_DETOUR","WZ_FLAGGER","WZ_LAW_OFFCR_IND","WZ_LN_CLOSURE","WZ_MOVING","WZ_OTHER","WZ_SHLDER_MDN","ROADWAY_CLEARED","WEATHER1","WEATHER2","WZ_WORKERS_INJ_KILLED","SECONDARY_CRASH","INTERSECTION_RELATED"
"0906","2","0","0","0","0","0","0","0","0","2","0","","36","11","2017","2017126437","5","40.0384","-76.3555","0854","08","0","0","0","0","0","0","0","0","2","0","0","0","08","1","0","00","2","40 02:18.270","6","00","76 21:19.871","0","0","0","0","36223","0","0","0","N","0","0","0","4","36223","0","","1","01","N","N","0","","0","0","0","0","0","Y","0853","0","2","0","0","0","0","0","1","0","2","N","","","","","","","","","","","","03","  ","","",""
"0738","1","0","0","0","0","0","0","0","0","7","0","","36","11","2017","2017126472","3","39.8614","-76.0947","0714","08","0","0","0","0","0","1","0","0","3","0","0","0","07","1","0","00","1","39 51:40.983","1","00","76 05:41.045","0","0","0","0","36205","0","0","0","","0","0","0","1","68J01","0","","5","01","N","N","0","","0","0","0","0","0","N","0710","0","1","0","0","0","0","0","1","0","1","N","","","","","","","","","","","","03","  ","","",""
"1520","1","0","0","0","0","0","0","0","0","4","0","","36","11","2017","2017126476","3","39.7493","-76.164","1508","08","0","0","0","1","0","0","0","0","1","0","0","0","15","1","1","01","1","39 44:57.547","7","00","76 09:50.312","3","0","0","0","36219","0","0","0","N","0","0","0","3","68J01","0","","1","01","N","N","0","","1","0","1","3","3","N","1504","1","2","0","0","2","0","0","1","0","2","N","","","","","","","","","","","","03","  ","","",""
"2315","1","0","0","0","0","0","0","0","0","4","0","","36","11","2017","2017126518","4","40.0404","-76.2974","2310","08","0","0","0","0","0","0","0","0","2","0","0","0","23","3","0","01","1","40 02:25.541","2","00","76 17:50.674","0","0","0","0","36301","0","0","0","N","0","0","0","1","36301","0","","1","01","N","N","0","","0","0","0","3","2","N","2309","0","2","0","0","0","0","0","3","0","2","N","","","","","","","","","","","","03","  ","","",""
"0043","2","0","0","0","0","0","0","0","0","4","0","","36","11","2017","2017126528","7","40.0334","-76.3048","0041","08","0","1","0","0","0","0","0","0","2","0","0","0","00","3","0","02","1","40 02:00.152","1","00","76 18:17.339","0","0","0","0","36301","0","0","0","N","0","0","0","4","36301","0","","1","01","N","N","0","","0","0","0","3","2","N","0038","0","2","0","0","0","0","0","3","0","2","N","","","","","","","","","","","","03","  ","","",""
"0255","1","0","0","0","0","0","0","0","0","7","0","","36","12","2017","2017126534","7","40.0437","-76.4103","0249","08","0","0","0","0","0","0","0","0","","0","0","0","02","3","0","00","0","40 02:37.268","","00","76 24:37.020","0","0","0","0","36239","0","0","0","N","0","0","0","1","36239","0","","4","01","N","N","0","","0","0","0","0","0","","0249","0","1","0","0","0","0","0","3","0","1","N","","","","","","","","","","","","03","  ","","",""
"0158","0","0","1","0","0","0","0","0","0","7","0","","36","10","2017","2017126537","1","40.1171","-76.533","0152","08","0","0","0","0","0","0","0","0","3","0","0","0","01","3","1","00","2","40 07:01.436","6","00","76 31:58.632","2","0","0","0","36211","0","0","0","N","0","0","0","1","36504","0","","4","01","N","N","0","","0","1","1","0","0","Y","0148","1","1","0","0","0","0","0","1","0","1","N","","","","","","","","","","","","03","  ","","",""
"0727","1","0","0","0","0","0","0","0","0","7","0","","36","11","2017","2017126580","3","40.0372","-76.2845","0714","08","0","0","0","0","0","1","0","0","1","0","0","0","07","1","1","00","2","40 02:13.970","6","00","76 17:04.090","8","0","0","0","36220","0","0","0","N","0","0","0","1","36101","0","","4","01","N","N","0","","0","0","0","0","0","Y","0713","1","1","0","0","0","1","0","3","0","1","N","","","","","","","","","","","","03","  ","","",""
"0948","1","0","0","0","0","0","0","0","0","7","0","","36","11","2017","2017126581","3","40.04","-76.2851","0942","08","0","1","0","0","0","0","0","0","1","0","0","0","09","1","0","00","2","40 02:23.969","4","00","76 17:06.181","0","0","0","0","36220","0","0","0","","0","0","0","1","36101","0","","4","01","N","N","0","","0","0","0","0","0","Y","0940","0","1","0","0","0","0","0","3","0","1","N","","","","","","","","","","","","03","  ","","",""
"1311","1","0","0","0","0","0","0","0","0","1","0","","36","11","2017","2017126582","7","40.1008","-76.2574","1254","08","0","0","0","0","0","1","0","0","","0","0","0","12","1","0","00","0","40 06:02.740","","00","76 15:26.542","0","0","0","0","36101","0","0","0","","0","0","0","2","36101","0","","1","01","N","N","0","","0","0","1","0","0","","1252","0","2","0","0","0","0","0","3","0","2","N","","","","","","","","","","","","03","  ","","",""
"1405","2","0","0","0","0","0","0","0","0","1","0","","36","11","2017","2017126583","7","40.0584","-76.2799","1358","08","0","0","0","0","0","0","0","0","","0","0","0","13","1","1","00","0","40 03:30.174","","00","76 16:47.758","4","0","0","0","36101","0","0","0","N","0","0","0","5","36101","1","","1","09","N","N","0","","0","0","1","0","0","","1356","1","3","0","0","0","0","0","3","0","3","N","","","","","","","","","","","","07","  ","","",""
"1229","3","0","0","0","0","0","0","0","0","1","0","","36","11","2017","2017126584","2","40.0779","-76.3088","1224","08","0","0","0","1","0","0","0","0","2","0","0","0","12","1","0","00","2","40 04:40.478","2","00","76 18:31.852","0","0","0","0","36101","0","0","0","","0","0","0","4","36101","0","","1","01","N","N","0","","0","0","0","0","0","N","1222","0","3","0","0","0","0","0","3","0","3","N","","","","","","","","","","","","03","  ","","",""
"0840","1","0","0","0","0","0","0","0","0","1","0","","36","11","2017","2017126585","4","40.0897","-76.1764","0834","08","0","0","0","1","0","1","0","0","1","0","0","0","08","1","2","02","1","40 05:22.791","3","00","76 10:35.191","4","0","0","0","36234","0","0","0","N","0","0","0","2","36215","2","","1","01","N","N","1","","0","0","0","3","2","N","0834","2","2","0","0","1","0","0","1","0","2","N","","","","","","","","","","","","03","  ","","",""
"1905","1","0","0","0","0","0","0","0","0","1","0","","36","11","2017","2017126586","4","40.0397","-76.2154","1902","08","0","0","0","0","0","2","0","0","1","0","0","0","19","6","0","00","2","40 02:22.909","3","00","76 12:55.586","0","0","0","0","36215","0","0","0","N","0","0","0","2","36215","0","","1","01","N","N","1","","0","0","0","0","0","N","1901","0","2","0","0","0","0","0","1","0","2","N","","","","","","","","","","","","03","  ","","",""
"1752","1","0","0","0","0","0","0","0","0","1","0","","36","11","2017","2017126587","5","40.0534","-76.2636","1747","08","0","0","0","0","0","1","1","0","1","0","0","0","17","3","0","00","2","40 03:12.080","4","00","76 15:48.816","0","0","0","0","36215","0","0","0","","0","0","0","5","36215","0","","1","01","N","N","0","","0","0","1","0","0","N","1741","0","2","0","0","0","0","0","1","0","2","N","","","","","","","","","","","","03","  ","","",""
"1747","0","0","0","0","0","0","0","0","0","1","0","","36","11","2017","2017126588","5","40.0534","-76.2636","1741","08","0","0","0","0","0","1","1","0","1","0","0","0","17","3","0","00","2","40 03:12.080","4","00","76 15:48.816","0","0","0","0","36215","0","0","0","N","0","0","0","3","36215","0","","1","01","N","N","0","","0","0","2","0","0","N","1741","0","2","0","0","0","0","0","1","0","2","N","","","","","","","","","","","","03","  ","","",""
"1553","1","0","0","0","0","0","0","0","0","1","0","","36","12","2017","2017126596","6","40.1829","-76.1521","1549","08","0","0","0","0","0","0","0","0","","0","0","0","15","1","0","00","0","40 10:58.500","","00","76 09:07.400","0","0","0","0","36408","0","0","0","N","0","0","0","1","36408","0","","6","01","N","N","0","","0","0","0","0","0","","1549","0","2","0","0","0","0","0","2","1","2","N","","","","","","","","","","","","03","  ","","",""
"1811","1","0","0","0","0","0","0","0","0","7","0","","36","12","2017","2017126604","6","40.2608","-76.1574","1807","08","0","0","0","0","0","0","0","0","2","0","0","0","18","2","1","00","2","40 15:38.700","5","00","76 09:26.500","4","0","0","0","36236","0","0","0","N","0","0","0","1","36408","1","","4","01","N","N","0","","0","0","0","0","0","Y","1807","1","1","0","0","0","0","0","1","0","1","N","","","","","","","","","","","","03","  ","","",""
"1511","0","0","0","0","0","0","0","0","0","1","0","","36","11","2017","2017126605","4","40.1802","-76.1742","1508","08","0","0","0","0","0","0","0","1","2","0","0","0","15","1","0","00","1","40 10:48.670","1","00","76 10:27.210","0","0","0","0","36408","0","0","0","N","0","0","0","2","36408","0","","6","01","N","N","0","","0","0","1","0","0","N","1508","0","2","0","0","0","0","0","2","1","2","N","","","","","","","","","","","","03","  ","","",""
"1428","1","0","0","0","0","0","0","0","0","4","0","","36","11","2017","2017126626","2","40.1092","-76.4989","1424","08","0","0","0","0","1","1","0","0","","0","0","0","14","1","1","01","0","40 06:33.267","","00","76 29:56.049","3","0","0","0","36413","0","0","0","N","0","0","0","2","36413","0","","1","01","N","N","0","","1","0","0","3","2","","1423","1","2","0","0","0","0","0","2","1","2","N","","","","","","","","","","","","03","  ","","",""
"1555","1","0","0","0","0","0","0","0","0","1","0","","36","12","2017","2017126656","6","40.1538","-76.3681","1552","08","0","0","0","0","0","0","0","0","2","0","0","0","15","1","1","00","1","40 09:13.559","4","00","76 22:05.193","8","0","0","0","36227","0","0","0","N","0","0","0","5","36506","0","","1","01","N","N","1","","0","0","0","0","0","Y","1552","1","2","0","0","0","1","0","1","0","2","N","","","","","","","","","","","","03","  ","","",""
"0937","2","0","0","0","0","0","0","0","0","4","0","","36","12","2017","2017126665","6","40.0447","-76.3026","0935","08","0","0","0","0","0","1","0","0","2","0","0","0","09","1","2","01","1","40 02:40.897","7","00","76 18:09.264","3","0","0","0","36301","0","0","0","N","0","0","0","2","36301","0","","1","01","N","N","0","","2","0","0","3","2","Y","0932","2","2","0","0","0","0","0","3","0","2","N","","","","","","","","","","","","03","  ","","",""
"1251","2","0","0","0","0","0","0","0","0","1","0","","36","12","2017","2017126670","7","40.1047","-76.4324","1245","08","0","0","0","0","0","1","0","0","1","0","0","0","12","1","2","00","1","40 06:16.809","5","07","76 25:56.636","3","0","0","0","36214","0","0","0","N","0","0","0","4","36214","0","","1","01","N","N","0","","2","0","0","0","0","N","1240","2","2","0","0","0","0","0","3","0","2","N","","","","","","","","","","","","03","  ","","",""
"2229","1","0","0","0","0","0","0","0","0","7","0","","36","11","2017","2017126676","3","40.0975","-76.0703","2224","08","0","0","0","0","0","0","0","0","2","0","0","0","22","2","1","00","2","40 05:50.924","6","00","76 04:13.134","3","0","0","0","36209","0","0","0","N","0","0","0","1","36415","0","","4","01","N","N","0","","1","0","0","0","0","Y","2224","1","1","0","0","1","0","0","1","0","1","N","","","","","","","","","","","","03","  ","","",""
"1714","2","0","0","0","0","0","0","0","0","4","0","","36","12","2017","2017126680","6","40.1444","-76.1151","1705","08","0","0","0","0","0","1","0","0","","0","0","0","17","4","0","02","0","40 08:39.759","","00","76 06:54.378","0","0","0","0","36209","0","0","0","N","0","0","0","2","36415","0","","1","01","N","N","0","","0","0","0","3","3","","1705","0","2","0","0","0","0","0","1","0","2","N","","","","","","","","","","","","03","  ","","",""
"1049","1","0","0","0","0","0","0","0","0","1","0","","36","12","2017","2017126699","7","40.143","-76.5566","1038","08","0","0","0","1","0","1","0","0","","0","0","0","10","1","1","03","0","40 08:34.209","","02","76 33:24.479","3","0","0","0","36225","0","0","0","N","0","0","0","2","36505","0","","1","01","N","N","0","","1","0","1","3","3","","1038","1","2","0","0","0","0","0","2","0","2","N","","","","","","","","","","","","03","  ","","",""
"0102","1","0","0","0","0","0","0","0","0","7","0","","36","12","2017","2017126714","7","40.0079","-76.3516","0101","08","0","0","0","0","1","0","0","0","","0","0","0","01","2","1","00","0","40 00:28.400","","00","76 21:05.900","4","0","0","0","36412","0","0","0","N","0","0","0","1","36412","1","","4","01","N","N","0","","0","0","0","0","0","","0100","1","1","0","0","0","0","0","3","0","1","N","","","","","","","","","","","","03","  ","","",""
"1408","1","0","0","0","0","0","0","0","0","1","0","","36","11","2017","2017126741","5","39.849","-76.0684","1359","08","0","0","1","0","0","1","0","0","2","0","0","0","13","1","0","00","1","39 50:56.420","4","00","76 04:06.076","0","0","0","0","36205","0","0","0","","0","0","0","2","68J01","0","","1","01","N","N","1","","0","0","0","3","8","N","1358","0","2","0","0","0","0","0","1","0","2","N","","","","","","","","","","","","03","  ","","",""
"1808","0","0","0","0","0","0","0","0","0","7","1","","36","12","2017","2017126748","6","40.0552","-76.0818","1755","08","0","0","0","0","0","0","0","1","2","0","1","0","17","2","0","02","2","40 03:18.543","7","00","76 04:54.638","0","0","0","0","36221","0","0","0","N","0","0","0","1","68J01","0","","4","01","N","N","0","","0","0","0","3","3","N","1751","0","1","0","0","0","0","0","1","0","1","N","","","","","","","","","","","","03","  ","","",""
"0402","1","0","0","0","0","0","0","0","0","4","1","","36","11","2017","2017126755","2","40.0536","-76.3086","0354","08","0","0","0","0","0","1","0","0","","0","1","0","03","3","0","02","0","40 03:13.000","","00","76 18:31.100","0","0","0","0","36101","0","0","0","","0","0","0","2","36101","0","","1","01","N","N","0","","0","0","0","3","2","","0349","0","2","0","0","0","0","0","3","0","2","N","","","","","","","","","","","","03","  ","","",""
"0257","1","0","0","0","0","0","0","0","0","7","0","","36","11","2017","2017126756","1","40.0609","-76.3735","0253","08","0","0","0","0","1","0","0","0","3","0","0","0","02","2","2","00","2","40 03:39.280","6","00","76 22:24.770","4","0","0","0","36214","0","0","0","N","0","0","0","2","36214","2","","4","01","N","N","0","","0","0","0","0","0","Y","0245","2","1","0","0","0","0","0","3","0","1","N","","","","","","","","","","","","03","  ","","",""
"1620","0","0","0","0","0","0","0","0","0","1","0","","36","12","2017","2017126767","6","39.9875","-75.9722","1614","08","0","0","0","0","0","1","0","0","","0","0","0","16","1","0","00","0","39 59:14.970","","00","75 58:19.931","0","0","0","0","36231","0","0","0","N","0","0","0","4","15252","0","","1","01","N","N","2","","0","0","1","0","0","","1614","0","3","0","0","0","0","0","1","0","3","N","","","","","","","","","","","","03","  ","","",""
"0210","1","0","1","0","0","0","0","0","0","7","0","","36","11","2017","2017126768","7","40.2653","-76.1066","0207","08","0","0","0","0","0","0","0","0","1","0","0","0","02","2","1","00","2","40 15:55.229","6","00","76 06:23.675","2","0","0","0","36210","0","0","0","N","0","0","0","1","36210","0","","5","01","N","N","0","","0","1","0","0","0","Y","0204","1","1","0","0","0","0","0","1","0","1","N","","","","","","","","","","","","03","  ","","",""
"1652","0","0","0","0","0","0","0","0","0","6","0","","36","12","2017","2017126770","7","39.9903","-76.3604","1649","08","0","0","0","0","1","1","0","0","2","0","0","0","16","4","2","00","2","39 59:25.243","5","00","76 21:37.396","4","0","0","0","36412","0","0","0","N","0","0","0","2","36412","2","","1","01","N","N","0","","0","0","2","0","0","Y","1646","2","2","0","0","0","0","0","3","0","2","N","","","","","","","","","","","","03","  ","","",""
"0228","0","0","0","0","0","0","0","0","0","7","0","","36","12","2017","2017126821","7","40.0543","-76.3714","0221","08","0","0","0","0","0","0","0","0","","0","0","0","02","2","1","00","0","40 03:15.356","","00","76 22:17.202","4","0","0","0","36214","0","0","0","","0","0","0","1","36214","1","","2","01","N","N","0","","0","0","1","0","0","","0218","1","1","0","0","0","0","0","3","0","1","N","","","","","","","","","","","","03","  ","","",""
"1108","0","0","0","0","0","0","0","0","0","4","0","","36","12","2017","2017126919","1","40.0503","-76.3948","1104","08","0","0","0","0","0","1","0","0","1","0","0","0","11","1","1","00","1","40 03:01.059","1","00","76 23:41.215","3","0","0","1","36214","0","0","0","N","0","0","0","3","36214","0","","1","01","N","N","1","","1","0","0","3","2","N","1100","1","2","0","0","0","0","0","3","0","2","N","","","","","","","","","","","","03","  ","","",""
"0645","1","0","0","0","0","0","0","0","0","4","0","","36","11","2017","2017126936","3","40.1797","-76.1842","0645","08","0","1","0","0","0","1","0","0","","0","0","0","06","5","0","01","0","40 10:46.848","","00","76 11:02.979","0","0","0","0","36408","0","0","0","N","0","0","0","4","36408","0","","1","01","N","N","1","","0","0","0","3","3","","0640","0","2","0","0","0","0","0","2","0","2","N","","","","","","","","","","","","03","  ","","",""
"1403","1","0","0","0","0","0","0","0","0","1","0","","36","12","2017","2017126941","1","40.0425","-76.3637","1356","08","0","0","0","1","0","0","0","0","2","0","0","0","13","1","0","00","1","40 02:32.951","2","00","76 21:49.308","0","0","0","0","36214","0","0","0","N","0","0","0","3","36214","0","","1","01","N","N","0","","0","0","1","0","0","Y","1356","0","2","0","0","0","0","0","3","0","2","N","","","","","","","","","","","","03","  ","","",""
"1744","1","0","0","0","0","0","0","0","0","9","0","","36","11","2017","2017126968","3","39.9658","-76.2993","1744","08","0","0","0","0","0","0","0","0","","0","0","0","17","2","1","00","0","39 57:56.720","","00","76 17:57.380","4","0","0","0","36228","0","0","0","N","0","0","0","1","36503","1","","1","01","N","N","0","","0","0","0","0","0","","1744","1","1","0","0","0","0","0","1","0","1","N","","","","","","","","","","","","03","  ","","",""
"2316","1","0","0","0","0","0","0","0","0","4","0","","36","11","2017","2017126993","2","39.8899","-76.2377","2300","08","0","0","0","0","1","0","0","0","2","0","0","0","22","3","2","01","1","39 53:24.827","3","00","76 14:16.772","8","0","0","0","36229","0","0","0","N","0","0","0","2","68J01","0","","1","01","N","N","1","","0","0","0","3","2","Y","2256","2","2","0","0","0","2","0","1","0","2","N","","","","","","","","","","","","03","  ","","",""
"1045","0","0","0","0","0","0","0","0","0","4","0","","36","12","2017","2017127036","6","40.0655","-76.307","1041","08","0","0","0","0","0","1","0","0","1","0","0","0","10","1","1","02","2","40 03:55.627","2","00","76 18:25.476","8","0","0","0","36101","0","0","0","","0","0","0","3","36101","0","","1","01","N","N","1","","0","0","1","3","3","N","1039","1","3","0","0","1","1","0","3","1","3","N","","","","","","","","","","","","03","  ","","",""
"1830","3","0","0","0","0","0","0","0","0","5","0","","36","12","2017","2017127068","1","40.1811","-76.1683","1826","08","0","0","0","0","0","0","0","0","2","0","0","0","18","3","0","00","2","40 10:52.100","5","00","76 10:05.800","0","0","0","0","36408","0","0","0","N","0","0","0","2","36408","0","","6","01","N","N","0","","0","0","1","0","0","Y","1824","0","4","0","0","0","0","0","2","0","4","N","","","","","","","","","","","","03","  ","","",""
"0744","1","0","0","0","0","0","0","0","0","1","0","","36","12","2017","2017127185","2","40.0612","-76.3537","0738","08","0","0","0","0","0","0","0","0","","0","0","0","07","1","0","00","0","40 03:40.200","","00","76 21:12.819","0","0","0","0","36214","0","0","0","N","0","0","0","2","36214","0","","1","01","","","0","","0","0","1","0","0","","0736","0","2","0","0","0","0","0","3","0","2","N","","","","","","","","","","","","03","  ","","",""
"1505","1","0","0","0","0","0","0","0","0","7","0","","36","11","2017","2017127195","5","40.18","-76.1134","1454","08","0","0","0","0","0","0","0","0","","0","0","0","14","1","1","00","0","40 10:48.135","","00","76 06:48.127","3","0","0","0","36210","0","0","0","Y","0","0","0","1","36210","0","","5","01","N","N","0","","1","0","0","0","0","","1452","1","1","0","0","0","0","0","1","0","1","N","","","","","","","","","","","","03","  ","","",""
"0748","1","0","0","0","0","0","0","0","0","1","0","","36","11","2017","2017127232","3","40.1678","-76.2956","0740","08","0","0","0","0","0","1","0","0","","0","0","0","07","1","0","01","0","40 10:03.939","","00","76 17:44.145","0","0","0","0","36235","0","0","0","N","0","0","0","2","36506","0","","1","01","N","N","0","","0","0","1","3","2","","0740","0","2","0","0","0","0","0","1","0","2","N","","","","","","","","","","","","03","  ","","",""
"1719","2","0","0","0","0","0","0","0","0","6","0","","36","11","2017","2017127233","5","40.1715","-76.3084","1711","08","0","1","0","0","0","0","1","0","","0","0","0","17","3","1","00","0","40 10:17.275","","00","76 18:30.121","8","0","0","0","36235","0","0","0","N","0","0","0","2","36506","0","","1","01","N","N","0","","0","0","0","0","0","","1711","1","2","0","0","0","1","0","1","0","2","N","","","","","","","","","","","","03","  ","","",""
"1845","1","0","0","0","0","0","0","0","0","1","0","","36","12","2017","2017127234","1","40.2053","-76.2151","1841","08","1","0","0","0","0","0","0","0","1","0","0","0","18","3","0","02","1","40 12:19.099","3","00","76 12:54.479","0","0","0","0","36204","0","0","0","N","0","0","0","4","36506","0","","1","01","N","N","0","","0","0","1","0","0","Y","1841","0","2","0","0","0","0","0","1","0","2","N","","","","","","","","","","","","03","  ","","",""
"0712","1","0","0","0","0","0","0","0","0","4","0","","36","12","2017","2017127246","2","40.1359","-76.2116","0709","08","0","0","1","0","0","0","0","0","2","0","0","0","07","5","2","03","1","40 08:16.042","2","00","76 12:40.498","4","0","0","0","36238","0","0","0","N","0","0","0","5","36238","2","","1","01","N","N","0","","0","0","1","3","3","Y","0706","2","2","0","0","0","0","0","3","0","2","N","","","","","","","","","","","","03","  ","","",""
"0945","1","0","0","0","0","0","0","0","0","1","0","","36","12","2017","2017127256","2","40.1208","-76.2135","0939","08","0","0","0","0","0","2","0","0","2","0","0","0","09","1","1","02","1","40 07:14.987","1","00","76 12:48.553","3","0","0","0","36238","0","0","0","N","0","0","0","3","36238","0","","1","01","N","N","0","","1","0","0","0","0","N","0937","1","2","0","0","0","0","0","3","1","2","N","","","","","","","","","","","","03","  ","","",""
"1802","2","0","0","0","0","0","0","0","0","1","0","","36","12","2017","2017127261","7","40.0818","-76.5285","1758","08","0","0","0","0","0","0","0","1","2","0","0","0","17","3","0","02","2","40 04:54.349","5","00","76 31:42.515","0","0","0","0","36211","0","0","0","N","0","0","0","2","36504","0","","1","01","N","N","0","","0","0","0","0","0","Y","1756","0","2","0","0","0","0","0","1","0","2","N","","","","","","","","","","","","03","  ","","",""
"1311","2","0","0","0","0","0","0","0","0","1","0","","36","12","2017","2017127263","2","40.0432","-76.3023","1304","08","0","0","0","0","0","0","0","0","2","0","0","0","13","1","0","00","1","40 02:35.783","1","00","76 18:08.201","0","0","0","0","36301","0","0","0","N","0","0","0","6","36301","0","","1","01","N","N","0","","0","0","1","0","0","N","1303","0","4","0","0","0","0","0","3","0","4","N","","","","","","","","","","","","03","  ","","",""
"0541","1","0","0","0","0","0","0","0","0","8","0","","36","11","2017","2017127270","4","40.1599","-76.391","0537","08","0","0","0","0","0","1","0","0","1","0","0","0","05","3","1","01","1","40 09:35.765","1","00","76 23:27.466","3","0","0","0","36410","1","0","0","N","1","0","0","2","36410","0","","1","01","N","N","0","","1","0","0","3","2","Y","0530","1","2","0","0","0","0","0","2","0","1","N","","","","","","","","","","","","03","  ","","",""
"1400","2","0","0","0","0","0","0","0","0","5","0","","36","12","2017","2017127282","2","40.039","-76.5105","1400","08","0","0","0","0","0","0","0","0","","0","0","0","14","1","0","01","0","40 02:20.317","","02","76 30:37.949","0","0","0","0","36404","0","0","0","N","0","0","0","2","36404","0","","1","01","N","N","0","","0","0","0","3","2","","1400","0","2","0","0","0","0","0","3","0","2","N","","","","","","","","","","","","03","  ","","",""
"1352","0","0","0","0","0","0","1","0","0","6","1","","36","10","2017","2017127566","5","39.9319","-76.3065","1343","08","0","0","0","0","0","1","0","0","3","0","0","0","13","1","1","00","2","39 55:54.748","5","00","76 18:23.391","2","0","1","1","36224","0","0","0","","0","0","0","3","68J01","0","","1","01","Y","N","0","","0","1","0","0","0","Y","1342","1","2","0","0","0","0","0","1","0","2","N","","","","","","","","","","","","03","  ","","",""
"2202","1","0","0","0","0","0","0","0","0","9","0","","36","11","2017","2017127572","7","39.9195","-76.2466","2158","08","0","0","0","1","0","0","0","0","2","0","0","0","21","2","0","00","1","39 55:10.186","1","00","76 14:47.926","0","0","0","0","36229","0","0","0","","0","0","0","1","68J01","0","","1","01","N","N","0","","0","0","0","0","0","N","2157","0","1","0","0","0","0","0","1","0","1","N","","","","","","","","","","","","03","  ","","",""
"1800","2","0","0","0","0","0","0","0","0","1","0","","36","12","2017","2017127609","6","40.0385","-76.3272","1750","08","0","0","0","0","0","0","1","0","","0","0","0","17","3","0","00","0","40 02:18.745","","00","76 19:37.980","0","0","0","0","36220","0","0","0","","0","0","0","2","36101","0","","1","01","N","N","0","","0","0","0","0","0","","1733","0","2","0","0","0","0","0","3","0","2","N","","","","","","","","","","","","03","  ","","",""
"2138","0","0","0","0","0","0","0","0","0","4","0","","36","12","2017","2017127610","6","40.0742","-76.3207","2138","08","0","0","0","0","0","1","0","0","","0","0","0","21","3","0","01","0","40 04:27.056","","00","76 19:14.473","0","0","0","0","36101","0","0","0","N","0","0","0","5","36101","0","","1","01","N","N","1","","0","0","0","3","2","","2134","0","2","0","0","0","0","0","3","1","2","N","","","","","","","","","","","","03","  ","","",""
"1758","1","0","0","0","0","0","0","0","0","1","0","","36","10","2017","2017127619","6","40.2208","-76.0187","1753","08","0","0","0","0","0","1","0","0","1","0","0","0","17","1","1","02","1","40 13:14.779","2","00","76 01:07.485","3","0","0","1","36202","0","0","0","N","0","0","0","2","68J01","0","","1","01","N","N","0","","1","0","0","0","0","N","1750","1","2","0","0","0","0","0","1","0","2","N","","","","","","","","","","","","03","  ","","",""
"0054","1","0","0","0","0","0","0","0","0","4","0","","36","11","2017","2017127621","4","39.9887","-75.9845","0042","08","0","0","0","0","0","0","0","0","2","0","0","0","00","2","1","02","1","39 59:19.228","6","00","75 59:04.409","8","0","0","0","36232","0","0","0","N","0","0","0","2","68J01","0","","1","01","N","N","0","","0","0","1","3","3","N","0041","1","2","0","0","0","1","0","1","0","2","N","","","","","","","","","","","","03","  ","","",""
"2014","1","0","0","0","0","0","0","0","0","4","0","","36","11","2017","2017127626","5","40.2261","-76.3024","2014","08","0","0","0","0","0","0","0","0","","0","0","0","19","3","0","01","0","40 13:34.012","","00","76 18:08.758","0","0","0","0","36217","0","0","0","N","0","0","0","2","68J01","0","","1","09","N","N","0","","0","0","1","3","2","","1957","0","2","0","0","0","0","0","1","0","2","N","","","","","","","","","","","","03","  ","","",""