"ARRIVAL_TM","AUTOMOBILE_COUNT","BELTED_DEATH_COUNT","BELTED_SUSP_SERIOUS_INJ_COUNT","BICYCLE_COUNT","BICYCLE_DEATH_COUNT","BICYCLE_SUSP_SERIOUS_INJ_COUNT","BUS_COUNT","CHLDPAS_DEATH_COUNT","CHLDPAS_SUSP_SERIOUS_INJ_COUNT","COLLISION_TYPE","COMM_VEH_COUNT","CONS_ZONE_SPD_LIM","COUNTY","CRASH_MONTH","CRASH_YEAR","CRN","DAY_OF_WEEK","DEC_LAT","DEC_LONG","DISPATCH_TM","DISTRICT","DRIVER_COUNT_16YR","DRIVER_COUNT_17YR","DRIVER_COUNT_18YR","DRIVER_COUNT_19YR","DRIVER_COUNT_20YR","DRIVER_COUNT_50_64YR","DRIVER_COUNT_65_74YR","DRIVER_COUNT_75PLUS","EST_HRS_CLOSED","FATAL_COUNT","HEAVY_TRUCK_COUNT","HORSE_BUGGY_COUNT","HOUR_OF_DAY","ILLUMINATION","INJURY_COUNT","INTERSECT_TYPE","LANE_CLOSED","LATITUDE","LN_CLOSE_DIR","LOCATION_TYPE","LONGITUDE","MAX_SEVERITY_LEVEL","MCYCLE_DEATH_COUNT","MCYCLE_SUSP_SERIOUS_INJ_COUNT","MOTORCYCLE_COUNT","MUNICIPALITY","NONMOTR_COUNT","NONMOTR_DEATH_COUNT","NONMOTR_SUSP_SERIOUS_INJ_COUNT","NTFY_HIWY_MAINT","PED_COUNT","PED_DEATH_COUNT","PED_SUSP_SERIOUS_INJ_COUNT","PERSON_COUNT","POLICE_AGCY","POSSIBLE_INJ_COUNT","RDWY_SURF_TYPE_CD","RELATION_TO_ROAD","ROAD_CONDITION","SCH_BUS_IND","SCH_ZONE_IND","SMALL_TRUCK_COUNT","SPEC_JURIS_CD","SUSP_MINOR_INJ_COUNT","SUSP_SERIOUS_INJ_COUNT","SUV_COUNT","TCD_FUNC_CD","TCD_TYPE","TFC_DETOUR_IND","TIME_OF_DAY","TOT_INJ_COUNT","TOTAL_UNITS","UNB_DEATH_COUNT","UNB_SUSP_SERIOUS_INJ_COUNT","UNBELTED_OCC_COUNT","UNK_INJ_DEG_COUNT","UNK_INJ_PER_COUNT","URBAN_RURAL","VAN_COUNT","VEHICLE_COUNT","WORK_ZONE_IND","WORK_ZONE_LOC","WORK_ZONE_TYPE","WORKERS_PRES","WZ_CLOSE_DETOUR","WZ_FLAGGER","WZ_LAW_OFFCR_IND","WZ_LN_CLOSURE","WZ_MOVING","WZ_OTHER","WZ_SHLDER_MDN","ROADWAY_CLEARED","WEATHER1","WEATHER2","WZ_WORKERS_INJ_KILLED","SECONDARY_CRASH","INTERSECTION_RELATED"
"1703","1","0","0","0","0","0","0","0","0","7","0","","36","11","2017","2017127744","5","40.2284","-76.0945","1703","08","0","0","0","0","0","1","0","0","2","0","0","0","17","2","0","00","2","40 13:42.179","4","00","76 05:40.128","0","0","0","0","36210","0","0","0","N","0","0","0","1","36210","0","","5","01","N","N","0","","0","0","0","0","0","N","1701","0","1","0","0","0","0","0","1","0","1","N","","","","","","","","","","","","03","  ","","",""
"0832","2","0","0","0","0","0","0","0","0","1","0","","36","11","2017","2017127753","5","40.1249","-76.2142","0828","08","0","0","0","0","0","1","0","0","","0","0","0","08","1","1","00","0","40 07:29.608","","00","76 12:50.976","3","0","0","0","36238","0","0","0","N","0","0","0","3","36238","0","","1","01","N","N","0","","1","0","0","0","0","","0800","1","2","0","0","0","0","0","3","0","2","N","","","","","","","","","","","","03","  ","","",""
"1505","2","0","0","0","0","0","0","0","0","4","0","","36","11","2017","2017127765","5","40.0388","-76.3129","1502","08","0","0","0","0","0","0","1","0","2","0","0","0","15","1","0","01","1","40 02:19.654","7","00","76 18:46.345","0","0","0","0","36301","0","0","0","N","0","0","0","2","36301","0","","1","01","N","N","0","","0","0","0","3","2","Y","1502","0","2","0","0","0","0","0","3","0","2","N","","","","","","","","","","","","03","  ","","",""
"0241","1","0","0","0","0","0","0","0","0","7","0","","36","12","2017","2017127779","1","40.0455","-76.3323","0238","08","0","0","0","0","0","0","0","0","4","0","0","0","02","2","1","00","2","40 02:43.672","6","00","76 19:56.429","3","0","0","0","36220","0","0","0","","0","0","0","1","36101","0","","5","01","N","N","0","","1","0","0","0","0","Y","0235","1","1","0","0","0","0","0","3","0","1","N","","","","","","","","","","","","03","  ","","",""
"2036","2","0","0","0","0","0","0","0","0","3","0","","36","12","2017","2017127780","6","40.1039","-76.3054","2028","08","0","0","0","0","0","2","0","0","","0","0","0","20","3","0","02","0","40 06:14.029","","00","76 18:19.475","0","0","0","0","36101","0","0","0","","0","0","0","3","36101","0","","1","01","N","N","0","","0","0","0","0","0","","2026","0","2","0","0","0","0","0","3","0","2","N","","","","","","","","","","","","03","  ","","",""
"2158","0","0","0","0","0","0","0","0","0","8","0","","36","12","2017","2017127781","7","40.0572","-76.3086","2152","08","0","0","0","0","0","1","0","0","3","0","0","0","21","3","1","00","2","40 03:25.830","6","00","76 18:30.980","2","0","0","0","36101","1","0","1","N","1","0","1","2","36101","0","","1","01","N","N","0","","0","1","1","0","0","N","2148","1","2","0","0","0","0","0","3","0","1","N","","","","","","","","","","","","03","  ","","",""
"0730","1","0","0","0","0","0","0","0","0","4","0","","36","12","2017","2017127782","6","40.05","-76.2261","0726","08","0","0","0","0","0","1","0","0","","0","0","0","07","1","0","00","0","40 03:00.143","","07","76 13:33.907","0","0","0","0","36215","0","0","0","N","0","0","0","3","36215","0","","1","01","N","N","0","","0","0","1","0","0","","0724","0","2","0","0","1","0","0","1","0","2","N","","","","","","","","","","","","03","  ","","",""
"0837","1","0","0","0","0","0","0","0","0","1","0","","36","11","2017","2017127783","3","40.0868","-76.195","0837","08","0","0","0","0","0","0","0","0","3","0","0","0","08","1","0","02","1","40 05:12.440","3","00","76 11:42.014","0","0","0","0","36234","0","0","0","","0","0","0","7","36215","0","","1","01","N","N","0","","0","0","1","3","2","N","0837","0","3","0","0","0","0","0","1","1","3","N","","","","","","","","","","","","03","  ","","",""
"1828","0","0","0","0","0","0","0","0","0","9","0","","36","11","2017","2017127784","4","40.081","-76.2403","1810","08","0","0","0","0","0","0","0","0","","0","0","0","18","6","0","00","0","40 04:51.669","","00","76 14:25.178","0","0","0","0","36215","0","0","0","","0","0","0","3","36215","0","","1","01","N","N","0","","0","0","1","0","0","","1807","0","1","0","0","0","0","0","1","0","1","N","","","","","","","","","","","","03","  ","","",""
"0850","1","0","0","0","0","0","0","0","0","1","0","","36","12","2017","2017127785","6","40.0286","-76.2348","0848","08","0","0","0","0","0","0","0","0","2","0","0","0","08","1","1","00","1","40 01:42.810","1","00","76 14:05.110","4","0","0","0","36215","0","0","0","N","0","0","0","1","36215","1","","6","01","N","N","0","","0","0","1","0","0","N","0845","1","2","0","0","0","0","0","1","0","2","N","","","","","","","","","","","","03","  ","","",""
"1107","1","0","0","0","0","0","0","0","0","4","0","","36","12","2017","2017127786","6","40.0206","-76.1834","1102","08","0","0","0","0","0","1","0","0","1","0","0","0","11","1","1","00","2","40 01:14.217","6","00","76 11:00.314","8","0","0","0","36215","0","0","0","","0","0","0","2","36215","0","","1","01","N","N","0","","0","0","1","0","0","N","1100","1","2","0","0","0","1","0","1","0","2","N","","","","","","","","","","","","03","  ","","",""
"1250","0","0","0","0","0","0","0","0","0","4","0","","36","12","2017","2017127787","7","40.0705","-76.1712","1244","08","0","0","0","0","0","0","0","0","2","0","1","0","12","1","1","01","1","40 04:13.660","5","00","76 10:16.306","4","0","0","0","36234","0","0","0","","0","0","0","8","36215","1","","1","01","N","N","0","","0","0","1","3","3","Y","1243","1","2","0","0","0","0","0","1","0","2","N","","","","","","","","","","","","03","  ","","",""
"1305","1","0","0","0","0","0","0","0","0","4","0","","36","12","2017","2017127788","1","40.0796","-76.2521","1256","08","0","0","0","0","0","0","1","0","2","0","0","0","12","1","0","05","2","40 04:46.730","6","00","76 15:07.384","0","0","0","0","36215","0","0","0","N","0","0","0","2","36215","0","","1","01","N","N","0","","0","0","1","0","0","Y","1253","0","2","0","0","0","0","0","1","0","2","N","","","","","","","","","","","","03","  ","","",""
"0726","3","0","0","0","0","0","0","0","0","6","0","","36","12","2017","2017127858","3","40.1432","-76.4526","0720","08","1","0","0","0","0","0","0","0","2","0","0","0","07","5","2","00","2","40 08:35.400","5","00","76 27:09.300","3","0","0","0","36230","0","0","0","N","0","0","0","4","36410","1","","1","01","N","N","0","","1","0","0","0","0","Y","0717","2","3","0","0","0","0","0","1","0","3","N","","","","","","","","","","","","03","  ","","",""
"0752","1","0","0","0","0","0","0","0","0","2","0","","36","12","2017","2017127866","2","40.1753","-76.457","0745","08","0","0","0","0","0","0","0","0","1","0","0","0","07","1","1","02","2","40 10:31.073","5","00","76 27:25.273","4","0","0","0","36230","0","0","0","N","0","0","0","2","36410","1","","1","01","N","N","0","","0","0","1","0","0","N","0742","1","2","0","0","0","0","0","1","0","2","N","","","","","","","","","","","","05","  ","","",""
"1144","1","0","0","0","0","0","0","0","0","1","0","","36","12","2017","2017127919","6","40.2174","-76.2517","1130","08","0","0","0","0","0","2","0","0","2","0","0","0","11","1","0","00","1","40 13:02.531","4","00","76 15:06.278","0","0","0","0","36204","0","0","0","N","0","0","0","3","36506","0","","1","01","N","N","1","","0","0","0","0","0","Y","1130","0","3","0","0","1","0","0","1","1","3","N","","","","","","","","","","","","03","  ","","",""
"2036","0","0","0","0","0","0","0","0","0","9","0","","36","12","2017","2017127920","6","40.1325","-76.3356","2030","08","0","0","0","0","0","0","0","0","","0","0","0","20","2","0","00","0","40 07:56.854","","00","76 20:08.111","0","0","0","0","36227","0","0","0","N","0","0","0","1","36506","0","","1","01","N","N","1","","0","0","0","0","0","","2030","0","1","0","0","0","0","0","1","0","1","N","","","","","","","","","","","","03","  ","","",""
"0914","1","0","0","0","0","0","0","0","0","7","0","","36","11","2017","2017127921","2","40.2414","-76.2104","0914","08","0","0","0","0","0","0","0","0","","0","0","0","09","1","0","00","0","40 14:29.117","","00","76 12:37.505","0","0","0","0","36204","0","0","0","Y","0","0","0","1","36506","0","","2","01","N","N","0","","0","0","0","0","0","","0914","0","1","0","0","0","0","0","1","0","1","N","","","","","","","","","","","","03","  ","","",""
"2013","1","0","0","0","0","0","0","0","0","5","0","","36","12","2017","2017127956","2","40.1581","-76.2023","2011","08","0","0","0","0","0","0","0","0","","0","0","0","20","3","0","00","0","40 09:29.000","","00","76 12:08.300","0","0","0","0","36402","0","0","0","N","0","0","0","1","36402","0","","6","01","N","N","0","","0","0","1","0","0","","2010","0","2","0","0","0","0","0","2","0","2","N","","","","","","","","","","","","03","  ","","",""
"1155","1","0","0","0","0","0","0","0","0","1","0","","36","12","2017","2017127973","3","40.2115","-76.1304","1147","08","0","0","0","0","0","1","0","0","","0","0","0","11","1","1","00","0","40 12:41.484","","00","76 07:49.295","4","0","0","0","36210","0","0","0","N","0","0","0","2","36210","1","","1","01","N","N","1","","0","0","0","0","0","","1143","1","3","0","0","0","0","0","1","0","2","N","","","","","","","","","","","","03","  ","","",""
"1647","2","0","0","0","0","0","0","0","0","1","0","","36","12","2017","2017128153","3","40.0318","-76.476","1644","08","0","0","0","0","0","0","1","0","2","0","0","0","16","3","3","00","2","40 01:54.539","6","00","76 28:33.436","3","0","0","0","36239","0","0","0","N","0","0","0","5","36239","2","","1","09","N","N","1","","1","0","0","0","0","Y","1641","3","3","0","0","0","0","0","3","0","3","N","","","","","","","","","","","","07","  ","","",""
"1156","1","0","0","0","0","0","0","0","0","7","0","","36","09","2017","2017128163","5","40.052","-76.277","1151","08","0","1","0","0","0","0","0","0","2","0","0","0","11","1","0","00","2","40 03:07.178","4","00","76 16:37.324","0","0","0","0","36101","0","0","0","","0","0","0","1","36101","0","","3","01","N","N","0","","0","0","0","0","0","N","1146","0","1","0","0","0","0","0","3","0","1","N","","","","","","","","","","","","03","  ","","",""
"2000","1","0","0","0","0","0","0","0","0","7","0","","36","12","2017","2017128273","3","40.0838","-76.0738","1755","08","0","0","0","0","0","0","0","0","1","0","0","0","17","2","0","02","1","40 05:01.780","2","00","76 04:25.705","0","0","0","0","36209","0","0","0","N","0","0","0","1","36415","0","","4","09","N","N","0","","0","0","0","3","3","Y","1755","0","1","0","0","0","0","0","1","0","1","N","","","","","","","","","","","","07","  ","","",""
"2231","2","0","0","0","0","0","0","0","0","4","0","","36","12","2017","2017128292","3","39.9883","-76.2734","2224","08","0","0","1","0","0","0","0","0","2","0","0","0","20","3","2","02","2","39 59:17.730","7","00","76 16:24.296","8","0","0","0","36240","0","0","0","N","0","0","0","3","36240","0","","1","09","N","N","0","","0","0","0","3","2","Y","2024","2","2","0","0","1","2","0","1","0","2","N","","","","","","","","","","","","07","  ","","",""
"1419","0","0","0","0","0","0","0","0","0","6","0","","36","11","2017","2017128302","5","40.1944","-76.2048","1412","08","0","0","0","0","0","0","0","0","2","0","0","0","14","1","0","00","1","40 11:39.780","1","00","76 12:17.288","9","0","0","0","36408","0","0","0","N","0","0","0","2","36408","0","","1","01","N","N","2","","0","0","0","0","0","N","1409","0","2","0","0","0","0","1","2","0","2","N","","","","","","","","","","","","03","  ","","",""
"2159","1","0","0","0","0","0","0","0","0","8","0","","36","12","2017","2017128330","3","40.0342","-76.3159","2158","08","0","0","0","0","0","0","0","0","1","0","0","0","21","3","1","00","1","40 02:03.201","4","00","76 18:57.350","2","0","0","0","36301","1","0","1","N","1","0","1","2","36301","0","","1","09","N","N","0","","0","1","0","0","0","N","2158","1","2","0","0","1","0","0","3","0","1","N","","","","","","","","","","","","07","  ","","",""
"1727","1","0","0","0","0","0","0","0","0","5","0","","36","12","2017","2017128339","3","40.1851","-76.1663","1723","08","0","0","0","0","0","0","0","1","2","0","0","0","17","3","1","00","1","40 11:06.400","6","00","76 09:58.500","4","0","0","0","36408","0","0","0","N","0","0","0","1","36408","1","","6","09","N","N","1","","0","0","0","0","0","N","1722","1","2","0","0","0","0","0","2","0","2","N","","","","","","","","","","","","07","  ","","",""
"0815","2","0","0","0","0","0","0","0","0","6","0","","36","11","2017","2017128406","4","40.0182","-76.3191","0811","08","0","0","0","0","0","0","0","0","","0","0","0","04","6","0","00","0","40 01:05.350","","00","76 19:08.670","0","0","0","0","36220","1","0","0","N","0","0","0","2","36101","0","","6","01","N","N","0","","0","0","0","0","0","","0430","0","2","0","0","0","0","0","3","0","2","N","","","","","","","","","","","","99","  ","","",""
"2027","2","0","0","0","0","0","0","0","0","4","0","","36","11","2017","2017128407","5","40.0679","-76.3034","2025","08","0","0","0","0","0","0","0","0","2","0","0","0","20","3","0","01","1","40 04:04.462","2","00","76 18:12.202","0","0","0","0","36101","0","0","0","","0","0","0","2","36101","0","","1","01","N","N","0","","0","0","0","3","2","N","2022","0","2","0","0","0","0","0","3","0","2","N","","","","","","","","","","","","03","  ","","",""
"1134","1","0","0","0","0","0","0","0","0","1","0","","36","12","2017","2017128408","2","40.0679","-76.2995","1126","08","0","0","0","0","0","0","1","0","2","0","0","0","11","1","2","00","1","40 04:04.564","3","00","76 17:58.059","4","0","0","0","36101","0","0","0","","0","0","0","2","36101","2","","1","01","N","N","0","","0","0","1","0","0","N","1126","2","2","0","0","0","0","0","3","0","2","N","","","","","","","","","","","","03","  ","","",""
"0738","1","0","0","0","0","0","0","0","0","4","0","","36","12","2017","2017128409","3","40.0566","-76.2886","0730","08","0","0","1","0","0","0","0","0","3","0","0","0","07","1","2","01","1","40 03:23.684","4","00","76 17:18.924","4","0","0","0","36101","0","0","0","N","0","0","0","2","36101","2","","1","09","N","N","0","","0","0","0","3","3","N","0728","2","2","0","0","0","0","0","3","1","2","N","","","","","","","","","","","","03","  ","","",""
"1833","1","0","0","0","0","0","0","0","0","4","0","","36","11","2017","2017128410","6","40.0319","-76.2398","1824","08","0","0","0","0","0","1","0","0","1","0","0","0","18","3","0","06","1","40 01:54.765","4","00","76 14:23.331","0","0","0","0","36215","0","0","0","","0","0","0","4","36215","0","","1","01","N","N","0","","0","0","1","3","2","N","1824","0","2","0","0","0","0","0","1","0","2","N","","","","","","","","","","","","03","  ","","",""
"2032","1","0","0","0","0","0","0","0","0","1","0","","36","11","2017","2017128411","6","40.03","-76.2307","2025","08","0","0","0","0","0","0","0","0","","0","0","0","20","3","0","00","0","40 01:47.903","","00","76 13:50.566","0","0","0","0","36215","0","0","0","N","0","0","0","2","36215","0","","1","01","N","N","0","","0","0","1","0","0","","2022","0","2","0","0","0","0","0","1","0","2","N","","","","","","","","","","","","03","  ","","",""
"1749","2","0","0","0","0","0","0","0","0","4","0","","36","11","2017","2017128412","4","40.0776","-76.2587","1738","08","0","0","0","0","0","2","0","0","2","0","0","0","17","2","0","02","2","40 04:39.294","6","00","76 15:31.416","0","0","0","0","36215","0","0","0","","0","0","0","2","36215","0","","1","01","N","N","0","","0","0","0","3","3","Y","1735","0","2","0","0","0","0","0","1","0","2","N","","","","","","","","","","","","03","  ","","",""
"1756","1","0","0","0","0","0","0","0","0","1","0","","36","11","2017","2017128413","4","40.0776","-76.2587","1748","08","0","0","0","0","0","0","1","0","2","0","0","0","17","2","0","02","1","40 04:39.294","3","00","76 15:31.416","0","0","0","0","36215","0","0","0","","0","0","0","2","36215","0","","1","01","N","N","0","","0","0","1","0","0","Y","1741","0","2","0","0","0","0","0","1","0","2","N","","","","","","","","","","","","03","  ","","",""
"1511","0","0","0","0","0","0","0","0","0","4","0","","36","11","2017","2017128414","5","40.0138","-76.1489","1505","08","0","0","0","0","0","0","0","1","2","0","0","0","15","1","1","00","1","40 00:49.756","4","00","76 08:56.058","4","0","0","0","36215","0","0","0","N","0","0","0","2","36215","1","","1","01","N","N","0","","0","0","2","0","0","N","1503","1","2","0","0","0","0","0","1","0","2","N","","","","","","","","","","","","03","  ","","",""
"1738","0","0","0","0","0","0","0","0","0","1","0","","36","11","2017","2017128415","5","40.0898","-76.1757","1728","08","0","0","0","0","0","0","0","0","1","0","0","0","17","3","0","02","2","40 05:23.273","4","00","76 10:32.674","0","0","0","0","36234","0","0","0","","0","0","0","2","36215","0","","1","01","N","N","1","","0","0","0","3","2","N","1728","0","2","0","0","0","0","0","1","1","2","N","","","","","","","","","","","","03","  ","","",""
"1625","0","0","0","0","0","0","0","0","0","1","0","","36","12","2017","2017128416","2","40.0402","-76.2363","1604","08","0","0","0","0","0","1","0","0","","0","0","0","16","1","0","02","0","40 02:24.556","","00","76 14:10.733","0","0","0","0","36215","0","0","0","N","0","0","0","2","36215","0","","1","01","N","N","0","","0","0","2","3","2","","1603","0","2","0","0","0","0","0","1","0","2","N","","","","","","","","","","","","03","  ","","",""
"1028","0","0","0","0","0","0","0","0","0","4","0","","36","11","2017","2017128417","2","40.0388","-76.3584","1028","08","0","0","0","0","0","0","0","1","","0","0","0","10","1","0","02","0","40 02:19.705","","00","76 21:30.332","0","0","0","0","36223","0","0","0","","0","0","0","2","36223","0","","1","01","N","N","1","","0","0","1","0","0","","1028","0","2","0","0","0","0","0","1","0","2","N","","","","","","","","","","","","03","  ","","",""
"1745","1","0","0","0","0","0","0","0","0","4","0","","36","11","2017","2017128418","3","40.0224","-76.3616","1742","08","0","0","0","1","0","0","0","0","1","0","0","0","17","3","0","01","1","40 01:20.679","5","00","76 21:41.606","0","0","0","0","36223","0","0","0","N","0","0","0","2","36223","0","","1","01","N","N","0","","0","0","0","3","2","N","1738","0","2","0","0","0","0","0","1","1","2","N","","","","","","","","","","","","03","  ","","",""
"0609","1","0","0","0","0","0","0","0","0","7","0","","36","11","2017","2017128522","3","40.1156","-76.0381","0605","08","0","1","0","0","0","0","0","0","","0","0","0","06","3","0","00","0","40 06:56.148","","00","76 02:17.325","0","0","0","0","36213","0","0","0","N","0","0","0","1","36213","0","","4","01","N","N","0","","0","0","0","0","0","","0600","0","1","0","0","0","0","0","1","0","1","N","","","","","","","","","","","","03","  ","","",""
"1431","1","0","0","0","0","0","0","0","0","5","0","","36","11","2017","2017128563","3","40.0399","-76.2902","1420","08","0","0","0","0","0","1","1","0","","0","0","0","14","1","0","00","0","40 02:23.511","","00","76 17:24.859","0","0","0","0","36301","0","0","0","N","0","0","0","2","36301","0","","1","01","N","N","0","","0","0","1","0","0","","1420","0","2","0","0","1","0","0","3","0","2","N","","","","","","","","","","","","03","  ","","",""
"2102","0","0","0","0","0","0","0","0","0","7","0","","36","12","2017","2017128592","1","40.0244","-76.3042","2039","08","0","0","0","0","0","0","0","0","","0","0","0","20","3","0","00","0","40 01:27.876","","00","76 18:15.034","0","0","0","0","36301","0","0","0","N","0","0","0","1","36301","0","","4","01","N","N","1","","0","0","0","0","0","","2039","0","2","0","0","1","0","0","3","0","1","N","","","","","","","","","","","","03","  ","","",""
"1556","1","0","0","0","0","0","0","0","0","5","0","","36","11","2017","2017128649","3","40.038","-76.3438","1551","08","0","0","0","0","0","0","0","0","","0","0","0","15","1","1","01","0","40 02:16.808","","00","76 20:37.817","3","0","0","0","36223","0","0","0","N","0","0","0","3","36223","0","","1","01","N","N","0","","1","0","1","0","0","","1549","1","2","0","0","0","0","0","1","0","2","N","","","","","","","","","","","","03","  ","","",""
"1324","1","0","0","0","0","0","0","0","0","4","0","","36","11","2017","2017128816","2","40.0685","-76.3074","1323","08","0","0","0","0","0","0","0","0","2","0","0","0","13","1","0","01","1","40 04:06.605","2","00","76 18:27.559","0","0","0","0","36101","0","0","0","","0","0","0","2","36101","0","","1","01","N","N","0","","0","0","1","3","2","N","1320","0","2","0","0","0","0","0","3","0","2","N","","","","","","","","","","","","03","  ","","",""
"0523","1","0","0","0","0","0","0","0","0","4","1","","36","11","2017","2017128817","3","40.0639","-76.3067","0518","08","0","0","0","0","0","0","0","0","2","0","1","0","05","3","0","01","2","40 03:50.121","3","00","76 18:24.172","0","0","0","0","36101","0","0","0","","0","0","0","2","36101","0","","1","01","N","N","0","","0","0","0","3","3","N","0515","0","2","0","0","0","0","0","3","0","2","N","","","","","","","","","","","","03","  ","","",""
"1850","5","0","0","0","0","0","0","0","0","1","0","","36","11","2017","2017128819","5","40.0702","-76.3173","1844","08","0","0","0","0","0","2","0","0","2","0","0","0","18","3","0","00","1","40 04:12.552","2","00","76 19:02.198","0","0","0","0","36101","0","0","0","N","0","0","0","7","36101","0","","1","01","N","N","0","","0","0","0","3","2","N","1840","0","5","0","0","0","0","0","3","0","5","N","","","","","","","","","","","","03","  ","","",""
"1935","1","0","0","0","0","0","0","0","0","7","0","","36","12","2017","2017128820","3","40.0701","-76.3015","1935","08","0","0","0","1","0","0","0","0","2","0","0","0","19","3","0","00","2","40 04:12.539","2","00","76 18:05.444","0","0","0","0","36101","0","0","0","","0","0","0","1","36101","0","","5","09","N","N","0","","0","0","0","0","0","N","1915","0","1","0","0","0","0","0","3","0","1","N","","","","","","","","","","","","07","  ","","",""
"0730","1","0","0","0","0","0","0","0","0","1","0","","36","12","2017","2017128925","5","40.0883","-76.3794","0724","08","0","0","0","0","0","1","0","0","","0","0","0","07","1","0","00","0","40 05:17.727","","00","76 22:45.692","0","0","0","0","36214","0","0","0","N","0","0","0","2","36214","0","","1","01","N","N","1","","0","0","0","0","0","","0720","0","2","0","0","0","0","0","3","0","2","N","","","","","","","","","","","","03","  ","","",""
"0955","1","0","0","0","0","0","0","0","0","1","0","","36","12","2017","2017128953","5","40.1786","-76.1724","0955","08","0","0","0","0","0","1","0","0","","0","0","0","09","1","0","00","0","40 10:42.800","","00","76 10:20.500","0","0","0","0","36408","0","0","0","N","0","0","0","1","36408","0","","6","01","N","N","0","","0","0","1","0","0","","0955","0","2","0","0","0","0","0","2","0","2","N","","","","","","","","","","","","03","  ","","",""
"0923","0","0","0","0","0","0","0","0","0","7","0","","36","12","2017","2017128956","5","40.092","-76.0986","0916","08","0","0","0","0","0","0","0","0","3","0","0","0","09","1","1","00","2","40 05:31.200","5","00","76 05:55.000","8","0","0","0","36415","0","0","0","Y","0","0","0","1","36415","0","","4","01","N","N","0","","0","0","1","0","0","Y","0913","1","1","0","0","0","1","0","1","0","1","N","","","","","","","","","","","","03","  ","","",""
"1344","0","0","0","0","0","0","0","0","0","7","0","","36","12","2017","2017128959","1","40.2748","-76.1355","1340","08","0","0","0","0","0","1","0","0","","0","0","0","13","1","0","00","0","40 16:29.283","","07","76 08:07.877","0","0","0","0","36236","0","0","0","N","0","0","0","1","36408","0","","4","01","N","N","1","","0","0","0","0","0","","1340","0","1","0","0","0","0","0","1","0","1","N","","","","","","","","","","","","03","  ","","",""
"1816","1","0","0","0","0","0","0","0","0","1","0","","36","11","2017","2017128966","2","40.1396","-76.589","1807","08","0","0","0","0","0","0","0","1","","0","0","0","18","3","0","00","0","40 08:22.438","","00","76 35:20.355","0","0","0","0","36225","0","0","0","N","0","0","0","3","36505","0","","1","01","N","N","1","","0","0","0","0","0","","1802","0","2","0","0","1","0","0","2","0","2","N","","","","","","","","","","","","03","  ","","",""
"2259","1","0","0","0","0","0","0","0","0","7","0","","36","12","2017","2017128970","4","40.2045","-76.2132","2251","08","0","1","0","0","0","0","0","0","","0","0","0","22","3","0","01","0","40 12:16.272","","00","76 12:47.372","0","0","0","0","36204","0","0","0","","0","0","0","1","36506","0","","5","01","N","N","0","","0","0","0","3","2","","2248","0","1","0","0","0","0","0","1","0","1","N","","","","","","","","","","","","03","  ","","",""
"0814","1","0","0","0","0","0","0","0","0","4","1","00","36","11","2017","2017129044","3","40.1396","-76.3047","0808","08","0","0","0","0","0","1","0","0","","0","1","0","08","1","0","00","0","40 08:22.700","","07","76 18:16.800","0","0","0","0","36235","0","0","0","N","0","0","0","2","36506","0","","1","01","N","N","0","","0","0","0","3","8","","0808","0","2","0","0","0","0","0","1","0","2","Y","4","1","Y","N","Y","N","N","N","N","N","","03","  ","","",""
"0743","0","0","0","0","0","0","0","0","0","1","0","","36","12","2017","2017129045","5","40.1526","-76.3668","0736","08","0","0","0","0","0","0","0","0","","0","0","0","07","1","0","00","0","40 09:09.356","","00","76 22:00.632","0","0","0","0","36227","0","0","0","N","0","0","0","2","36506","0","","1","01","N","N","0","","0","0","1","0","0","","0736","0","2","0","0","0","0","0","1","1","2","N","","","","","","","","","","","","03","  ","","",""
"0607","0","0","0","0","0","0","0","0","0","9","0","","36","11","2017","2017129110","6","39.819","-76.0439","0536","08","0","0","0","0","0","0","0","0","","0","0","0","05","2","0","00","0","39 49:08.369","","00","76 02:37.921","0","0","0","0","36205","0","0","0","","0","0","0","1","68J01","0","","1","01","N","N","0","","0","0","1","0","0","","0530","0","1","0","0","0","0","0","1","0","1","N","","","","","","","","","","","","03","  ","","",""
"2244","1","0","0","0","0","0","0","0","0","7","0","","36","12","2017","2017129156","3","40.1623","-76.3872","2243","08","0","0","0","0","0","0","0","0","","0","0","0","99","3","0","02","0","40 09:44.283","","00","76 23:13.876","9","0","0","0","36410","0","0","0","N","0","0","0","1","36410","0","","4","09","N","N","0","","0","0","0","3","3","","9999","0","1","0","0","0","0","1","2","0","1","N","","","","","","","","","","","","05","  ","","",""
"0350","0","0","0","0","0","0","0","0","0","9","0","","36","12","2017","2017129159","5","40.2282","-76.1284","0344","08","0","0","0","0","0","0","0","0","","0","0","0","03","3","0","00","0","40 13:40.909","","00","76 07:43.055","0","0","0","0","36210","0","0","0","N","0","0","0","1","36210","0","","1","01","N","N","0","","0","0","1","0","0","","0342","0","1","0","0","0","0","0","1","0","1","N","","","","","","","","","","","","03","  ","","",""
"2029","1","0","0","0","0","0","0","0","0","8","0","","36","12","2017","2017129169","5","40.1628","-76.394","2027","08","0","0","0","0","1","0","0","0","1","0","0","0","20","3","1","00","2","40 09:45.957","5","00","76 23:38.508","3","0","0","0","36410","1","0","0","N","1","0","0","2","36410","0","","1","01","N","N","0","","1","0","0","0","0","Y","2025","1","2","0","0","0","0","0","2","0","1","N","","","","","","","","","","","","03","  ","","",""