"ARRIVAL_TM","AUTOMOBILE_COUNT","BELTED_DEATH_COUNT","BELTED_SUSP_SERIOUS_INJ_COUNT","BICYCLE_COUNT","BICYCLE_DEATH_COUNT","BICYCLE_SUSP_SERIOUS_INJ_COUNT","BUS_COUNT","CHLDPAS_DEATH_COUNT","CHLDPAS_SUSP_SERIOUS_INJ_COUNT","COLLISION_TYPE","COMM_VEH_COUNT","CONS_ZONE_SPD_LIM","COUNTY","CRASH_MONTH","CRASH_YEAR","CRN","DAY_OF_WEEK","DEC_LAT","DEC_LONG","DISPATCH_TM","DISTRICT","DRIVER_COUNT_16YR","DRIVER_COUNT_17YR","DRIVER_COUNT_18YR","DRIVER_COUNT_19YR","DRIVER_COUNT_20YR","DRIVER_COUNT_50_64YR","DRIVER_COUNT_65_74YR","DRIVER_COUNT_75PLUS","EST_HRS_CLOSED","FATAL_COUNT","HEAVY_TRUCK_COUNT","HORSE_BUGGY_COUNT","HOUR_OF_DAY","ILLUMINATION","INJURY_COUNT","INTERSECT_TYPE","LANE_CLOSED","LATITUDE","LN_CLOSE_DIR","LOCATION_TYPE","LONGITUDE","MAX_SEVERITY_LEVEL","MCYCLE_DEATH_COUNT","MCYCLE_SUSP_SERIOUS_INJ_COUNT","MOTORCYCLE_COUNT","MUNICIPALITY","NONMOTR_COUNT","NONMOTR_DEATH_COUNT","NONMOTR_SUSP_SERIOUS_INJ_COUNT","NTFY_HIWY_MAINT","PED_COUNT","PED_DEATH_COUNT","PED_SUSP_SERIOUS_INJ_COUNT","PERSON_COUNT","POLICE_AGCY","POSSIBLE_INJ_COUNT","RDWY_SURF_TYPE_CD","RELATION_TO_ROAD","ROAD_CONDITION","SCH_BUS_IND","SCH_ZONE_IND","SMALL_TRUCK_COUNT","SPEC_JURIS_CD","SUSP_MINOR_INJ_COUNT","SUSP_SERIOUS_INJ_COUNT","SUV_COUNT","TCD_FUNC_CD","TCD_TYPE","TFC_DETOUR_IND","TIME_OF_DAY","TOT_INJ_COUNT","TOTAL_UNITS","UNB_DEATH_COUNT","UNB_SUSP_SERIOUS_INJ_COUNT","UNBELTED_OCC_COUNT","UNK_INJ_DEG_COUNT","UNK_INJ_PER_COUNT","URBAN_RURAL","VAN_COUNT","VEHICLE_COUNT","WORK_ZONE_IND","WORK_ZONE_LOC","WORK_ZONE_TYPE","WORKERS_PRES","WZ_CLOSE_DETOUR","WZ_FLAGGER","WZ_LAW_OFFCR_IND","WZ_LN_CLOSURE","WZ_MOVING","WZ_OTHER","WZ_SHLDER_MDN","ROADWAY_CLEARED","WEATHER1","WEATHER2","WZ_WORKERS_INJ_KILLED","SECONDARY_CRASH","INTERSECTION_RELATED"
"1934","2","0","0","0","0","0","0","0","0","4","0","","36","11","2017","2017129211","6","40.0687","-76.3429","1929","08","0","0","0","0","2","0","0","0","3","0","0","0","19","4","2","02","1","40 04:07.251","7","07","76 20:34.310","4","0","0","0","36301","0","0","0","N","0","0","0","7","36301","2","","1","01","N","N","0","","0","0","0","3","2","N","1926","2","2","0","0","0","0","0","3","0","2","N","","","","","","","","","","","","03","  ","","",""
"1724","0","0","0","0","0","0","0","0","0","4","0","","36","11","2017","2017129269","3","40.1063","-76.3544","1640","08","0","0","0","0","0","0","0","0","","0","0","0","16","3","0","01","0","40 06:22.809","","00","76 21:16.002","0","0","0","0","36406","0","0","0","","0","0","0","2","36101","0","","1","01","N","N","0","","0","0","1","3","2","","1638","0","2","0","0","0","0","0","3","1","2","N","","","","","","","","","","","","03","  ","","",""
"1710","1","0","0","0","0","0","0","0","0","9","0","","36","11","2017","2017129270","1","40.0758","-76.2848","1700","08","0","0","0","0","0","1","0","0","","0","0","0","16","3","0","00","0","40 04:32.859","","00","76 17:05.396","0","0","0","0","36101","0","0","0","","0","0","0","1","36101","0","","1","01","N","N","0","","0","0","0","0","0","","1658","0","1","0","0","0","0","0","3","0","1","N","","","","","","","","","","","","03","  ","","",""
"1630","0","0","0","0","0","0","0","0","0","1","0","","36","11","2017","2017129271","3","40.0772","-76.3377","1620","08","0","0","0","0","0","1","0","0","","0","0","0","16","1","0","07","0","40 04:39.157","","02","76 20:16.139","0","0","0","0","36101","0","0","0","","0","0","0","2","36101","0","","1","01","N","N","2","","0","0","0","3","4","","1605","0","2","0","0","1","0","0","3","0","2","N","","","","","","","","","","","","03","  ","","",""
"1519","0","0","0","0","0","0","0","0","0","4","0","","36","12","2017","2017129272","4","40.0606","-76.2768","1515","08","0","0","0","0","0","2","0","0","2","0","0","0","15","1","0","01","1","40 03:38.256","4","00","76 16:36.560","0","0","0","0","36101","0","0","0","","0","0","0","5","36101","0","","1","01","N","N","0","","0","0","2","3","2","N","1512","0","2","0","0","0","0","0","3","0","2","N","","","","","","","","","","","","03","  ","","",""
"1723","1","0","0","0","0","0","0","0","0","1","0","","36","12","2017","2017129328","2","40.0398","-76.2908","1723","08","0","0","0","0","0","0","1","0","1","0","0","0","17","3","1","00","1","40 02:23.224","3","00","76 17:26.904","3","0","0","0","36301","0","0","0","N","0","0","0","1","36301","0","","6","01","N","N","1","","1","0","0","0","0","N","1723","1","3","0","0","0","0","0","3","1","3","N","","","","","","","","","","","","03","  ","","",""
"0711","1","0","0","0","0","0","0","0","0","4","0","","36","12","2017","2017129334","6","40.2312","-76.0804","0703","08","0","0","0","0","0","1","0","0","","0","0","0","07","5","0","01","0","40 13:59.165","","00","76 04:42.021","0","0","0","0","36210","0","0","0","N","0","0","0","2","36210","0","","1","01","N","N","0","","0","0","0","3","2","","0700","0","2","0","0","0","0","0","1","1","2","N","","","","","","","","","","","","03","  ","","",""
"1001","1","0","0","0","0","0","0","0","0","1","0","","36","12","2017","2017129364","5","39.9888","-76.3179","0955","08","0","0","0","0","0","1","0","1","","0","0","0","09","1","1","00","0","39 59:19.639","","07","76 19:04.443","8","0","0","0","36228","0","0","0","N","0","0","0","2","36503","0","","1","01","N","N","0","","0","0","1","0","0","","0953","1","2","0","0","0","1","0","1","0","2","N","","","","","","","","","","","","03","  ","","",""
"1345","2","0","0","0","0","0","0","0","0","4","0","","36","11","2017","2017129381","7","40.1614","-76.6355","1338","08","0","0","1","0","0","1","0","0","2","0","0","0","13","1","2","00","2","40 09:40.863","5","00","76 38:07.753","3","0","0","0","36237","0","0","0","N","0","0","0","2","36505","1","","1","09","N","N","0","","1","0","0","0","0","N","1334","2","2","0","0","0","0","0","1","0","2","N","","","","","","","","","","","","07","  ","","",""
"0907","1","0","0","0","0","0","1","0","0","5","1","","36","12","2017","2017129394","6","40.096","-76.4122","0900","08","0","0","1","0","0","1","0","0","","0","0","0","08","1","0","00","0","40 05:45.464","","00","76 24:44.096","0","0","0","0","36214","0","0","0","N","0","0","0","2","36214","0","","1","01","Y","","0","","0","0","0","0","0","","0858","0","2","0","0","0","0","0","3","0","2","N","","","","","","","","","","","","03","  ","","",""
"1250","2","0","0","0","0","0","0","0","0","1","0","","36","12","2017","2017129486","4","39.9056","-76.2702","1245","08","0","0","0","0","0","0","1","0","","0","0","0","12","1","0","00","0","39 54:20.258","","00","76 16:12.469","0","0","0","0","36229","0","0","0","N","0","0","0","2","68J01","0","","1","01","N","N","0","","0","0","0","0","0","","1235","0","2","0","0","0","0","0","1","0","2","N","","","","","","","","","","","","03","  ","","",""
"1720","1","0","0","0","0","0","0","0","0","7","0","","36","12","2017","2017129563","3","40.0824","-76.389","1720","08","0","0","0","0","0","0","1","0","","0","0","0","17","2","0","00","0","40 04:56.807","","00","76 23:20.226","0","0","0","0","36214","0","0","0","N","0","0","0","1","36214","0","","4","09","N","N","0","","0","0","0","0","0","","1715","0","1","0","0","0","0","0","3","0","1","N","","","","","","","","","","","","07","  ","","",""
"0307","0","0","0","0","0","0","0","0","0","7","0","","36","12","2017","2017129566","4","40.1178","-76.3647","0250","08","0","0","0","0","0","0","0","0","1","0","0","0","02","3","0","00","1","40 07:04.119","1","00","76 21:52.940","0","0","0","0","36214","0","0","0","N","0","0","0","1","36214","0","","5","01","N","N","1","","0","0","0","0","0","N","0245","0","1","0","0","0","0","0","3","0","1","N","","","","","","","","","","","","03","  ","","",""
"1731","1","0","0","0","0","0","0","0","0","1","0","","36","12","2017","2017129665","5","40.0609","-76.321","1722","08","0","0","0","0","0","0","0","0","","0","0","0","17","3","1","00","0","40 03:39.229","","00","76 19:15.775","4","0","0","0","36101","0","0","0","","0","0","0","3","36101","1","","1","01","N","N","0","","0","0","1","0","0","","1719","1","2","0","0","0","0","0","3","0","2","N","","","","","","","","","","","","03","  ","","",""
"1522","2","0","0","0","0","0","0","0","0","4","0","","36","12","2017","2017129666","7","40.0566","-76.215","1519","08","0","0","0","0","0","1","0","0","2","0","0","0","15","1","1","01","1","40 03:23.868","6","00","76 12:53.887","8","0","0","0","36215","0","0","0","N","0","0","0","3","36215","0","","1","01","N","N","0","","0","0","0","3","2","N","1517","1","2","0","0","0","1","0","1","0","2","N","","","","","","","","","","","","03","  ","","",""
"0639","0","0","0","0","0","0","0","0","0","9","0","","36","12","2017","2017129681","7","40.2398","-76.082","0626","08","0","0","0","0","0","0","0","0","","0","0","0","06","2","0","00","0","40 14:23.370","","00","76 04:55.053","0","0","0","0","36210","0","0","0","N","0","0","0","1","36210","0","","1","01","N","N","1","","0","0","0","0","0","","0623","0","1","0","0","0","0","0","1","0","1","N","","","","","","","","","","","","03","  ","","",""
"1800","0","0","0","0","0","0","0","0","0","1","1","","36","12","2017","2017129695","6","40.0523","-76.261","1729","08","0","0","0","0","0","1","1","0","2","0","1","0","17","2","5","00","2","40 03:08.220","4","00","76 15:39.645","3","0","0","0","36301","0","0","0","N","0","0","0","10","36301","0","","1","01","N","N","0","","5","0","4","0","0","N","1729","5","5","0","0","0","0","0","3","0","5","N","","","","","","","","","","","","03","  ","","",""
"1000","1","0","0","0","0","0","0","0","0","6","0","","36","12","2017","2017129718","6","40.1568","-76.3876","0951","08","0","0","0","0","0","0","1","0","","0","0","0","09","1","1","00","0","40 09:24.657","","00","76 23:15.452","8","0","0","0","36227","0","0","0","N","0","0","0","2","36506","0","","1","01","N","N","0","","0","0","1","0","0","","0951","1","2","0","0","1","1","0","1","0","2","N","","","","","","","","","","","","03","  ","","",""
"1136","1","0","0","0","0","0","0","0","0","2","0","","36","12","2017","2017129744","7","40.1649","-76.2006","1130","08","0","0","0","0","0","0","0","0","2","0","0","0","11","1","0","02","1","40 09:53.526","5","00","76 12:02.098","9","0","0","0","36408","0","0","0","N","0","0","0","2","36408","0","","1","07","N","N","1","","0","0","0","0","0","N","1125","0","2","0","0","0","0","1","2","0","2","N","","","","","","","","","","","","10","  ","","",""
"1708","0","0","0","0","0","0","0","0","0","4","0","","36","12","2017","2017129753","3","40.0379","-76.5042","1708","08","0","0","0","0","0","1","1","0","","0","0","0","17","3","0","01","0","40 02:16.558","","00","76 30:14.950","0","0","0","0","36404","0","0","0","N","0","0","0","2","36404","0","","1","09","N","N","0","","0","0","0","3","3","","1708","0","2","0","0","0","0","0","3","2","2","N","","","","","","","","","","","","07","  ","","",""
"1330","1","0","0","0","0","0","0","0","0","4","0","","36","12","2017","2017129859","1","40.0025","-76.3665","1327","08","1","0","0","0","0","0","0","0","2","0","0","0","13","1","0","01","1","40 00:08.978","2","00","76 21:59.511","0","0","0","0","36223","0","0","0","N","0","0","0","3","36223","0","","1","01","N","N","0","","0","0","1","3","3","N","1325","0","3","0","0","0","0","0","1","0","2","N","","","","","","","","","","","","03","  ","","",""
"1528","1","0","0","0","0","0","0","0","0","4","0","","36","12","2017","2017129860","4","40.0362","-76.363","1524","08","0","0","0","0","1","0","0","0","2","0","0","0","15","1","1","02","2","40 02:10.180","1","00","76 21:46.960","8","0","0","0","36223","0","0","0","","0","0","0","3","36223","0","","1","01","N","N","0","","0","0","1","9","3","Y","1518","1","2","0","0","0","1","0","1","0","2","N","","","","","","","","","","","","03","  ","","",""
"1837","2","0","0","0","0","0","0","0","0","4","0","","36","11","2017","2017129908","5","40.2164","-76.4328","1831","08","0","0","0","0","1","0","0","0","3","0","0","0","99","2","0","01","2","40 12:59.206","5","00","76 25:58.223","0","0","0","0","36230","0","0","0","N","0","0","0","2","36410","0","","1","01","N","N","0","","0","0","0","3","3","Y","9999","0","2","0","0","0","0","0","1","0","2","N","","","","","","","","","","","","03","  ","","",""
"2125","0","0","0","0","0","0","0","0","0","7","0","","36","12","2017","2017129923","7","40.1657","-76.1832","2120","08","0","0","0","1","0","0","0","0","2","0","0","0","21","2","0","00","2","40 09:56.500","6","00","76 10:59.500","0","0","0","0","36218","0","0","0","N","0","0","0","1","36408","0","","5","02","N","N","1","","0","0","0","0","0","Y","2115","0","1","0","0","0","0","0","1","0","1","N","","","","","","","","","","","","10","  ","","",""
"2320","1","0","0","0","0","0","0","0","0","7","0","","36","12","2017","2017129935","7","40.1633","-76.1513","2315","08","0","0","0","0","0","0","0","0","2","0","0","0","23","2","0","00","1","40 09:48.029","1","03","76 09:04.573","0","0","0","0","36218","0","0","0","N","0","0","0","1","36408","0","","2","02","N","N","0","","0","0","0","0","0","N","2313","0","1","0","0","0","0","0","1","0","1","N","","","","","","","","","","","","10","  ","","",""
"1420","0","0","0","0","0","0","0","0","0","7","0","","36","12","2017","2017130029","7","40.0529","-76.3778","1414","08","0","1","0","0","0","0","0","0","","0","0","0","14","1","0","00","0","40 03:10.278","","00","76 22:40.246","0","0","0","0","36214","0","0","0","N","0","0","0","1","36214","0","","2","07","","","0","","0","0","1","0","0","","1413","0","1","0","0","0","0","0","3","0","1","N","","","","","","","","","","","","10","  ","","",""
"1456","1","0","0","0","0","0","0","0","0","7","0","","36","12","2017","2017130040","7","40.0792","-76.3848","1456","08","0","0","0","0","0","0","0","0","2","0","0","0","14","1","0","02","1","40 04:45.242","1","00","76 23:05.366","0","0","0","0","36214","0","0","0","N","0","0","0","2","36214","0","","4","07","N","N","0","","0","0","0","0","0","Y","1440","0","1","0","0","0","0","0","3","0","1","N","","","","","","","","","","","","10","  ","","",""
"1618","1","0","0","0","0","0","0","0","0","7","0","","36","11","2017","2017130046","7","40.1786","-76.1288","1614","08","1","0","0","0","0","0","0","0","2","0","0","0","16","1","0","00","2","40 10:42.892","5","00","76 07:43.547","0","0","0","0","36218","0","0","0","N","0","0","0","2","36408","0","","2","01","N","N","0","","0","0","0","0","0","Y","1612","0","1","0","0","0","0","0","1","0","1","N","","","","","","","","","","","","03","  ","","",""
"1538","1","0","0","0","0","0","0","0","0","4","0","","36","11","2017","2017130047","1","40.019","-76.3214","1531","08","0","0","0","0","0","0","0","0","","0","0","0","15","1","0","02","0","40 01:08.365","","00","76 19:16.876","0","0","0","0","36220","0","0","0","N","0","0","0","3","36301","0","","1","01","N","N","0","","0","0","1","3","3","","1528","0","2","0","0","0","0","0","3","0","2","N","","","","","","","","","","","","03","  ","","",""
"1628","2","0","0","0","0","0","0","0","0","6","0","","36","12","2017","2017130055","7","40.0642","-76.437","1628","08","0","0","0","0","1","1","0","0","2","0","0","0","16","1","3","00","1","40 03:51.280","6","00","76 26:13.357","3","0","0","0","36239","0","0","0","N","0","0","0","3","36239","2","","1","07","N","N","0","","1","0","0","0","0","N","1626","3","2","0","0","0","0","0","3","0","2","N","","","","","","","","","","","","10","  ","","",""
"1205","0","0","0","0","0","0","0","0","0","7","0","","36","12","2017","2017130056","7","40.1771","-76.1401","1152","08","0","0","0","0","0","0","1","0","","0","0","0","11","1","0","00","0","40 10:37.396","","03","76 08:24.470","0","0","0","0","36218","0","0","0","Y","0","0","0","1","36408","0","","4","07","N","N","1","","0","0","0","0","0","","1150","0","1","0","0","0","0","0","1","0","1","N","","","","","","","","","","","","10","  ","","",""
"0602","1","0","0","0","0","0","0","0","0","7","0","","36","12","2017","2017130065","1","40.088","-76.4203","0552","08","0","0","0","0","0","0","0","0","","0","0","0","05","6","1","00","0","40 05:16.979","","00","76 25:13.189","4","0","0","0","36239","0","0","0","N","0","0","0","1","36239","1","","5","02","N","N","0","","0","0","0","0","0","","0546","1","1","0","0","0","0","0","3","0","1","N","","","","","","","","","","","","10","  ","","",""
"2245","0","0","0","0","0","0","0","0","0","7","0","","36","12","2017","2017130102","7","40.1859","-76.5183","2238","08","1","0","0","0","0","0","0","0","2","0","0","0","22","2","0","02","2","40 11:09.282","2","00","76 31:05.868","0","0","0","0","36225","0","0","0","N","0","0","0","1","36505","0","","4","02","N","N","1","","0","0","0","3","3","N","2235","0","1","0","0","0","0","0","2","0","1","N","","","","","","","","","","","","05","  ","","",""
"1445","0","0","0","0","0","0","0","0","0","7","0","","36","12","2017","2017130120","7","40.0772","-76.5786","1443","08","0","0","0","0","0","0","0","0","1","0","0","0","14","1","0","00","2","40 04:38.000","6","00","76 34:43.100","0","0","0","0","36211","0","0","0","N","0","0","0","1","36504","0","","5","07","N","N","0","","0","0","1","0","0","Y","1440","0","1","0","0","0","0","0","1","0","1","N","","","","","","","","","","","","10","  ","","",""
"1614","0","0","0","0","0","0","0","0","0","7","0","","36","12","2017","2017130130","7","40.1464","-76.6153","1608","08","0","0","0","0","1","0","0","0","","0","0","0","16","1","0","00","0","40 08:47.078","","00","76 36:55.191","0","0","0","0","36407","0","0","0","N","0","0","0","1","36407","0","","5","07","N","N","0","","0","0","1","0","0","","1608","0","1","0","0","1","0","0","2","0","1","N","","","","","","","","","","","","10","  ","","",""
"1252","1","0","0","0","0","0","0","0","0","7","0","","36","12","2017","2017130147","1","40.0853","-76.045","1245","08","1","0","0","0","0","0","0","0","1","0","0","0","12","1","0","00","1","40 05:07.000","3","00","76 02:42.000","0","0","0","0","36213","0","0","0","N","0","0","0","1","36213","0","","5","06","N","N","0","","0","0","0","0","0","N","1230","0","1","0","0","0","0","0","1","0","1","N","","","","","","","","","","","","03","  ","","",""
"1741","1","0","0","0","0","0","0","0","0","1","0","","36","12","2017","2017130156","7","40.0993","-76.5612","1741","08","0","0","0","0","0","0","0","0","2","0","0","0","17","2","0","00","2","40 05:57.435","5","00","76 33:40.494","0","0","0","0","36211","0","0","0","N","0","0","0","2","36504","0","","1","07","N","N","1","","0","0","0","0","0","Y","1741","0","2","0","0","1","0","0","1","0","2","N","","","","","","","","","","","","10","  ","","",""
"1447","1","0","0","0","0","0","0","0","0","7","0","","36","12","2017","2017130172","7","40.1477","-76.2717","1442","08","0","0","0","0","0","1","0","0","","0","0","0","14","1","0","00","0","40 08:51.647","","00","76 16:18.116","0","0","0","0","36235","0","0","0","","0","0","0","1","36506","0","","2","07","N","N","0","","0","0","0","0","0","","1442","0","1","0","0","0","0","0","1","0","1","N","","","","","","","","","","","","10","  ","","",""
"1155","1","0","0","0","0","0","0","0","0","6","0","","36","12","2017","2017130173","7","40.1518","-76.2419","1147","08","0","0","0","0","0","0","1","0","1","0","0","0","11","1","0","00","2","40 09:06.616","6","00","76 14:30.907","0","0","0","0","36235","0","0","0","N","0","0","0","3","36506","0","","1","07","N","N","0","","0","0","2","0","0","Y","1147","0","3","0","0","0","0","0","1","0","3","N","","","","","","","","","","","","10","  ","","",""
"0709","1","0","0","0","0","0","0","0","0","4","0","","36","12","2017","2017130175","6","40.1312","-76.5638","0700","08","0","0","0","0","0","0","0","0","","0","0","0","06","1","0","01","0","40 07:52.429","","00","76 33:49.559","0","0","0","0","36225","0","0","0","N","0","0","0","2","36505","0","","1","01","N","N","0","","0","0","1","3","2","","0650","0","2","0","0","0","0","0","2","0","2","N","","","","","","","","","","","","03","  ","","",""
"1446","0","0","0","0","0","0","0","0","0","7","1","","36","12","2017","2017130179","7","40.133","-76.5401","1445","08","0","0","0","0","0","0","0","0","3","0","1","0","14","1","0","00","1","40 07:58.880","4","00","76 32:24.488","0","0","0","0","36225","0","0","0","N","0","0","0","1","36505","0","","5","06","N","N","0","","0","0","0","0","0","N","1445","0","1","0","0","0","0","0","2","0","1","N","","","","","","","","","","","","10","  ","","",""
"1654","2","0","0","0","0","0","0","0","0","6","0","","36","12","2017","2017130184","7","40.1243","-76.5462","1653","08","0","0","0","0","0","1","0","0","1","0","0","0","16","1","2","00","1","40 07:27.561","4","00","76 32:46.294","4","0","0","0","36225","0","0","0","Y","0","0","0","3","36505","2","","1","06","N","N","0","","0","0","0","0","0","N","1652","2","2","0","0","0","0","0","2","0","2","N","","","","","","","","","","","","10","  ","","",""
"0158","0","0","0","0","0","0","0","0","0","7","0","","36","12","2017","2017130268","7","39.9542","-76.4183","0145","08","0","0","0","0","0","1","0","0","1","0","0","0","01","2","1","00","2","39 57:15.230","5","00","76 25:05.860","3","0","0","0","36223","0","0","0","N","0","0","0","1","36223","0","","5","01","N","N","0","","1","0","1","0","0","N","0145","1","1","0","0","0","0","0","1","0","1","N","","","","","","","","","","","","03","  ","","",""
"0102","0","0","0","0","0","0","0","0","0","7","0","","36","12","2017","2017130293","1","40.0827","-76.3872","0102","08","0","0","0","0","0","0","0","0","3","0","0","0","00","3","0","02","2","40 04:57.665","5","00","76 23:13.991","0","0","0","0","36214","0","0","0","N","0","0","0","2","36214","0","","2","02","N","N","0","","0","0","1","3","3","N","0040","0","1","0","0","0","0","0","3","0","1","N","","","","","","","","","","","","03","  ","","",""
"1720","0","0","0","0","0","0","0","0","0","9","0","","36","12","2017","2017130307","6","40.1352","-76.6006","1718","08","0","0","0","0","0","1","0","0","","0","0","0","17","2","0","00","0","40 08:06.799","","00","76 36:02.048","0","0","0","0","36237","0","0","0","N","0","0","0","4","36505","0","","1","01","N","N","1","","0","0","0","0","0","","1708","0","1","0","0","0","0","0","1","0","1","N","","","","","","","","","","","","03","  ","","",""
"2330","3","0","1","0","0","0","0","0","0","1","0","","36","12","2017","2017130332","7","40.1634","-76.1513","2325","08","0","0","0","0","0","0","0","0","2","0","0","0","23","2","1","00","1","40 09:48.145","1","03","76 09:04.546","2","0","0","0","36218","0","0","0","Y","0","0","0","1","36408","0","","2","02","N","N","0","","0","1","0","0","0","N","2325","1","3","0","0","0","0","0","1","0","3","N","","","","","","","","","","","","05","  ","","",""
"0120","2","0","0","0","0","0","0","0","0","2","0","","36","12","2017","2017130343","7","40.0485","-76.2941","0111","08","0","0","0","0","0","0","0","0","2","0","0","0","01","3","0","01","1","40 02:54.467","4","00","76 17:38.677","0","0","0","0","36301","0","0","0","N","0","0","0","2","36301","0","","1","01","N","N","0","","0","0","0","3","2","N","0108","0","2","0","0","0","0","0","3","0","2","N","","","","","","","","","","","","03","  ","","",""
"2319","1","0","0","0","0","0","0","0","0","7","0","","36","11","2017","2017130347","5","40.0631","-76.5167","2309","08","0","0","0","0","0","0","0","0","","0","0","0","23","2","1","02","0","40 03:47.196","","00","76 31:00.113","4","0","0","0","36211","0","0","0","N","0","0","0","1","36504","1","","5","09","N","N","0","","0","0","0","0","0","","2306","1","1","0","0","1","0","0","1","0","1","N","","","","","","","","","","","","05","  ","","",""
"1523","1","0","0","0","0","0","0","0","0","5","0","","36","12","2017","2017130383","7","40.1419","-76.2238","1503","08","0","0","0","0","1","1","0","0","2","0","0","0","15","1","0","00","2","40 08:30.854","6","00","76 13:25.703","0","0","0","0","36235","0","0","0","N","0","0","0","2","36506","0","","4","02","N","N","1","","0","0","0","0","0","Y","1503","0","2","0","0","0","0","0","1","0","2","N","","","","","","","","","","","","10","  ","","",""
"1442","0","0","0","0","0","0","0","0","0","0","0","","36","12","2017","2017130457","7","40.163","-76.5812","1434","08","0","0","0","0","0","0","0","0","","0","0","0","14","1","2","00","0","40 09:45.983","","00","76 34:51.024","3","0","0","0","36225","0","0","0","N","0","0","0","3","36505","0","","4","07","N","N","0","","2","0","1","0","0","","1430","2","1","0","0","0","0","0","2","0","1","N","","","","","","","","","","","","10","  ","","",""
"1755","0","0","0","0","0","0","0","0","0","7","0","","36","12","2017","2017130517","7","40.2161","-76.2101","1748","08","0","0","0","0","0","0","0","0","2","0","0","0","17","2","0","00","1","40 12:58.000","2","00","76 12:36.400","0","0","0","0","36204","0","0","0","N","0","0","0","2","36506","0","","4","02","N","N","1","","0","0","0","0","0","N","1748","0","1","0","0","0","0","0","1","0","1","N","","","","","","","","","","","","10","  ","","",""
"1922","1","0","0","0","0","0","0","0","0","7","0","","36","12","2017","2017130518","7","40.1793","-76.3595","1914","08","0","0","0","0","0","1","0","0","2","0","0","0","19","3","0","00","1","40 10:45.416","3","00","76 21:34.230","0","0","0","0","36227","0","0","0","N","0","0","0","1","36506","0","","4","06","N","N","0","","0","0","0","0","0","Y","1914","0","1","0","0","0","0","0","1","0","1","N","","","","","","","","","","","","10","  ","","",""
"0942","1","0","0","0","0","0","0","0","0","5","1","","36","12","2017","2017130533","2","40.0644","-76.3379","0931","08","0","0","0","0","0","1","0","0","","0","1","0","08","1","0","00","0","40 03:51.834","","00","76 20:16.483","0","0","0","0","36301","0","0","0","N","0","0","0","2","36301","0","","1","01","N","N","0","","0","0","0","0","0","","0836","0","2","0","0","0","0","0","3","0","2","N","","","","","","","","","","","","03","  ","","",""
"1317","1","0","0","0","0","0","0","0","0","1","1","","36","12","2017","2017130561","2","40.1183","-76.0479","1313","08","0","0","1","0","0","0","0","0","","0","1","0","13","1","0","01","0","40 07:05.968","","00","76 02:52.589","9","0","0","0","36213","0","0","0","N","0","0","0","2","36213","0","","1","01","N","N","0","","0","0","0","0","0","","1313","0","2","0","0","0","0","1","1","0","2","N","","","","","","","","","","","","03","  ","","",""
"1540","2","0","0","0","0","0","0","0","0","4","0","","36","12","2017","2017130575","2","40.0312","-76.3027","1532","08","0","0","0","0","1","0","0","0","","0","0","0","15","1","1","02","0","40 01:52.392","","00","76 18:09.619","4","0","0","0","36301","0","0","0","N","0","0","0","3","36301","1","","1","01","N","N","0","","0","0","0","3","3","","1523","1","2","0","0","0","0","0","3","0","2","N","","","","","","","","","","","","03","  ","","",""
"1335","1","0","0","0","0","0","0","0","0","1","0","","36","12","2017","2017130987","1","40.0385","-76.4739","1326","08","0","0","0","0","0","0","0","0","2","0","0","0","13","1","1","00","1","40 02:18.549","4","00","76 28:26.216","4","0","0","0","36239","0","0","0","Y","0","0","0","6","36239","1","","1","01","N","N","0","","0","0","2","0","0","N","1324","1","3","0","0","1","0","0","3","0","3","N","","","","","","","","","","","","03","  ","","",""
"1922","1","0","0","0","0","0","0","0","0","4","0","","36","12","2017","2017131000","2","39.974","-76.2745","1913","08","0","0","0","0","0","1","0","0","2","0","0","0","19","3","2","01","1","39 58:27.591","1","00","76 16:28.567","8","0","0","0","36240","0","0","0","N","0","0","0","2","36240","0","","1","01","N","N","0","","0","0","1","3","3","N","1911","2","2","0","0","0","2","0","1","0","2","N","","","","","","","","","","","","03","  ","","",""
"1203","1","0","0","0","0","0","0","0","0","4","0","","36","12","2017","2017131002","4","40.1301","-76.2181","1159","08","0","0","0","0","0","1","0","0","2","0","0","0","11","1","1","00","1","40 07:48.480","5","00","76 13:05.282","4","0","0","0","36238","0","0","0","N","0","0","0","5","36238","1","","1","01","N","N","1","","0","0","0","3","8","N","1159","1","2","0","0","0","0","0","3","0","2","N","","","","","","","","","","","","03","  ","","",""
"1713","1","0","0","0","0","0","0","0","0","7","0","","36","12","2017","2017131045","6","39.8887","-76.1382","1641","08","0","0","0","0","0","0","0","0","","0","0","0","16","2","1","00","0","39 53:19.269","","00","76 08:17.679","3","0","0","0","36216","0","0","0","N","0","0","0","1","68J01","0","","4","01","N","N","0","","1","0","0","0","0","","1639","1","1","0","0","0","0","0","1","0","1","N","","","","","","","","","","","","03","  ","","",""
"2119","2","0","0","0","0","0","0","0","0","4","0","","36","12","2017","2017131050","4","40.0387","-76.1577","2112","08","0","0","0","0","0","0","0","0","2","0","0","0","21","2","3","02","2","40 02:19.247","6","00","76 09:27.771","3","0","0","0","36221","0","0","0","N","0","0","0","3","68J01","0","","1","01","N","N","0","","3","0","0","3","3","Y","2110","3","2","0","0","0","0","0","1","0","2","N","","","","","","","","","","","","03","  ","","",""