"ARRIVAL_TM","AUTOMOBILE_COUNT","BELTED_DEATH_COUNT","BELTED_SUSP_SERIOUS_INJ_COUNT","BICYCLE_COUNT","BICYCLE_DEATH_COUNT","BICYCLE_SUSP_SERIOUS_INJ_COUNT","BUS_COUNT","CHLDPAS_DEATH_COUNT","CHLDPAS_SUSP_SERIOUS_INJ_COUNT","COLLISION_TYPE","COMM_VEH_COUNT","CONS_ZONE_SPD_LIM","COUNTY","CRASH_MONTH","CRASH_YEAR","CRN","DAY_OF_WEEK","DEC_LAT","DEC_LONG","DISPATCH_TM","DISTRICT","DRIVER_COUNT_16YR","DRIVER_COUNT_17YR","DRIVER_COUNT_18YR","DRIVER_COUNT_19YR","DRIVER_COUNT_20YR","DRIVER_COUNT_50_64YR","DRIVER_COUNT_65_74YR","DRIVER_COUNT_75PLUS","EST_HRS_CLOSED","FATAL_COUNT","HEAVY_TRUCK_COUNT","HORSE_BUGGY_COUNT","HOUR_OF_DAY","ILLUMINATION","INJURY_COUNT","INTERSECT_TYPE","LANE_CLOSED","LATITUDE","LN_CLOSE_DIR","LOCATION_TYPE","LONGITUDE","MAX_SEVERITY_LEVEL","MCYCLE_DEATH_COUNT","MCYCLE_SUSP_SERIOUS_INJ_COUNT","MOTORCYCLE_COUNT","MUNICIPALITY","NONMOTR_COUNT","NONMOTR_DEATH_COUNT","NONMOTR_SUSP_SERIOUS_INJ_COUNT","NTFY_HIWY_MAINT","PED_COUNT","PED_DEATH_COUNT","PED_SUSP_SERIOUS_INJ_COUNT","PERSON_COUNT","POLICE_AGCY","POSSIBLE_INJ_COUNT","RDWY_SURF_TYPE_CD","RELATION_TO_ROAD","ROAD_CONDITION","SCH_BUS_IND","SCH_ZONE_IND","SMALL_TRUCK_COUNT","SPEC_JURIS_CD","SUSP_MINOR_INJ_COUNT","SUSP_SERIOUS_INJ_COUNT","SUV_COUNT","TCD_FUNC_CD","TCD_TYPE","TFC_DETOUR_IND","TIME_OF_DAY","TOT_INJ_COUNT","TOTAL_UNITS","UNB_DEATH_COUNT","UNB_SUSP_SERIOUS_INJ_COUNT","UNBELTED_OCC_COUNT","UNK_INJ_DEG_COUNT","UNK_INJ_PER_COUNT","URBAN_RURAL","VAN_COUNT","VEHICLE_COUNT","WORK_ZONE_IND","WORK_ZONE_LOC","WORK_ZONE_TYPE","WORKERS_PRES","WZ_CLOSE_DETOUR","WZ_FLAGGER","WZ_LAW_OFFCR_IND","WZ_LN_CLOSURE","WZ_MOVING","WZ_OTHER","WZ_SHLDER_MDN","ROADWAY_CLEARED","WEATHER1","WEATHER2","WZ_WORKERS_INJ_KILLED","SECONDARY_CRASH","INTERSECTION_RELATED"
"1649","2","0","0","0","0","0","0","0","0","4","0","","36","12","2017","2017131057","7","39.8796","-76.1575","1645","08","0","0","0","0","0","0","0","0","","0","0","0","16","1","0","00","0","39 52:46.544","","00","76 09:26.850","0","0","0","0","36212","0","0","0","","0","0","0","3","68J01","0","","1","09","N","N","0","","0","0","0","0","0","","1606","0","2","0","0","0","0","0","1","0","2","N","","","","","","","","","","","","10","  ","","",""
"1959","1","0","0","0","0","0","0","0","0","4","0","","36","12","2017","2017131058","7","39.9608","-76.1015","1935","08","0","0","0","0","0","1","0","0","","0","0","0","19","2","0","00","0","39 57:39.003","","00","76 06:05.229","0","0","0","0","36226","0","0","0","","0","0","0","5","68J01","0","","1","07","N","N","0","","0","0","1","0","0","","1933","0","2","0","0","0","0","0","1","0","2","N","","","","","","","","","","","","10","  ","","",""
"0220","1","0","0","0","0","0","0","0","0","7","0","","36","11","2017","2017131078","3","40.0402","-76.2363","0220","08","0","0","0","0","0","0","0","0","","0","0","0","02","2","3","02","0","40 02:24.556","","07","76 14:10.733","3","0","0","0","36215","0","0","0","","0","0","0","3","36215","1","","4","01","N","N","0","","2","0","0","3","2","","0220","3","1","0","0","1","0","0","1","0","1","N","","","","","","","","","","","","03","  ","","",""
"1831","0","0","0","0","0","0","0","0","0","7","0","","36","11","2017","2017131121","4","40.0094","-76.1266","1819","08","0","0","0","0","0","0","0","0","2","0","0","0","18","2","1","00","1","40 00:33.717","3","00","76 07:35.651","3","0","0","0","36226","0","0","0","","0","0","0","1","68J01","0","","2","01","N","N","1","","1","0","0","0","0","N","1815","1","1","0","0","0","0","0","1","0","1","N","","","","","","","","","","","","03","  ","","",""
"1735","2","0","0","0","0","0","0","0","0","1","0","","36","12","2017","2017131145","5","40.0043","-76.1857","1733","08","0","0","0","0","0","0","0","0","1","0","0","0","17","2","1","00","1","40 00:15.376","1","00","76 11:08.530","3","0","0","0","36233","0","0","0","","0","0","0","2","68J01","0","","1","01","N","N","0","","1","0","0","0","0","N","1731","1","2","0","0","0","0","0","1","0","2","N","","","","","","","","","","","","03","  ","","",""
"1653","0","0","0","0","0","0","0","0","0","4","0","","36","12","2017","2017131149","6","40.0342","-76.0013","1651","08","0","0","0","0","0","1","1","0","","0","0","0","16","2","1","01","0","40 02:02.942","","00","76 00:04.667","3","0","0","0","36232","0","0","0","","0","0","0","4","68J01","0","","1","01","N","N","1","","1","0","0","3","3","","1648","1","2","0","0","0","0","0","1","1","2","N","","","","","","","","","","","","03","  ","","",""
"1755","1","0","0","0","0","0","0","0","0","7","0","","36","12","2017","2017131154","7","39.9782","-76.095","1712","08","0","0","0","0","0","0","0","0","3","0","0","0","17","2","0","00","2","39 58:41.655","5","00","76 05:42.058","0","0","0","0","36226","0","0","0","N","0","0","0","2","68J01","0","","4","02","N","N","0","","0","0","0","0","0","Y","1704","0","1","0","0","0","0","0","1","0","1","N","","","","","","","","","","","","10","  ","","",""
"1823","0","0","0","0","0","0","0","0","0","7","0","","36","12","2017","2017131155","7","39.8843","-76.3261","1807","08","0","0","0","0","0","0","0","0","","0","0","0","18","2","0","00","0","39 53:03.556","","00","76 19:33.832","0","0","0","0","36224","0","0","0","N","0","0","0","1","68J01","0","","4","06","N","N","1","","0","0","0","0","0","","1801","0","1","0","0","0","0","0","1","0","1","N","","","","","","","","","","","","10","  ","","",""
"0134","1","0","0","0","0","0","0","0","0","7","0","","36","12","2017","2017131156","1","40.1888","-76.08","0108","08","0","0","0","0","0","0","0","0","","0","0","0","00","2","0","00","0","40 11:19.670","","00","76 04:48.090","0","0","0","0","36202","0","0","0","N","0","0","0","1","68J01","0","","4","07","N","N","0","","0","0","0","0","0","","0049","0","1","0","0","0","0","0","1","0","1","N","","","","","","","","","","","","10","  ","","",""
"1327","3","0","0","0","0","0","0","0","0","4","0","","36","12","2017","2017131264","1","40.0343","-76.4608","1324","08","0","0","0","0","0","1","0","0","1","0","0","0","13","1","2","00","2","40 02:03.633","4","07","76 27:38.957","3","0","0","0","36239","0","0","0","N","0","0","0","4","36239","0","","1","01","N","N","0","","2","0","0","0","0","N","1322","2","3","0","0","0","0","0","3","0","3","N","","","","","","","","","","","","03","  ","","",""
"1005","1","0","0","0","0","0","0","0","0","1","1","","36","12","2017","2017131273","3","40.1397","-76.5892","0954","08","0","0","0","0","0","0","0","0","1","0","1","0","09","1","0","01","1","40 08:22.840","1","00","76 35:21.156","0","0","0","0","36237","0","0","0","N","0","0","0","4","36505","0","","1","01","N","N","0","","0","0","0","3","2","N","0954","0","2","0","0","0","0","0","1","0","2","N","","","","","","","","","","","","03","  ","","",""
"1752","2","0","0","0","0","0","0","0","0","1","0","","36","12","2017","2017131359","3","40.0385","-76.3563","1748","08","0","0","0","0","0","0","0","0","1","0","0","0","17","3","0","00","2","40 02:18.652","4","00","76 21:22.614","0","0","0","0","36214","0","0","0","N","0","0","0","2","36214","0","","1","01","N","N","0","","0","0","0","0","0","Y","1746","0","2","0","0","1","0","0","3","0","2","N","","","","","","","","","","","","03","  ","","",""
"2235","1","0","0","0","0","0","0","0","0","4","0","","36","12","2017","2017131368","2","40.0695","-76.3076","2230","08","0","0","0","0","0","0","0","0","2","0","0","0","22","3","0","01","1","40 04:10.082","1","00","76 18:27.453","9","0","0","0","36101","0","0","0","N","0","0","0","2","36101","0","","1","01","N","N","1","","0","0","0","3","2","N","2225","0","2","0","0","0","0","1","3","0","2","N","","","","","","","","","","","","03","  ","","",""
"0047","0","0","0","0","0","0","0","0","0","7","1","","36","12","2017","2017131485","3","40.1732","-76.1453","0042","08","0","0","0","0","0","0","0","0","3","0","1","0","00","2","1","00","1","40 10:23.689","1","00","76 08:43.193","4","0","0","0","36218","0","0","0","Y","0","0","0","1","36408","1","","2","01","N","N","0","","0","0","0","0","0","N","0030","1","1","0","0","1","0","0","1","0","1","N","","","","","","","","","","","","03","  ","","",""
"1146","1","0","0","0","0","0","0","0","0","1","0","","36","12","2017","2017131619","2","40.0662","-76.3048","1141","08","0","0","0","0","0","0","0","0","","0","0","0","11","1","2","00","0","40 03:58.374","","00","76 18:17.171","3","0","0","0","36101","0","0","0","N","0","0","0","6","36101","1","","1","01","N","N","0","","1","0","1","0","0","","1137","2","2","0","0","1","0","0","3","0","2","N","","","","","","","","","","","","03","  ","","",""
"1520","1","0","0","0","0","0","0","0","0","7","0","","36","12","2017","2017131702","7","40.0297","-76.3052","1514","08","0","0","0","0","0","0","0","0","","0","0","0","15","1","0","01","0","40 01:46.793","","00","76 18:18.770","9","0","0","0","36301","0","0","0","N","0","0","0","1","36301","0","","5","01","N","N","0","","0","0","0","0","0","","1514","0","1","0","0","0","0","1","3","0","1","N","","","","","","","","","","","","03","  ","","",""
"1508","0","0","0","0","0","0","0","0","0","4","0","","36","12","2017","2017131703","1","40.1554","-76.2057","1508","08","0","0","0","0","0","1","0","0","1","0","0","0","15","1","0","01","1","40 09:27.125","4","00","76 12:17.082","0","0","0","0","36402","0","0","0","N","0","0","0","8","36402","0","","1","01","N","N","1","","0","0","2","3","2","N","1505","0","3","0","0","0","0","0","2","0","3","N","","","","","","","","","","","","03","  ","","",""
"1725","0","0","0","0","0","0","0","0","0","1","0","","36","12","2017","2017131704","4","40.1654","-76.6079","1716","08","0","0","0","0","0","0","0","0","2","0","0","0","17","3","0","01","2","40 09:55.113","1","00","76 36:28.537","0","0","0","0","36225","0","0","0","N","0","0","0","3","36505","0","","1","01","N","N","0","","0","0","2","3","2","Y","1711","0","3","0","0","0","0","0","2","1","3","N","","","","","","","","","","","","03","  ","","",""
"1520","2","0","0","0","0","0","0","0","0","4","0","","36","12","2017","2017131833","4","40.1604","-76.3025","1518","08","0","0","0","0","0","1","0","0","","0","0","0","15","1","1","01","0","40 09:37.515","","00","76 18:08.888","4","0","0","0","36409","0","0","0","N","0","0","0","2","36409","1","","1","01","N","N","0","","0","0","0","3","3","","1516","1","2","0","0","0","0","0","3","0","2","N","","","","","","","","","","","","03","  ","","",""
"0259","1","0","0","0","0","0","0","0","0","7","0","","36","12","2017","2017131870","1","40.1341","-75.8807","0224","08","0","0","0","0","0","0","0","0","1","0","0","0","02","2","0","02","1","40 08:02.835","2","00","75 52:50.527","0","0","0","0","36203","0","0","0","N","0","0","0","1","68J01","0","","4","07","N","N","0","","0","0","0","0","0","N","0222","0","1","0","0","0","0","0","1","0","1","N","","","","","","","","","","","","10","  ","","",""
"1719","1","0","0","0","0","0","0","0","0","4","0","","36","12","2017","2017131889","3","40.0437","-76.3913","1652","08","0","0","0","0","0","1","0","0","","0","0","0","16","3","2","02","0","40 02:37.464","","07","76 23:28.546","4","0","0","0","36214","0","0","0","N","0","0","0","2","36214","2","","1","01","N","N","0","","0","0","1","3","2","","1650","2","2","0","0","0","0","0","3","0","2","N","","","","","","","","","","","","03","  ","","",""
"2243","1","0","0","0","0","0","0","0","0","4","0","","36","12","2017","2017131890","3","40.0384","-76.4024","2238","08","0","0","0","0","0","0","0","0","2","0","0","0","22","3","0","00","1","40 02:18.150","3","00","76 24:08.761","9","0","0","0","36214","0","0","0","","0","0","0","2","36214","0","","1","01","N","N","0","","0","0","0","0","0","N","2237","0","2","0","0","0","0","1","3","0","2","N","","","","","","","","","","","","03","  ","","",""
"1714","1","0","0","0","0","0","0","0","0","7","0","","36","12","2017","2017131991","3","39.9965","-76.2055","1714","08","0","0","0","0","0","0","0","0","","0","0","0","17","2","0","00","0","39 59:47.275","","00","76 12:19.910","0","0","0","0","36240","0","0","0","N","0","0","0","1","36240","0","","4","09","N","N","0","","0","0","0","0","0","","1700","0","1","0","0","0","0","0","1","0","1","N","","","","","","","","","","","","07","  ","","",""
"1733","1","0","0","0","0","0","0","0","0","1","0","","36","12","2017","2017132018","6","40.0531","-76.3919","1728","08","0","0","0","0","0","1","0","1","1","0","0","0","17","2","2","06","1","40 03:11.177","3","02","76 23:30.686","3","0","0","0","36214","0","0","0","Y","0","0","0","3","36214","1","","1","01","N","N","0","","1","0","1","3","4","N","1725","2","2","0","0","0","0","0","3","0","2","N","","","","","","","","","","","","03","  ","","",""
"2036","3","0","0","0","0","0","0","0","0","1","0","","36","12","2017","2017132024","4","40.1095","-76.5091","2034","08","0","0","0","0","0","0","0","0","2","0","0","0","20","3","0","00","2","40 06:34.186","6","00","76 30:32.649","0","0","0","0","36413","0","0","0","N","0","0","0","1","36413","0","","2","01","N","N","0","","0","0","0","0","0","Y","2032","0","3","0","0","0","0","0","2","0","3","N","","","","","","","","","","","","03","  ","","",""
"1445","0","0","0","0","0","0","0","0","0","7","0","","36","12","2017","2017132033","7","40.0794","-76.3844","1437","08","0","0","0","0","0","0","0","0","2","0","0","0","14","1","0","00","1","40 04:46.000","1","00","76 23:03.900","0","0","0","0","36214","0","0","0","N","0","0","0","2","36214","0","","4","07","N","N","0","","0","0","1","0","0","N","1437","0","1","0","0","0","0","0","3","0","1","N","","","","","","","","","","","","10","  ","","",""
"2140","1","0","0","0","0","0","0","0","0","7","0","","36","12","2017","2017132037","7","40.0611","-76.3562","2137","08","0","1","0","0","0","0","0","0","1","0","0","0","21","2","0","00","1","40 03:39.943","4","00","76 21:22.277","0","0","0","0","36214","0","0","0","N","0","0","0","1","36214","0","","3","07","N","N","0","","0","0","0","0","0","N","2137","0","1","0","0","0","0","0","3","0","1","N","","","","","","","","","","","","10","  ","","",""
"2253","0","0","0","0","0","0","0","0","0","7","0","","36","12","2017","2017132041","4","40.2157","-76.1823","2238","08","0","0","1","0","0","0","0","0","","0","0","0","22","3","0","00","0","40 12:56.486","","00","76 10:56.363","0","0","0","0","36236","0","0","0","N","0","0","0","1","36408","0","","4","07","N","N","1","","0","0","0","0","0","","2236","0","1","0","0","0","0","0","1","0","1","N","","","","","","","","","","","","10","  ","","",""
"2216","0","0","0","0","0","0","0","0","0","7","0","","36","12","2017","2017132058","4","40.0655","-76.3742","2208","08","0","0","0","0","0","0","0","0","2","0","0","0","22","2","0","00","2","40 03:55.638","6","00","76 22:27.196","0","0","0","0","36214","0","0","0","N","0","0","0","2","36214","0","","2","07","N","N","1","","0","0","0","0","0","Y","2205","0","1","0","0","0","0","0","3","0","1","N","","","","","","","","","","","","10","  ","","",""
"2316","1","0","0","0","0","0","0","0","0","7","0","","36","12","2017","2017132068","4","39.9901","-76.2399","2316","08","0","0","0","1","0","0","0","0","","0","0","0","23","3","0","02","0","39 59:24.433","","00","76 14:23.626","0","0","0","0","36240","0","0","0","N","0","0","0","1","36240","0","","5","06","N","N","0","","0","0","0","3","2","","2312","0","1","0","0","0","0","0","1","0","1","N","","","","","","","","","","","","03","  ","","",""
"2311","0","0","0","0","0","0","0","0","0","7","0","","36","12","2017","2017132092","4","40.1387","-76.587","2301","08","0","1","0","0","0","0","0","0","","0","0","0","23","3","0","00","0","40 08:19.490","","00","76 35:13.216","0","0","0","0","36225","0","0","0","N","0","0","0","1","36505","0","","4","07","N","N","0","","0","0","1","0","0","","2300","0","1","0","0","0","0","0","2","0","1","N","","","","","","","","","","","","10","  ","","",""
"1256","1","0","0","0","0","0","0","0","0","7","0","","36","12","2017","2017132142","3","40.0856","-76.3071","1256","08","0","0","0","0","0","1","0","0","2","0","0","0","12","1","1","00","1","40 05:08.171","5","00","76 18:25.389","4","0","0","0","36101","0","0","0","","0","0","0","1","36101","1","","4","01","N","N","0","","0","0","0","0","0","N","1253","1","1","0","0","0","0","0","3","0","1","N","","","","","","","","","","","","03","  ","","",""
"1529","1","0","0","0","0","0","0","0","0","4","0","","36","12","2017","2017132143","3","40.0695","-76.3076","1524","08","0","0","0","0","0","2","0","0","2","0","0","0","15","1","4","01","1","40 04:10.226","2","00","76 18:28.241","4","0","0","0","36101","0","0","0","","0","0","0","5","36101","4","","1","01","N","N","0","","0","0","2","3","2","N","1522","4","3","0","0","0","0","0","3","0","3","N","","","","","","","","","","","","03","  ","","",""
"1709","2","0","0","0","0","0","0","0","0","4","0","","36","12","2017","2017132144","3","40.0756","-76.3233","1657","08","0","0","0","0","1","0","0","0","1","0","0","0","16","3","0","02","1","40 04:32.248","3","00","76 19:23.805","0","0","0","0","36101","0","0","0","","0","0","0","2","36101","0","","1","09","N","N","0","","0","0","0","0","0","N","1640","0","2","0","0","0","0","0","3","0","2","N","","","","","","","","","","","","07","  ","","",""
"1817","1","0","0","0","0","0","0","0","0","1","0","","36","12","2017","2017132145","3","40.0708","-76.2928","1811","08","0","0","1","0","0","0","0","0","","0","0","0","18","3","0","02","0","40 04:14.919","","00","76 17:34.054","0","0","0","0","36101","0","0","0","N","0","0","0","3","36101","0","","1","09","N","N","1","","0","0","0","0","0","","1800","0","2","0","0","0","0","0","3","0","2","N","","","","","","","","","","","","07","  ","","",""
"1608","1","0","0","0","0","0","0","0","0","4","0","","36","12","2017","2017132146","4","40.0756","-76.3233","1607","08","0","0","0","0","0","1","0","0","","0","0","0","16","4","0","02","0","40 04:32.248","","00","76 19:23.805","0","0","0","0","36101","0","0","0","N","0","0","0","2","36101","0","","1","01","N","N","1","","0","0","0","3","3","","1605","0","2","0","0","0","0","0","3","0","2","N","","","","","","","","","","","","03","  ","","",""
"1714","1","0","0","0","0","0","0","0","0","4","0","","36","06","2017","2017132147","5","40.2203","-76.4404","1712","08","0","0","0","0","0","0","0","0","2","0","0","0","17","1","2","01","2","40 13:12.958","6","00","76 26:25.539","4","0","0","0","36230","0","0","0","","0","0","0","6","36410","1","","1","01","N","N","0","","0","0","0","3","3","Y","1708","2","2","0","0","1","1","0","1","1","2","N","","","","","","","","","","","","03","  ","","",""
"0351","1","0","0","0","0","0","0","0","0","7","0","","36","11","2017","2017132148","2","40.2137","-76.43","0327","08","0","0","0","0","0","0","0","0","2","0","0","0","03","2","0","00","1","40 12:49.272","5","00","76 25:47.945","0","0","0","0","36230","0","0","0","N","0","0","0","1","36410","0","","4","09","N","N","0","","0","0","0","0","0","N","0327","0","1","0","0","0","0","0","1","0","1","N","","","","","","","","","","","","03","  ","","",""
"0751","2","0","0","0","0","0","0","0","0","7","0","","36","11","2017","2017132149","2","40.1283","-76.4522","0744","08","0","0","0","1","0","0","0","0","","0","0","0","07","1","0","01","0","40 07:41.886","","00","76 27:07.849","0","0","0","0","36230","0","0","0","N","0","0","0","2","36410","0","","2","09","N","N","0","","0","0","0","3","2","","0744","0","2","0","0","0","0","0","1","0","2","N","","","","","","","","","","","","07","  ","","",""
"1556","0","0","0","0","0","0","0","0","0","0","0","","36","11","2017","2017132150","6","40.1233","-76.4664","1551","08","0","0","0","0","0","0","0","0","","0","1","0","15","1","0","07","0","40 07:20.974","","00","76 27:53.218","0","0","0","0","36230","0","0","0","N","0","0","0","1","36410","0","","5","01","N","N","0","","0","0","0","0","0","","1551","0","1","0","0","0","0","0","1","0","1","N","","","","","","","","","","","","03","  ","","",""
"0752","1","0","0","0","0","0","0","0","0","1","0","","36","11","2017","2017132151","3","40.1124","-76.4452","0732","08","0","0","0","1","0","0","0","0","","0","0","0","07","1","0","00","0","40 06:44.708","","00","76 26:42.716","0","0","0","0","36230","0","0","0","N","0","0","0","4","36410","0","","1","01","N","N","0","","0","0","1","0","0","","0732","0","2","0","0","0","0","0","1","0","2","N","","","","","","","","","","","","03","  ","","",""
"0024","0","0","0","0","0","0","0","0","0","7","0","","36","12","2017","2017132152","7","40.1607","-76.3947","0022","08","0","0","0","0","0","0","0","0","2","0","0","0","00","3","0","01","2","40 09:38.692","6","00","76 23:40.804","0","0","0","0","36410","0","0","0","N","0","0","0","1","36410","0","","4","01","N","N","0","","0","0","4","3","3","Y","0020","0","4","0","0","0","0","0","2","0","4","N","","","","","","","","","","","","03","  ","","",""
"0855","1","0","0","0","0","0","0","0","0","9","0","","36","12","2017","2017132153","7","40.233","-76.4343","0845","08","0","0","0","0","0","0","0","0","2","0","0","0","08","1","0","00","1","40 13:58.938","1","00","76 26:03.468","0","0","0","0","36230","0","0","0","N","0","0","0","4","36410","0","","1","01","N","N","0","","0","0","0","0","0","N","0842","0","1","0","0","0","0","0","1","0","1","N","","","","","","","","","","","","03","  ","","",""
"1754","0","0","0","0","0","0","0","0","0","4","0","","36","12","2017","2017132154","4","40.1113","-76.4552","1745","08","0","0","0","0","0","0","1","0","1","0","0","0","17","2","0","01","1","40 06:40.786","6","00","76 27:19.572","0","0","0","0","36230","0","0","0","N","0","0","0","2","36410","0","","1","01","N","N","1","","0","0","1","3","3","N","1745","0","2","0","0","0","0","0","1","0","2","N","","","","","","","","","","","","03","  ","","",""
"0912","2","0","0","0","0","0","0","0","0","4","0","","36","12","2017","2017132155","2","40.1969","-76.4871","0902","08","0","0","0","0","0","0","1","0","","0","0","0","08","1","0","01","0","40 11:49.015","","00","76 29:13.553","0","0","0","0","36230","0","0","0","N","0","0","0","2","36410","0","","1","01","N","N","0","","0","0","0","3","3","","0841","0","2","0","0","0","0","0","1","0","2","N","","","","","","","","","","","","03","  ","","",""
"1048","1","0","0","0","0","0","0","0","0","1","0","","36","12","2017","2017132220","3","40.0488","-76.3077","1043","08","0","0","0","0","0","1","0","0","","0","0","0","10","1","1","01","0","40 02:55.795","","00","76 18:27.890","4","0","0","0","36301","0","0","0","N","0","0","0","2","36301","1","","1","01","N","N","1","","0","0","0","0","0","","1038","1","2","0","0","0","0","0","3","0","2","N","","","","","","","","","","","","03","  ","","",""
"0705","1","0","0","0","0","0","0","0","0","7","0","","36","12","2017","2017132223","5","40.216","-76.0813","0658","08","0","0","0","0","0","0","0","0","","0","0","0","06","1","0","00","0","40 12:57.700","","00","76 04:52.500","0","0","0","0","36210","0","0","0","N","0","0","0","1","36210","0","","2","02","N","N","0","","0","0","0","0","0","","0656","0","1","0","0","0","0","0","1","0","1","N","","","","","","","","","","","","03","  ","","",""
"1054","1","0","0","0","0","0","0","0","0","4","0","","36","12","2017","2017132272","7","40.2203","-76.4404","1041","08","0","0","0","0","0","0","1","0","","0","0","0","10","1","0","01","0","40 13:12.958","","00","76 26:25.539","0","0","0","0","36230","0","0","0","N","0","0","0","3","36410","0","","1","09","N","N","1","","0","0","0","3","3","","1041","0","2","0","0","0","0","0","1","0","2","N","","","","","","","","","","","","07","  ","","",""
"1525","0","0","0","0","0","0","0","0","0","0","0","","36","12","2017","2017132302","3","40.0677","-76.0689","1520","08","0","1","0","0","0","0","0","0","2","0","0","0","15","1","0","00","2","40 04:03.776","5","00","76 04:07.989","0","0","0","0","36209","0","0","0","N","0","0","0","1","36415","0","","1","02","N","N","1","","0","0","0","0","0","Y","1520","0","1","0","0","0","0","0","1","0","1","N","","","","","","","","","","","","03","  ","","",""
"1215","0","0","0","0","0","0","0","0","0","7","1","","36","12","2017","2017132313","3","40.0771","-76.0742","1206","08","0","0","0","0","0","0","0","0","3","0","1","0","12","1","0","00","2","40 04:37.553","5","00","76 04:27.122","0","0","0","0","36209","0","0","0","N","0","0","0","1","36415","0","","4","02","N","N","0","","0","0","0","0","0","Y","1206","0","1","0","0","0","0","0","1","0","1","N","","","","","","","","","","","","03","  ","","",""
"1412","2","0","0","0","0","0","0","0","0","1","0","","36","12","2017","2017132319","2","40.14","-76.1043","1405","08","0","0","0","0","0","0","1","0","1","0","0","0","14","1","1","00","1","40 08:24.101","3","00","76 06:15.473","4","0","0","0","36209","0","0","0","N","0","0","0","2","36415","1","","1","01","N","N","0","","0","0","0","0","0","Y","1402","1","2","0","0","0","0","0","1","0","2","N","","","","","","","","","","","","03","  ","","",""
"1245","2","0","0","0","0","0","0","0","0","1","0","","36","12","2017","2017132324","7","40.1098","-76.4798","1244","08","0","0","0","0","0","0","1","0","1","0","0","0","12","1","1","02","1","40 06:35.270","4","00","76 28:47.275","8","0","0","0","36230","0","0","0","N","0","0","0","5","36410","0","","1","09","N","N","0","","0","0","0","3","2","N","1244","1","2","0","0","0","1","0","1","0","2","N","","","","","","","","","","","","07","  ","","",""
"1247","2","0","0","0","0","0","0","0","0","1","0","","36","12","2017","2017132335","5","40.0921","-76.1225","1239","08","0","0","0","0","0","1","1","0","1","0","0","0","12","1","0","00","1","40 05:31.391","6","00","76 07:21.000","0","0","0","0","36209","0","0","0","N","0","0","0","2","36415","0","","1","01","N","N","0","","0","0","0","0","0","Y","1235","0","2","0","0","0","0","0","1","0","2","N","","","","","","","","","","","","03","  ","","",""
"1821","1","0","0","0","0","0","0","0","0","1","0","","36","12","2017","2017132371","7","40.0614","-76.391","1801","08","0","0","0","0","0","0","0","0","2","0","0","0","18","2","0","02","1","40 03:41.029","5","00","76 23:27.758","0","0","0","0","36214","0","0","0","N","0","0","0","1","36214","0","","1","07","N","N","0","","0","0","1","0","0","Y","1800","0","2","0","0","0","0","0","3","0","2","N","","","","","","","","","","","","10","  ","","",""
"0723","0","0","0","0","0","0","0","0","0","4","1","","36","12","2017","2017132387","5","40.185","-76.3091","0713","08","0","0","0","0","0","1","0","0","1","0","1","0","07","1","0","02","1","40 11:05.929","5","00","76 18:32.760","0","0","0","0","36235","0","0","0","N","0","0","0","3","36506","0","","1","06","N","N","1","","0","0","1","0","0","N","0713","0","3","0","0","0","0","0","1","0","3","N","","","","","","","","","","","","03","  ","","",""
"1503","2","0","0","0","0","0","0","0","0","2","0","","36","11","2017","2017132421","4","40.0568","-76.2909","1456","08","0","0","0","0","0","0","1","0","1","0","0","0","14","1","1","00","1","40 03:24.310","4","00","76 17:27.110","8","0","0","0","36101","0","0","0","N","0","0","0","2","36101","0","","2","01","N","N","0","","0","0","0","0","0","N","1439","1","2","0","0","0","1","0","3","0","2","N","","","","","","","","","","","","03","  ","","",""
"0242","1","0","0","0","0","0","0","0","0","7","0","","36","12","2017","2017132422","4","40.0931","-76.3037","0238","08","0","0","0","0","0","0","0","0","2","0","0","0","02","3","1","00","2","40 05:35.092","5","00","76 18:13.496","4","0","0","0","36101","0","0","0","","0","0","0","1","36101","1","","4","09","N","N","0","","0","0","0","0","0","N","0237","1","1","0","0","0","0","0","3","0","1","N","","","","","","","","","","","","07","  ","","",""
"2321","2","0","0","0","0","0","0","0","0","1","0","","36","12","2017","2017132423","4","40.0414","-76.3874","2318","08","0","0","0","0","0","0","0","0","","0","0","0","23","3","1","00","0","40 02:28.928","","00","76 23:14.554","4","0","0","0","36223","0","0","0","N","0","0","0","2","36223","1","","1","01","N","N","0","","0","0","0","3","2","","2316","1","2","0","0","0","0","0","1","0","2","N","","","","","","","","","","","","03","  ","","",""
"0553","1","0","0","0","0","0","0","0","0","7","0","","36","12","2017","2017132426","5","40.2525","-76.123","0550","08","0","0","0","0","0","0","0","0","","0","0","0","05","2","0","00","0","40 15:08.848","","00","76 07:22.718","0","0","0","0","36210","0","0","0","N","0","0","0","1","36210","0","","5","07","N","N","0","","0","0","0","0","0","","0535","0","1","0","0","0","0","0","1","0","1","N","","","","","","","","","","","","10","  ","","",""
"1712","3","0","0","0","0","0","0","0","0","1","0","","36","12","2017","2017132427","5","40.162","-76.3078","1711","08","0","0","0","0","0","0","0","0","1","0","0","0","17","3","1","00","2","40 09:43.071","5","00","76 18:28.247","4","0","0","0","36409","0","0","0","N","0","0","0","3","36409","1","","1","01","N","N","0","","0","0","0","0","0","Y","1710","1","3","0","0","0","0","0","3","0","3","N","","","","","","","","","","","","03","  ","","",""