"ARRIVAL_TM","AUTOMOBILE_COUNT","BELTED_DEATH_COUNT","BELTED_SUSP_SERIOUS_INJ_COUNT","BICYCLE_COUNT","BICYCLE_DEATH_COUNT","BICYCLE_SUSP_SERIOUS_INJ_COUNT","BUS_COUNT","CHLDPAS_DEATH_COUNT","CHLDPAS_SUSP_SERIOUS_INJ_COUNT","COLLISION_TYPE","COMM_VEH_COUNT","CONS_ZONE_SPD_LIM","COUNTY","CRASH_MONTH","CRASH_YEAR","CRN","DAY_OF_WEEK","DEC_LAT","DEC_LONG","DISPATCH_TM","DISTRICT","DRIVER_COUNT_16YR","DRIVER_COUNT_17YR","DRIVER_COUNT_18YR","DRIVER_COUNT_19YR","DRIVER_COUNT_20YR","DRIVER_COUNT_50_64YR","DRIVER_COUNT_65_74YR","DRIVER_COUNT_75PLUS","EST_HRS_CLOSED","FATAL_COUNT","HEAVY_TRUCK_COUNT","HORSE_BUGGY_COUNT","HOUR_OF_DAY","ILLUMINATION","INJURY_COUNT","INTERSECT_TYPE","LANE_CLOSED","LATITUDE","LN_CLOSE_DIR","LOCATION_TYPE","LONGITUDE","MAX_SEVERITY_LEVEL","MCYCLE_DEATH_COUNT","MCYCLE_SUSP_SERIOUS_INJ_COUNT","MOTORCYCLE_COUNT","MUNICIPALITY","NONMOTR_COUNT","NONMOTR_DEATH_COUNT","NONMOTR_SUSP_SERIOUS_INJ_COUNT","NTFY_HIWY_MAINT","PED_COUNT","PED_DEATH_COUNT","PED_SUSP_SERIOUS_INJ_COUNT","PERSON_COUNT","POLICE_AGCY","POSSIBLE_INJ_COUNT","RDWY_SURF_TYPE_CD","RELATION_TO_ROAD","ROAD_CONDITION","SCH_BUS_IND","SCH_ZONE_IND","SMALL_TRUCK_COUNT","SPEC_JURIS_CD","SUSP_MINOR_INJ_COUNT","SUSP_SERIOUS_INJ_COUNT","SUV_COUNT","TCD_FUNC_CD","TCD_TYPE","TFC_DETOUR_IND","TIME_OF_DAY","TOT_INJ_COUNT","TOTAL_UNITS","UNB_DEATH_COUNT","UNB_SUSP_SERIOUS_INJ_COUNT","UNBELTED_OCC_COUNT","UNK_INJ_DEG_COUNT","UNK_INJ_PER_COUNT","URBAN_RURAL","VAN_COUNT","VEHICLE_COUNT","WORK_ZONE_IND","WORK_ZONE_LOC","WORK_ZONE_TYPE","WORKERS_PRES","WZ_CLOSE_DETOUR","WZ_FLAGGER","WZ_LAW_OFFCR_IND","WZ_LN_CLOSURE","WZ_MOVING","WZ_OTHER","WZ_SHLDER_MDN","ROADWAY_CLEARED","WEATHER1","WEATHER2","WZ_WORKERS_INJ_KILLED","SECONDARY_CRASH","INTERSECTION_RELATED"
"0134","1","0","0","0","0","0","0","0","0","7","0","","36","11","2017","2017132446","1","40.0094","-76.1339","0126","08","0","0","0","0","0","0","0","0","2","0","0","0","01","2","0","00","2","40 00:33.664","7","00","76 08:02.111","0","0","0","0","36226","0","0","0","N","0","0","0","1","68J01","0","","4","01","N","N","0","","0","0","0","0","0","Y","0123","0","1","0","0","0","0","0","1","0","1","N","","","","","","","","","","","","03","  ","","",""
"1557","2","0","0","0","0","0","0","0","0","1","0","","36","11","2017","2017132460","1","40.2457","-76.1932","1547","08","0","0","0","0","0","0","0","0","","0","0","0","15","1","0","00","0","40 14:44.317","","00","76 11:33.235","0","0","0","0","36236","0","0","0","","0","0","0","5","68T06","0","","1","01","N","N","0","","0","0","1","0","0","","1546","0","3","0","0","0","0","0","1","0","3","N","","","","","","","","","","","","03","  ","","",""
"1350","1","0","0","0","0","0","0","0","0","5","1","","36","12","2017","2017132503","2","40.229","-76.0532","1337","08","0","0","0","0","0","1","0","0","3","0","1","0","13","1","1","00","1","40 13:44.471","5","00","76 03:11.604","3","0","0","0","36202","0","0","0","","0","0","0","2","68J01","0","","1","01","N","N","0","","1","0","0","0","0","N","1335","1","2","0","0","0","0","0","1","0","2","N","","","","","","","","","","","","03","  ","","",""
"0300","1","0","0","0","0","0","0","0","0","4","1","","36","12","2017","2017132554","7","40.0395","-76.306","0258","08","0","0","0","0","0","0","0","0","2","0","1","0","02","3","0","01","1","40 02:22.325","1","00","76 18:21.503","0","0","0","0","36301","0","0","0","N","0","0","0","2","36301","0","","1","01","N","N","0","","0","0","0","3","2","Y","0256","0","2","0","0","0","0","0","3","0","2","N","","","","","","","","","","","","03","  ","","",""
"2130","1","0","0","0","0","0","0","0","0","9","0","","36","12","2017","2017132569","5","40.0533","-76.3885","2118","08","0","0","0","0","0","0","0","0","","0","0","0","21","2","0","00","0","40 03:11.748","","00","76 23:18.526","0","0","0","0","36214","0","0","0","N","0","0","0","1","36214","0","","1","01","N","N","0","","0","0","0","0","0","","2118","0","1","0","0","0","0","0","3","0","1","N","","","","","","","","","","","","03","  ","","",""
"1815","1","0","0","0","0","0","0","0","0","1","0","","36","12","2017","2017132585","4","40.0807","-76.4593","1811","08","0","0","0","0","0","1","0","0","","0","0","0","18","2","0","02","0","40 04:50.361","","00","76 27:33.435","0","0","0","0","36239","0","0","0","N","0","0","0","2","36239","0","","1","01","N","N","1","","0","0","0","0","0","","1811","0","2","0","0","0","0","0","3","0","2","N","","","","","","","","","","","","03","  ","","",""
"2003","1","0","0","0","0","0","0","0","0","4","0","","36","12","2017","2017132586","4","40.039","-76.5105","2002","08","0","0","0","0","0","0","0","0","1","0","0","0","19","2","1","01","2","40 02:20.317","5","00","76 30:37.949","4","0","0","0","36404","0","0","0","N","0","0","0","2","36404","1","","1","01","N","N","0","","0","0","0","0","0","N","1959","1","2","0","0","1","0","1","3","1","2","N","","","","","","","","","","","","03","  ","","",""
"0510","1","0","0","0","0","0","0","0","0","7","0","","36","12","2017","2017132605","5","40.1664","-76.0086","0501","08","1","0","0","0","0","0","0","0","2","0","0","0","05","2","0","00","1","40 09:59.144","2","00","76 00:30.917","0","0","0","0","36213","0","0","0","Y","0","0","0","1","36213","0","","4","02","N","N","0","","0","0","0","0","0","N","0501","0","1","0","0","0","0","0","1","0","1","N","","","","","","","","","","","","10","  ","","",""
"0034","1","0","0","0","0","0","0","0","0","7","0","","36","12","2017","2017132611","5","40.2087","-76.1098","0029","08","0","0","0","0","0","0","0","0","","0","0","0","00","2","0","00","0","40 12:31.153","","00","76 06:35.381","0","0","0","0","36210","0","0","0","Y","0","0","0","1","36210","0","","5","07","N","N","0","","0","0","0","0","0","","0027","0","1","0","0","0","0","0","1","0","1","N","","","","","","","","","","","","10","  ","","",""
"1916","2","0","0","0","0","0","0","0","0","4","0","","36","12","2017","2017132633","4","40.1665","-76.3186","1911","08","0","0","0","0","0","0","0","0","1","0","0","0","19","3","1","01","1","40 09:59.332","4","00","76 19:06.822","8","0","0","0","36235","0","0","0","N","0","0","0","6","36506","0","","1","01","N","N","0","","0","0","0","3","3","N","1905","1","2","0","0","0","1","0","1","0","2","N","","","","","","","","","","","","03","  ","","",""
"1601","0","0","0","0","0","0","0","0","0","7","0","","36","12","2017","2017132680","2","40.1117","-76.2868","1551","08","0","0","0","0","0","0","0","1","","0","0","0","15","1","0","00","0","40 06:42.048","","07","76 17:12.561","0","0","0","0","36101","0","0","0","N","0","0","0","1","36101","0","","4","01","N","N","0","","0","0","1","0","0","","1540","0","1","0","0","0","0","0","3","0","1","N","","","","","","","","","","","","03","  ","","",""
"1635","1","0","0","0","0","0","0","0","0","7","0","","36","12","2017","2017132681","7","40.0788","-76.1858","1635","08","0","0","0","0","0","0","0","0","1","0","0","0","16","4","0","00","1","40 04:43.744","5","00","76 11:08.921","0","0","0","0","36234","0","0","0","","0","0","0","1","36215","0","","4","07","N","N","0","","0","0","0","0","0","N","1635","0","1","0","0","0","0","0","1","0","1","N","","","","","","","","","","","","10","  ","","",""
"1551","0","0","0","0","0","0","0","0","0","7","0","","36","11","2017","2017132707","7","40.145","-76.2032","1546","08","0","0","0","0","0","1","0","0","","0","0","0","15","1","0","00","0","40 08:41.903","","00","76 12:11.698","0","0","0","0","36238","0","0","0","N","0","0","0","1","36238","0","","5","08","N","N","1","","0","0","0","0","0","","1546","0","1","0","0","0","0","0","3","0","1","N","","","","","","","","","","","","07","  ","","",""
"1055","3","0","0","0","0","0","0","0","0","1","0","","36","12","2017","2017132714","3","40.1116","-76.5056","1055","08","0","0","0","0","0","0","1","1","1","0","0","0","10","1","1","00","1","40 06:41.924","2","00","76 30:20.324","3","0","0","0","36413","0","0","0","N","0","0","0","3","36413","0","","1","01","N","N","0","","1","0","0","0","0","N","1055","1","3","0","0","0","0","0","2","0","3","N","","","","","","","","","","","","03","  ","","",""
"1730","1","0","0","0","0","0","0","0","0","1","0","","36","12","2017","2017132736","3","40.0157","-76.3496","1722","08","0","0","0","0","0","0","1","0","","0","0","0","17","3","0","01","0","40 00:56.470","","00","76 20:58.524","0","0","0","0","36412","0","0","0","N","0","0","0","3","36412","0","","1","01","N","N","1","","0","0","0","3","2","","1722","0","3","0","0","0","0","0","3","1","3","N","","","","","","","","","","","","03","  ","","",""
"1635","1","0","0","0","0","0","0","0","0","8","0","","36","12","2017","2017132758","3","40.0395","-76.306","1630","08","0","0","0","0","0","0","0","0","1","0","0","0","16","1","1","01","2","40 02:22.325","4","00","76 18:21.503","3","0","0","0","36301","1","0","0","N","1","0","0","2","36301","0","","1","01","N","N","0","","1","0","0","3","2","Y","1630","1","2","0","0","0","0","0","3","0","1","N","","","","","","","","","","","","03","  ","","",""
"0730","0","0","0","0","0","0","0","0","0","5","0","","36","12","2017","2017132759","6","40.0358","-76.3141","0730","08","0","0","0","0","0","0","0","0","2","0","0","0","07","1","0","00","1","40 02:09.004","4","00","76 18:50.808","0","0","0","0","36301","0","0","0","N","0","0","0","1","36301","0","","6","01","N","N","0","","0","0","2","0","0","N","0730","0","2","0","0","0","0","0","3","0","2","N","","","","","","","","","","","","03","  ","","",""
"1524","1","0","0","0","0","0","0","0","0","4","0","","36","12","2017","2017132811","5","39.975","-76.2719","1523","08","0","0","0","0","0","2","1","0","3","0","0","0","15","1","0","01","2","39 58:29.964","7","00","76 16:18.911","0","0","0","0","36240","0","0","0","N","0","0","0","4","36240","0","","1","01","N","N","0","","0","0","1","3","3","Y","1521","0","3","0","0","0","0","0","1","1","3","N","","","","","","","","","","","","03","  ","","",""
"1212","1","0","0","0","0","0","0","0","0","4","0","","36","11","2017","2017132842","2","40.1559","-76.0434","1205","08","0","0","0","0","0","0","2","0","1","0","0","0","11","1","0","01","1","40 09:21.104","3","00","76 02:36.199","0","0","0","0","36418","0","0","0","N","0","0","0","2","36213","0","","1","01","N","N","1","","0","0","0","0","0","N","1155","0","2","0","0","0","0","0","1","0","2","N","","","","","","","","","","","","03","  ","","",""
"1509","1","0","0","0","0","0","0","0","0","7","0","","36","12","2017","2017132843","6","40.0956","-76.0211","1500","08","0","0","0","0","0","0","0","0","","0","0","0","14","1","0","00","0","40 05:44.199","","00","76 01:15.798","0","0","0","0","36213","0","0","0","N","0","0","0","1","36213","0","","5","07","N","N","0","","0","0","0","0","0","","1450","0","1","0","0","0","0","0","1","0","1","N","","","","","","","","","","","","10","  ","","",""
"1712","0","0","0","0","0","0","0","0","0","4","0","","36","12","2017","2017132854","6","40.083","-76.0995","1706","08","0","0","0","0","0","1","0","0","1","0","0","0","17","2","1","00","2","40 04:58.817","5","00","76 05:58.058","4","0","0","0","36209","0","0","0","N","0","0","0","2","36415","1","","1","07","N","N","0","","0","0","1","0","0","Y","1706","1","2","0","0","0","0","0","1","1","2","N","","","","","","","","","","","","10","  ","","",""
"1535","3","0","0","0","0","0","0","0","0","1","0","","36","12","2017","2017132860","6","40.04","-76.2882","1515","08","0","0","1","0","0","0","0","0","","0","0","0","15","1","1","00","0","40 02:24.061","","00","76 17:17.496","8","0","0","0","36301","0","0","0","N","0","0","0","1","36301","0","","6","07","N","N","0","","0","0","0","0","0","","1503","1","3","0","0","0","1","0","3","0","3","N","","","","","","","","","","","","10","  ","","",""
"1534","1","0","0","0","0","0","0","0","0","7","0","","36","12","2017","2017132902","6","39.9839","-76.3128","1532","08","0","0","0","0","0","0","0","1","","0","0","0","15","1","0","00","0","39 59:02.096","","00","76 18:46.109","0","0","0","0","36228","0","0","0","Y","0","0","0","1","36503","0","","5","09","N","N","0","","0","0","0","0","0","","1530","0","1","0","0","0","0","0","1","0","1","N","","","","","","","","","","","","10","  ","","",""
"1728","2","0","0","0","0","0","0","0","0","1","0","","36","12","2017","2017132913","6","40.0697","-76.312","1724","08","0","0","0","0","0","0","0","0","","0","0","0","16","3","0","00","0","40 04:11.030","","00","76 18:43.104","0","0","0","0","36101","0","0","0","","0","0","0","2","36101","0","","1","01","N","N","0","","0","0","0","0","0","","1657","0","2","0","0","0","0","0","3","0","2","N","","","","","","","","","","","","03","  ","","",""
"1817","2","0","0","0","0","0","0","0","0","1","0","","36","12","2017","2017132914","6","40.0689","-76.3293","1817","08","0","0","0","0","0","0","0","1","","0","0","0","18","2","0","00","0","40 04:08.118","","00","76 19:45.531","0","0","0","0","36101","0","0","0","","0","0","0","2","36101","0","","1","01","N","N","0","","0","0","0","0","0","","1817","0","2","0","0","0","0","0","3","0","2","N","","","","","","","","","","","","03","  ","","",""
"2221","2","0","0","0","0","0","0","0","0","1","0","","36","12","2017","2017132915","4","40.0703","-76.3013","2215","08","0","0","0","0","0","0","0","0","","0","0","0","22","2","0","00","0","40 04:12.969","","00","76 18:04.751","0","0","0","0","36101","0","0","0","","0","0","0","2","36101","0","","1","07","N","N","0","","0","0","0","0","0","","2213","0","2","0","0","0","0","0","3","0","2","N","","","","","","","","","","","","10","  ","","",""
"2241","2","0","0","0","0","0","0","0","0","7","0","","36","12","2017","2017132916","4","40.0637","-76.2823","2239","08","0","0","0","0","1","0","0","0","","0","0","0","22","2","0","00","0","40 03:49.368","","00","76 16:56.246","0","0","0","0","36101","0","0","0","N","0","0","0","2","36101","0","","2","07","N","N","0","","0","0","0","0","0","","2235","0","2","0","0","0","0","0","3","0","2","N","","","","","","","","","","","","10","  ","","",""
"0315","1","0","0","0","0","0","0","0","0","3","1","","36","12","2017","2017132917","5","40.0686","-76.3446","0308","08","0","0","0","0","1","0","0","0","1","0","1","0","02","2","0","00","2","40 04:06.960","6","00","76 20:40.410","0","0","0","0","36101","0","0","0","N","0","0","0","2","36101","0","","1","06","N","N","0","","0","0","0","0","0","N","0257","0","2","0","0","0","0","0","3","0","2","N","","","","","","","","","","","","10","  ","","",""
"1925","1","0","0","0","0","0","0","0","0","4","0","","36","12","2017","2017132918","5","40.1113","-76.2835","1912","08","0","0","0","0","0","1","0","0","","0","0","0","19","3","0","01","0","40 06:40.818","","00","76 17:00.459","0","0","0","0","36101","0","0","0","","0","0","0","2","36101","0","","1","01","N","N","0","","0","0","1","3","2","","1910","0","2","0","0","0","0","0","3","0","2","N","","","","","","","","","","","","03","  ","","",""
"2141","1","0","0","0","0","0","0","0","0","7","0","","36","12","2017","2017133008","6","40.1151","-76.1094","2132","08","0","0","0","1","0","0","0","0","1","0","0","0","21","2","0","00","2","40 06:54.200","5","00","76 06:33.700","0","0","0","0","36209","0","0","0","N","0","0","0","1","36415","0","","4","02","N","Y","0","","0","0","0","0","0","N","2132","0","1","0","0","0","0","0","1","0","1","N","","","","","","","","","","","","10","  ","","",""
"1533","1","0","0","0","0","0","0","0","0","1","0","","36","12","2017","2017133035","2","40.0949","-76.1113","1526","08","0","0","0","0","0","0","0","0","","0","0","0","15","1","0","00","0","40 05:41.502","","00","76 06:40.686","0","0","0","0","36209","0","0","0","N","0","0","0","2","36415","0","","1","01","N","N","0","","0","0","1","3","2","","1526","0","2","0","0","0","0","0","1","0","2","N","","","","","","","","","","","","03","  ","","",""
"1605","0","0","0","0","0","0","0","0","0","0","0","","36","12","2017","2017133070","6","40.1597","-76.0811","1545","08","0","0","0","0","0","0","0","0","2","0","0","0","15","1","0","03","2","40 09:35.056","6","00","76 04:51.895","0","0","0","0","36209","0","0","0","N","0","0","0","4","36415","0","","1","07","N","N","1","","0","0","0","0","0","Y","1540","0","1","0","0","0","0","0","1","0","1","N","","","","","","","","","","","","10","  ","","",""
"0039","1","0","0","0","0","0","0","0","0","7","0","","36","12","2017","2017133076","4","40.123","-76.3382","0034","08","0","0","0","0","0","0","0","0","","0","0","0","23","2","0","02","0","40 07:22.971","","00","76 20:17.395","0","0","0","0","36101","0","0","0","N","0","0","0","1","36101","0","","4","07","N","N","0","","0","0","0","0","0","","2336","0","1","0","0","0","0","0","3","0","1","N","","","","","","","","","","","","10","  ","","",""
"0101","1","0","0","0","0","0","0","0","0","7","0","","36","12","2017","2017133077","5","40.0955","-76.2605","0055","08","0","0","0","1","0","0","0","0","1","0","0","0","00","2","0","00","2","40 05:43.717","1","00","76 15:37.739","0","0","0","0","36101","0","0","0","","0","0","0","5","36101","0","","4","06","N","N","0","","0","0","0","0","0","N","0050","0","1","0","0","1","0","0","3","0","1","N","","","","","","","","","","","","10","  ","","",""
"0757","1","0","0","0","0","0","0","0","0","1","0","","36","12","2017","2017133078","3","40.0513","-76.3985","1741","08","0","0","0","0","0","0","0","0","","0","0","0","07","1","0","00","0","40 03:04.660","","00","76 23:54.452","0","0","0","0","36214","0","0","0","","0","0","0","2","36214","0","","1","01","N","N","0","","0","0","1","0","0","","0738","0","2","0","0","0","0","0","3","0","2","N","","","","","","","","","","","","03","  ","","",""
"1800","2","0","0","0","0","0","0","0","0","1","0","","36","12","2017","2017133079","3","40.057","-76.2716","1749","08","0","0","0","0","0","0","0","0","","0","0","0","17","3","0","00","0","40 03:25.338","","00","76 16:17.618","0","0","0","0","36215","0","0","0","","0","0","0","3","36215","0","","1","09","N","N","0","","0","0","0","0","0","","1744","0","2","0","0","0","0","0","1","0","2","N","","","","","","","","","","","","07","  ","","",""
"1744","1","0","0","0","0","0","0","0","0","4","0","","36","12","2017","2017133080","1","40.0403","-76.2447","1740","08","1","0","0","0","0","0","0","0","2","0","0","0","17","3","0","06","1","40 02:25.197","4","00","76 14:41.006","0","0","0","0","36215","0","0","0","","0","0","0","2","36215","0","","1","01","N","N","0","","0","0","1","0","0","N","1735","0","2","0","0","0","0","0","1","0","2","N","","","","","","","","","","","","03","  ","","",""
"1539","1","0","0","0","0","0","0","0","0","8","0","","36","12","2017","2017133094","4","40.2162","-76.0747","1535","08","0","0","0","0","0","0","0","0","1","0","0","0","13","1","1","00","1","40 12:58.979","3","05","76 04:31.221","3","0","0","0","36210","1","0","0","","1","0","0","2","68T06","0","","1","01","N","N","0","","1","0","0","0","0","N","1333","1","2","0","0","0","0","0","1","0","1","N","","","","","","","","","","","","03","  ","","",""
"1140","2","0","0","0","0","0","0","0","0","4","0","","36","12","2017","2017133132","6","40.1505","-76.0281","1133","08","0","0","0","0","0","1","0","1","2","0","0","0","11","1","0","01","1","40 09:01.638","5","00","76 01:41.060","0","0","0","0","36213","0","0","0","N","0","0","0","2","36213","0","","1","01","N","N","0","","0","0","0","3","3","N","1131","0","2","0","0","0","0","0","1","0","2","N","","","","","","","","","","","","03","  ","","",""
"1547","1","0","0","0","0","0","0","0","0","8","0","","36","12","2017","2017133140","5","40.0389","-76.295","1533","08","0","0","0","0","0","0","0","0","1","0","0","0","15","1","1","00","1","40 02:20.062","5","00","76 17:42.143","4","0","0","0","36301","1","0","0","N","1","0","0","2","36301","1","","1","01","N","N","0","","0","0","0","0","0","Y","1531","1","2","0","0","0","0","0","3","0","1","N","","","","","","","","","","","","03","  ","","",""
"1846","1","0","0","0","0","0","0","0","0","1","0","","36","12","2017","2017133163","6","40.028","-76.2684","1822","08","0","0","1","0","0","1","0","0","","0","0","0","18","2","0","02","0","40 01:40.818","","00","76 16:06.418","0","0","0","0","36240","0","0","0","N","0","0","0","3","36240","0","","1","07","N","N","1","","0","0","0","0","0","","1822","0","2","0","0","0","0","0","1","0","2","N","","","","","","","","","","","","10","  ","","",""
"0814","2","0","0","0","0","0","0","0","0","4","0","","36","12","2017","2017133170","7","40.195","-76.17","0809","08","0","0","0","0","0","1","0","0","","0","0","0","08","1","0","00","0","40 11:42.131","","00","76 10:11.938","0","0","0","0","36218","0","0","0","N","0","0","0","1","36408","0","","4","02","N","N","0","","0","0","0","0","0","","0809","0","2","0","0","0","0","0","1","0","2","N","","","","","","","","","","","","03","  ","","",""
"1230","0","0","0","0","0","0","0","0","0","1","0","","36","12","2017","2017133172","7","40.0988","-76.1977","1223","08","0","0","0","0","0","1","0","0","","0","0","0","12","1","0","00","0","40 05:55.548","","00","76 11:51.743","0","0","0","0","36234","0","0","0","N","0","0","0","2","36215","0","","1","09","N","N","2","","0","0","0","0","0","","1221","0","2","0","0","0","0","0","1","0","2","N","","","","","","","","","","","","03","  ","","",""
"1610","1","0","0","0","0","0","0","0","0","1","0","","36","11","2017","2017133216","3","40.0249","-76.3303","1557","08","0","0","0","0","0","2","0","0","1","0","0","0","15","1","1","00","1","40 01:29.781","5","00","76 19:49.180","4","0","0","0","36220","0","0","0","","0","0","0","3","36101","1","","1","01","N","N","2","","0","0","0","0","0","N","1555","1","3","0","0","0","0","0","3","0","3","N","","","","","","","","","","","","03","  ","","",""
"1620","0","0","0","0","0","0","0","0","0","4","0","","36","12","2017","2017133217","5","40.0938","-76.2842","1616","08","0","0","0","0","0","2","0","0","","0","0","0","16","4","0","02","0","40 05:37.784","","00","76 17:03.170","0","0","0","0","36101","0","0","0","N","0","0","0","2","36101","0","","1","01","N","N","0","","0","0","2","3","3","","1614","0","2","0","0","0","0","0","3","0","2","N","","","","","","","","","","","","03","  ","","",""
"1800","1","0","0","0","0","0","0","0","0","1","0","","36","12","2017","2017133218","2","40.0762","-76.3372","1752","08","0","0","0","0","0","1","0","0","2","0","0","0","17","3","0","00","1","40 04:33.103","1","00","76 20:13.120","0","0","0","0","36101","0","0","0","N","0","0","0","2","36101","0","","1","01","N","N","0","","0","0","1","0","0","N","1749","0","2","0","0","0","0","0","3","0","2","N","","","","","","","","","","","","03","  ","","",""
"0700","1","0","0","0","0","0","0","0","0","9","0","","36","12","2017","2017133219","6","40.1036","-76.3318","0655","08","0","0","0","0","0","0","0","0","9","0","0","0","06","2","0","00","9","40 06:12.816","","00","76 19:54.576","0","0","0","0","36101","0","0","0","","0","0","0","1","36101","0","","1","01","N","N","0","","0","0","0","0","0","U","0650","0","1","0","0","0","0","0","3","0","1","N","","","","","","","","","","","","03","  ","","",""
"1549","1","0","0","0","0","0","0","0","0","7","0","","36","12","2017","2017133220","6","40.1317","-76.2326","1524","08","0","0","0","0","0","0","0","0","2","0","0","0","15","1","0","00","1","40 07:54.100","4","00","76 13:57.500","0","0","0","0","36235","0","0","0","N","0","0","0","1","36506","0","","4","07","N","N","0","","0","0","0","0","0","N","1524","0","1","0","0","0","0","0","1","0","1","N","","","","","","","","","","","","10","  ","","",""
"1830","2","0","0","0","0","0","0","0","0","4","0","","36","12","2017","2017133277","7","40.039","-76.3598","1823","08","0","0","0","0","0","0","0","0","","0","0","0","18","3","0","02","0","40 02:20.432","","00","76 21:35.292","0","0","0","0","36214","0","0","0","N","0","0","0","7","36214","0","","1","01","N","N","0","","0","0","0","3","2","","1805","0","2","0","0","0","0","0","3","0","2","N","","","","","","","","","","","","03","  ","","",""
"1731","1","0","0","0","0","0","0","0","0","1","0","","36","12","2017","2017133301","7","39.9876","-76.2764","1726","08","0","0","0","0","0","1","0","0","","0","0","0","17","2","0","00","0","39 59:15.329","","00","76 16:35.150","0","0","0","0","36240","0","0","0","N","0","0","0","2","36240","0","","1","01","N","N","1","","0","0","0","0","0","","1726","0","2","0","0","0","0","0","1","0","2","N","","","","","","","","","","","","03","  ","","",""
"1759","0","0","0","0","0","0","0","0","0","7","0","","36","12","2017","2017133305","6","40.1369","-76.1746","1744","08","0","0","0","0","0","0","0","0","2","0","0","0","17","2","0","00","2","40 08:12.941","5","00","76 10:28.440","0","0","0","0","36238","0","0","0","N","0","0","0","1","36238","0","","2","07","N","N","0","","0","0","1","0","0","Y","1742","0","1","0","0","0","0","0","3","0","1","N","","","","","","","","","","","","10","  ","","",""
"1835","2","0","0","0","0","0","0","0","0","4","0","","36","12","2017","2017133309","7","39.9751","-76.2473","1830","08","1","0","0","0","1","0","0","0","2","0","0","0","18","3","0","01","1","39 58:30.378","2","00","76 14:50.447","0","0","0","0","36240","0","0","0","N","0","0","0","5","36240","0","","1","01","N","N","0","","0","0","0","3","2","N","1830","0","2","0","0","0","0","0","1","0","2","N","","","","","","","","","","","","03","  ","","",""
"2100","1","0","0","0","0","0","0","0","0","1","0","","36","12","2017","2017133311","7","40.1454","-76.5602","2053","08","0","0","0","0","0","2","0","0","9","0","0","0","20","3","3","00","0","40 08:43.270","","00","76 33:36.790","8","0","0","0","36225","0","0","0","N","0","0","0","9","36505","0","","1","01","N","N","0","","0","0","1","0","0","N","2053","3","2","0","0","6","3","1","2","0","2","N","","","","","","","","","","","","03","  ","","",""
"2225","1","0","0","0","0","0","0","0","0","4","0","","36","12","2017","2017133318","7","40.1544","-76.0675","2221","08","0","0","0","1","0","1","0","0","2","0","0","0","22","2","0","02","2","40 09:15.760","7","00","76 04:03.202","0","0","0","0","36213","0","0","0","N","0","0","0","5","36213","0","","1","01","N","N","0","","0","0","1","3","3","N","2221","0","2","0","0","0","0","0","1","0","2","N","","","","","","","","","","","","03","  ","","",""
"1515","1","0","0","0","0","0","0","0","0","2","0","","36","12","2017","2017133345","6","40.0634","-76.3582","1511","08","0","0","0","1","0","0","0","0","1","0","0","0","15","1","0","00","1","40 03:48.100","3","00","76 21:29.660","9","0","0","0","36214","0","0","0","","0","0","0","4","36214","0","","1","07","N","N","1","","0","0","0","0","0","N","1509","0","2","0","0","0","0","1","3","0","2","N","","","","","","","","","","","","03","  ","","",""
"0613","0","0","0","0","0","0","0","0","0","7","0","","36","12","2017","2017133346","7","40.1035","-76.4236","0557","08","0","0","0","0","0","0","0","0","","0","0","0","05","2","0","00","0","40 06:12.762","","00","76 25:25.127","0","0","0","0","36214","0","0","0","N","0","0","0","2","36214","0","","1","01","N","N","0","","0","0","1","0","0","","0555","0","1","0","0","0","0","0","3","0","1","N","","","","","","","","","","","","03","  ","","",""
"0801","1","0","0","0","0","0","0","0","0","7","0","","36","12","2017","2017133405","5","39.8987","-76.2174","0735","08","0","0","1","0","0","0","0","0","2","0","0","0","07","1","0","00","1","39 53:55.410","4","00","76 13:02.640","0","0","0","0","36229","0","0","0","N","0","0","0","1","68J01","0","","4","07","N","N","0","","0","0","0","0","0","N","0734","0","1","0","0","0","0","0","1","0","1","N","","","","","","","","","","","","10","  ","","",""
"1012","1","0","0","0","0","0","0","0","0","7","0","","36","12","2017","2017133408","5","39.896","-76.2518","0959","08","0","0","0","0","0","0","0","0","2","0","0","0","09","1","1","00","1","39 53:45.450","1","00","76 15:06.340","8","0","0","0","36229","0","0","0","N","0","0","0","1","68J01","0","","4","02","N","N","0","","0","0","0","0","0","N","0957","1","1","0","0","0","1","0","1","0","1","N","","","","","","","","","","","","10","  ","","",""
"0151","0","0","0","0","0","0","0","0","0","9","0","","36","12","2017","2017133413","6","39.8613","-76.2659","0139","08","0","0","0","0","1","0","0","0","1","0","0","0","01","2","0","00","1","39 51:40.826","3","00","76 15:57.148","0","0","0","0","36224","0","0","0","N","0","0","0","1","68J01","0","","1","01","N","N","1","","0","0","0","0","0","N","0137","0","1","0","0","0","0","0","1","0","1","N","","","","","","","","","","","","03","  ","","",""
"1539","1","0","0","0","0","0","0","0","0","7","0","","36","12","2017","2017133416","6","39.7739","-76.1791","1432","08","0","0","0","1","0","0","0","0","","0","0","0","14","1","0","01","0","39 46:25.988","","00","76 10:44.934","0","0","0","0","36219","0","0","0","N","0","0","0","1","68J01","0","","4","07","N","N","0","","0","0","0","0","0","","1419","0","1","0","0","0","0","0","1","0","1","N","","","","","","","","","","","","10","  ","","",""