"ARRIVAL_TM","AUTOMOBILE_COUNT","BELTED_DEATH_COUNT","BELTED_SUSP_SERIOUS_INJ_COUNT","BICYCLE_COUNT","BICYCLE_DEATH_COUNT","BICYCLE_SUSP_SERIOUS_INJ_COUNT","BUS_COUNT","CHLDPAS_DEATH_COUNT","CHLDPAS_SUSP_SERIOUS_INJ_COUNT","COLLISION_TYPE","COMM_VEH_COUNT","CONS_ZONE_SPD_LIM","COUNTY","CRASH_MONTH","CRASH_YEAR","CRN","DAY_OF_WEEK","DEC_LAT","DEC_LONG","DISPATCH_TM","DISTRICT","DRIVER_COUNT_16YR","DRIVER_COUNT_17YR","DRIVER_COUNT_18YR","DRIVER_COUNT_19YR","DRIVER_COUNT_20YR","DRIVER_COUNT_50_64YR","DRIVER_COUNT_65_74YR","DRIVER_COUNT_75PLUS","EST_HRS_CLOSED","FATAL_COUNT","HEAVY_TRUCK_COUNT","HORSE_BUGGY_COUNT","HOUR_OF_DAY","ILLUMINATION","INJURY_COUNT","INTERSECT_TYPE","LANE_CLOSED","LATITUDE","LN_CLOSE_DIR","LOCATION_TYPE","LONGITUDE","MAX_SEVERITY_LEVEL","MCYCLE_DEATH_COUNT","MCYCLE_SUSP_SERIOUS_INJ_COUNT","MOTORCYCLE_COUNT","MUNICIPALITY","NONMOTR_COUNT","NONMOTR_DEATH_COUNT","NONMOTR_SUSP_SERIOUS_INJ_COUNT","NTFY_HIWY_MAINT","PED_COUNT","PED_DEATH_COUNT","PED_SUSP_SERIOUS_INJ_COUNT","PERSON_COUNT","POLICE_AGCY","POSSIBLE_INJ_COUNT","RDWY_SURF_TYPE_CD","RELATION_TO_ROAD","ROAD_CONDITION","SCH_BUS_IND","SCH_ZONE_IND","SMALL_TRUCK_COUNT","SPEC_JURIS_CD","SUSP_MINOR_INJ_COUNT","SUSP_SERIOUS_INJ_COUNT","SUV_COUNT","TCD_FUNC_CD","TCD_TYPE","TFC_DETOUR_IND","TIME_OF_DAY","TOT_INJ_COUNT","TOTAL_UNITS","UNB_DEATH_COUNT","UNB_SUSP_SERIOUS_INJ_COUNT","UNBELTED_OCC_COUNT","UNK_INJ_DEG_COUNT","UNK_INJ_PER_COUNT","URBAN_RURAL","VAN_COUNT","VEHICLE_COUNT","WORK_ZONE_IND","WORK_ZONE_LOC","WORK_ZONE_TYPE","WORKERS_PRES","WZ_CLOSE_DETOUR","WZ_FLAGGER","WZ_LAW_OFFCR_IND","WZ_LN_CLOSURE","WZ_MOVING","WZ_OTHER","WZ_SHLDER_MDN","ROADWAY_CLEARED","WEATHER1","WEATHER2","WZ_WORKERS_INJ_KILLED","SECONDARY_CRASH","INTERSECTION_RELATED"
"1538","1","0","0","0","0","0","0","0","0","0","0","","36","12","2017","2017133419","6","39.9981","-76.1801","1525","08","0","0","0","0","0","0","0","0","","0","0","0","15","1","0","00","0","39 59:53.080","","00","76 10:48.460","0","0","0","0","36233","0","0","0","N","0","0","0","1","68J01","0","","4","07","N","N","0","","0","0","0","0","0","","1524","0","1","0","0","0","0","0","1","0","1","N","","","","","","","","","","","","10","  ","","",""
"1841","1","0","0","0","0","0","0","0","0","7","0","","36","12","2017","2017133423","6","39.9207","-76.2474","1818","08","0","0","0","0","0","1","0","0","","0","0","0","16","2","0","02","0","39 55:14.453","","00","76 14:50.801","0","0","0","0","36229","0","0","0","","0","0","0","2","68J01","0","","4","07","N","N","0","","0","0","0","0","0","","1645","0","1","0","0","0","0","0","1","0","1","N","","","","","","","","","","","","10","  ","","",""
"1232","3","0","0","0","0","0","0","0","0","2","0","","36","12","2017","2017133435","6","40.084","-76.2275","1224","08","0","0","0","0","0","0","1","0","2","0","0","0","12","1","1","00","1","40 05:02.552","3","00","76 13:38.996","4","0","0","0","36234","0","0","0","N","0","0","0","3","36215","1","","1","09","N","N","0","","0","0","0","0","0","N","1224","1","3","0","0","0","0","0","1","0","3","N","","","","","","","","","","","","10","  ","","",""
"0951","0","0","0","0","0","0","0","0","0","7","0","","36","12","2017","2017133448","7","40.0145","-76.3024","0951","08","0","0","0","0","0","1","0","0","","0","0","0","99","1","0","00","0","40 00:52.200","","00","76 18:08.800","0","0","0","0","36240","0","0","0","N","0","0","0","4","36240","0","","4","07","N","N","0","","0","0","0","0","0","","9999","0","1","0","0","0","0","0","1","1","1","N","","","","","","","","","","","","10","  ","","",""
"1534","2","0","0","0","0","0","0","0","0","2","0","","36","12","2017","2017133466","6","40.2171","-76.4349","1521","08","0","0","0","0","0","0","0","0","1","0","0","0","15","1","0","00","1","40 13:01.500","1","00","76 26:05.700","0","0","0","0","36230","0","0","0","N","0","0","0","2","36410","0","","1","07","N","N","0","","0","0","0","0","0","N","1518","0","2","0","0","0","0","0","1","0","2","N","","","","","","","","","","","","10","  ","","",""
"1100","0","0","0","0","0","0","0","0","0","7","0","","36","12","2017","2017133476","7","40.1328","-76.5788","1052","08","0","0","0","0","0","0","0","0","","0","0","0","10","1","0","00","0","40 07:58.200","","00","76 34:43.700","0","0","0","0","36237","0","0","0","N","0","0","0","1","36505","0","","4","09","N","N","1","","0","0","0","0","0","N","1050","0","1","0","0","0","0","0","1","0","1","N","","","","","","","","","","","","03","  ","","",""
"1744","1","0","0","0","0","0","0","0","0","7","0","","36","12","2017","2017133481","2","40.0754","-76.1587","1732","08","0","0","0","0","0","0","0","0","2","0","0","0","17","2","1","00","2","40 04:31.400","6","00","76 09:31.400","3","0","0","0","36234","0","0","0","N","0","0","0","1","36215","0","","4","01","N","N","0","","1","0","0","0","0","Y","1731","1","1","0","0","0","0","0","1","0","1","N","","","","","","","","","","","","03","  ","","",""
"1316","2","0","0","0","0","0","0","0","0","4","0","","36","12","2017","2017133482","7","40.1505","-76.0281","1311","08","0","0","0","0","0","1","0","0","2","0","0","0","13","1","1","01","1","40 09:01.638","7","00","76 01:41.060","8","0","0","0","36213","0","0","0","N","0","0","0","4","36213","0","","1","01","N","N","0","","0","0","0","3","3","N","1307","1","2","0","0","0","1","0","1","0","2","N","","","","","","","","","","","","03","  ","","",""
"1410","1","0","0","0","0","0","0","0","0","4","0","","36","12","2017","2017133486","7","40.1578","-76.6644","1356","08","0","0","0","0","0","1","0","0","","0","0","0","13","1","1","02","0","40 09:28.249","","00","76 39:51.732","4","0","0","0","36237","0","0","0","N","0","0","0","2","36505","1","","1","02","N","N","0","","0","0","1","0","0","N","1350","1","2","0","0","0","0","0","1","0","2","N","","","","","","","","","","","","03","  ","","",""
"1236","1","0","0","0","0","0","0","0","0","4","0","","36","12","2017","2017133493","2","40.0402","-76.2391","1234","08","0","0","0","0","0","0","1","0","1","0","0","0","12","1","1","01","1","40 02:24.730","3","00","76 14:20.844","4","0","0","0","36215","0","0","0","N","0","0","0","2","36215","1","","1","01","N","N","0","","0","0","0","3","2","N","1229","1","2","0","0","0","0","0","1","1","2","N","","","","","","","","","","","","03","  ","","",""
"1642","1","0","0","0","0","0","0","0","0","8","0","","36","12","2017","2017133517","7","40.1507","-76.6055","1637","08","0","0","0","0","0","1","0","0","","0","0","0","16","3","1","00","0","40 09:02.519","","00","76 36:19.638","2","0","0","0","36407","1","0","1","N","1","0","1","2","36407","0","","1","06","N","N","0","","0","1","0","0","0","","1637","1","2","0","0","0","0","0","2","0","1","N","","","","","","","","","","","","10","  ","","",""
"1759","0","0","0","0","0","0","0","0","0","7","0","","36","12","2017","2017133525","6","40.184","-76.1919","1750","08","0","0","0","0","0","0","0","0","","0","0","0","17","6","0","02","0","40 11:02.559","","07","76 11:30.800","0","0","0","0","36408","0","0","0","N","0","0","0","1","36408","0","","5","07","N","N","0","","0","0","1","0","0","","1750","0","1","0","0","0","0","0","2","0","1","N","","","","","","","","","","","","10","  ","","",""
"1213","2","0","0","0","0","0","0","0","0","4","0","","36","12","2017","2017133552","7","40.1562","-76.3044","1207","08","0","0","0","0","0","0","0","0","1","0","0","0","12","1","0","00","1","40 09:22.400","2","07","76 18:16.000","9","0","0","0","36409","0","0","0","N","0","0","0","2","36409","0","","1","09","N","N","0","","0","0","0","0","0","N","1206","0","2","0","0","0","0","2","3","0","2","N","","","","","","","","","","","","98","  ","","",""
"1844","1","0","0","0","0","0","0","0","0","7","0","","36","12","2017","2017133605","6","40.1768","-76.3917","1840","08","0","0","0","0","0","0","0","0","1","0","0","0","18","2","0","02","2","40 10:36.656","5","00","76 23:30.037","0","0","0","0","36230","0","0","0","Y","0","0","0","1","36410","0","","2","07","N","N","0","","0","0","0","0","0","Y","1838","0","1","0","0","0","0","0","1","0","1","N","","","","","","","","","","","","03","  ","","",""
"2333","1","0","0","0","0","0","0","0","0","7","0","","36","12","2017","2017133609","6","40.045","-76.283","2320","08","0","0","0","0","0","1","0","0","","0","0","0","23","3","0","00","0","40 02:42.179","","00","76 16:58.899","0","0","0","0","36301","0","0","0","N","0","0","0","1","36301","0","","2","06","N","N","0","","0","0","0","0","0","","2326","0","1","0","0","0","0","0","3","0","1","N","","","","","","","","","","","","10","  ","","",""
"2001","0","0","0","0","0","0","0","0","0","7","0","","36","12","2017","2017133618","6","40.1438","-76.5463","1956","08","0","0","0","0","0","0","0","0","","0","0","0","19","2","0","00","0","40 08:37.778","","00","76 32:46.692","0","0","0","0","36225","0","0","0","N","0","0","0","1","36505","0","","5","02","N","N","0","","0","0","1","0","0","","1940","0","1","0","0","0","0","0","2","0","1","N","","","","","","","","","","","","10","  ","","",""
"1451","1","0","0","0","0","0","0","0","0","7","0","","36","12","2017","2017133693","7","40.1929","-76.1266","1445","08","0","0","1","0","0","0","0","0","2","0","0","0","14","1","4","00","1","40 11:34.600","5","00","76 07:35.700","3","0","0","0","36210","0","0","0","N","0","0","0","4","36210","0","","4","01","N","N","0","","4","0","0","0","0","N","1444","4","1","0","0","0","0","0","1","0","1","N","","","","","","","","","","","","03","  ","","",""
"1753","1","0","0","0","0","0","0","0","0","7","0","","36","12","2017","2017133713","7","40.0346","-76.0627","1736","08","0","0","0","0","0","0","0","0","2","0","0","0","17","2","0","00","2","40 02:04.483","5","00","76 03:45.671","0","0","0","0","36221","0","0","0","","0","0","0","1","68J01","0","","5","07","N","N","0","","0","0","0","0","0","Y","1716","0","1","0","0","0","0","0","1","0","1","N","","","","","","","","","","","","10","  ","","",""
"1629","0","0","0","0","0","0","0","0","0","7","0","","36","12","2017","2017133743","6","40.213","-76.2946","1617","08","0","0","0","0","0","0","0","0","2","0","0","0","16","1","2","02","2","40 12:46.942","6","00","76 17:40.435","8","0","0","0","36217","0","0","0","N","0","0","0","6","68J01","0","","5","07","N","N","0","","0","0","0","3","3","N","1612","2","1","0","0","0","2","0","1","1","1","N","","","","","","","","","","","","10","  ","","",""
"1032","1","0","0","0","0","0","0","0","0","1","0","","36","12","2017","2017133748","7","40.1063","-75.9514","1008","08","0","0","0","0","0","0","0","0","","0","0","0","10","1","0","02","0","40 06:22.845","","00","75 57:05.128","0","0","0","0","36232","0","0","0","","0","0","0","2","68J01","0","","1","09","N","N","1","","0","0","0","0","0","","1004","0","2","0","0","0","0","0","1","0","2","N","","","","","","","","","","","","98","  ","","",""
"2043","1","0","0","0","0","0","0","0","0","7","0","","36","12","2017","2017133753","6","40.0293","-76.3392","2038","08","0","0","0","0","0","0","0","0","","0","0","0","19","2","0","00","0","40 01:45.510","","00","76 20:21.140","0","0","0","0","36220","0","0","0","N","0","0","0","1","36101","0","","4","07","N","N","0","","0","0","0","0","0","","1930","0","1","0","0","0","0","0","3","0","1","N","","","","","","","","","","","","10","  ","","",""
"0930","1","0","0","0","0","0","0","0","0","5","0","","36","12","2017","2017133754","4","40.0701","-76.3161","0920","08","0","0","0","0","0","0","2","0","2","0","0","0","09","1","0","00","2","40 04:12.496","3","00","76 18:57.875","0","0","0","0","36101","0","0","0","","0","0","0","5","36101","0","","1","01","N","N","1","","0","0","1","0","0","N","0919","0","3","0","0","0","0","0","3","0","3","N","","","","","","","","","","","","03","  ","","",""
"2005","1","0","0","0","0","0","0","0","0","1","0","","36","12","2017","2017133755","2","40.1023","-76.3075","1950","08","0","0","0","0","0","0","0","0","2","0","0","0","19","2","0","02","1","40 06:08.342","2","00","76 18:27.058","0","0","0","0","36101","0","0","0","","0","0","0","5","36101","0","","1","01","N","N","0","","0","0","1","3","3","N","1947","0","2","0","0","0","0","0","3","0","2","N","","","","","","","","","","","","03","  ","","",""
"1639","1","0","0","0","0","0","0","0","0","3","0","","36","12","2017","2017133756","6","40.1058","-76.2532","1626","08","0","0","0","0","0","0","0","0","1","0","0","0","16","1","0","00","1","40 06:20.884","4","02","76 15:11.517","0","0","0","0","36101","0","0","0","","0","0","0","4","36101","0","","1","06","N","N","0","","0","0","1","0","0","N","1617","0","2","0","0","0","0","0","3","0","2","N","","","","","","","","","","","","10","  ","","",""
"1544","1","0","0","0","0","0","0","0","0","4","0","","36","12","2017","2017133757","7","40.0685","-76.3029","1541","08","0","0","0","0","0","1","0","0","1","0","0","0","15","1","1","01","2","40 04:06.491","7","00","76 18:10.333","4","0","0","0","36101","0","0","0","N","0","0","0","5","36101","1","","1","01","N","N","0","","0","0","1","3","2","N","1540","1","2","0","0","0","0","0","3","0","2","N","","","","","","","","","","","","03","  ","","",""
"0457","1","0","0","0","0","0","0","0","0","7","0","","36","12","2017","2017133758","1","40.0671","-76.2717","0455","08","0","0","0","0","0","0","0","0","3","0","0","0","04","3","0","01","2","40 04:01.411","3","00","76 16:18.054","0","0","0","0","36101","0","0","0","","0","0","0","1","36101","0","","4","01","N","N","0","","0","0","0","0","0","N","0447","0","1","0","0","0","0","0","3","0","1","N","","","","","","","","","","","","03","  ","","",""
"0552","1","0","0","0","0","0","0","0","0","7","0","","36","12","2017","2017133759","1","40.068","-76.2971","0545","08","0","0","0","0","0","0","0","0","","0","0","0","05","3","0","00","0","40 04:04.964","","00","76 17:49.573","0","0","0","0","36101","0","0","0","","0","0","0","1","36101","0","","5","01","N","N","0","","0","0","0","0","0","","0534","0","1","0","0","0","0","0","3","0","1","N","","","","","","","","","","","","03","  ","","",""
"0840","2","0","0","0","0","0","0","0","0","7","0","","36","12","2017","2017133810","5","","","0835","08","0","0","0","0","1","0","0","0","1","0","0","0","08","1","0","00","1","","4","00","","0","0","0","0","36230","0","0","0","N","0","0","0","2","36410","0","","2","09","N","N","0","","0","0","0","0","0","N","0830","0","2","0","0","0","0","0","1","0","2","N","","","","","","","","","","","","03","  ","","",""
"1609","0","0","0","0","0","0","0","0","0","7","0","","36","12","2017","2017133798","6","40.0392","-76.0644","1540","08","0","0","0","0","0","0","1","0","2","0","0","0","15","1","0","01","1","40 02:21.008","6","00","76 03:51.801","0","0","0","0","36221","0","0","0","N","0","0","0","1","68J01","0","","4","07","N","N","0","","0","0","1","0","0","Y","1533","0","2","0","0","0","0","0","1","0","1","N","","","","","","","","","","","","10","  ","","",""
"2155","1","0","0","0","0","0","0","0","0","7","0","","36","12","2017","2017133822","7","40.1414","-76.6733","2139","08","0","0","1","0","0","0","0","0","","0","0","0","21","2","0","00","0","40 08:28.981","","00","76 40:23.972","0","0","0","0","36207","0","0","0","N","0","0","0","1","36504","0","","5","07","N","N","0","","0","0","0","0","0","","2138","0","1","0","0","0","0","0","1","0","1","N","","","","","","","","","","","","10","  ","","",""
"0848","2","0","0","0","0","0","0","0","0","4","0","","36","12","2017","2017133883","5","40.0377","-76.3236","0831","08","0","0","0","1","0","0","0","0","","0","0","0","08","1","0","00","0","40 02:15.889","","00","76 19:25.095","0","0","0","0","36301","0","0","0","N","0","0","0","1","36301","0","","2","01","N","N","1","","0","0","0","0","0","","0831","0","3","0","0","0","0","0","3","0","3","N","","","","","","","","","","","","03","  ","","",""
"1425","1","0","0","0","0","0","0","0","0","5","0","","36","12","2017","2017133917","7","40.1101","-76.4801","1420","08","0","0","0","0","0","1","0","0","","0","0","0","14","1","0","00","0","40 06:36.500","","00","76 28:48.200","0","0","0","0","36230","0","0","0","N","0","0","0","2","36410","0","","1","01","N","N","0","","0","0","1","0","0","","1415","0","2","0","0","0","0","0","1","0","2","N","","","","","","","","","","","","03","  ","","",""
"1702","1","0","0","0","0","0","0","0","0","7","0","","36","12","2017","2017134019","6","40.2217","-76.4002","1651","08","0","0","0","0","0","0","0","0","","0","0","0","16","2","0","00","0","40 13:18.186","","00","76 24:00.655","0","0","0","0","36227","0","0","0","N","0","0","0","3","36506","0","","2","07","N","N","0","","0","0","0","0","0","","1651","0","1","0","0","0","0","0","1","0","1","N","","","","","","","","","","","","10","  ","","",""
"0423","1","0","0","0","0","0","0","0","0","7","0","","36","11","2017","2017134044","5","39.7977","-76.0913","0416","08","0","0","0","0","0","0","0","0","","0","0","0","04","3","0","00","0","39 47:51.650","","00","76 05:28.620","0","0","0","0","36222","0","0","0","N","0","0","0","1","68J01","0","","4","01","N","N","0","","0","0","0","0","0","","0415","0","1","0","0","0","0","0","1","0","1","N","","","","","","","","","","","","03","  ","","",""
"0153","1","0","0","0","0","0","0","0","0","7","0","","36","12","2017","2017134076","1","40.0449","-76.3272","0150","08","0","0","1","0","0","0","0","0","","0","0","0","01","3","0","00","0","40 02:41.470","","00","76 19:37.900","0","0","0","0","36220","0","0","0","N","0","0","0","2","36101","0","","3","01","N","N","0","","0","0","0","0","0","","0145","0","1","0","0","0","0","0","3","0","1","N","","","","","","","","","","","","03","  ","","",""
"1520","1","0","0","0","0","0","0","0","0","5","0","","36","12","2017","2017134077","6","40.1409","-76.2931","1516","08","0","0","0","0","0","1","0","0","1","0","0","0","15","8","0","00","1","40 08:27.180","1","00","76 17:35.320","0","0","0","0","36409","0","0","0","N","0","0","0","1","36409","0","","6","07","N","N","0","","0","0","1","0","0","N","1511","0","3","0","0","0","0","0","3","1","3","N","","","","","","","","","","","","10","  ","","",""
"1832","1","0","0","0","0","0","0","0","0","5","0","","36","12","2017","2017134078","7","40.1489","-76.3066","1829","08","0","0","0","0","0","0","0","1","1","0","0","0","18","6","0","00","2","40 08:56.080","2","00","76 18:23.683","0","0","0","0","36409","0","0","0","N","0","0","0","1","36409","0","","6","01","N","N","0","","0","0","0","0","0","Y","1827","0","2","0","0","0","0","0","3","1","2","N","","","","","","","","","","","","03","  ","","",""
"1716","2","0","0","0","0","0","0","0","0","1","0","","36","12","2017","2017134080","5","39.9822","-76.1714","1710","08","0","0","0","0","0","0","0","0","9","0","0","0","17","3","0","00","9","39 58:55.924","","00","76 10:17.084","0","0","0","0","36417","0","0","0","","0","0","0","2","36417","0","","1","01","N","N","0","","0","0","0","0","0","U","1709","0","2","0","0","0","0","0","1","0","2","N","","","","","","","","","","","","03","  ","","",""
"2252","1","0","0","0","0","0","0","0","0","4","0","","36","10","2017","2017134098","2","39.9891","-75.9884","2239","08","1","0","0","0","0","1","0","0","2","0","0","0","22","3","3","00","1","39 59:20.614","3","00","75 59:18.239","3","0","0","0","36232","0","0","0","","0","0","0","6","68J01","0","","1","09","N","N","1","","3","0","0","0","0","N","2234","3","2","0","0","0","0","0","1","0","2","N","","","","","","","","","","","","07","  ","","",""
"0905","0","0","0","0","0","0","0","0","0","4","0","","36","11","2017","2017134118","6","39.9932","-76.2016","0853","08","0","0","0","0","0","0","0","0","3","1","0","1","08","1","0","00","2","39 59:35.470","5","07","76 12:05.619","1","0","0","0","36233","1","1","0","N","0","0","0","2","68J01","0","2","1","01","N","N","1","0","0","0","0","0","0","Y","0852","0","2","0","0","0","0","0","1","0","1","N","","","","","","","","","","","","03","  ","","",""
"0645","1","1","0","0","0","0","0","0","0","1","2","","36","11","2017","2017134123","5","40.0051","-76.1061","0636","08","0","0","0","0","0","1","0","0","5","1","2","0","06","5","0","00","2","40 00:18.216","6","00","76 06:22.023","1","0","0","0","36226","0","0","0","N","0","0","0","4","68J01","0","9","1","01","N","N","1","9","0","0","0","0","0","Y","0634","0","4","0","0","0","0","0","1","0","4","N","","","","","","","","","","","","03","  ","","",""
"1530","0","1","0","0","0","0","0","0","0","4","0","","36","11","2017","2017134124","5","40.0388","-76.1452","1511","08","0","0","0","0","0","1","0","1","3","1","0","0","15","1","7","00","2","40 02:19.569","6","07","76 08:42.611","1","0","0","0","36221","0","0","0","N","0","0","0","8","68J01","0","2","1","01","N","N","0","0","7","0","1","0","0","Y","1509","7","2","0","0","0","0","0","1","1","2","N","","","","","","","","","","","","03","  ","","",""
"2349","0","0","0","0","0","0","0","0","0","0","0","","36","12","2017","2017134157","5","39.9837","-75.9881","2328","08","0","0","0","0","0","0","0","0","1","0","0","0","23","3","0","00","1","39 59:01.380","2","00","75 59:17.110","0","0","0","0","36231","0","0","0","","0","0","0","1","68J01","0","","4","01","N","N","0","","0","0","1","0","0","N","2314","0","1","0","0","1","0","0","1","0","1","N","","","","","","","","","","","","03","  ","","",""
"1737","2","0","0","0","0","0","0","0","0","4","0","","36","12","2017","2017134194","4","40.1791","-76.6006","1729","08","0","0","0","0","0","0","0","0","2","0","0","0","17","3","1","00","1","40 10:43.752","1","00","76 36:02.498","8","0","0","0","36225","0","0","0","N","0","0","0","2","36505","0","","1","01","N","N","0","","0","0","0","3","2","N","1728","1","2","0","0","0","1","0","2","0","2","N","","","","","","","","","","","","03","  ","","",""
"2337","1","0","0","0","0","0","0","0","0","0","0","","36","12","2017","2017134211","6","39.9785","-76.2353","2335","08","0","0","0","0","0","0","0","0","1","0","0","0","23","2","0","02","1","39 58:42.672","1","00","76 14:07.241","0","0","0","0","36240","0","0","0","N","0","0","0","5","36240","0","","4","02","N","N","0","","0","0","0","0","0","N","2328","0","1","0","0","0","0","0","1","0","1","N","","","","","","","","","","","","03","  ","","",""
"1755","2","0","0","0","0","0","0","0","0","1","0","","36","12","2017","2017134246","2","40.2714","-76.1892","1750","08","0","0","0","1","1","0","0","0","","0","0","0","17","2","0","02","0","40 16:17.208","","00","76 11:21.080","0","0","0","0","36236","0","0","0","N","0","0","0","2","36408","0","","1","01","N","N","0","","0","0","0","0","0","","1743","0","2","0","0","0","0","0","1","0","2","N","","","","","","","","","","","","03","  ","","",""
"1632","1","0","0","0","0","0","0","0","0","1","0","","36","12","2017","2017134322","5","40.0556","-76.2664","1628","08","0","0","1","0","0","0","1","0","","0","0","0","16","4","0","06","0","40 03:20.032","","00","76 15:58.874","0","0","0","0","36215","0","0","0","","0","0","0","2","36215","0","","1","01","N","N","0","","0","0","1","0","0","","1626","0","2","0","0","0","0","0","1","0","2","N","","","","","","","","","","","","03","  ","","",""
"0835","1","0","0","0","0","0","0","0","0","7","0","","36","12","2017","2017134323","5","40.0081","-76.1934","0835","08","0","0","0","0","0","0","0","0","","0","0","0","08","1","0","00","0","40 00:29.230","","00","76 11:36.080","0","0","0","0","36215","0","0","0","N","0","0","0","1","36215","0","","2","06","N","N","0","","0","0","0","0","0","","0827","0","1","0","0","0","0","0","1","0","1","N","","","","","","","","","","","","10","  ","","",""
"1824","1","0","0","0","0","0","0","0","0","7","0","","36","12","2017","2017134324","6","40.006","-76.4075","1814","08","0","0","0","0","0","0","0","0","2","0","0","0","18","2","0","00","1","40 00:21.717","3","00","76 24:26.856","0","0","0","0","36223","0","0","0","","0","0","0","1","36223","0","","5","07","N","N","0","","0","0","0","0","0","Y","1810","0","1","0","0","0","0","0","1","0","1","N","","","","","","","","","","","","10","  ","","",""
"1235","0","0","0","0","0","0","0","0","0","7","0","","36","12","2017","2017134325","7","40.0121","-76.3747","1229","08","1","0","0","0","0","0","0","0","","0","0","0","12","1","0","00","0","40 00:43.670","","00","76 22:28.970","0","0","0","0","36223","0","0","0","N","0","0","0","1","36223","0","","4","09","N","N","1","","0","0","0","0","0","","1226","0","1","0","0","0","0","0","1","0","1","N","","","","","","","","","","","","03","  ","","",""
"1100","1","0","0","0","0","0","0","0","0","1","0","","36","12","2017","2017134418","5","40.0353","-76.3243","1048","08","0","0","0","0","0","0","0","0","2","0","0","0","10","1","0","00","1","40 02:07.157","1","00","76 19:27.520","0","0","0","0","36301","0","0","0","N","0","0","0","3","36301","0","","1","09","N","N","1","","0","0","0","0","0","N","1048","0","2","0","0","0","0","0","3","0","2","N","","","","","","","","","","","","03","  ","","",""
"0005","1","0","0","0","0","0","0","0","0","7","0","","36","12","2017","2017134444","5","40.033","-76.4643","0001","08","0","0","0","0","0","0","0","0","","0","0","0","00","2","0","00","0","40 01:58.702","","00","76 27:51.292","0","0","0","0","36239","0","0","0","N","0","0","0","1","36239","0","","5","07","N","N","0","","0","0","0","0","0","","0001","0","1","0","0","0","0","0","3","0","1","N","","","","","","","","","","","","10","  ","","",""
"0848","0","0","0","0","0","0","0","0","0","1","0","","36","12","2017","2017134451","3","40.2","-76.421","0844","08","0","0","1","0","0","0","0","0","1","0","0","0","08","1","0","01","1","40 11:59.848","1","00","76 25:15.755","0","0","0","0","36230","0","0","0","N","0","0","0","2","36410","0","","1","09","N","N","1","","0","0","1","0","0","N","0842","0","2","0","0","0","0","0","1","0","2","N","","","","","","","","","","","","03","  ","","",""
"0101","0","0","0","0","0","0","0","0","0","5","0","","36","12","2017","2017134527","1","40.037","-76.3145","0101","08","0","0","0","0","0","0","0","0","1","0","0","0","00","3","0","00","1","40 02:13.260","3","00","76 18:52.329","0","0","0","0","36301","0","0","0","N","0","0","0","1","36301","0","","6","02","","","0","","0","0","3","0","0","N","0059","0","3","0","0","0","0","0","3","0","3","N","","","","","","","","","","","","10","  ","","",""
"1809","2","0","0","0","0","0","0","0","0","1","0","","36","12","2017","2017134532","2","40.1381","-76.5852","1802","08","0","0","0","0","0","1","0","0","2","0","0","0","18","1","2","01","1","40 08:17.290","3","00","76 35:06.532","4","0","0","0","36225","0","0","0","N","0","0","0","4","36505","2","","1","01","N","N","0","","0","0","0","3","2","N","1802","2","2","0","0","0","0","0","2","0","2","N","","","","","","","","","","","","03","  ","","",""
"2009","1","0","0","0","0","0","0","0","0","4","0","","36","12","2017","2017134533","1","40.0429","-76.3046","2008","08","0","0","0","0","0","0","0","0","1","0","0","0","20","3","1","01","1","40 02:34.397","2","00","76 18:16.415","3","0","0","0","36301","0","0","0","N","0","0","0","7","36301","0","","1","01","N","N","0","","1","0","0","3","2","N","2006","1","2","0","0","0","0","0","3","1","2","N","","","","","","","","","","","","03","  ","","",""
"0725","2","0","0","0","0","0","0","0","0","4","0","","36","12","2017","2017134595","3","40.1523","-76.5503","0725","08","0","0","0","1","0","0","0","0","","0","0","0","07","1","0","00","0","40 09:08.300","","00","76 33:01.000","0","0","0","0","36225","0","0","0","N","0","0","0","1","36505","0","","6","09","N","N","0","","0","0","0","0","0","","0725","0","2","0","0","0","0","0","2","0","2","N","","","","","","","","","","","","03","  ","","",""
"1810","1","0","0","0","0","0","0","0","0","5","0","","36","12","2017","2017134604","5","40.0406","-76.3933","1805","08","0","0","0","0","0","0","0","0","1","0","0","0","18","3","0","10","1","40 02:26.272","3","00","76 23:35.824","0","0","0","0","36223","0","0","0","","0","0","0","4","36223","0","","1","01","N","N","1","","0","0","0","0","0","N","1800","0","2","0","0","0","0","0","1","0","2","N","","","","","","","","","","","","03","  ","","",""
"0450","1","0","0","0","0","0","0","0","0","7","0","","36","12","2017","2017134605","4","40.038","-76.3455","0438","08","0","0","0","0","0","1","0","0","1","0","0","0","04","3","1","10","1","40 02:16.834","3","00","76 20:43.907","8","0","0","0","36223","0","0","0","","0","0","0","1","36223","0","","5","01","N","N","0","","0","0","0","0","0","Y","0433","1","1","0","0","0","1","0","1","0","1","N","","","","","","","","","","","","03","  ","","",""
"0810","0","0","0","0","0","0","0","0","0","7","0","","36","12","2017","2017134606","4","40.0066","-76.377","0805","08","0","0","0","0","0","0","0","0","","0","0","0","08","1","1","02","0","40 00:23.629","","00","76 22:37.284","4","0","0","0","36223","0","0","0","Y","0","0","0","1","36223","1","","2","01","N","N","0","","0","0","1","0","0","","0801","1","1","0","0","1","0","0","1","0","1","N","","","","","","","","","","","","03","  ","","",""