"ARRIVAL_TM","AUTOMOBILE_COUNT","BELTED_DEATH_COUNT","BELTED_SUSP_SERIOUS_INJ_COUNT","BICYCLE_COUNT","BICYCLE_DEATH_COUNT","BICYCLE_SUSP_SERIOUS_INJ_COUNT","BUS_COUNT","CHLDPAS_DEATH_COUNT","CHLDPAS_SUSP_SERIOUS_INJ_COUNT","COLLISION_TYPE","COMM_VEH_COUNT","CONS_ZONE_SPD_LIM","COUNTY","CRASH_MONTH","CRASH_YEAR","CRN","DAY_OF_WEEK","DEC_LAT","DEC_LONG","DISPATCH_TM","DISTRICT","DRIVER_COUNT_16YR","DRIVER_COUNT_17YR","DRIVER_COUNT_18YR","DRIVER_COUNT_19YR","DRIVER_COUNT_20YR","DRIVER_COUNT_50_64YR","DRIVER_COUNT_65_74YR","DRIVER_COUNT_75PLUS","EST_HRS_CLOSED","FATAL_COUNT","HEAVY_TRUCK_COUNT","HORSE_BUGGY_COUNT","HOUR_OF_DAY","ILLUMINATION","INJURY_COUNT","INTERSECT_TYPE","LANE_CLOSED","LATITUDE","LN_CLOSE_DIR","LOCATION_TYPE","LONGITUDE","MAX_SEVERITY_LEVEL","MCYCLE_DEATH_COUNT","MCYCLE_SUSP_SERIOUS_INJ_COUNT","MOTORCYCLE_COUNT","MUNICIPALITY","NONMOTR_COUNT","NONMOTR_DEATH_COUNT","NONMOTR_SUSP_SERIOUS_INJ_COUNT","NTFY_HIWY_MAINT","PED_COUNT","PED_DEATH_COUNT","PED_SUSP_SERIOUS_INJ_COUNT","PERSON_COUNT","POLICE_AGCY","POSSIBLE_INJ_COUNT","RDWY_SURF_TYPE_CD","RELATION_TO_ROAD","ROAD_CONDITION","SCH_BUS_IND","SCH_ZONE_IND","SMALL_TRUCK_COUNT","SPEC_JURIS_CD","SUSP_MINOR_INJ_COUNT","SUSP_SERIOUS_INJ_COUNT","SUV_COUNT","TCD_FUNC_CD","TCD_TYPE","TFC_DETOUR_IND","TIME_OF_DAY","TOT_INJ_COUNT","TOTAL_UNITS","UNB_DEATH_COUNT","UNB_SUSP_SERIOUS_INJ_COUNT","UNBELTED_OCC_COUNT","UNK_INJ_DEG_COUNT","UNK_INJ_PER_COUNT","URBAN_RURAL","VAN_COUNT","VEHICLE_COUNT","WORK_ZONE_IND","WORK_ZONE_LOC","WORK_ZONE_TYPE","WORKERS_PRES","WZ_CLOSE_DETOUR","WZ_FLAGGER","WZ_LAW_OFFCR_IND","WZ_LN_CLOSURE","WZ_MOVING","WZ_OTHER","WZ_SHLDER_MDN","ROADWAY_CLEARED","WEATHER1","WEATHER2","WZ_WORKERS_INJ_KILLED","SECONDARY_CRASH","INTERSECTION_RELATED"
"1720","1","0","0","0","0","0","0","0","0","4","0","","36","12","2017","2017134726","3","40.0974","-76.0368","1715","08","0","0","0","0","0","1","1","0","2","0","0","0","17","2","1","00","2","40 05:50.800","6","00","76 02:12.300","3","0","0","0","36213","0","0","0","N","0","0","0","2","36213","0","","1","01","N","N","0","","1","0","1","0","0","Y","1714","1","2","0","0","0","0","0","1","0","2","N","","","","","","","","","","","","03","  ","","",""
"1818","2","0","0","0","0","0","0","0","0","1","0","","36","12","2017","2017134825","2","40.0452","-76.3318","1808","08","0","0","0","0","0","1","0","0","","0","0","0","17","2","0","00","0","40 02:42.635","","00","76 19:54.634","0","0","0","0","36220","0","0","0","","0","0","0","2","36101","0","","1","01","N","N","0","","0","0","0","0","0","","1722","0","2","0","0","0","0","0","3","0","2","N","","","","","","","","","","","","03","  ","","",""
"0336","1","0","0","0","0","0","0","0","0","7","0","","36","12","2017","2017134826","5","40.0186","-76.3186","0336","08","0","0","0","0","0","0","0","0","","0","0","0","03","3","0","02","0","40 01:07.068","","00","76 19:06.833","0","0","0","0","36220","0","0","0","N","0","0","0","1","36101","0","","2","07","N","N","0","","0","0","0","0","0","","0335","0","1","0","0","0","0","0","3","0","1","N","","","","","","","","","","","","10","  ","","",""
"1312","0","0","0","0","0","0","0","0","0","7","0","","36","12","2017","2017134827","7","40.0937","-76.3184","1306","08","0","0","0","0","0","0","0","0","","0","0","0","13","1","0","00","0","40 05:37.320","","00","76 19:06.210","0","0","0","0","36101","0","0","0","N","0","0","0","1","36101","0","","4","02","N","N","1","","0","0","0","0","0","","1303","0","1","0","0","0","0","0","3","0","1","N","","","","","","","","","","","","10","  ","","",""
"1536","2","0","0","0","0","0","0","0","0","1","0","","36","12","2017","2017134828","7","40.0713","-76.3241","1524","08","0","0","0","0","0","0","0","0","","0","0","0","15","1","0","00","0","40 04:16.825","","00","76 19:26.745","0","0","0","0","36101","0","0","0","","0","0","0","1","36101","0","","2","07","N","N","0","","0","0","0","0","0","","1519","0","2","0","0","0","0","0","3","0","2","N","","","","","","","","","","","","10","  ","","",""
"2049","0","0","0","0","0","0","0","0","0","4","0","","36","12","2017","2017134829","4","40.0606","-76.2768","2048","08","0","0","0","0","0","1","0","0","2","0","0","0","20","3","1","01","2","40 03:38.397","7","00","76 16:37.303","4","0","0","0","36101","0","0","0","","0","0","0","4","36101","1","","1","01","N","N","1","","0","0","1","3","2","N","2046","1","2","0","0","0","0","0","3","0","2","N","","","","","","","","","","","","03","  ","","",""
"2329","0","0","0","0","0","0","0","0","0","7","0","","36","12","2017","2017134830","4","40.0789","-76.3433","2324","08","0","0","0","0","0","0","1","0","","0","0","0","23","3","2","00","0","40 04:44.104","","00","76 20:35.987","4","0","0","0","36101","0","0","0","N","0","0","0","2","36101","2","","3","07","N","N","1","","0","0","1","0","0","","2305","2","2","0","0","0","0","0","3","0","2","N","","","","","","","","","","","","10","  ","","",""
"1813","1","0","0","0","0","0","0","0","0","4","0","","36","12","2017","2017134831","2","40.0615","-76.3133","1809","08","0","0","0","0","0","0","0","0","","0","0","0","17","2","0","02","0","40 03:41.347","","00","76 18:47.867","0","0","0","0","36101","0","0","0","","0","0","0","3","36101","0","","1","01","N","N","1","","0","0","0","0","0","","1740","0","2","0","0","0","0","0","3","0","2","N","","","","","","","","","","","","03","  ","","",""
"1515","4","0","0","0","0","0","0","0","0","1","0","","36","12","2017","2017134832","6","40.0429","-76.2379","1500","08","0","2","0","0","0","0","1","0","2","0","0","0","15","1","0","00","2","40 02:34.520","2","00","76 14:16.357","0","0","0","0","36215","0","0","0","N","0","0","0","6","36215","0","","1","07","N","N","0","","0","0","0","0","0","N","1500","0","4","0","0","0","0","0","1","0","4","N","","","","","","","","","","","","10","  ","","",""
"0620","1","0","0","0","0","0","0","0","0","5","0","","36","12","2017","2017134871","4","40.05","-76.308","0619","08","0","0","0","0","0","1","0","0","2","0","0","0","06","3","1","00","1","40 02:59.903","1","00","76 18:28.640","8","0","0","0","36301","0","0","0","N","0","0","0","3","36301","0","","1","01","N","N","1","","0","0","0","0","0","N","0616","1","2","0","0","0","1","0","3","0","2","N","","","","","","","","","","","","03","  ","","",""
"0747","2","0","0","0","0","0","0","0","0","4","0","","36","12","2017","2017134892","4","40.0459","-76.3072","0742","08","0","0","0","0","0","1","0","0","2","0","0","0","07","1","2","01","1","40 02:45.142","4","00","76 18:25.864","8","0","0","0","36301","0","0","0","N","0","0","0","2","36301","0","","1","01","N","N","0","","0","0","0","3","2","Y","0740","2","2","0","0","0","2","0","3","0","2","N","","","","","","","","","","","","03","  ","","",""
"1512","2","0","0","0","0","0","0","0","0","4","0","","36","12","2017","2017134895","6","40.0514","-76.2776","1503","08","0","0","0","0","0","1","0","0","2","0","0","0","14","1","0","01","1","40 03:05.289","7","00","76 16:39.889","0","0","0","0","36301","0","0","0","N","0","0","0","3","36301","0","","1","07","N","N","0","","0","0","0","3","2","Y","1459","0","2","0","0","0","0","0","3","0","2","N","","","","","","","","","","","","10","  ","","",""
"1555","1","0","0","0","0","0","0","0","0","4","0","","36","12","2017","2017134905","2","40.1317","-76.5651","1541","08","0","0","0","0","0","0","0","0","","0","0","0","15","1","1","00","0","40 07:53.949","","07","76 33:54.284","4","0","0","0","36225","0","0","0","N","0","0","0","2","36505","1","","1","01","N","N","0","","0","0","0","0","0","","1539","1","2","0","0","0","0","0","2","1","2","N","","","","","","","","","","","","03","  ","","",""
"1519","0","0","0","0","0","0","0","0","0","4","0","","36","12","2017","2017134908","6","40.2443","-76.0839","1515","08","0","0","0","1","0","0","0","0","1","0","0","0","15","1","0","02","1","40 14:39.346","6","00","76 05:01.939","0","0","0","0","36210","0","0","0","N","0","0","0","2","36210","0","","1","07","N","N","1","","0","0","1","0","0","N","1508","0","2","0","0","0","0","0","1","0","2","N","","","","","","","","","","","","10","  ","","",""
"0736","0","0","0","0","0","0","0","0","0","4","0","","36","12","2017","2017134913","4","40.214","-76.1583","0730","08","0","0","0","0","0","0","1","0","2","0","0","0","07","1","0","01","1","40 12:50.235","1","00","76 09:29.758","0","0","0","0","36210","0","0","0","N","0","0","0","2","36210","0","","1","01","N","N","1","","0","0","0","3","3","N","0727","0","2","0","0","0","0","0","1","1","2","N","","","","","","","","","","","","03","  ","","",""
"0550","2","0","0","0","0","0","0","0","0","1","0","","36","12","2017","2017134917","1","40.2315","-76.1278","0543","08","0","0","0","0","0","0","0","0","2","0","0","0","05","2","0","00","2","40 13:53.500","5","00","76 07:39.900","0","0","0","0","36405","0","0","0","N","0","0","0","1","36210","0","","6","01","N","N","0","","0","0","0","0","0","Y","0541","0","2","0","0","0","0","0","1","0","2","N","","","","","","","","","","","","03","  ","","",""
"1534","1","0","0","0","0","0","0","0","0","7","0","","36","12","2017","2017134938","3","40.2121","-76.5068","1522","08","0","1","0","0","0","0","0","0","1","0","0","0","15","1","0","00","1","40 12:43.509","1","00","76 30:24.373","0","0","0","0","36225","0","0","0","N","0","0","0","2","36505","0","","4","09","N","N","0","","0","0","0","0","0","N","1520","0","1","0","0","0","0","0","2","0","1","N","","","","","","","","","","","","07","  ","","",""
"1432","1","0","0","0","0","0","0","0","0","7","0","","36","12","2017","2017134958","6","40.1455","-76.5487","1419","08","0","0","0","0","0","0","0","0","2","0","0","0","14","1","1","00","1","40 08:43.830","3","00","76 32:55.437","3","0","0","0","36225","0","0","0","N","0","0","0","1","36505","0","","2","07","N","N","0","","1","0","0","0","0","N","1415","1","1","0","0","0","0","0","2","0","1","N","","","","","","","","","","","","10","  ","","",""
"0659","2","0","0","0","0","0","0","0","0","1","0","","36","12","2017","2017135107","2","40.1864","-76.3091","0653","08","0","0","0","0","0","0","0","0","1","0","0","0","06","1","0","02","1","40 11:10.938","2","00","76 18:32.797","0","0","0","0","36235","0","0","0","N","0","0","0","2","36506","0","","1","01","N","N","0","","0","0","0","0","0","N","0650","0","2","0","0","0","0","0","1","0","2","N","","","","","","","","","","","","03","  ","","",""
"1551","1","0","0","0","0","0","0","0","0","4","0","","36","12","2017","2017135163","3","40.0791","-76.3465","1545","08","0","0","0","0","0","0","0","1","","0","0","0","15","1","2","03","0","40 04:44.879","","02","76 20:47.312","3","0","0","0","36101","0","0","0","N","0","0","0","3","36101","1","","1","01","N","N","0","","1","0","1","3","3","","1539","2","2","0","0","0","0","0","3","0","2","N","","","","","","","","","","","","03","  ","","",""
"0824","0","0","0","0","0","0","0","0","0","7","0","","36","11","2017","2017135195","7","39.8838","-76.2488","0806","08","0","1","0","0","0","0","0","0","","0","0","0","08","1","0","00","0","39 53:01.590","","00","76 14:55.728","0","0","0","0","36229","0","0","0","N","0","0","0","1","68J01","0","","4","01","N","N","0","","0","0","1","0","0","","0804","0","1","0","0","0","0","0","1","0","1","N","","","","","","","","","","","","03","  ","","",""
"2305","1","0","0","0","0","0","0","0","0","2","0","","36","11","2017","2017135196","7","39.8337","-76.1498","2222","08","0","0","0","0","1","0","0","0","2","0","0","0","22","3","0","00","2","39 50:01.409","5","00","76 08:59.400","0","0","0","0","36212","0","0","0","N","0","0","0","2","68J01","0","","1","01","N","N","1","","0","0","0","0","0","N","2222","0","2","0","0","0","0","0","1","0","2","N","","","","","","","","","","","","03","  ","","",""
"2038","1","0","0","0","0","0","0","0","0","4","0","","36","12","2017","2017135205","3","40.2259","-76.3019","2013","08","0","0","0","0","0","1","0","0","2","0","0","0","20","2","3","00","1","40 13:33.390","4","00","76 18:06.889","3","0","0","0","36217","0","0","0","","0","0","0","3","68J01","2","","1","09","N","N","0","","1","0","1","0","0","N","2012","3","2","0","0","0","0","0","1","0","2","N","","","","","","","","","","","","07","  ","","",""
"1621","1","0","0","0","0","0","0","0","0","7","0","","36","12","2017","2017135234","6","39.761","-76.1762","1445","08","0","0","0","0","1","0","0","0","","0","0","0","14","1","0","00","0","39 45:39.760","","00","76 10:34.162","0","0","0","0","36219","0","0","0","","0","0","0","2","68J01","0","","4","07","N","N","0","","0","0","0","0","0","","1443","0","1","0","0","0","0","0","1","0","1","N","","","","","","","","","","","","10","  ","","",""
"1807","0","0","0","0","0","0","0","0","0","7","0","","36","12","2017","2017135235","6","39.8687","-76.1184","1659","08","0","0","0","0","0","0","0","0","","0","0","0","16","4","0","00","0","39 52:07.168","","00","76 07:06.248","0","0","0","0","36205","0","0","0","","0","0","0","1","68J01","0","","4","07","N","N","0","","0","0","0","0","0","","1642","0","1","0","0","0","0","0","1","1","1","N","","","","","","","","","","","","10","  ","","",""
"1501","1","0","0","0","0","0","0","0","0","7","0","","36","12","2017","2017135245","1","39.9117","-76.0426","1442","08","0","0","0","0","0","0","0","0","","0","0","0","14","1","0","00","0","39 54:42.110","","00","76 02:33.280","0","0","0","0","36201","0","0","0","","0","0","0","1","68J01","0","","4","01","N","N","0","","0","0","0","0","0","","1441","0","1","0","0","0","0","0","1","0","1","N","","","","","","","","","","","","03","  ","","",""
"1536","1","0","0","0","0","0","0","0","0","4","0","","36","12","2017","2017135246","1","39.845","-76.3027","1526","08","0","0","0","0","0","0","1","1","2","0","0","0","14","1","1","02","2","39 50:41.842","6","00","76 18:09.849","3","0","0","0","36224","0","0","0","","0","0","0","2","68J01","0","","1","01","N","N","0","","1","0","1","3","3","Y","1450","1","2","0","0","0","0","0","1","0","2","N","","","","","","","","","","","","03","  ","","",""
"1148","2","0","0","0","0","0","0","0","0","1","0","","36","12","2017","2017135336","6","40.043","-76.4946","1143","08","0","0","0","0","0","0","0","0","1","0","0","0","11","1","1","00","1","40 02:34.892","3","00","76 29:40.630","3","0","0","0","36404","0","0","0","N","0","0","0","2","36404","0","","1","01","N","N","0","","1","0","0","0","0","N","1143","1","2","0","0","0","0","0","3","0","2","N","","","","","","","","","","","","03","  ","","",""
"1208","1","0","0","0","0","0","0","0","0","4","0","","36","12","2017","2017135415","2","40.0608","-76.3061","1206","08","0","0","0","0","0","0","0","0","2","0","0","0","12","1","2","01","1","40 03:38.254","2","00","76 18:22.514","3","0","0","0","36101","0","0","0","","0","0","0","4","36101","0","","1","01","N","N","0","","2","0","1","3","2","N","1204","2","2","0","0","0","0","0","3","0","2","N","","","","","","","","","","","","03","  ","","",""
"1504","1","0","0","0","0","0","0","0","0","7","0","","36","12","2017","2017135494","6","40.0401","-76.2084","1458","08","0","0","0","0","0","0","0","0","","0","0","0","14","1","0","00","0","40 02:24.260","","00","76 12:30.364","0","0","0","0","36215","0","0","0","N","0","0","0","1","36215","0","","4","07","N","N","0","","0","0","0","0","0","","1455","0","1","0","0","0","0","0","1","0","1","N","","","","","","","","","","","","10","  ","","",""
"1756","1","0","0","0","0","0","0","0","0","7","0","","36","12","2017","2017135497","5","40.1932","-76.5669","1744","08","0","0","0","0","0","0","0","1","2","0","0","0","17","2","1","01","1","40 11:35.494","1","00","76 34:00.820","4","0","0","0","36225","0","0","0","N","0","0","0","1","36505","1","","2","01","N","N","0","","0","0","0","3","3","N","1742","1","1","0","0","0","0","0","2","0","1","N","","","","","","","","","","","","03","  ","","",""
"1515","1","0","0","0","0","0","0","0","0","1","0","","36","12","2017","2017135521","3","40.1518","-76.2447","1506","08","0","0","0","0","0","0","0","0","","0","0","0","15","1","0","00","0","40 09:06.496","","00","76 14:40.806","0","0","0","0","36235","0","0","0","N","0","0","0","2","36506","0","","1","01","N","N","0","","0","0","1","0","0","","1506","0","2","0","0","0","0","0","1","0","2","N","","","","","","","","","","","","03","  ","","",""
"1645","0","0","0","0","0","0","0","0","0","7","0","","36","12","2017","2017135522","6","40.2649","-76.2386","1630","08","0","0","0","0","0","0","0","0","","0","0","0","16","1","0","00","0","40 15:53.707","","00","76 14:18.963","0","0","0","0","36204","0","0","0","N","0","0","0","1","36506","0","","2","07","N","N","1","","0","0","0","0","0","","1630","0","1","0","0","0","0","0","1","0","1","N","","","","","","","","","","","","10","  ","","",""
"1616","1","0","0","0","0","0","0","0","0","4","0","","36","12","2017","2017135547","4","40.0646","-76.3407","1554","08","0","0","0","0","1","1","0","0","2","0","0","0","15","1","0","02","2","40 03:52.508","5","07","76 20:26.652","0","0","0","0","36301","0","0","0","N","0","0","0","2","36301","0","","1","01","N","N","0","","0","0","0","3","3","Y","1517","0","2","0","0","0","0","0","3","1","2","N","","","","","","","","","","","","03","  ","","",""
"1725","0","0","0","0","0","0","0","0","0","4","0","","36","12","2017","2017135641","3","40.2204","-76.2604","1721","08","0","0","0","0","0","1","1","0","","0","0","0","17","2","0","01","0","40 13:13.349","","00","76 15:37.416","0","0","0","0","36217","0","0","0","","0","0","0","3","68J01","0","","1","01","N","N","1","","0","0","1","3","3","","1718","0","2","0","0","0","0","0","1","0","2","N","","","","","","","","","","","","03","  ","","",""
"1326","2","0","0","0","0","0","0","0","0","1","0","","36","12","2017","2017135655","4","40.0636","-76.3594","1322","08","0","0","0","0","0","1","2","0","1","0","0","0","13","1","1","00","1","40 03:48.900","3","00","76 21:33.750","3","0","0","0","36214","0","0","0","N","0","0","0","8","36214","0","","1","01","N","N","0","","1","0","1","0","0","N","1321","1","3","0","0","0","0","0","3","0","3","N","","","","","","","","","","","","03","  ","","",""
"1331","2","0","0","0","0","0","0","0","0","6","0","","36","12","2017","2017135669","5","40.1505","-76.2082","1328","08","0","0","0","0","0","0","0","0","1","0","0","0","13","1","0","00","2","40 09:01.903","5","00","76 12:29.619","0","0","0","0","36402","0","0","0","N","0","0","0","3","36402","0","","1","01","N","N","0","","0","0","0","0","0","Y","1324","0","2","0","0","0","0","0","2","0","2","N","","","","","","","","","","","","03","  ","","",""
"1824","1","0","0","0","0","0","0","0","0","7","0","","36","12","2017","2017135717","5","40.0517","-76.4248","1814","08","0","0","0","0","0","0","0","0","","0","0","0","18","6","0","10","0","40 03:06.289","","00","76 25:29.334","0","0","0","0","36239","0","0","0","N","0","0","0","1","36239","0","","5","01","N","N","0","","0","0","0","0","0","","1813","0","1","0","0","0","0","0","3","0","1","N","","","","","","","","","","","","03","  ","","",""
"1846","1","0","0","0","0","0","0","0","0","7","0","","36","12","2017","2017135722","5","40.1481","-76.0393","1837","08","0","0","0","0","0","0","0","0","2","0","0","0","18","2","0","00","2","40 08:53.215","6","00","76 02:21.431","0","0","0","0","36213","0","0","0","N","0","0","0","1","36213","0","","2","01","N","N","0","","0","0","0","0","0","Y","1830","0","1","0","0","0","0","0","1","0","1","N","","","","","","","","","","","","03","  ","","",""
"1941","0","0","0","0","0","0","0","0","0","7","0","","36","12","2017","2017135742","5","","","1934","08","0","0","0","0","0","0","0","0","2","0","0","0","19","2","1","00","2","","3","00","","8","0","0","0","36239","0","0","0","Y","0","0","0","1","36239","0","","3","01","N","N","0","","0","0","1","0","0","Y","1929","1","1","0","0","0","1","0","3","0","1","N","","","","","","","","","","","","03","  ","","",""
"0050","1","0","0","0","0","0","0","0","0","7","0","","36","12","2017","2017135750","2","40.1534","-76.0886","0045","08","0","0","0","0","0","0","0","0","2","0","0","0","00","2","0","01","2","40 09:12.082","1","00","76 05:19.120","0","0","0","0","36209","0","0","0","N","0","0","0","1","36415","0","","4","01","N","N","0","","0","0","0","3","3","N","0030","0","1","0","0","0","0","0","1","0","1","N","","","","","","","","","","","","03","  ","","",""
"1718","0","0","0","0","0","0","0","0","0","8","0","","36","12","2017","2017135752","2","40.0332","-76.3104","1714","08","0","0","0","0","0","0","0","0","","0","0","0","17","3","1","01","0","40 01:59.467","","00","76 18:37.604","4","0","0","0","36301","1","0","0","N","1","0","0","2","36301","1","","1","01","N","N","0","","0","0","1","0","0","","1706","1","2","0","0","0","0","0","3","0","1","N","","","","","","","","","","","","03","  ","","",""
"0552","0","0","0","0","0","0","0","0","0","8","0","","36","12","2017","2017135782","4","40.0604","-76.2461","0547","08","0","0","0","0","0","1","0","0","1","0","0","0","05","3","1","00","2","40 03:37.547","5","07","76 14:45.897","2","0","0","0","36215","1","0","1","N","1","0","1","2","36215","0","","5","01","N","N","0","","0","1","1","0","0","N","0546","1","2","0","0","0","0","0","1","0","1","N","","","","","","","","","","","","03","  ","","",""
"1835","0","0","0","0","0","0","0","0","0","4","0","","36","12","2017","2017135783","4","40.0697","-76.1699","1832","08","0","0","0","1","0","0","0","1","2","0","1","0","18","2","1","02","2","40 04:11.026","6","00","76 10:11.592","4","0","0","0","36234","0","0","0","","0","0","0","3","36215","1","","1","01","N","N","0","","0","0","1","0","0","N","1831","1","2","0","0","1","0","0","1","0","2","N","","","","","","","","","","","","03","  ","","",""
"1729","3","0","0","0","0","0","0","0","0","1","0","","36","12","2017","2017135784","5","40.1517","-76.2458","1651","08","0","0","0","0","0","1","0","0","2","0","0","0","16","2","0","00","1","40 09:06.297","6","07","76 14:44.802","0","0","0","0","36235","0","0","0","N","0","0","0","3","36506","0","","1","01","N","N","0","","0","0","0","0","0","N","1651","0","3","0","0","0","0","0","1","0","3","N","","","","","","","","","","","","03","  ","","",""
"1720","2","0","0","0","0","0","0","0","0","4","0","","36","11","2017","2017135861","7","40.033","-76.506","1720","08","0","0","0","0","0","2","0","0","2","0","0","0","17","3","1","01","1","40 01:58.979","7","00","76 30:21.554","3","0","0","0","36404","0","0","0","N","0","0","0","2","36404","0","","1","09","N","N","0","","1","0","0","3","3","Y","1720","1","2","0","0","0","0","0","3","0","2","N","","","","","","","","","","","","07","  ","","",""
"1154","1","0","0","0","0","0","0","0","0","1","0","","36","12","2017","2017135872","5","40.0383","-76.3178","1146","08","0","0","0","0","0","0","0","0","","0","0","0","11","1","1","00","0","40 02:17.804","","00","76 19:04.206","3","0","0","0","36301","1","0","0","N","0","0","0","4","36301","0","","1","01","N","N","1","","1","0","0","0","0","","1146","1","2","0","0","0","0","0","3","0","2","N","","","","","","","","","","","","03","  ","","",""
"0701","2","0","0","0","0","0","0","0","0","4","0","","36","12","2017","2017135896","6","39.9898","-76.2566","0655","08","0","0","0","0","0","1","0","0","2","0","0","0","06","2","1","03","2","39 59:23.416","5","00","76 15:23.588","8","0","0","0","36240","0","0","0","N","0","0","0","2","36240","0","","1","01","N","N","0","","0","0","0","3","3","Y","0653","1","2","0","0","0","1","0","1","0","2","N","","","","","","","","","","","","03","  ","","",""
"1009","0","0","0","0","0","0","0","0","0","8","0","","36","12","2017","2017135915","6","40.0478","-76.3075","1008","08","0","0","0","0","0","0","1","0","1","0","0","0","10","1","1","01","1","40 02:51.985","4","00","76 18:27.154","3","0","0","0","36301","1","0","0","N","1","0","0","2","36301","0","","1","01","N","N","0","","1","0","1","3","2","N","1008","1","2","0","0","0","0","0","3","0","1","N","","","","","","","","","","","","03","  ","","",""
"0639","0","0","0","0","0","0","0","0","0","4","0","","36","12","2017","2017135917","3","40.033","-76.506","0638","08","0","0","0","0","0","0","0","0","","0","0","0","06","5","1","01","0","40 01:59.096","","00","76 30:21.379","8","0","0","0","36404","0","0","0","N","0","0","0","2","36404","0","","1","01","N","N","1","","0","0","0","3","3","N","0637","1","2","0","0","0","1","0","3","1","2","N","","","","","","","","","","","","03","  ","","",""
"1730","1","0","0","1","0","0","0","0","0","4","0","","36","12","2017","2017135988","6","40.1129","-76.0286","1727","08","0","0","0","0","0","0","0","0","1","0","0","0","17","2","1","02","1","40 06:46.374","3","00","76 01:43.085","3","0","0","0","36213","1","0","0","N","0","0","0","4","36213","0","","1","01","N","N","0","","1","0","0","0","0","N","1725","1","2","0","0","0","0","0","1","0","1","N","","","","","","","","","","","","03","  ","","",""
"0457","1","0","0","0","0","0","0","0","0","7","0","","36","12","2017","2017135994","4","40.0519","-76.4157","0447","08","0","0","0","0","0","0","0","0","1","0","0","0","04","3","0","02","1","40 03:06.663","2","00","76 24:56.436","0","0","0","0","36239","0","0","0","N","0","0","0","1","36239","0","","4","01","N","N","0","","0","0","0","3","3","N","0444","0","1","0","0","0","0","0","3","0","1","N","","","","","","","","","","","","03","  ","","",""
"1814","1","0","0","0","0","0","0","0","0","7","0","","36","12","2017","2017136005","6","40.1558","-76.087","1808","08","0","0","0","0","0","0","0","0","2","0","0","0","18","2","1","02","2","40 09:21.005","6","00","76 05:13.178","4","0","0","0","36209","0","0","0","N","0","0","0","1","36415","1","","4","01","N","N","0","","0","0","0","3","3","Y","1808","1","1","0","0","0","0","0","1","0","1","N","","","","","","","","","","","","03","  ","","",""
"2335","1","0","0","0","0","0","0","0","0","7","0","","36","12","2017","2017136036","6","40.0397","-76.409","2328","08","0","0","0","0","0","0","0","0","2","0","0","0","23","3","1","00","2","40 02:22.800","5","00","76 24:32.400","8","0","0","0","36239","0","0","0","N","0","0","0","1","36239","0","","4","09","N","N","0","","0","0","0","0","0","Y","2328","1","1","0","0","0","1","0","3","0","1","N","","","","","","","","","","","","07","  ","","",""
"1714","1","0","0","0","0","0","0","0","0","7","0","","36","12","2017","2017136038","7","40.2899","-76.2092","1706","08","0","0","0","0","0","0","0","0","2","0","0","0","17","2","0","00","1","40 17:23.783","2","00","76 12:33.067","0","0","0","0","36236","0","0","0","Y","0","0","0","7","36408","0","","4","09","N","N","0","","0","0","0","0","0","N","1704","0","2","0","0","0","0","0","1","1","2","N","","","","","","","","","","","","10","  ","","",""
"0634","0","0","0","0","0","0","0","0","0","7","0","","36","12","2017","2017136092","3","39.9097","-76.1858","0615","08","0","0","0","0","0","0","0","1","","0","0","0","06","2","0","00","0","39 54:35.073","","07","76 11:09.052","0","0","0","0","36229","0","0","0","N","0","0","0","1","68J01","0","","4","09","N","N","0","","0","0","1","0","0","","0601","0","2","0","0","0","0","0","1","0","1","N","","","","","","","","","","","","03","  ","","",""
"0442","4","0","0","0","0","0","0","0","0","2","0","","36","12","2017","2017136115","1","40.0672","-76.2956","0439","08","0","0","0","0","0","0","0","0","2","0","0","0","04","2","0","00","2","40 04:01.970","6","00","76 17:44.030","0","0","0","0","36101","0","0","0","N","0","0","0","3","36101","0","","1","01","N","N","0","","0","0","0","0","0","N","0433","0","4","0","0","0","0","0","3","0","4","N","","","","","","","","","","","","03","  ","","",""
"0912","0","0","0","0","0","0","0","0","0","1","2","","36","12","2017","2017136116","4","40.0835","-76.2736","0906","08","0","0","0","0","0","0","0","0","","0","2","0","09","1","0","00","0","40 05:00.633","","00","76 16:24.802","0","0","0","0","36101","0","0","0","N","0","0","0","2","36101","0","","1","01","N","N","0","","0","0","0","0","0","","0903","0","2","0","0","0","0","0","3","0","2","N","","","","","","","","","","","","03","  ","","",""
"1737","1","0","0","0","0","0","0","0","0","1","0","","36","12","2017","2017136117","4","40.0637","-76.3395","1722","08","0","0","0","0","0","1","0","0","","0","0","0","17","2","0","00","0","40 03:49.432","","00","76 20:22.282","0","0","0","0","36101","0","0","0","","0","0","0","2","36101","0","","1","01","N","N","0","","0","0","1","0","0","","1708","0","2","0","0","0","0","0","3","0","2","N","","","","","","","","","","","","03","  ","","",""
"1805","0","0","0","0","0","0","0","0","0","4","0","","36","12","2017","2017136118","4","40.0599","-76.2777","1800","08","0","0","0","0","0","2","0","0","2","0","0","0","17","2","3","01","2","40 03:35.530","3","00","76 16:39.623","3","0","0","0","36101","0","0","0","","0","0","0","7","36101","1","","1","01","N","N","0","","2","0","2","3","2","N","1758","3","2","0","0","0","0","0","3","0","2","N","","","","","","","","","","","","03","  ","","",""