"ARRIVAL_TM","AUTOMOBILE_COUNT","BELTED_DEATH_COUNT","BELTED_SUSP_SERIOUS_INJ_COUNT","BICYCLE_COUNT","BICYCLE_DEATH_COUNT","BICYCLE_SUSP_SERIOUS_INJ_COUNT","BUS_COUNT","CHLDPAS_DEATH_COUNT","CHLDPAS_SUSP_SERIOUS_INJ_COUNT","COLLISION_TYPE","COMM_VEH_COUNT","CONS_ZONE_SPD_LIM","COUNTY","CRASH_MONTH","CRASH_YEAR","CRN","DAY_OF_WEEK","DEC_LAT","DEC_LONG","DISPATCH_TM","DISTRICT","DRIVER_COUNT_16YR","DRIVER_COUNT_17YR","DRIVER_COUNT_18YR","DRIVER_COUNT_19YR","DRIVER_COUNT_20YR","DRIVER_COUNT_50_64YR","DRIVER_COUNT_65_74YR","DRIVER_COUNT_75PLUS","EST_HRS_CLOSED","FATAL_COUNT","HEAVY_TRUCK_COUNT","HORSE_BUGGY_COUNT","HOUR_OF_DAY","ILLUMINATION","INJURY_COUNT","INTERSECT_TYPE","LANE_CLOSED","LATITUDE","LN_CLOSE_DIR","LOCATION_TYPE","LONGITUDE","MAX_SEVERITY_LEVEL","MCYCLE_DEATH_COUNT","MCYCLE_SUSP_SERIOUS_INJ_COUNT","MOTORCYCLE_COUNT","MUNICIPALITY","NONMOTR_COUNT","NONMOTR_DEATH_COUNT","NONMOTR_SUSP_SERIOUS_INJ_COUNT","NTFY_HIWY_MAINT","PED_COUNT","PED_DEATH_COUNT","PED_SUSP_SERIOUS_INJ_COUNT","PERSON_COUNT","POLICE_AGCY","POSSIBLE_INJ_COUNT","RDWY_SURF_TYPE_CD","RELATION_TO_ROAD","ROAD_CONDITION","SCH_BUS_IND","SCH_ZONE_IND","SMALL_TRUCK_COUNT","SPEC_JURIS_CD","SUSP_MINOR_INJ_COUNT","SUSP_SERIOUS_INJ_COUNT","SUV_COUNT","TCD_FUNC_CD","TCD_TYPE","TFC_DETOUR_IND","TIME_OF_DAY","TOT_INJ_COUNT","TOTAL_UNITS","UNB_DEATH_COUNT","UNB_SUSP_SERIOUS_INJ_COUNT","UNBELTED_OCC_COUNT","UNK_INJ_DEG_COUNT","UNK_INJ_PER_COUNT","URBAN_RURAL","VAN_COUNT","VEHICLE_COUNT","WORK_ZONE_IND","WORK_ZONE_LOC","WORK_ZONE_TYPE","WORKERS_PRES","WZ_CLOSE_DETOUR","WZ_FLAGGER","WZ_LAW_OFFCR_IND","WZ_LN_CLOSURE","WZ_MOVING","WZ_OTHER","WZ_SHLDER_MDN","ROADWAY_CLEARED","WEATHER1","WEATHER2","WZ_WORKERS_INJ_KILLED","SECONDARY_CRASH","INTERSECTION_RELATED"
"1820","1","0","0","0","0","0","0","0","0","1","0","","36","12","2017","2017136119","4","40.0679","-76.3308","1759","08","0","0","0","1","0","1","0","0","2","0","0","0","17","3","0","00","1","40 04:04.308","3","00","76 19:51.006","0","0","0","0","36101","0","0","0","","0","0","0","3","36101","0","","1","01","N","N","0","","0","0","1","0","0","N","1751","0","2","0","0","0","0","0","3","0","2","N","","","","","","","","","","","","03","  ","","",""
"2030","1","0","0","0","0","0","0","0","0","1","0","","36","12","2017","2017136120","3","40.0692","-76.3059","2030","08","0","0","0","0","0","1","0","0","","0","0","0","19","3","0","00","0","40 04:09.028","","00","76 18:21.399","9","0","0","0","36101","0","0","0","N","0","0","0","2","36101","0","","1","01","N","N","0","","0","0","0","0","0","","1930","0","2","0","0","0","0","1","3","0","2","N","","","","","","","","","","","","03","  ","","",""
"1044","1","0","0","0","0","0","0","0","0","0","0","","36","12","2017","2017136121","5","40.0604","-76.3062","1024","08","0","0","0","0","0","0","0","0","2","0","0","0","10","1","0","00","1","40 03:37.501","3","00","76 18:22.180","0","0","0","0","36101","0","0","0","","0","0","0","1","36101","0","","1","01","N","N","0","","0","0","0","0","0","N","1022","0","1","0","0","0","0","0","3","0","1","N","","","","","","","","","","","","03","  ","","",""
"1135","1","0","0","0","0","0","0","0","0","4","0","","36","12","2017","2017136122","5","40.077","-76.328","1132","08","0","0","0","0","0","0","0","0","2","0","0","0","11","1","0","00","1","40 04:37.080","6","00","76 19:40.650","0","0","0","0","36101","0","0","0","N","0","0","0","2","36101","0","","1","01","N","N","1","","0","0","0","0","0","N","1114","0","2","0","0","0","0","0","3","0","2","N","","","","","","","","","","","","03","  ","","",""
"1101","1","0","0","0","0","0","0","0","0","7","0","","36","12","2017","2017136123","5","40.0527","-76.3775","1051","08","0","0","0","0","0","0","0","0","","0","0","0","10","1","0","00","0","40 03:09.586","","00","76 22:39.132","0","0","0","0","36214","0","0","0","Y","0","0","0","1","36214","0","","3","01","N","N","0","","0","0","0","0","0","","1005","0","1","0","0","0","0","0","3","0","1","N","","","","","","","","","","","","03","  ","","",""
"1205","2","0","0","0","0","0","0","0","0","1","0","","36","12","2017","2017136124","5","40.0437","-76.3913","1200","08","0","0","1","0","0","0","0","1","1","0","0","0","11","1","1","02","2","40 02:37.464","1","00","76 23:28.546","4","0","0","0","36214","0","0","0","N","0","0","0","4","36214","1","","1","01","N","N","0","","0","0","0","3","2","N","1157","1","2","0","0","0","0","0","3","0","2","N","","","","","","","","","","","","03","  ","","",""
"0537","2","0","0","0","0","0","0","0","0","2","0","","36","11","2017","2017136148","5","39.9935","-76.0251","0521","08","0","0","0","0","1","0","0","0","2","0","0","0","05","3","0","00","1","39 59:36.423","4","00","76 01:30.294","0","0","0","0","36232","0","0","0","","0","0","0","2","68J01","0","","1","01","N","N","0","","0","0","0","3","8","Y","0517","0","2","0","0","0","0","0","1","0","2","N","","","","","","","","","","","","03","  ","","",""
"1523","0","0","0","0","0","0","0","0","0","1","0","","36","11","2017","2017136157","2","39.9927","-76.2006","1509","08","0","0","0","0","0","0","1","0","","0","0","1","14","1","0","00","0","39 59:33.550","","00","76 12:02.311","0","0","0","0","36233","1","0","0","","0","0","0","2","68J01","0","","1","01","N","N","0","","0","0","1","0","0","","1459","0","2","0","0","0","0","0","1","0","1","N","","","","","","","","","","","","03","  ","","",""
"1746","1","0","0","0","0","0","0","0","0","7","0","","36","12","2017","2017136169","7","40.0675","-76.018","1746","08","0","0","0","0","0","0","0","0","","0","0","0","17","2","0","00","0","40 04:02.978","","00","76 01:04.817","0","0","0","0","36232","0","0","0","","0","0","0","1","68J01","0","","5","07","N","N","0","","0","0","0","0","0","","1711","0","1","0","0","0","0","0","1","0","1","N","","","","","","","","","","","","10","  ","","",""
"0847","0","0","0","0","0","0","0","0","0","4","0","","36","12","2017","2017136180","3","40.0429","-76.359","0845","08","0","0","0","0","0","0","0","0","2","0","0","0","08","1","0","02","1","40 02:34.296","1","07","76 21:32.418","0","0","0","0","36214","0","0","0","N","0","0","0","2","36214","0","","1","01","N","N","2","","0","0","0","0","0","N","0840","0","2","0","0","0","0","0","3","0","2","N","","","","","","","","","","","","03","  ","","",""
"1739","2","0","0","0","0","0","0","0","0","8","0","","36","12","2017","2017136183","6","39.8167","-76.1922","1719","08","0","0","0","1","0","0","0","0","","0","0","0","16","2","1","00","0","39 49:00.238","","00","76 11:31.743","3","0","0","0","36208","1","0","0","","1","0","0","2","68J01","0","","4","07","N","N","0","","1","0","0","0","0","","1656","1","3","0","0","0","0","0","1","0","2","N","","","","","","","","","","","","10","  ","","",""
"1729","1","0","0","0","0","0","0","0","0","4","0","","36","12","2017","2017136198","4","39.8899","-76.2377","1657","08","0","1","0","0","0","0","0","1","2","0","0","0","16","4","0","01","1","39 53:23.615","7","00","76 14:15.875","0","0","0","0","36208","0","0","0","","0","0","0","2","68J01","0","","1","01","N","N","1","","0","0","0","3","3","N","1654","0","2","0","0","0","0","0","1","0","2","N","","","","","","","","","","","","03","  ","","",""
"2015","0","0","0","0","0","0","0","0","0","7","0","","36","12","2017","2017136199","4","39.8495","-76.3134","2003","08","0","0","1","0","0","0","0","0","","0","0","0","20","2","0","00","0","39 50:58.278","","00","76 18:48.388","0","0","0","0","36224","0","0","0","","0","0","0","1","68J01","0","","4","01","N","N","0","","0","0","1","0","0","","2001","0","1","0","0","0","0","0","1","0","1","N","","","","","","","","","","","","03","  ","","",""
"0934","1","0","0","0","0","0","0","0","0","1","0","","36","12","2017","2017136202","5","39.9035","-76.2418","0924","08","0","0","0","0","0","1","0","0","","0","0","0","09","1","0","02","0","39 54:12.589","","00","76 14:30.554","0","0","0","0","36229","0","0","0","","0","0","0","2","68J01","0","","1","01","N","N","0","","0","0","1","0","0","","0919","0","2","0","0","0","0","0","1","0","2","N","","","","","","","","","","","","03","  ","","",""
"1551","0","0","0","0","0","0","0","0","0","4","0","","36","12","2017","2017136221","6","40.0668","-76.328","1550","08","0","0","0","0","0","1","0","0","2","0","0","0","15","1","1","02","2","40 04:00.391","1","00","76 19:40.951","4","0","0","0","36301","0","0","0","N","0","0","0","2","36301","1","","1","01","N","N","1","","0","0","1","3","3","Y","1541","1","2","0","0","0","0","0","3","0","2","N","","","","","","","","","","","","03","  ","","",""
"1409","2","0","0","0","0","0","0","0","0","4","0","","36","12","2017","2017136257","5","40.0401","-76.3164","1405","08","0","0","0","0","0","0","1","0","2","0","0","0","14","1","0","01","2","40 02:24.313","3","00","76 18:59.176","0","0","0","0","36301","0","0","0","N","0","0","0","2","36301","0","","1","01","N","N","0","","0","0","0","3","3","Y","1405","0","2","0","0","0","0","0","3","0","2","N","","","","","","","","","","","","03","  ","","",""
"1815","1","0","0","0","0","0","0","0","0","4","0","","36","12","2017","2017136272","6","40.0946","-76.1122","1814","08","0","1","0","0","0","1","0","0","2","0","0","0","18","3","4","00","2","40 05:40.393","6","07","76 06:43.913","3","0","0","0","36209","0","0","0","N","0","0","0","5","36415","0","","1","01","N","N","0","","4","0","0","0","0","Y","1814","4","2","0","0","1","0","0","1","1","2","N","","","","","","","","","","","","03","  ","","",""
"2003","0","0","0","0","0","0","0","0","0","4","0","","36","12","2017","2017136347","7","40.1009","-76.0823","1959","08","0","0","0","0","0","1","0","0","2","0","0","0","19","3","0","01","2","40 06:03.334","5","00","76 04:56.150","0","0","0","0","36415","0","0","0","N","0","0","0","3","36415","0","","1","09","N","N","1","","0","0","1","3","3","Y","1959","0","2","0","0","0","0","0","1","0","2","N","","","","","","","","","","","","07","  ","","",""
"1708","1","0","0","0","0","0","0","0","0","4","0","","36","12","2017","2017136352","6","40.1293","-76.2191","1705","08","0","0","0","0","0","1","0","1","2","0","0","0","17","2","2","01","1","40 07:51.556","7","00","76 13:01.609","8","0","0","0","36238","0","0","0","N","0","0","0","3","36238","0","","1","01","N","N","1","","0","0","0","3","2","N","1704","2","2","0","0","2","2","0","3","0","2","N","","","","","","","","","","","","03","  ","","",""
"1923","0","0","0","0","0","0","0","0","0","4","0","","36","12","2017","2017136360","7","40.0384","-76.3013","1914","08","0","0","0","0","0","0","0","0","3","0","0","0","19","3","2","01","1","40 02:18.358","3","00","76 18:04.767","4","0","0","0","36301","0","0","0","N","0","0","0","5","36301","1","","1","09","N","N","1","","0","0","1","3","2","Y","1914","2","3","0","0","0","1","0","3","1","3","N","","","","","","","","","","","","07","  ","","",""
"2359","1","0","0","0","0","0","0","0","0","7","0","","36","12","2017","2017136380","7","40.2248","-76.3827","2354","08","0","0","0","0","0","0","0","0","1","0","0","0","23","2","1","00","2","40 13:29.312","6","00","76 22:57.798","8","0","0","0","36227","0","0","0","N","0","0","0","1","36506","0","","4","09","N","N","0","","0","0","0","0","0","Y","2354","1","2","0","0","0","1","0","1","0","1","N","","","","","","","","","","","","07","  ","","",""
"1125","0","0","0","0","0","0","0","0","0","4","0","","36","12","2017","2017136454","6","40.1646","-76.1726","1122","08","0","0","0","0","0","1","0","1","1","0","0","0","11","1","2","01","2","40 09:52.610","5","00","76 10:21.522","3","0","0","0","36218","0","0","0","N","0","0","0","3","36408","0","","1","01","N","N","0","","2","0","2","3","3","Y","1120","2","2","0","0","0","0","0","1","0","2","N","","","","","","","","","","","","03","  ","","",""
"1321","1","0","0","0","0","0","0","0","0","7","0","","36","12","2017","2017136455","7","40.1739","-76.0767","1312","08","0","1","0","0","0","0","0","0","2","0","0","0","12","1","2","00","1","40 10:25.900","6","00","76 04:36.100","4","0","0","0","36213","0","0","0","N","0","0","0","2","36213","2","","4","09","N","N","0","","0","0","0","0","0","N","1258","2","1","0","0","2","0","0","1","0","1","N","","","","","","","","","","","","07","  ","","",""
"1429","1","0","0","0","0","0","0","0","0","2","1","","36","12","2017","2017136456","2","40.1283","-76.5549","1423","08","0","0","0","0","0","1","0","0","3","0","1","0","14","1","1","00","1","40 07:42.012","4","00","76 33:17.756","3","0","0","0","36225","0","0","0","N","0","0","0","2","36505","0","","1","01","N","N","0","","1","0","0","0","0","Y","1420","1","2","0","0","0","0","0","2","0","2","N","","","","","","","","","","","","03","  ","","",""
"1247","0","0","0","0","0","0","0","0","0","7","0","","36","12","2017","2017136468","7","40.011","-76.2245","1242","08","0","0","0","0","0","0","0","0","2","0","0","0","12","1","0","00","2","40 00:39.768","5","00","76 13:28.319","0","0","0","0","36240","0","0","0","N","0","0","0","1","36240","0","","4","07","N","N","0","","0","0","0","0","0","Y","1240","0","1","0","0","0","0","0","1","1","1","N","","","","","","","","","","","","03","  ","","",""
"0852","1","0","0","0","0","0","0","0","0","4","0","","36","12","2017","2017136471","6","40.0505","-76.3949","0848","08","0","0","0","0","0","1","1","0","","0","0","0","08","1","0","00","0","40 03:01.752","","07","76 23:41.760","0","0","0","0","36214","0","0","0","N","0","0","0","3","36214","0","","1","01","N","N","0","","0","0","0","0","0","","0845","0","2","0","0","0","0","0","3","1","2","N","","","","","","","","","","","","03","  ","","",""
"1335","2","0","0","0","0","0","0","0","0","1","0","","36","12","2017","2017136473","6","40.1656","-76.1601","1332","08","0","0","0","0","0","0","0","0","","0","0","0","13","1","3","00","0","40 09:56.159","","00","76 09:36.398","3","0","0","0","36218","0","0","0","N","0","0","0","6","36408","2","","1","01","N","N","0","","1","0","0","0","0","","1330","3","3","0","0","1","0","0","1","1","3","N","","","","","","","","","","","","03","  ","","",""
"1806","2","0","0","0","0","0","0","0","0","4","0","","36","12","2017","2017136478","7","40.0499","-76.3079","1804","08","0","0","0","0","0","1","0","0","1","0","0","0","18","6","1","01","1","40 02:59.610","1","00","76 18:28.586","4","0","0","0","36301","0","0","0","N","0","0","0","2","36301","1","","1","09","N","N","0","","0","0","0","3","2","N","1802","1","2","0","0","1","0","0","3","0","2","N","","","","","","","","","","","","07","  ","","",""
"1237","2","0","0","0","0","0","0","0","0","4","0","","36","12","2017","2017136495","7","40.1145","-76.6467","1227","08","0","0","0","1","0","2","0","0","2","0","0","0","12","1","0","01","2","40 06:52.300","4","00","76 38:48.076","0","0","0","0","36237","0","0","0","N","0","0","0","6","36505","0","","1","09","N","N","0","","0","0","1","3","3","N","1226","0","3","0","0","0","0","0","1","0","3","N","","","","","","","","","","","","07","  ","","",""
"1057","1","0","0","0","0","0","0","0","0","1","0","","36","12","2017","2017136518","1","40.0318","-76.489","1057","08","0","0","0","0","0","1","0","0","2","0","0","0","10","1","1","00","2","40 01:54.331","6","07","76 29:20.290","4","0","0","0","36404","0","0","0","N","0","0","0","2","36404","1","","1","01","N","N","0","","0","0","1","0","0","Y","1057","1","2","0","0","1","0","0","3","0","2","N","","","","","","","","","","","","03","  ","","",""
"1540","2","0","0","0","0","0","0","0","0","4","0","","36","12","2017","2017136520","1","40.0398","-76.3039","1539","08","0","0","0","0","0","1","0","0","","0","0","0","15","1","0","01","0","40 02:23.108","","00","76 18:14.080","0","0","0","0","36301","0","0","0","N","0","0","0","1","36301","0","","1","01","N","N","0","","0","0","0","3","2","","1539","0","2","0","0","0","0","0","3","0","2","N","","","","","","","","","","","","03","  ","","",""
"1257","2","0","0","0","0","0","0","0","0","1","0","","36","12","2017","2017136565","6","40.0806","-76.3275","1254","08","0","0","0","0","0","0","0","0","","0","0","0","12","1","1","00","0","40 04:50.255","","00","76 19:38.978","4","0","0","0","36101","0","0","0","","0","0","0","5","36101","1","","1","01","N","N","0","","0","0","1","0","0","","1252","1","3","0","0","0","0","0","3","0","3","N","","","","","","","","","","","","03","  ","","",""
"1309","1","0","0","0","0","0","0","0","0","1","0","","36","12","2017","2017136566","6","40.0638","-76.3405","1309","08","0","0","0","0","0","1","0","0","2","0","0","0","12","1","1","01","2","40 03:49.564","1","00","76 20:25.884","3","0","0","0","36101","0","0","0","","0","0","0","2","36101","0","","1","01","N","N","0","","1","0","1","3","2","N","1259","1","2","0","0","0","0","0","3","0","2","N","","","","","","","","","","","","03","  ","","",""
"1418","1","0","0","0","0","0","0","0","0","1","0","","36","12","2017","2017136567","6","40.0679","-76.2966","1418","08","1","1","0","0","0","0","0","0","2","0","0","0","14","1","3","00","1","40 04:04.509","3","00","76 17:47.686","4","0","0","0","36101","0","0","0","","0","0","0","7","36101","3","","1","01","N","N","0","","0","0","1","0","0","N","1418","3","3","0","0","0","0","0","3","1","3","N","","","","","","","","","","","","03","  ","","",""
"1515","0","0","0","0","0","0","0","0","0","9","0","","36","12","2017","2017136568","6","40.0573","-76.2799","1429","08","0","0","0","0","0","0","0","0","","0","0","0","14","1","0","02","0","40 03:26.215","","00","76 16:47.517","0","0","0","0","36101","0","0","0","N","0","0","0","2","36101","0","","1","01","N","N","0","","0","0","1","0","0","","1428","0","1","0","0","0","0","0","3","0","1","N","","","","","","","","","","","","03","  ","","",""
"0647","1","0","0","0","0","0","0","0","0","7","0","","36","12","2017","2017136569","7","40.0996","-76.3289","0642","08","0","0","0","0","0","0","0","0","","0","0","0","06","2","0","00","0","40 05:58.471","","00","76 19:44.150","0","0","0","0","36101","0","0","0","","0","0","0","1","36101","0","","4","09","N","N","0","","0","0","0","0","0","","0640","0","1","0","0","0","0","0","3","0","1","N","","","","","","","","","","","","07","  ","","",""
"1721","2","0","0","0","0","0","0","0","0","1","0","","36","12","2017","2017136598","1","40.1013","-76.418","1712","08","0","0","0","0","0","1","0","0","","0","0","0","17","2","0","00","0","40 06:04.502","","00","76 25:04.706","0","0","0","0","36214","0","0","0","N","0","0","0","3","36214","0","","1","01","N","N","0","","0","0","0","0","0","","1708","0","2","0","0","0","0","0","3","0","2","N","","","","","","","","","","","","03","  ","","",""
"2154","1","0","0","0","0","0","0","0","0","8","0","","36","12","2017","2017136651","6","40.0317","-76.3196","2152","08","0","1","0","0","0","0","0","0","1","0","0","0","21","3","1","01","2","40 01:54.135","7","00","76 19:10.435","3","0","0","0","36301","1","0","0","N","1","0","0","2","36301","0","","1","01","N","N","0","","1","0","0","3","3","Y","2151","1","2","0","0","0","0","0","3","0","1","N","","","","","","","","","","","","03","  ","","",""
"0809","1","0","0","0","0","0","0","0","0","1","0","","36","12","2017","2017136764","5","40.0442","-76.2922","0809","08","0","0","0","0","0","0","0","0","1","0","0","0","08","1","0","00","1","40 02:39.087","4","00","76 17:31.875","0","0","0","0","36301","0","0","0","N","0","0","0","1","36301","0","","6","01","N","N","1","","0","0","0","3","2","N","0809","0","2","0","0","0","0","0","3","0","2","N","","","","","","","","","","","","03","  ","","",""
"1316","1","0","0","0","0","0","0","0","0","4","0","","36","12","2017","2017136766","2","40.0339","-76.2964","1312","08","0","0","0","0","0","0","0","0","","0","0","0","12","1","0","01","0","40 02:02.004","","00","76 17:47.158","0","0","0","0","36301","0","0","0","N","0","0","0","2","36301","0","","1","01","N","N","0","","0","0","1","3","3","","1227","0","2","0","0","0","0","0","3","0","2","N","","","","","","","","","","","","03","  ","","",""
"1735","1","0","0","0","0","0","0","0","0","1","0","","36","12","2017","2017136775","4","40.1636","-76.1525","1725","08","0","0","0","0","0","2","0","0","2","0","0","0","17","3","0","01","1","40 09:49.441","2","02","76 09:08.800","0","0","0","0","36218","0","0","0","N","0","0","0","3","36408","0","","1","01","N","N","0","","0","0","2","3","2","N","1720","0","3","0","0","0","0","0","1","0","3","N","","","","","","","","","","","","03","  ","","",""
"0803","2","0","0","0","0","0","0","0","0","4","0","","36","12","2017","2017136776","5","40.1753","-76.1708","0759","08","0","0","0","0","0","0","0","0","1","0","0","0","07","1","0","01","1","40 10:31.029","2","00","76 10:15.038","0","0","0","0","36408","0","0","0","N","0","0","0","3","36408","0","","1","01","N","N","0","","0","0","0","0","0","N","0759","0","2","0","0","0","0","0","2","0","2","N","","","","","","","","","","","","03","  ","","",""
"1217","1","0","0","0","0","0","0","0","0","1","0","","36","12","2017","2017136779","5","40.186","-76.1869","1213","08","0","0","1","0","0","0","1","0","","0","0","0","12","1","0","01","0","40 11:09.702","","00","76 11:12.910","0","0","0","0","36408","0","0","0","N","0","0","0","3","36408","0","","1","01","N","N","0","","0","0","2","3","2","","1213","0","3","0","0","0","0","0","2","0","3","N","","","","","","","","","","","","03","  ","","",""
"0737","1","0","0","0","0","0","0","0","0","7","0","","36","12","2017","2017136787","2","40.2051","-76.1175","0730","08","0","1","0","0","0","0","0","0","","0","0","0","07","1","0","00","0","40 12:18.526","","00","76 07:02.959","0","0","0","0","36210","0","0","0","Y","0","0","0","1","36210","0","","2","02","N","N","0","","0","0","0","0","0","","0729","0","1","0","0","0","0","0","1","0","1","N","","","","","","","","","","","","10","  ","","",""
"0804","1","0","0","0","0","0","0","0","0","7","0","","36","12","2017","2017136788","2","40.2043","-76.1181","0803","08","0","0","0","1","0","0","0","0","2","0","0","0","08","1","1","00","2","40 12:14.992","1","03","76 07:05.342","8","0","0","0","36210","0","0","0","N","0","0","0","1","36210","0","","4","02","N","N","0","","0","0","0","0","0","Y","0803","1","1","0","0","0","1","0","1","0","1","N","","","","","","","","","","","","10","  ","","",""
"0923","1","0","0","0","0","0","0","0","0","1","0","","36","12","2017","2017136791","2","40.2031","-76.1191","0922","08","0","0","0","0","0","1","0","0","2","0","0","0","08","1","2","00","1","40 12:10.971","1","00","76 07:08.894","4","0","0","0","36210","0","0","0","N","0","0","0","4","36210","1","","1","02","N","N","0","","0","0","1","0","0","Y","0853","2","2","0","0","0","1","0","1","0","2","N","","","","","","","","","","","","10","  ","","",""
"0849","1","0","0","0","0","0","0","0","0","7","0","","36","12","2017","2017136799","2","40.2001","-76.1207","0841","08","0","0","0","0","0","0","0","0","2","0","0","0","08","1","0","00","1","40 12:00.409","1","00","76 07:14.376","0","0","0","0","36210","0","0","0","Y","0","0","0","1","36210","0","","4","02","N","N","0","","0","0","0","0","0","Y","0837","0","1","0","0","0","0","0","1","0","1","N","","","","","","","","","","","","10","  ","","",""
"0932","1","0","0","0","0","0","0","0","0","9","0","","36","12","2017","2017136809","2","40.0553","-76.2683","0925","08","0","0","0","0","0","1","0","0","","0","0","0","09","1","0","00","0","40 03:19.240","","00","76 16:05.869","0","0","0","0","36215","0","0","0","N","0","0","0","1","36215","0","","1","01","N","N","0","","0","0","0","0","0","","0925","0","1","0","0","0","0","0","1","0","1","N","","","","","","","","","","","","03","  ","","",""
"0855","0","0","0","0","0","0","0","0","0","1","0","","36","12","2017","2017136814","2","40.0389","-76.2971","0843","08","0","0","0","0","0","1","0","0","","0","0","0","08","1","1","01","0","40 02:20.039","","00","76 17:49.619","4","0","0","0","36301","0","0","0","N","0","0","0","2","36301","1","","1","01","N","N","0","","0","0","1","3","2","","0843","1","2","0","0","0","0","0","3","1","2","N","","","","","","","","","","","","03","  ","","",""
"1841","1","0","0","0","0","0","0","0","0","2","0","","36","12","2017","2017136839","5","39.8689","-76.2275","1836","08","0","0","1","0","0","0","0","0","1","0","0","0","18","3","1","01","1","39 52:09.173","3","00","76 13:39.324","4","0","0","0","36208","0","0","0","","0","0","0","2","68J01","1","","1","01","N","N","0","","0","0","1","3","2","N","1833","1","2","0","0","0","0","0","1","0","2","N","","","","","","","","","","","","03","  ","","",""
"1510","1","0","0","0","0","0","0","0","0","7","0","","36","12","2017","2017136840","6","39.8051","-76.159","1510","08","0","0","0","0","0","1","0","0","","0","0","0","15","1","0","00","0","39 48:18.273","","00","76 09:32.280","0","0","0","0","36219","0","0","0","","0","0","0","1","68J01","0","","4","07","N","N","0","","0","0","0","0","0","","1508","0","1","0","0","0","0","0","1","0","1","N","","","","","","","","","","","","10","  ","","",""
"1629","1","0","0","0","0","0","0","0","0","7","0","","36","12","2017","2017136841","6","39.8462","-76.3035","1549","08","0","0","0","0","0","0","0","1","","0","0","0","15","1","1","00","0","39 50:46.360","","00","76 18:12.700","3","0","0","0","36224","0","0","0","N","0","0","0","1","68J01","0","","2","07","N","N","0","","1","0","0","0","0","","1541","1","1","0","0","0","0","0","1","0","1","N","","","","","","","","","","","","10","  ","","",""
"1606","1","0","0","0","0","0","0","0","0","0","0","","36","12","2017","2017136842","6","39.9405","-76.2613","1559","08","0","0","0","0","1","0","0","0","1","0","0","0","15","1","0","00","2","39 56:25.720","6","00","76 15:40.697","0","0","0","0","36228","0","0","0","N","0","0","0","1","68J01","0","","1","07","N","N","0","","0","0","0","0","0","N","1555","0","1","0","0","0","0","0","1","0","1","N","","","","","","","","","","","","10","  ","","",""
"1749","1","0","0","0","0","0","0","0","0","4","0","","36","12","2017","2017136843","6","39.8822","-76.2626","1740","08","0","0","0","0","0","1","0","0","1","0","0","0","16","2","0","03","2","39 52:55.885","6","00","76 15:45.251","0","0","0","0","36229","0","0","0","","0","0","0","2","68J01","0","","1","07","N","N","0","","0","0","0","0","0","Y","1602","0","2","0","0","0","0","0","1","1","2","N","","","","","","","","","","","","10","  ","","",""
"1849","0","0","0","0","0","0","0","0","0","7","0","","36","12","2017","2017136845","6","39.8273","-76.2507","1832","08","0","0","0","1","0","0","0","0","","0","0","0","17","2","0","00","0","39 49:38.150","","00","76 15:02.410","0","0","0","0","36208","0","0","0","N","0","0","0","4","68J01","0","","4","07","N","N","0","","0","0","0","0","0","","1731","0","1","0","0","4","0","0","1","1","1","N","","","","","","","","","","","","10","  ","","",""
"1750","0","0","0","0","0","0","0","0","0","4","1","","36","12","2017","2017136849","2","40.0043","-76.1024","1723","08","0","0","0","0","0","0","1","0","","0","1","0","17","2","0","02","0","40 00:15.500","","00","76 06:08.676","0","0","0","0","36226","0","0","0","N","0","0","0","2","68J01","0","","1","01","N","N","0","","0","0","0","0","0","","1721","0","2","0","0","0","0","0","1","1","2","N","","","","","","","","","","","","03","  ","","",""
"1605","0","0","0","0","0","0","0","0","0","7","0","","36","12","2017","2017136856","5","39.7712","-76.2","1543","08","0","0","1","0","0","0","0","0","","0","0","0","15","1","0","00","0","39 46:16.150","","00","76 12:00.130","0","0","0","0","36219","0","0","0","N","0","0","0","3","68J01","0","","4","01","N","N","0","","0","0","1","0","0","","1542","0","1","0","0","0","0","0","1","0","1","N","","","","","","","","","","","","03","  ","","",""
"2015","0","0","0","0","0","0","0","0","0","7","0","","36","12","2017","2017136881","2","40.1701","-76.0534","2015","08","0","0","0","0","0","0","0","0","","0","0","0","20","2","0","00","0","40 10:12.421","","00","76 03:12.221","0","0","0","0","36213","0","0","0","Y","0","0","0","1","36213","0","","4","01","N","N","0","","0","0","1","0","0","","2000","0","1","0","0","0","0","0","1","0","1","N","","","","","","","","","","","","03","  ","","",""
"2250","1","0","0","0","0","0","0","0","0","7","0","","36","12","2017","2017136914","7","40.0129","-76.3176","2241","08","0","0","0","0","0","0","0","0","2","0","0","0","21","3","0","00","1","40 00:46.570","4","00","76 19:03.420","0","0","0","0","36220","0","0","0","N","0","0","0","1","36101","0","","4","09","N","N","0","","0","0","0","0","0","Y","2128","0","1","0","0","0","0","0","3","0","1","N","","","","","","","","","","","","03","  ","","",""
"1600","2","0","0","0","0","0","0","0","0","1","1","","36","12","2017","2017136915","5","40.0811","-76.2774","1550","08","0","0","0","0","0","2","0","0","2","0","1","0","15","1","1","00","1","40 04:51.916","2","00","76 16:38.792","4","0","0","0","36101","0","0","0","","0","0","0","7","36101","1","","1","01","N","N","1","","0","0","2","0","0","N","1550","1","6","0","0","0","0","0","3","0","6","N","","","","","","","","","","","","03","  ","","",""