"ARRIVAL_TM","AUTOMOBILE_COUNT","BELTED_DEATH_COUNT","BELTED_SUSP_SERIOUS_INJ_COUNT","BICYCLE_COUNT","BICYCLE_DEATH_COUNT","BICYCLE_SUSP_SERIOUS_INJ_COUNT","BUS_COUNT","CHLDPAS_DEATH_COUNT","CHLDPAS_SUSP_SERIOUS_INJ_COUNT","COLLISION_TYPE","COMM_VEH_COUNT","CONS_ZONE_SPD_LIM","COUNTY","CRASH_MONTH","CRASH_YEAR","CRN","DAY_OF_WEEK","DEC_LAT","DEC_LONG","DISPATCH_TM","DISTRICT","DRIVER_COUNT_16YR","DRIVER_COUNT_17YR","DRIVER_COUNT_18YR","DRIVER_COUNT_19YR","DRIVER_COUNT_20YR","DRIVER_COUNT_50_64YR","DRIVER_COUNT_65_74YR","DRIVER_COUNT_75PLUS","EST_HRS_CLOSED","FATAL_COUNT","HEAVY_TRUCK_COUNT","HORSE_BUGGY_COUNT","HOUR_OF_DAY","ILLUMINATION","INJURY_COUNT","INTERSECT_TYPE","LANE_CLOSED","LATITUDE","LN_CLOSE_DIR","LOCATION_TYPE","LONGITUDE","MAX_SEVERITY_LEVEL","MCYCLE_DEATH_COUNT","MCYCLE_SUSP_SERIOUS_INJ_COUNT","MOTORCYCLE_COUNT","MUNICIPALITY","NONMOTR_COUNT","NONMOTR_DEATH_COUNT","NONMOTR_SUSP_SERIOUS_INJ_COUNT","NTFY_HIWY_MAINT","PED_COUNT","PED_DEATH_COUNT","PED_SUSP_SERIOUS_INJ_COUNT","PERSON_COUNT","POLICE_AGCY","POSSIBLE_INJ_COUNT","RDWY_SURF_TYPE_CD","RELATION_TO_ROAD","ROAD_CONDITION","SCH_BUS_IND","SCH_ZONE_IND","SMALL_TRUCK_COUNT","SPEC_JURIS_CD","SUSP_MINOR_INJ_COUNT","SUSP_SERIOUS_INJ_COUNT","SUV_COUNT","TCD_FUNC_CD","TCD_TYPE","TFC_DETOUR_IND","TIME_OF_DAY","TOT_INJ_COUNT","TOTAL_UNITS","UNB_DEATH_COUNT","UNB_SUSP_SERIOUS_INJ_COUNT","UNBELTED_OCC_COUNT","UNK_INJ_DEG_COUNT","UNK_INJ_PER_COUNT","URBAN_RURAL","VAN_COUNT","VEHICLE_COUNT","WORK_ZONE_IND","WORK_ZONE_LOC","WORK_ZONE_TYPE","WORKERS_PRES","WZ_CLOSE_DETOUR","WZ_FLAGGER","WZ_LAW_OFFCR_IND","WZ_LN_CLOSURE","WZ_MOVING","WZ_OTHER","WZ_SHLDER_MDN","ROADWAY_CLEARED","WEATHER1","WEATHER2","WZ_WORKERS_INJ_KILLED","SECONDARY_CRASH","INTERSECTION_RELATED"
"1826","1","0","0","0","0","0","0","0","0","1","0","","36","12","2017","2017136916","5","40.0935","-76.2621","1817","08","0","0","0","0","0","1","1","0","","0","0","0","18","2","0","00","0","40 05:36.565","","00","76 15:43.574","0","0","0","0","36101","0","0","0","","0","0","0","2","36101","0","","1","01","N","N","0","","0","0","1","0","0","","1816","0","2","0","0","0","0","0","3","0","2","N","","","","","","","","","","","","03","  ","","",""
"1726","1","0","0","0","0","0","0","0","0","1","0","","36","12","2017","2017136917","4","40.0762","-76.3477","1706","08","0","0","0","0","0","1","0","0","","0","0","0","17","3","0","02","0","40 04:34.192","","00","76 20:51.752","0","0","0","0","36101","0","0","0","","0","0","0","2","36101","0","","1","01","N","N","0","","0","0","1","3","3","","1700","0","2","0","0","0","0","0","3","0","2","N","","","","","","","","","","","","03","  ","","",""
"2036","1","0","0","0","0","0","0","0","0","1","1","","36","12","2017","2017136918","7","40.0695","-76.3078","2032","08","0","0","0","0","0","1","0","0","","0","1","0","20","3","1","06","0","40 04:10.226","","02","76 18:28.241","8","0","0","0","36101","0","0","0","","0","0","0","2","36101","0","","1","09","N","N","0","","0","0","0","9","4","","2032","1","2","0","0","0","1","0","3","0","2","N","","","","","","","","","","","","03","  ","","",""
"2014","0","0","0","0","0","0","0","0","0","4","0","","36","12","2017","2017136919","1","40.0685","-76.3074","2009","08","0","0","0","0","0","1","0","0","2","0","0","0","20","3","3","01","1","40 04:06.527","3","00","76 18:26.750","3","0","0","0","36101","0","0","0","N","0","0","0","7","36101","1","","1","09","N","N","0","","2","0","2","3","2","N","2009","3","2","0","0","0","0","0","3","0","2","N","","","","","","","","","","","","07","  ","","",""
"1902","1","0","0","0","0","0","0","0","0","7","0","","36","12","2017","2017136920","5","39.9811","-76.3886","1849","08","0","0","0","0","0","0","0","0","1","0","0","0","18","2","1","00","1","39 58:51.860","4","00","76 23:18.950","4","0","0","0","36223","0","0","0","N","0","0","0","1","36223","1","","4","01","N","N","0","","0","0","0","0","0","N","1846","1","1","0","0","0","0","0","1","0","1","N","","","","","","","","","","","","03","  ","","",""
"1821","2","0","0","0","0","0","0","0","0","1","0","","36","12","2017","2017136954","6","40.1449","-75.9243","1801","08","0","0","1","0","0","0","0","0","","0","0","0","17","2","1","02","0","40 08:41.511","","00","75 55:27.445","3","0","0","0","36203","0","0","0","","0","0","0","3","68T06","0","","1","01","N","N","0","","1","0","0","0","0","","1756","1","2","0","0","0","0","0","1","0","2","N","","","","","","","","","","","","03","  ","","",""
"1539","0","0","0","0","0","0","0","0","0","7","0","","36","12","2017","2017136961","1","40.2283","-76.4602","1526","08","0","0","0","0","0","0","1","0","","0","0","0","15","1","0","00","0","40 13:41.805","","00","76 27:39.182","0","0","0","0","36230","0","0","0","","0","0","0","2","68T06","0","","4","01","N","N","0","","0","0","1","0","0","","1525","0","1","0","0","0","0","0","1","0","1","N","","","","","","","","","","","","03","  ","","",""
"1321","0","0","0","0","0","0","0","0","0","7","0","","36","12","2017","2017136982","2","40.0786","-76.0722","1315","08","0","0","0","0","0","0","0","1","1","0","0","0","13","1","2","02","1","40 04:42.927","1","00","76 04:19.814","8","0","0","0","36209","0","0","0","N","0","0","0","2","36415","0","","5","01","N","N","0","","0","0","1","0","0","N","1310","2","1","0","0","0","2","0","1","0","1","N","","","","","","","","","","","","03","  ","","",""
"0850","0","0","0","0","0","0","0","0","0","7","0","","36","12","2017","2017136988","2","40.0763","-76.0862","0839","08","0","0","0","0","0","0","1","0","2","0","0","0","08","1","0","00","1","40 04:34.500","4","00","76 05:10.200","0","0","0","0","36209","0","0","0","N","0","0","0","1","36415","0","","5","02","N","N","0","","0","0","1","0","0","N","0830","0","1","0","0","0","0","0","1","0","1","N","","","","","","","","","","","","03","  ","","",""
"1039","1","0","0","0","0","0","0","0","0","4","0","","36","12","2017","2017137003","3","40.0924","-76.41","1019","08","0","0","0","0","0","1","1","0","","0","0","0","10","1","0","01","0","40 05:32.678","","00","76 24:35.883","0","0","0","0","36214","0","0","0","N","0","0","0","4","36214","0","","1","01","N","N","0","","0","0","1","3","3","","1016","0","2","0","0","0","0","0","3","0","2","N","","","","","","","","","","","","03","  ","","",""
"1108","1","0","0","0","0","0","0","0","0","7","0","","36","12","2017","2017137016","3","40.0526","-76.3794","1103","08","0","0","0","1","0","0","0","0","2","0","0","0","11","1","1","00","1","40 03:09.458","4","00","76 22:45.712","4","0","0","0","36214","0","0","0","N","0","0","0","4","36214","1","","4","01","N","N","0","","0","0","0","0","0","N","1100","1","1","0","0","0","0","0","3","0","1","N","","","","","","","","","","","","03","  ","","",""
"0303","1","0","0","0","0","0","0","0","0","7","0","","36","12","2017","2017137053","3","40.2359","-76.1338","0259","08","0","0","0","0","0","0","0","0","1","0","0","0","02","3","0","00","1","40 14:09.200","3","00","76 08:01.500","0","0","0","0","36405","0","0","0","Y","0","0","0","1","36210","0","","4","01","N","N","0","","0","0","0","0","0","N","0255","0","1","0","0","0","0","0","1","0","1","N","","","","","","","","","","","","03","  ","","",""
"1604","1","0","0","0","0","0","0","0","0","7","0","","36","12","2017","2017137247","3","40.0088","-76.2984","1600","08","0","0","0","0","0","0","0","0","5","0","0","0","15","1","0","00","2","40 00:31.672","7","00","76 17:54.116","0","0","0","0","36240","0","0","0","N","0","0","0","1","36240","0","","4","01","N","N","0","","0","0","0","0","0","Y","1556","0","1","0","0","1","0","0","1","0","1","N","","","","","","","","","","","","03","  ","","",""
"0435","2","0","0","0","0","0","0","0","0","1","0","","36","12","2017","2017137258","3","40.1556","-76.5963","0429","08","0","0","0","1","0","0","0","0","","0","0","0","04","3","0","00","0","40 09:20.313","","00","76 35:46.706","0","0","0","0","36407","0","0","0","N","0","0","0","1","36407","0","","6","01","N","N","0","","0","0","0","0","0","","0429","0","2","0","0","0","0","0","2","0","2","N","","","","","","","","","","","","03","  ","","",""
"1725","0","0","0","0","0","0","0","0","0","1","0","","36","12","2017","2017137381","4","40.0701","-76.3156","1716","08","0","0","0","0","0","0","0","0","","0","0","0","17","3","0","00","0","40 04:12.240","","00","76 18:56.087","0","0","0","0","36101","0","0","0","","0","0","0","4","36101","0","","1","01","N","N","0","","0","0","2","0","0","","1714","0","2","0","0","0","0","0","3","0","2","N","","","","","","","","","","","","03","  ","","",""
"1456","2","0","0","0","0","0","0","0","0","1","0","","36","12","2017","2017137382","6","40.064","-76.2824","1448","08","0","0","0","0","0","0","0","0","","0","0","0","14","1","0","00","0","40 03:50.290","","00","76 16:56.803","0","0","0","0","36101","0","0","0","","0","0","0","3","36101","0","","1","01","N","N","0","","0","0","0","0","0","","1445","0","2","0","0","0","0","0","3","0","2","N","","","","","","","","","","","","03","  ","","",""
"2230","2","0","0","0","0","0","0","0","0","4","0","","36","12","2017","2017137383","6","40.0698","-76.3168","2226","08","0","0","0","0","0","0","0","0","3","0","0","0","22","3","2","01","1","40 04:11.336","1","00","76 19:00.464","4","0","0","0","36101","0","0","0","","0","0","0","2","36101","1","","1","09","N","N","0","","0","0","0","3","2","Y","2225","2","2","0","0","1","1","0","3","0","2","N","","","","","","","","","","","","07","  ","","",""
"1608","0","0","0","0","0","0","0","0","0","1","0","","36","12","2017","2017137410","1","40.0386","-76.3079","1604","08","0","1","0","0","0","0","0","0","","0","0","0","16","4","1","00","0","40 02:19.002","","00","76 18:28.589","3","0","0","0","36301","0","0","0","N","0","0","0","3","36301","0","","1","09","N","N","0","","1","0","2","0","0","","1604","1","2","0","0","0","0","0","3","0","2","N","","","","","","","","","","","","07","  ","","",""
"1450","1","0","0","0","0","0","0","0","0","1","0","","36","12","2017","2017137427","1","40.0646","-76.4655","1444","08","0","0","0","0","1","0","0","0","2","0","0","0","14","1","1","01","2","40 03:52.700","6","00","76 27:55.854","4","0","0","0","36239","0","0","0","N","0","0","0","2","36239","1","","1","01","N","N","0","","0","0","1","0","0","Y","1444","1","2","0","0","0","0","0","3","0","2","N","","","","","","","","","","","","03","  ","","",""
"0600","0","0","0","0","0","0","0","0","0","4","0","","36","12","2017","2017137429","4","40.0377","-76.3078","0557","08","0","0","0","0","0","0","0","0","2","0","0","0","05","3","1","01","2","40 02:15.851","7","00","76 18:28.000","3","0","0","0","36301","0","0","0","N","0","0","0","2","36301","0","","1","01","N","N","2","","1","0","0","3","2","Y","0550","1","2","0","0","0","0","0","3","0","2","N","","","","","","","","","","","","03","  ","","",""
"0620","1","0","0","0","0","0","0","0","0","4","0","","36","12","2017","2017137458","4","40.1542","-76.2394","0617","08","0","0","0","0","0","1","0","0","2","0","0","0","06","2","0","03","1","40 09:14.978","5","00","76 14:21.795","0","0","0","0","36235","0","0","0","N","0","0","0","2","36506","0","","1","01","N","N","0","","0","0","1","3","3","Y","0617","0","2","0","0","0","0","0","1","0","2","N","","","","","","","","","","","","03","  ","","",""
"1338","2","0","0","0","0","0","0","0","0","4","0","","36","12","2017","2017137559","4","40.1816","-76.194","1333","08","0","1","0","0","0","0","0","0","","0","0","0","13","1","2","01","0","40 10:59.592","","00","76 11:30.559","4","0","0","0","36408","0","0","0","N","0","0","0","5","36408","2","","1","01","N","N","0","","0","0","0","3","2","","1333","2","2","0","0","0","0","0","2","0","2","N","","","","","","","","","","","","03","  ","","",""
"1550","1","0","0","0","0","0","0","0","0","4","0","","36","12","2017","2017137610","4","40.0444","-76.2902","1541","08","0","0","0","0","0","0","1","0","","0","0","0","15","1","0","01","0","40 02:39.861","","00","76 17:24.701","0","0","0","0","36301","0","0","0","N","0","0","0","2","36301","0","","1","01","N","N","0","","0","0","1","3","3","","1538","0","2","0","0","0","0","0","3","0","2","N","","","","","","","","","","","","03","  ","","",""
"1445","1","0","0","0","0","0","0","0","0","1","0","","36","12","2017","2017137685","3","40.0685","-76.3042","1439","08","0","0","0","0","0","0","0","0","","0","0","0","14","1","0","00","0","40 04:06.559","","03","76 18:15.291","0","0","0","0","36101","0","0","0","","0","0","0","6","36101","0","","1","01","N","N","0","","0","0","1","0","0","","1437","0","2","0","0","0","0","0","3","0","2","N","","","","","","","","","","","","03","  ","","",""
"1855","1","0","0","0","0","0","0","0","0","7","0","","36","12","2017","2017137686","2","40.0605","-76.361","1845","08","0","1","0","0","0","0","0","0","","0","0","0","18","3","2","00","0","40 03:37.942","","00","76 21:39.421","3","0","0","0","36214","0","0","0","","0","0","0","2","36214","0","","4","01","N","N","0","","1","0","0","0","0","","1842","2","1","0","0","1","1","0","3","0","1","N","","","","","","","","","","","","03","  ","","",""
"1751","0","0","0","0","0","0","0","0","0","1","0","","36","12","2017","2017137812","4","40.1233","-76.1052","1743","08","0","0","0","0","0","0","0","0","1","0","0","0","17","2","0","00","1","40 07:23.994","1","00","76 06:18.796","0","0","0","0","36209","0","0","0","N","0","0","0","2","36415","0","","1","01","N","N","0","","0","0","2","0","0","Y","1743","0","2","0","0","0","0","0","1","0","2","N","","","","","","","","","","","","03","  ","","",""
"0012","0","0","0","0","0","0","0","0","0","7","0","","36","12","2017","2017137832","5","40.2654","-76.1068","0008","08","0","0","0","0","0","0","0","0","2","0","0","0","00","2","0","00","1","40 15:55.424","3","00","76 06:24.325","0","0","0","0","36210","0","0","0","N","0","0","0","1","36210","0","","4","01","N","N","1","","0","0","0","0","0","N","0006","0","1","0","0","0","0","0","1","0","1","N","","","","","","","","","","","","03","  ","","",""
"1523","0","0","0","0","0","0","0","0","0","4","0","","36","12","2017","2017137836","1","40.1555","-76.3089","1520","08","0","0","0","0","0","0","0","0","","0","0","0","15","1","0","01","0","40 09:19.722","","00","76 18:32.121","0","0","0","0","36409","0","0","0","N","0","0","0","4","36409","0","","1","01","N","N","0","","0","0","2","3","3","","1518","0","2","0","0","0","0","0","3","0","2","N","","","","","","","","","","","","03","  ","","",""
"1445","3","0","0","0","0","0","0","0","0","4","0","","36","12","2017","2017137848","3","40.2057","-76.1752","1442","08","0","0","0","0","0","1","1","1","1","0","0","0","14","1","1","01","1","40 12:20.434","4","00","76 10:30.803","4","0","0","0","36218","0","0","0","N","0","0","0","4","36408","1","","1","01","N","N","0","","0","0","0","3","3","N","1440","1","3","0","0","0","0","0","1","0","3","N","","","","","","","","","","","","03","  ","","",""
"0930","0","0","0","0","0","0","0","0","0","4","0","","36","12","2017","2017137950","5","40.033","-76.506","0926","08","0","0","0","0","0","2","0","0","1","0","0","0","09","1","2","01","2","40 01:58.979","7","00","76 30:21.554","8","0","0","0","36404","0","0","0","N","0","0","0","2","36404","0","","1","01","N","N","0","","0","0","2","3","3","Y","0926","2","2","0","0","0","2","0","3","0","2","N","","","","","","","","","","","","03","  ","","",""
"1229","1","0","0","0","0","0","0","0","0","4","0","","36","12","2017","2017137959","4","40.0418","-76.3223","1214","08","0","0","0","0","0","1","0","0","","0","0","0","12","1","1","01","0","40 02:30.526","","00","76 19:20.280","8","0","0","0","36301","0","0","0","N","0","0","0","4","36301","0","","1","01","N","N","0","","0","0","2","3","2","","1214","1","3","0","0","0","1","0","3","0","3","N","","","","","","","","","","","","03","  ","","",""
"1547","0","0","0","0","0","0","0","0","0","5","0","","36","12","2017","2017137948","3","40.0245","-76.3032","1542","08","0","0","0","0","0","0","0","0","2","0","0","0","15","1","1","00","1","40 01:28.276","1","00","76 18:11.480","8","0","0","0","36301","0","0","0","N","0","0","0","1","36301","0","","6","01","N","N","1","","0","0","2","0","0","N","1539","1","3","0","0","1","1","0","3","0","3","N","","","","","","","","","","","","03","  ","","",""
"0645","0","0","0","0","0","0","0","0","0","4","0","","36","12","2017","2017137966","5","40.1028","-76.0775","0638","08","0","0","0","0","0","0","1","0","2","0","0","0","06","3","0","01","1","40 06:09.921","5","00","76 04:39.151","0","0","0","0","36415","0","0","0","N","0","0","0","3","36415","0","","1","01","N","N","1","","0","0","0","3","3","Y","0638","0","2","0","0","1","0","0","1","1","2","N","","","","","","","","","","","","03","  ","","",""
"1635","2","0","0","0","0","0","0","0","0","1","0","","36","12","2017","2017137976","7","40.1295","-76.2189","1628","08","0","0","0","0","0","1","0","0","","0","0","0","16","4","2","00","0","40 07:46.307","","00","76 13:07.861","3","0","0","0","36238","0","0","0","N","0","0","0","3","36238","0","","1","01","N","N","0","","2","0","0","3","2","","1605","2","2","0","0","0","0","0","3","0","2","N","","","","","","","","","","","","03","  ","","",""
"0801","2","0","0","0","0","0","0","0","0","5","0","","36","12","2017","2017137983","5","40.0526","-76.3039","0759","08","1","0","0","0","0","0","0","0","1","0","0","0","07","1","1","00","2","40 03:09.425","6","00","76 18:13.970","3","0","0","0","36301","0","0","0","N","0","0","0","5","36301","0","","1","01","N","N","0","","1","0","0","0","0","Y","0758","1","2","0","0","0","0","0","3","0","2","N","","","","","","","","","","","","03","  ","","",""
"0534","1","0","0","0","0","0","0","0","0","7","0","","36","12","2017","2017137987","5","40.0552","-76.3538","0529","08","0","0","0","0","0","1","0","0","","0","0","0","05","3","0","00","0","40 03:18.783","","00","76 21:13.593","0","0","0","0","36214","0","0","0","N","0","0","0","1","36214","0","","4","01","N","N","0","","0","0","0","0","0","","0525","0","1","0","0","0","0","0","3","0","1","N","","","","","","","","","","","","03","  ","","",""
"1013","0","0","0","0","0","0","0","0","0","4","0","","36","12","2017","2017138038","5","39.9751","-76.2473","1009","08","0","0","0","0","0","2","0","0","2","0","0","0","10","1","3","01","2","39 58:30.378","5","00","76 14:50.447","8","0","0","0","36240","0","0","0","N","0","0","0","3","36240","0","","1","01","N","N","1","","0","0","1","3","2","Y","1009","3","2","0","0","0","3","0","1","0","2","N","","","","","","","","","","","","03","  ","","",""
"1732","1","0","0","0","0","0","0","0","0","2","0","","36","12","2017","2017138051","7","39.9911","-76.3189","1724","08","0","0","0","0","0","0","1","0","2","0","0","0","17","2","0","00","2","39 59:28.108","5","00","76 19:08.074","9","0","0","0","36228","0","0","0","N","0","0","0","3","36503","0","","1","09","N","N","0","","0","0","1","0","0","Y","1720","0","2","0","0","0","0","1","1","0","2","N","","","","","","","","","","","","07","  ","","",""
"0148","0","0","0","0","0","0","0","0","0","4","0","","36","12","2017","2017138054","1","40.0393","-76.3081","0148","08","0","0","0","0","0","0","0","0","3","0","0","0","01","3","0","01","1","40 02:21.538","4","00","76 18:29.063","0","0","0","0","36301","0","0","0","N","0","0","0","1","36301","0","","1","01","N","N","1","","0","0","3","3","2","N","0148","0","5","0","0","0","0","0","3","0","4","N","","","","","","","","","","","","03","  ","","",""
"0030","0","0","0","0","0","0","0","0","0","7","0","","36","11","2017","2017138094","4","39.9119","-76.3107","0022","08","0","0","0","0","0","0","0","0","2","0","0","0","00","2","0","02","1","39 54:42.705","1","00","76 18:38.638","0","0","0","0","36224","0","0","0","N","0","0","0","1","68J01","0","","4","01","N","N","0","","0","0","1","0","0","N","0013","0","1","0","0","0","0","0","1","0","1","N","","","","","","","","","","","","03","  ","","",""
"1805","0","0","0","0","0","0","0","0","0","7","0","","36","12","2017","2017138097","6","39.9026","-76.3273","1744","08","0","0","0","1","0","0","0","0","2","0","0","0","17","2","2","00","2","39 54:09.245","5","00","76 19:38.414","3","0","0","0","36224","0","0","0","","0","0","0","3","68J01","0","","4","01","N","N","0","","2","0","1","3","8","Y","1733","2","1","0","0","3","0","0","1","0","1","N","","","","","","","","","","","","03","  ","","",""
"1700","2","0","0","0","0","0","0","0","0","4","0","","36","12","2017","2017138099","6","40.0205","-76.0676","1652","08","0","1","0","0","0","0","0","0","","0","0","0","16","4","0","00","0","40 01:13.941","","00","76 04:03.451","0","0","0","0","36221","0","0","0","","0","0","0","2","68J01","0","","1","01","N","N","0","","0","0","0","0","0","","1650","0","2","0","0","0","0","0","1","0","2","N","","","","","","","","","","","","03","  ","","",""
"1914","1","0","0","0","0","0","0","0","0","4","0","","36","12","2017","2017138101","6","39.8961","-76.1669","1913","08","1","0","0","0","0","1","0","0","2","0","0","0","19","1","0","01","1","39 53:46.072","6","00","76 10:00.959","0","0","0","0","36416","0","0","0","N","0","0","0","4","68J01","0","","1","01","N","N","0","","0","0","1","0","0","N","1910","0","2","0","0","0","0","0","1","0","2","N","","","","","","","","","","","","03","  ","","",""
"1720","0","0","0","0","0","0","0","0","0","7","0","","36","12","2017","2017138103","7","39.8849","-76.2241","1642","08","0","0","0","0","0","0","0","0","","0","0","0","16","2","0","00","0","39 53:05.750","","00","76 13:26.840","0","0","0","0","36229","0","0","0","N","0","0","0","1","68J01","0","","4","07","N","N","1","","0","0","0","0","0","","1625","0","1","0","0","0","0","0","1","0","1","N","","","","","","","","","","","","10","  ","","",""
"1813","0","0","0","0","0","0","0","0","0","6","0","","36","12","2017","2017138104","7","39.9676","-76.0721","1813","08","0","0","0","1","0","0","0","0","2","0","0","0","18","2","0","00","1","39 58:03.180","6","00","76 04:19.730","0","0","0","0","36201","0","0","0","N","0","0","0","5","68J01","0","","1","07","N","N","0","","0","0","1","0","0","N","1805","0","2","0","0","0","0","0","1","1","2","N","","","","","","","","","","","","10","  ","","",""
"1853","2","0","0","0","0","0","0","0","0","2","0","","36","12","2017","2017138105","7","40.0438","-76.0635","1850","08","0","0","0","0","1","0","0","0","2","0","0","0","18","2","1","02","2","40 02:37.694","5","00","76 03:48.771","3","0","0","0","36221","0","0","0","","0","0","0","2","68J01","0","","1","07","N","N","0","","1","0","0","0","0","N","1847","1","2","0","0","0","0","0","1","0","2","N","","","","","","","","","","","","10","  ","","",""
"0906","0","0","0","0","0","0","0","0","0","4","0","","36","12","2017","2017138144","5","40.0375","-76.4466","0906","08","0","0","0","0","0","0","0","0","2","0","0","0","09","1","3","01","2","40 02:15.040","6","00","76 26:47.880","8","0","0","0","36239","0","0","0","N","0","0","0","3","36239","0","","1","01","N","N","0","","0","0","2","3","3","N","0906","3","2","0","0","0","3","0","3","0","2","N","","","","","","","","","","","","03","  ","","",""
"1259","1","0","0","0","0","0","0","0","0","1","0","","36","12","2017","2017138153","3","40.0782","-76.2821","1247","08","0","0","0","0","0","0","0","0","1","0","0","0","12","1","0","00","1","40 04:41.498","2","00","76 16:55.428","0","0","0","0","36101","0","0","0","","0","0","0","3","36101","0","","1","01","N","N","1","","0","0","0","0","0","N","1245","0","2","0","0","0","0","0","3","0","2","N","","","","","","","","","","","","03","  ","","",""
"1945","2","0","0","0","0","0","0","0","0","4","0","","36","12","2017","2017138166","4","39.9855","-76.0178","1945","08","0","0","0","0","0","0","0","1","3","0","0","0","19","3","1","01","1","39 59:07.866","2","00","76 01:04.009","4","0","0","0","36232","0","0","0","","0","0","0","2","68J01","1","","1","01","N","N","0","","0","0","0","0","0","N","1944","1","2","0","0","0","0","0","1","0","2","N","","","","","","","","","","","","03","  ","","",""
"0851","1","0","0","0","0","0","0","0","0","7","0","","36","12","2017","2017138174","5","40.1771","-75.9939","0847","08","0","0","0","0","0","0","0","0","","0","0","0","08","1","0","00","0","40 10:37.550","","00","75 59:37.950","0","0","0","0","36202","0","0","0","N","0","0","0","4","68J01","0","","4","09","N","N","0","","0","0","0","0","0","","0843","0","1","0","0","0","0","0","1","0","1","N","","","","","","","","","","","","03","  ","","",""
"1104","0","0","0","0","0","0","0","0","0","7","0","","36","12","2017","2017138192","3","40.1734","-75.9583","1104","08","0","0","0","0","0","1","0","0","","0","0","0","11","1","1","00","0","40 10:24.650","","00","75 57:31.565","8","0","0","0","36203","0","0","0","N","0","0","0","3","68T06","0","","3","01","N","N","0","","0","0","2","0","0","","1100","1","2","0","0","0","1","0","1","0","2","N","","","","","","","","","","","","03","  ","","",""
"1017","1","0","0","0","0","0","0","0","0","7","0","","36","12","2017","2017138209","5","40.0273","-76.4551","1017","08","0","0","0","0","0","0","0","0","","0","0","0","10","1","2","00","0","40 01:38.200","","01","76 27:18.300","8","0","0","0","36239","0","0","0","N","0","0","0","2","36239","0","","2","01","N","N","0","","0","0","0","0","0","","1017","2","1","0","0","2","2","0","3","0","1","N","","","","","","","","","","","","03","  ","","",""
"1232","3","0","0","0","0","0","0","0","0","6","0","","36","12","2017","2017138214","5","40.0553","-76.4623","1232","08","0","0","0","1","0","0","0","0","","0","0","0","12","1","1","02","0","40 03:18.930","","00","76 27:44.436","8","0","0","0","36239","0","0","0","N","0","0","0","3","36239","0","","1","01","N","N","0","","0","0","0","0","0","","1232","1","3","0","0","0","1","0","3","0","3","N","","","","","","","","","","","","03","  ","","",""
"1447","2","0","0","0","0","0","0","0","0","2","0","","36","12","2017","2017138217","3","40.1093","-76.5","1446","08","0","0","0","0","0","0","0","1","5","0","0","0","14","1","1","00","2","40 06:33.574","6","00","76 30:00.142","8","0","0","0","36413","0","0","0","N","0","0","0","1","36413","0","","6","01","N","N","0","","0","0","1","0","0","Y","1446","1","3","0","0","0","1","0","2","0","3","N","","","","","","","","","","","","03","  ","","",""
"0255","1","0","0","0","0","0","0","0","0","5","0","","36","12","2017","2017138219","7","40.121","-76.2347","0248","08","0","0","0","0","0","0","0","1","2","0","0","0","02","2","0","00","1","40 07:15.474","1","00","76 14:04.844","0","0","0","0","36238","0","0","0","N","0","0","0","3","36238","0","","2","09","N","N","0","","0","0","0","0","0","N","0245","0","2","0","0","0","0","0","3","1","2","N","","","","","","","","","","","","07","  ","","",""
"2006","1","0","0","0","0","0","0","0","0","7","0","","36","12","2017","2017138242","5","40.0968","-76.5743","2000","08","0","0","0","0","0","0","0","0","3","0","0","0","19","2","1","00","2","40 05:48.469","6","00","76 34:27.645","3","0","0","0","36211","0","0","0","N","0","0","0","1","36504","0","","4","01","N","N","0","","1","0","0","0","0","Y","1958","1","1","0","0","0","0","0","1","0","1","N","","","","","","","","","","","","03","  ","","",""
"2111","2","0","0","0","0","0","0","0","0","5","0","","36","12","2017","2017138249","4","40.1583","-76.1534","2105","08","0","0","0","0","0","0","0","0","","0","0","0","20","2","0","00","0","40 09:30.056","","00","76 09:12.277","0","0","0","0","36238","0","0","0","N","0","0","0","2","36238","0","","1","01","N","N","0","","0","0","0","0","0","","2059","0","2","0","0","0","0","0","3","0","2","N","","","","","","","","","","","","03","  ","","",""
"2145","2","0","0","0","0","0","0","0","0","1","0","","36","12","2017","2017138258","3","40.1619","-76.3931","2134","08","0","0","0","0","1","0","0","0","","0","0","0","21","3","0","00","0","40 09:42.991","","00","76 23:35.335","0","0","0","0","36410","0","0","0","N","0","0","0","1","36410","0","","6","01","N","N","0","","0","0","0","0","0","","2128","0","2","0","0","0","0","0","2","0","2","N","","","","","","","","","","","","03","  ","","",""
"1628","1","0","0","0","0","0","0","0","0","1","0","","36","12","2017","2017138272","4","40.0917","-76.2816","1623","08","0","1","0","0","1","0","0","0","","0","0","0","16","1","0","00","0","40 05:30.220","","00","76 16:53.900","0","0","0","0","36101","0","0","0","N","0","0","0","2","36101","0","","1","01","N","N","0","","0","0","1","0","0","","1612","0","2","0","0","0","0","0","3","0","2","N","","","","","","","","","","","","03","  ","","",""
"1648","1","0","0","0","0","0","0","0","0","1","0","","36","12","2017","2017138273","4","40.0886","-76.2657","1630","08","0","0","0","0","0","1","0","0","","0","0","0","16","4","1","00","0","40 05:18.961","","00","76 15:56.661","4","0","0","0","36101","0","0","0","","0","0","0","3","36101","1","","1","01","N","N","2","","0","0","0","0","0","","1624","1","3","0","0","0","0","0","3","0","3","N","","","","","","","","","","","","03","  ","","",""