"ARRIVAL_TM","AUTOMOBILE_COUNT","BELTED_DEATH_COUNT","BELTED_SUSP_SERIOUS_INJ_COUNT","BICYCLE_COUNT","BICYCLE_DEATH_COUNT","BICYCLE_SUSP_SERIOUS_INJ_COUNT","BUS_COUNT","CHLDPAS_DEATH_COUNT","CHLDPAS_SUSP_SERIOUS_INJ_COUNT","COLLISION_TYPE","COMM_VEH_COUNT","CONS_ZONE_SPD_LIM","COUNTY","CRASH_MONTH","CRASH_YEAR","CRN","DAY_OF_WEEK","DEC_LAT","DEC_LONG","DISPATCH_TM","DISTRICT","DRIVER_COUNT_16YR","DRIVER_COUNT_17YR","DRIVER_COUNT_18YR","DRIVER_COUNT_19YR","DRIVER_COUNT_20YR","DRIVER_COUNT_50_64YR","DRIVER_COUNT_65_74YR","DRIVER_COUNT_75PLUS","EST_HRS_CLOSED","FATAL_COUNT","HEAVY_TRUCK_COUNT","HORSE_BUGGY_COUNT","HOUR_OF_DAY","ILLUMINATION","INJURY_COUNT","INTERSECT_TYPE","LANE_CLOSED","LATITUDE","LN_CLOSE_DIR","LOCATION_TYPE","LONGITUDE","MAX_SEVERITY_LEVEL","MCYCLE_DEATH_COUNT","MCYCLE_SUSP_SERIOUS_INJ_COUNT","MOTORCYCLE_COUNT","MUNICIPALITY","NONMOTR_COUNT","NONMOTR_DEATH_COUNT","NONMOTR_SUSP_SERIOUS_INJ_COUNT","NTFY_HIWY_MAINT","PED_COUNT","PED_DEATH_COUNT","PED_SUSP_SERIOUS_INJ_COUNT","PERSON_COUNT","POLICE_AGCY","POSSIBLE_INJ_COUNT","RDWY_SURF_TYPE_CD","RELATION_TO_ROAD","ROAD_CONDITION","SCH_BUS_IND","SCH_ZONE_IND","SMALL_TRUCK_COUNT","SPEC_JURIS_CD","SUSP_MINOR_INJ_COUNT","SUSP_SERIOUS_INJ_COUNT","SUV_COUNT","TCD_FUNC_CD","TCD_TYPE","TFC_DETOUR_IND","TIME_OF_DAY","TOT_INJ_COUNT","TOTAL_UNITS","UNB_DEATH_COUNT","UNB_SUSP_SERIOUS_INJ_COUNT","UNBELTED_OCC_COUNT","UNK_INJ_DEG_COUNT","UNK_INJ_PER_COUNT","URBAN_RURAL","VAN_COUNT","VEHICLE_COUNT","WORK_ZONE_IND","WORK_ZONE_LOC","WORK_ZONE_TYPE","WORKERS_PRES","WZ_CLOSE_DETOUR","WZ_FLAGGER","WZ_LAW_OFFCR_IND","WZ_LN_CLOSURE","WZ_MOVING","WZ_OTHER","WZ_SHLDER_MDN","ROADWAY_CLEARED","WEATHER1","WEATHER2","WZ_WORKERS_INJ_KILLED","SECONDARY_CRASH","INTERSECTION_RELATED"
"1140","2","0","0","0","0","0","0","0","0","4","0","","36","12","2017","2017138350","5","40.0459","-76.3068","1136","08","0","0","0","1","0","0","0","0","","0","0","0","11","1","1","00","0","40 02:45.225","","00","76 18:24.612","3","0","0","0","36301","0","0","0","N","0","0","0","3","36301","0","","1","01","N","N","0","","1","0","0","0","0","","1134","1","2","0","0","0","0","0","3","0","2","N","","","","","","","","","","","","03","  ","","",""
"1345","2","0","0","0","0","0","0","0","0","1","0","","36","12","2017","2017138353","5","40.048","-76.3055","1335","08","0","0","0","0","1","0","0","0","","0","0","0","13","1","0","01","0","40 02:52.711","","00","76 18:19.893","0","0","0","0","36301","0","0","0","N","0","0","0","2","36301","0","","1","01","N","N","0","","0","0","0","3","2","","1335","0","2","0","0","0","0","0","3","0","2","N","","","","","","","","","","","","03","  ","","",""
"1607","1","0","0","0","0","0","0","0","0","4","0","","36","12","2017","2017138354","3","40.0453","-76.2943","1601","08","0","0","0","1","0","0","0","0","","0","0","0","15","1","2","11","0","40 02:43.195","","07","76 17:39.395","4","0","0","0","36301","0","0","0","N","0","0","0","5","36301","2","","1","01","N","N","0","","0","0","1","0","0","N","1543","2","2","0","0","0","0","0","3","0","2","N","","","","","","","","","","","","03","  ","","",""
"1403","1","0","0","0","0","0","0","0","0","1","0","","36","12","2017","2017138359","7","40.2082","-76.1377","1358","08","0","0","0","1","0","0","0","0","2","0","0","0","13","1","2","02","1","40 12:29.489","5","00","76 08:15.757","4","0","0","0","36210","0","0","0","N","0","0","0","2","36210","2","","1","01","N","N","0","","0","0","1","0","0","N","1355","2","2","0","0","0","0","0","1","0","2","N","","","","","","","","","","","","03","  ","","",""
"1322","1","0","0","0","0","0","0","0","0","4","1","","36","12","2017","2017138362","4","40.0612","-76.4196","1319","08","0","0","0","0","0","0","0","2","2","0","1","0","13","1","2","01","1","40 03:40.232","6","00","76 25:10.472","8","0","0","0","36239","0","0","0","N","0","0","0","3","36239","0","","1","01","N","N","0","","0","0","0","3","3","Y","1315","2","2","0","0","0","2","0","3","0","2","N","","","","","","","","","","","","03","  ","","",""
"1100","2","0","0","0","0","0","0","0","0","1","0","","36","12","2017","2017138378","6","40.0952","-76.3942","1056","08","0","0","0","0","0","0","0","0","2","0","0","0","10","1","0","00","2","40 05:42.580","3","00","76 23:38.953","0","0","0","0","36214","0","0","0","N","0","0","0","4","36214","0","","1","01","N","N","0","","0","0","0","0","0","N","1050","0","2","0","0","0","0","0","3","0","2","N","","","","","","","","","","","","03","  ","","",""
"1330","1","0","0","0","0","0","0","0","0","4","0","","36","12","2017","2017138382","2","40.041","-76.3083","1313","08","0","0","0","0","0","0","0","0","2","0","0","0","13","1","1","01","2","40 02:27.254","2","00","76 18:29.979","8","0","0","0","36301","0","0","0","N","0","0","0","2","36301","0","","1","01","N","N","0","","0","0","1","3","2","Y","1310","1","2","0","0","0","1","0","3","0","2","N","","","","","","","","","","","","03","  ","","",""
"0852","0","0","0","0","0","0","0","0","0","8","0","","36","12","2017","2017138400","4","40.2244","-76.0945","0849","08","0","0","0","0","0","1","0","0","1","0","0","0","08","1","1","02","1","40 13:33.391","3","00","76 05:32.787","3","0","0","0","36210","1","0","0","N","1","0","0","2","36210","0","","1","01","N","N","1","","1","0","0","3","3","N","0846","1","2","0","0","0","0","0","1","0","1","N","","","","","","","","","","","","03","  ","","",""
"0824","0","0","0","0","0","0","0","0","0","7","0","","36","12","2017","2017138421","6","40.1848","-76.2388","0817","08","0","0","0","0","0","1","0","0","","0","0","0","08","1","0","00","0","40 11:05.350","","00","76 14:19.640","0","0","0","0","36218","0","0","0","N","0","0","0","1","36408","0","","4","01","N","N","0","","0","0","1","0","0","","0815","0","1","0","0","0","0","0","1","0","1","N","","","","","","","","","","","","03","  ","","",""
"1503","1","0","0","0","0","0","0","0","0","6","0","","36","12","2017","2017138436","6","40.1637","-76.1232","1447","08","0","0","0","0","0","0","0","0","","0","0","0","14","1","0","00","0","40 09:49.400","","00","76 07:23.400","9","0","0","0","36218","0","0","0","N","0","0","0","2","36408","0","","1","01","N","N","1","","0","0","0","0","0","","1447","0","2","0","0","0","0","1","1","0","2","N","","","","","","","","","","","","03","  ","","",""
"1903","1","0","0","0","0","0","0","0","0","7","0","","36","12","2017","2017138474","7","39.9436","-76.0526","1853","08","0","0","0","0","0","0","1","0","2","0","0","0","18","2","1","00","2","39 56:36.915","7","00","76 03:09.240","3","0","0","0","36231","0","0","0","","0","0","0","1","68J01","0","","4","07","N","N","0","","1","0","0","0","0","Y","1807","1","1","0","0","0","0","0","1","0","1","N","","","","","","","","","","","","10","  ","","",""
"1030","0","0","0","0","0","0","0","0","0","1","0","","36","12","2017","2017138478","4","39.9927","-76.1815","1017","08","0","0","0","0","0","1","0","0","1","0","0","0","10","1","1","01","1","39 59:33.741","1","00","76 10:53.251","3","0","0","0","36233","0","0","0","N","0","0","0","2","68J01","0","","1","01","N","N","1","","1","0","1","0","0","N","1001","1","2","0","0","0","0","0","1","0","2","N","","","","","","","","","","","","03","  ","","",""
"1558","1","0","0","0","0","0","0","0","0","1","0","","36","12","2017","2017138527","5","40.0737","-76.2866","1553","08","0","0","0","0","0","1","0","0","","0","0","0","15","1","1","00","0","40 04:25.166","","00","76 17:11.883","4","0","0","0","36101","0","0","0","","0","0","0","2","36101","1","","1","01","N","N","0","","0","0","0","0","0","","1551","1","2","0","0","0","0","0","3","1","2","N","","","","","","","","","","","","03","  ","","",""
"0106","1","0","0","0","0","0","0","0","0","5","0","","36","12","2017","2017138597","7","40.1575","-76.0514","0100","08","0","0","0","0","0","0","0","0","1","0","0","0","00","3","0","00","1","40 09:26.863","3","00","76 03:04.946","0","0","0","0","36418","0","0","0","N","0","0","0","1","36213","0","","6","01","N","N","0","","0","0","1","0","0","N","0050","0","2","0","0","0","0","0","1","0","2","N","","","","","","","","","","","","03","  ","","",""
"1356","1","0","0","0","0","0","0","0","0","7","0","","36","12","2017","2017138615","2","40.0446","-76.3273","1349","08","0","0","0","0","0","1","0","0","2","0","0","0","13","1","0","02","1","40 02:40.579","1","00","76 19:38.450","0","0","0","0","36220","0","0","0","N","0","0","0","1","36101","0","","5","01","N","N","0","","0","0","0","0","0","N","1348","0","1","0","0","0","0","0","3","0","1","N","","","","","","","","","","","","03","  ","","",""
"1819","0","0","0","0","0","0","0","0","0","4","0","","36","12","2017","2017138616","5","40.0278","-76.3262","1814","08","0","0","0","0","0","0","0","0","","0","0","0","16","1","0","10","0","40 01:39.968","","07","76 19:34.314","0","0","0","0","36220","0","0","0","","0","0","0","2","36101","0","","9","01","N","N","0","","0","0","1","0","0","","1652","0","2","0","0","0","0","0","3","0","2","N","","","","","","","","","","","","03","  ","","",""
"1745","0","0","0","0","0","0","0","0","0","7","0","","36","12","2017","2017138617","3","40.1105","-76.2489","1739","08","0","0","0","0","0","1","0","0","2","0","0","0","17","2","1","00","1","40 06:37.693","2","00","76 14:56.199","4","0","0","0","36101","0","0","0","N","0","0","0","1","36101","1","","4","09","N","N","1","","0","0","0","0","0","N","1734","1","1","0","0","0","0","0","3","0","1","N","","","","","","","","","","","","07","  ","","",""
"0132","2","0","0","0","0","0","0","0","0","4","0","","36","12","2017","2017138618","5","40.0587","-76.2961","0123","08","0","0","0","1","0","0","0","0","3","0","0","0","01","3","0","02","1","40 03:31.147","1","00","76 17:45.819","0","0","0","0","36101","0","0","0","N","0","0","0","3","36101","0","","1","01","N","N","0","","0","0","0","3","3","N","0123","0","2","0","0","0","0","0","3","0","2","N","","","","","","","","","","","","03","  ","","",""
"2115","0","0","0","0","0","0","0","0","0","1","0","","36","12","2017","2017138619","4","40.0607","-76.277","2111","08","0","0","0","0","0","0","0","0","","0","0","0","21","3","1","06","0","40 03:38.397","","02","76 16:37.303","4","0","0","0","36101","0","0","0","","0","0","0","2","36101","1","","1","01","N","N","0","","0","0","2","3","4","","2111","1","2","0","0","0","0","0","3","0","2","N","","","","","","","","","","","","03","  ","","",""
"2013","1","0","0","0","0","0","0","0","0","7","0","","36","12","2017","2017138620","6","40.1559","-76.417","2013","08","0","0","0","0","0","0","0","0","","0","0","0","20","2","1","00","0","40 09:21.392","","00","76 25:01.084","4","0","0","0","36230","0","0","0","","0","0","0","2","36410","1","","5","02","N","N","0","","0","0","0","0","0","","2013","1","1","0","0","0","0","0","1","0","1","N","","","","","","","","","","","","10","  ","","",""
"1451","1","0","0","0","0","0","0","0","0","4","0","","36","12","2017","2017138621","5","40.1133","-76.4512","1441","08","0","0","0","0","0","0","0","1","2","0","0","0","14","1","0","01","1","40 06:47.876","7","00","76 27:04.154","0","0","0","0","36230","0","0","0","N","0","0","0","2","36410","0","","1","01","N","N","0","","0","0","1","3","2","N","1441","0","2","0","0","0","0","0","1","0","2","N","","","","","","","","","","","","03","  ","","",""
"0528","1","0","0","0","0","0","0","0","0","4","0","","36","12","2017","2017138681","7","40.041","-76.3913","0527","08","0","0","0","0","0","0","0","0","2","0","0","0","05","3","1","00","2","40 02:27.605","3","07","76 23:28.752","3","0","0","0","36214","0","0","0","N","0","0","0","2","36214","0","","1","07","N","N","1","","1","0","0","0","0","N","0525","1","2","0","0","0","0","0","3","0","2","N","","","","","","","","","","","","10","  ","","",""
"0612","1","0","0","0","0","0","0","0","0","7","0","","36","12","2017","2017138769","7","40.216","-76.0902","0607","08","0","0","0","0","0","0","0","0","1","0","0","0","06","3","0","01","1","40 12:57.429","4","02","76 05:24.644","0","0","0","0","36210","0","0","0","N","0","0","0","1","36210","0","","3","07","N","N","0","","0","0","0","3","2","N","0604","0","1","0","0","0","0","0","1","0","1","N","","","","","","","","","","","","10","  ","","",""
"0950","1","0","0","0","0","0","0","0","0","7","0","","36","12","2017","2017138809","7","40.2529","-76.0857","0950","08","0","0","0","0","0","0","0","1","2","0","0","0","09","1","0","00","1","40 15:10.378","4","00","76 05:08.609","0","0","0","0","36210","0","0","0","N","0","0","0","1","36210","0","","4","07","N","N","0","","0","0","0","0","0","N","0940","0","1","0","0","0","0","0","1","0","1","N","","","","","","","","","","","","10","  ","","",""
"0945","1","0","0","0","0","0","0","0","0","7","0","","36","12","2017","2017138813","7","40.1309","-76.5313","0932","08","0","0","0","0","0","0","0","0","","0","0","0","09","1","0","00","0","40 07:51.244","","00","76 31:53.202","0","0","0","0","36225","0","0","0","N","0","0","0","1","36505","0","","3","07","N","N","0","","0","0","0","0","0","","0932","0","1","0","0","0","0","0","2","0","1","N","","","","","","","","","","","","10","  ","","",""
"1204","1","0","0","0","0","0","0","0","0","4","0","","36","12","2017","2017138821","7","40.1378","-76.562","1140","08","0","0","0","0","0","0","0","0","","0","0","0","11","1","0","01","0","40 08:15.932","","00","76 33:43.084","0","0","0","0","36225","0","0","0","N","0","0","0","2","36505","0","","1","07","N","N","0","","0","0","1","3","2","","1140","0","2","0","0","0","0","0","2","0","2","N","","","","","","","","","","","","10","  ","","",""
"1041","0","0","0","0","0","0","0","0","0","7","0","","36","12","2017","2017138823","7","40.1836","-76.1941","1038","08","0","0","0","0","0","0","0","0","","0","0","0","10","1","0","00","0","40 11:01.000","","00","76 11:38.900","0","0","0","0","36408","0","0","0","N","0","0","0","1","36408","0","","4","07","N","N","0","","0","0","1","0","0","","1030","0","1","0","0","0","0","0","2","0","1","N","","","","","","","","","","","","10","  ","","",""
"1529","0","0","0","0","0","0","0","0","0","7","0","","36","12","2017","2017138838","7","40.0919","-76.021","1525","08","0","0","0","0","0","0","0","0","2","0","0","0","15","1","0","00","2","40 05:30.900","5","00","76 01:15.771","0","0","0","0","36213","0","0","0","N","0","0","0","2","36213","0","","4","06","N","N","0","","0","0","1","0","0","Y","1521","0","1","0","0","0","0","0","1","0","1","N","","","","","","","","","","","","03","  ","","",""
"0325","1","0","0","0","0","0","0","0","0","7","0","","36","12","2017","2017138848","7","40.0388","-76.4267","0318","08","0","1","0","0","0","0","0","0","2","0","0","0","03","3","0","00","2","40 02:19.770","6","00","76 25:36.050","0","0","0","0","36239","0","0","0","N","0","0","0","1","36239","0","","4","07","N","N","0","","0","0","0","0","0","Y","0318","0","1","0","0","0","0","0","3","0","1","N","","","","","","","","","","","","10","  ","","",""
"1823","1","0","0","0","0","0","0","0","0","4","0","","36","12","2017","2017138954","7","40.051","-76.3081","1823","08","0","0","0","0","0","1","0","0","","0","0","0","18","3","0","01","0","40 03:03.570","","00","76 18:29.319","0","0","0","0","36301","0","0","0","N","0","0","0","4","36301","0","","1","07","N","N","1","","0","0","0","3","3","","1823","0","2","0","0","0","0","0","3","0","2","N","","","","","","","","","","","","10","  ","","",""
"1744","1","0","0","0","0","0","0","0","0","1","0","","36","12","2017","2017138963","7","40.01","-76.3561","1739","08","0","0","0","1","0","1","0","0","","0","0","0","17","3","0","00","0","40 00:36.161","","00","76 21:22.012","0","0","0","0","36412","0","0","0","N","0","0","0","2","36412","0","","1","01","N","N","1","","0","0","0","0","0","","1733","0","2","0","0","0","0","0","3","0","2","N","","","","","","","","","","","","03","  ","","",""
"1850","1","0","0","0","0","0","0","0","0","1","0","","36","12","2017","2017138984","7","40.0478","-76.2987","1844","08","0","0","0","1","0","0","0","0","","0","0","0","18","3","0","00","0","40 02:52.100","","00","76 17:55.300","0","0","0","0","36301","0","0","0","N","0","0","0","1","36301","0","","6","02","N","N","1","","0","0","0","0","0","","1843","0","2","0","0","0","0","0","3","0","2","N","","","","","","","","","","","","03","  ","","",""
"0318","3","0","0","0","0","0","0","0","0","4","0","","36","12","2017","2017138989","7","40.0372","-76.3127","0312","08","0","0","0","0","0","0","0","0","3","0","0","0","03","3","1","00","1","40 02:13.971","4","00","76 18:45.697","8","0","0","0","36301","0","0","0","N","0","0","0","2","36301","0","","6","01","N","N","0","","0","0","0","0","0","N","0311","1","3","0","0","0","1","0","3","0","3","N","","","","","","","","","","","","03","  ","","",""
"1637","1","0","0","0","0","0","0","0","0","7","0","","36","12","2017","2017139054","3","40.122","-76.5471","1634","08","0","0","0","0","0","0","0","0","2","0","0","0","16","4","0","00","2","40 07:19.259","3","00","76 32:49.559","0","0","0","0","36237","0","0","0","N","0","0","0","2","36505","0","","5","01","N","N","0","","0","0","0","0","0","N","1632","0","1","0","0","0","0","0","1","0","1","N","","","","","","","","","","","","03","  ","","",""
"0830","0","0","0","0","0","0","0","0","0","7","0","","36","12","2017","2017139064","7","","","0824","08","0","0","0","0","0","0","0","0","2","0","0","0","08","1","0","00","1","","3","00","","0","0","0","0","36404","0","0","0","N","0","0","0","1","36404","0","","4","07","N","N","0","","0","0","1","0","0","N","0824","0","1","0","0","0","0","0","3","0","1","N","","","","","","","","","","","","10","  ","","",""
"1233","0","0","0","0","0","0","0","0","0","9","0","","36","12","2017","2017139080","6","39.9902","-76.3603","1230","08","0","0","0","0","0","0","1","0","","0","0","0","12","1","0","00","0","39 59:24.655","","00","76 21:37.051","0","0","0","0","36412","0","0","0","N","0","0","0","1","36412","0","","1","01","N","N","0","","0","0","1","0","0","","1218","0","1","0","0","0","0","0","3","0","1","N","","","","","","","","","","","","03","  ","","",""
"0923","1","0","0","0","0","0","0","0","0","4","0","","36","12","2017","2017139101","7","40.0501","-76.3059","0916","08","0","0","0","1","0","0","0","0","2","0","1","0","09","1","0","01","1","40 03:00.332","2","00","76 18:21.350","0","0","0","0","36301","0","0","0","N","0","0","0","2","36301","0","","1","02","N","N","0","","0","0","0","3","2","N","0914","0","2","0","0","0","0","0","3","0","2","N","","","","","","","","","","","","10","  ","","",""
"1614","0","0","0","0","0","0","0","0","0","2","0","","36","12","2017","2017139122","5","40.0058","-76.2959","1609","08","0","0","0","0","0","1","0","0","2","0","0","0","16","1","1","00","2","40 00:20.822","5","07","76 17:45.227","8","0","0","0","36240","0","0","0","N","0","0","0","2","36240","0","","2","01","N","N","0","","0","0","2","0","0","Y","1609","1","2","0","0","0","1","0","1","0","2","N","","","","","","","","","","","","03","  ","","",""
"1540","2","0","0","0","0","0","0","0","0","4","0","","36","12","2017","2017139131","7","39.974","-76.2745","1528","08","0","1","0","0","0","0","0","0","2","0","0","0","15","1","1","01","2","39 58:26.255","2","00","76 16:28.084","8","0","0","0","36240","0","0","0","N","0","0","0","3","36240","0","","1","01","N","N","0","","0","0","0","3","3","Y","1528","1","2","0","0","0","1","0","1","0","2","N","","","","","","","","","","","","03","  ","","",""
"1544","2","0","0","0","0","0","0","0","0","4","0","","36","12","2017","2017139148","1","40.0402","-76.3152","1544","08","0","0","0","0","0","0","0","0","2","0","0","0","15","1","2","01","1","40 02:24.734","3","00","76 18:54.712","8","0","0","0","36301","0","0","0","N","0","0","0","4","36301","0","","1","01","N","N","0","","0","0","0","3","3","N","1544","2","2","0","0","1","2","0","3","0","2","N","","","","","","","","","","","","03","  ","","",""
"1620","2","0","0","0","0","0","0","0","0","4","0","","36","12","2017","2017139162","6","40.1297","-76.3113","1612","08","0","0","0","0","0","0","0","2","","0","0","0","16","1","2","02","0","40 07:46.855","","00","76 18:40.680","8","0","0","0","36235","0","0","0","N","0","0","0","2","36506","0","","1","01","N","N","0","","0","0","0","3","3","","1612","2","2","0","0","0","2","0","1","0","2","N","","","","","","","","","","","","03","  ","","",""
"1034","0","0","0","0","0","0","0","0","0","4","0","","36","12","2017","2017139163","7","40.2052","-76.3922","1034","08","0","0","0","0","0","0","0","0","1","0","0","0","10","1","0","03","1","40 12:18.726","5","00","76 23:31.782","0","0","0","0","36227","0","0","0","N","0","0","0","5","36506","0","","1","07","N","N","1","","0","0","1","3","3","N","1034","0","2","0","0","0","0","0","1","0","2","N","","","","","","","","","","","","10","  ","","",""
"1150","0","0","0","0","0","0","0","0","0","7","0","","36","12","2017","2017139164","7","40.1313","-76.3045","1136","08","0","0","1","0","0","0","0","0","","0","0","0","11","1","0","00","0","40 07:52.530","","07","76 18:16.109","0","0","0","0","36235","0","0","0","N","0","0","0","1","36506","0","","4","07","N","N","0","","0","0","1","0","0","","1136","0","1","0","0","0","0","0","1","0","1","N","","","","","","","","","","","","10","  ","","",""
"0444","1","0","0","0","0","0","0","0","0","7","0","","36","12","2017","2018000030","7","40.0985","-76.6359","0439","08","0","0","0","0","0","0","0","0","3","0","0","0","04","2","0","00","2","40 05:54.777","5","00","76 38:09.297","0","0","0","0","36237","0","0","0","N","0","0","0","1","36505","0","","4","01","N","N","0","","0","0","0","0","0","Y","0439","0","1","0","0","0","0","0","1","0","1","N","","","","","","","","","","","","03","  ","","",""
"0331","1","0","0","0","0","0","0","0","0","7","0","","36","12","2017","2018000042","2","39.9111","-76.3107","0308","08","0","0","0","0","0","0","0","0","","0","0","0","03","2","1","02","0","39 54:39.942","","00","76 18:38.625","2","0","0","0","36224","0","0","0","","0","0","0","2","68J01","0","","4","09","N","N","0","","0","1","0","0","0","","0308","1","1","0","1","2","0","0","1","0","1","N","","","","","","","","","","","","03","  ","","",""
"0305","1","0","0","0","0","0","0","0","0","6","0","","36","12","2017","2018000075","3","40.0402","-76.3287","0303","08","0","0","0","0","0","0","0","0","","0","0","0","03","2","0","00","0","40 02:24.630","","00","76 19:43.410","0","0","0","0","36220","0","0","0","N","0","0","0","1","36101","0","","6","01","N","N","0","","0","0","1","0","0","","0302","0","2","0","0","0","0","0","3","0","2","N","","","","","","","","","","","","03","  ","","",""
"1726","1","0","0","0","0","0","0","0","0","8","0","","36","12","2017","2018000076","1","40.0732","-76.3068","1721","08","0","0","0","0","0","0","0","0","2","0","0","0","17","2","1","00","2","40 04:23.420","6","00","76 18:24.650","3","0","0","0","36101","1","0","0","N","1","0","0","2","36101","0","","1","01","N","N","0","","1","0","0","0","0","N","1720","1","2","0","0","0","0","1","3","0","1","N","","","","","","","","","","","","03","  ","","",""
"1820","1","0","0","0","0","0","0","0","0","1","0","","36","12","2017","2018000077","3","40.0715","-76.3351","1819","08","0","0","0","0","0","0","0","0","2","0","0","0","18","3","2","00","1","40 04:17.260","3","00","76 20:06.480","3","0","0","0","36101","0","0","0","N","0","0","0","6","36101","0","","1","01","N","N","0","","2","0","1","0","0","N","1816","2","2","0","0","0","0","0","3","0","2","N","","","","","","","","","","","","03","  ","","",""
"0443","1","0","0","0","0","0","0","0","0","9","0","","36","12","2017","2018000078","7","40.0848","-76.2715","0438","08","0","0","0","0","0","0","0","0","","0","0","0","04","2","0","00","0","40 05:05.328","","00","76 16:17.272","0","0","0","0","36101","0","0","0","","0","0","0","1","36101","0","","1","07","N","N","0","","0","0","0","0","0","","0427","0","1","0","0","0","0","0","3","0","1","N","","","","","","","","","","","","10","  ","","",""
"1731","0","0","0","0","0","0","0","0","0","1","0","","36","12","2017","2018000079","7","40.0736","-76.2688","1725","08","0","0","0","0","0","0","0","0","2","0","0","0","17","4","1","00","2","40 04:24.980","4","00","76 16:07.810","4","0","0","0","36101","0","0","0","N","0","0","0","2","36101","1","","1","02","N","N","1","","0","0","1","0","0","N","1718","1","2","0","0","0","0","0","3","0","2","N","","","","","","","","","","","","03","  ","","",""
"0658","1","0","0","0","0","0","0","0","0","4","0","","36","12","2017","2018000105","5","40.0377","-76.3085","0658","08","0","0","0","0","0","0","0","0","","0","0","0","06","3","0","01","0","40 02:15.572","","00","76 18:30.512","0","0","0","0","36301","0","0","0","N","0","0","0","2","36301","0","","1","01","N","N","0","","0","0","0","3","2","","0658","0","2","0","0","0","0","0","3","1","2","N","","","","","","","","","","","","03","  ","","",""
"0648","1","0","0","0","0","0","0","0","0","7","0","","36","12","2017","2018000110","7","40.1495","-76.1767","0636","08","0","0","0","0","0","0","0","0","","0","0","0","06","5","0","00","0","40 08:49.600","","00","76 11:03.000","0","0","0","0","36238","0","0","0","N","0","0","0","1","36238","0","","3","07","N","N","0","","0","0","0","0","0","","0631","0","1","0","0","0","0","0","3","0","1","N","","","","","","","","","","","","10","  ","","",""
"1040","1","0","0","0","0","0","0","0","0","7","0","","36","12","2017","2018000116","7","40.1098","-76.2059","1031","08","0","0","0","0","0","0","0","0","","0","0","0","10","1","0","00","0","40 06:35.400","","00","76 12:21.300","0","0","0","0","36238","0","0","0","N","0","0","0","1","36238","0","","5","07","N","N","0","","0","0","0","0","0","","1025","0","1","0","0","0","0","0","3","0","1","N","","","","","","","","","","","","10","  ","","",""
"0054","0","0","0","0","0","0","0","0","0","1","2","","36","12","2017","2018000134","5","40.1728","-76.146","0050","08","0","0","0","0","0","0","0","0","3","0","2","0","00","2","0","00","2","40 10:22.034","1","00","76 08:45.752","0","0","0","0","36218","0","0","0","N","0","0","0","2","36408","0","","1","01","N","N","0","","0","0","0","0","0","Y","0050","0","2","0","0","0","0","0","1","0","2","N","","","","","","","","","","","","03","  ","","",""
"1508","1","0","0","0","0","0","0","0","0","7","0","","36","12","2017","2018000195","5","40.1387","-76.587","1454","08","0","0","0","0","1","0","0","0","3","0","0","0","14","1","0","00","1","40 08:19.469","4","07","76 35:13.156","0","0","0","0","36225","0","0","0","N","0","0","0","2","36505","0","","5","01","N","N","0","","0","0","0","0","0","N","1450","0","1","0","0","0","0","0","2","0","1","N","","","","","","","","","","","","03","  ","","",""
"0558","1","0","0","0","0","0","0","0","0","7","0","","36","12","2017","2018000198","7","40.1614","-76.4264","0551","08","0","0","0","0","0","0","0","0","1","0","0","0","05","2","0","01","1","40 09:41.171","1","00","76 25:35.080","0","0","0","0","36230","0","0","0","N","0","0","0","1","36410","0","","4","07","N","N","0","","0","0","0","0","0","Y","0551","0","1","0","0","0","0","0","1","0","1","N","","","","","","","","","","","","10","  ","","",""
"1634","1","0","0","0","0","0","0","0","0","7","0","","36","12","2017","2018000264","7","40.0387","-76.3262","1631","08","0","0","0","0","1","0","0","0","","0","0","0","16","1","0","00","0","40 02:19.250","","00","76 19:34.310","0","0","0","0","36220","0","0","0","N","0","0","0","1","36101","0","","4","07","N","N","0","","0","0","0","0","0","","1629","0","1","0","0","0","0","0","3","0","1","N","","","","","","","","","","","","03","  ","","",""
"1655","2","0","0","0","0","0","0","0","0","5","0","","36","12","2017","2018000265","7","40.0394","-76.2772","1634","08","0","0","0","0","0","0","0","0","3","0","0","0","16","4","0","00","2","40 02:21.674","5","00","76 16:37.791","0","0","0","0","36220","0","0","0","","0","0","0","2","36101","0","","1","09","N","N","0","","0","0","0","0","0","N","1634","0","2","0","0","0","0","0","3","0","2","N","","","","","","","","","","","","03","  ","","",""
"0801","0","0","0","0","0","0","0","0","0","2","0","","36","12","2017","2018000266","7","40.0625","-76.2802","0747","08","0","0","0","0","0","2","0","0","3","0","0","0","07","1","4","00","1","40 03:44.933","4","00","76 16:48.850","3","0","0","0","36101","0","0","0","","0","0","0","5","36101","3","","4","07","N","N","1","","1","0","1","0","0","N","0747","4","2","0","0","0","0","0","3","0","2","N","","","","","","","","","","","","10","  ","","",""
"1150","1","0","0","0","0","0","0","0","0","7","0","","36","12","2017","2018000267","7","40.1061","-76.2933","1142","08","0","0","0","0","0","1","0","0","2","0","0","0","11","1","0","00","1","40 06:21.829","3","00","76 17:35.817","0","0","0","0","36101","0","0","0","","0","0","0","2","36101","0","","4","07","N","N","0","","0","0","0","0","0","N","1142","0","1","0","0","0","0","0","3","0","1","N","","","","","","","","","","","","10","  ","","",""