"ARRIVAL_TM","AUTOMOBILE_COUNT","BELTED_DEATH_COUNT","BELTED_SUSP_SERIOUS_INJ_COUNT","BICYCLE_COUNT","BICYCLE_DEATH_COUNT","BICYCLE_SUSP_SERIOUS_INJ_COUNT","BUS_COUNT","CHLDPAS_DEATH_COUNT","CHLDPAS_SUSP_SERIOUS_INJ_COUNT","COLLISION_TYPE","COMM_VEH_COUNT","CONS_ZONE_SPD_LIM","COUNTY","CRASH_MONTH","CRASH_YEAR","CRN","DAY_OF_WEEK","DEC_LAT","DEC_LONG","DISPATCH_TM","DISTRICT","DRIVER_COUNT_16YR","DRIVER_COUNT_17YR","DRIVER_COUNT_18YR","DRIVER_COUNT_19YR","DRIVER_COUNT_20YR","DRIVER_COUNT_50_64YR","DRIVER_COUNT_65_74YR","DRIVER_COUNT_75PLUS","EST_HRS_CLOSED","FATAL_COUNT","HEAVY_TRUCK_COUNT","HORSE_BUGGY_COUNT","HOUR_OF_DAY","ILLUMINATION","INJURY_COUNT","INTERSECT_TYPE","LANE_CLOSED","LATITUDE","LN_CLOSE_DIR","LOCATION_TYPE","LONGITUDE","MAX_SEVERITY_LEVEL","MCYCLE_DEATH_COUNT","MCYCLE_SUSP_SERIOUS_INJ_COUNT","MOTORCYCLE_COUNT","MUNICIPALITY","NONMOTR_COUNT","NONMOTR_DEATH_COUNT","NONMOTR_SUSP_SERIOUS_INJ_COUNT","NTFY_HIWY_MAINT","PED_COUNT","PED_DEATH_COUNT","PED_SUSP_SERIOUS_INJ_COUNT","PERSON_COUNT","POLICE_AGCY","POSSIBLE_INJ_COUNT","RDWY_SURF_TYPE_CD","RELATION_TO_ROAD","ROAD_CONDITION","SCH_BUS_IND","SCH_ZONE_IND","SMALL_TRUCK_COUNT","SPEC_JURIS_CD","SUSP_MINOR_INJ_COUNT","SUSP_SERIOUS_INJ_COUNT","SUV_COUNT","TCD_FUNC_CD","TCD_TYPE","TFC_DETOUR_IND","TIME_OF_DAY","TOT_INJ_COUNT","TOTAL_UNITS","UNB_DEATH_COUNT","UNB_SUSP_SERIOUS_INJ_COUNT","UNBELTED_OCC_COUNT","UNK_INJ_DEG_COUNT","UNK_INJ_PER_COUNT","URBAN_RURAL","VAN_COUNT","VEHICLE_COUNT","WORK_ZONE_IND","WORK_ZONE_LOC","WORK_ZONE_TYPE","WORKERS_PRES","WZ_CLOSE_DETOUR","WZ_FLAGGER","WZ_LAW_OFFCR_IND","WZ_LN_CLOSURE","WZ_MOVING","WZ_OTHER","WZ_SHLDER_MDN","ROADWAY_CLEARED","WEATHER1","WEATHER2","WZ_WORKERS_INJ_KILLED","SECONDARY_CRASH","INTERSECTION_RELATED"
"0817","1","0","0","0","0","0","0","0","0","7","0","","36","12","2017","2018000268","1","40.109","-76.2467","0810","08","0","0","0","0","0","0","0","0","","0","0","0","08","1","0","00","0","40 06:32.296","","00","76 14:48.007","0","0","0","0","36101","0","0","0","","0","0","0","1","36101","0","","2","01","N","N","0","","0","0","0","0","0","","0807","0","1","0","0","0","0","0","3","0","1","N","","","","","","","","","","","","03","  ","","",""
"2059","0","0","0","1","0","1","0","0","0","1","0","","36","12","2017","2018000360","6","40.2023","-76.1157","2059","08","0","0","0","0","0","0","0","0","2","0","0","0","20","2","1","00","1","40 12:08.324","3","00","76 06:56.658","2","0","0","0","36210","1","0","1","N","0","0","0","2","36210","0","","1","01","N","N","0","","0","1","0","0","0","N","2057","1","2","0","0","0","0","1","1","0","1","N","","","","","","","","","","","","03","  ","","",""
"2204","1","0","0","0","0","0","0","0","0","9","0","","36","12","2017","2018000372","5","40.0632","-76.5815","2158","08","0","0","0","0","0","0","0","0","","0","0","0","21","2","0","00","0","40 03:47.388","","00","76 34:53.289","0","0","0","0","36211","0","0","0","N","0","0","0","1","36504","0","","1","01","N","N","0","","0","0","0","0","0","","2155","0","1","0","0","0","0","0","1","0","1","N","","","","","","","","","","","","03","  ","","",""
"2056","1","0","0","0","0","0","0","0","0","5","0","","36","12","2017","2018000377","1","40.0568","-76.5678","2050","08","0","0","0","0","0","0","0","0","3","0","0","0","20","3","0","01","2","40 03:24.598","6","00","76 34:04.112","0","0","0","0","36411","0","0","0","N","0","0","0","1","36504","0","","1","02","N","N","0","","0","0","3","0","0","Y","2049","0","4","0","0","0","0","0","1","0","4","N","","","","","","","","","","","","03","  ","","",""
"0513","2","0","0","0","0","0","0","0","0","5","0","","36","12","2017","2018000378","1","40.0417","-76.301","0512","08","0","0","0","0","0","0","0","0","1","0","0","0","05","3","0","00","1","40 02:30.000","3","00","76 18:03.500","0","0","0","0","36301","0","0","0","N","0","0","0","1","36301","0","","6","01","N","N","0","","0","0","0","0","0","N","0510","0","2","0","0","0","0","0","3","0","2","N","","","","","","","","","","","","03","  ","","",""
"1205","1","0","0","0","0","0","0","0","0","7","0","","36","12","2017","2018000437","5","40.2396","-76.0421","1146","08","0","0","0","0","0","0","0","0","","0","0","0","11","1","0","00","0","40 14:22.166","","00","76 02:32.111","0","0","0","0","36202","0","0","0","N","0","0","0","4","68J01","0","","3","01","N","N","0","","0","0","0","0","0","","1146","0","1","0","0","0","0","0","1","0","1","N","","","","","","","","","","","","03","  ","","",""
"1155","0","0","0","0","0","0","0","0","0","7","0","","36","12","2017","2018000440","7","39.9924","-76.2002","1150","08","0","0","0","0","0","0","0","0","1","0","0","0","11","1","0","00","1","39 59:32.548","1","00","76 12:00.561","0","0","0","0","36233","0","0","0","","0","0","0","1","68J01","0","","2","06","N","N","0","","0","0","0","0","0","N","1146","0","1","0","0","0","0","0","1","1","1","N","","","","","","","","","","","","03","  ","","",""
"1141","1","0","0","0","0","0","0","0","0","7","0","","36","12","2017","2018000448","7","40.114","-76.211","1136","08","0","0","0","0","0","0","0","0","1","0","0","0","11","1","1","00","1","40 06:50.444","6","00","76 12:39.545","8","0","0","0","36238","0","0","0","N","0","0","0","1","36238","0","","5","02","N","N","0","","0","0","0","0","0","N","1134","1","1","0","0","0","1","0","3","0","1","N","","","","","","","","","","","","10","  ","","",""
"1403","1","0","0","0","0","0","0","0","0","1","0","","36","12","2017","2018000477","6","40.0392","-76.0644","1351","08","0","0","0","0","0","1","0","0","2","0","0","0","13","1","0","01","1","40 02:21.008","3","00","76 03:51.801","0","0","0","0","36221","0","0","0","","0","0","0","6","68J01","0","","1","01","N","N","0","","0","0","1","0","0","N","1349","0","2","0","0","0","0","0","1","0","2","N","","","","","","","","","","","","03","  ","","",""
"1744","2","0","0","0","0","0","0","0","0","1","0","","36","12","2017","2018000480","6","39.9146","-76.2443","1744","08","0","0","0","0","0","0","0","0","","0","0","0","17","2","0","00","0","39 54:52.627","","00","76 14:39.618","0","0","0","0","36229","0","0","0","","0","0","0","4","68J01","0","","1","01","N","N","0","","0","0","1","0","0","","1739","0","3","0","0","0","0","0","1","0","3","N","","","","","","","","","","","","03","  ","","",""
"0913","0","0","0","0","0","0","0","0","0","7","0","","36","12","2017","2018000484","7","39.9672","-76.1723","0803","08","0","0","0","0","0","0","0","0","","0","0","0","08","1","0","00","0","39 58:01.840","","00","76 10:20.340","0","0","0","0","36233","0","0","0","N","0","0","0","2","68J01","0","","5","06","N","N","0","","0","0","1","0","0","","0802","0","1","0","0","0","0","0","1","0","1","N","","","","","","","","","","","","10","  ","","",""
"1353","1","0","0","0","0","0","0","0","0","9","0","","36","12","2017","2018000497","1","40.2348","-76.3114","1330","08","0","0","0","0","0","0","1","0","","0","0","0","13","1","0","00","0","40 14:05.433","","00","76 18:38.399","0","0","0","0","36217","0","0","0","","0","0","0","1","68T06","0","","1","01","N","N","0","","0","0","0","0","0","","1325","0","1","0","0","0","0","0","1","0","1","N","","","","","","","","","","","","03","  ","","",""
"1132","2","0","0","0","0","0","0","0","0","4","0","","36","12","2017","2018000525","1","40.0087","-76.343","1130","08","0","0","0","0","0","0","0","0","2","0","0","0","11","1","0","01","1","40 00:31.485","3","00","76 20:34.745","0","0","0","0","36412","0","0","0","N","0","0","0","2","36412","0","","1","01","N","N","0","","0","0","0","3","2","Y","1130","0","2","0","0","0","0","0","3","0","2","N","","","","","","","","","","","","03","  ","","",""
"1417","2","0","0","0","0","0","0","0","0","1","0","","36","12","2017","2018000621","2","40.1463","-76.0324","1409","08","0","0","0","0","0","1","0","0","1","0","0","0","14","1","1","00","1","40 08:46.530","1","00","76 01:56.703","4","0","0","0","36213","0","0","0","N","0","0","0","5","36213","1","","1","01","N","N","0","","0","0","0","0","0","N","1405","1","2","0","0","0","0","0","1","0","2","N","","","","","","","","","","","","03","  ","","",""
"1748","2","0","0","0","0","0","0","0","0","1","0","","36","12","2017","2018000687","4","40.0705","-76.3175","1743","08","0","0","0","0","0","1","0","0","2","0","0","0","17","3","1","00","1","40 04:13.841","4","00","76 19:02.970","4","0","0","0","36101","0","0","0","","0","0","0","2","36101","1","","1","01","N","N","0","","0","0","0","0","0","N","1741","1","2","0","0","0","0","0","3","0","2","N","","","","","","","","","","","","03","  ","","",""
"0553","0","0","0","0","0","0","0","0","0","7","0","","36","12","2017","2018000765","5","39.9766","-76.0338","0539","08","0","0","0","0","0","0","0","0","2","0","0","0","05","2","0","00","1","39 58:35.680","4","00","76 02:01.850","9","0","0","0","36231","0","0","0","N","0","0","0","1","68J01","0","","4","07","N","N","1","","0","0","0","0","0","N","0529","0","1","0","0","0","0","1","1","0","1","N","","","","","","","","","","","","10","  ","","",""
"1637","0","0","0","0","0","0","0","0","0","7","0","","36","12","2017","2018000769","6","40.21","-76.0396","1635","08","0","0","0","0","0","1","0","0","","0","0","0","16","2","0","00","0","40 12:35.960","","00","76 02:22.083","0","0","0","0","36202","0","0","0","","0","0","0","1","68T06","0","","4","09","N","N","0","","0","0","0","0","0","","1635","0","1","0","0","0","0","0","1","1","1","N","","","","","","","","","","","","10","  ","","",""
"1704","1","0","0","0","0","0","0","0","0","7","0","","36","12","2017","2018000849","7","40.2231","-76.4183","1650","08","0","0","0","1","0","0","0","0","","0","0","0","16","4","0","00","0","40 13:22.861","","00","76 25:04.273","0","0","0","0","36227","0","0","0","","0","0","0","1","68T06","0","","3","09","N","N","0","","0","0","0","0","0","","1650","0","1","0","0","0","0","0","1","0","1","N","","","","","","","","","","","","03","  ","","",""
"1708","1","0","0","0","0","0","0","0","0","7","0","","36","12","2017","2018000938","7","39.9793","-76.2317","1700","08","0","0","0","0","0","0","0","1","","0","0","0","17","2","1","00","0","39 58:45.500","","00","76 13:54.200","8","0","0","0","36240","0","0","0","N","0","0","0","1","36240","0","","4","09","N","N","0","","0","0","0","0","0","","1700","1","1","0","0","0","1","0","1","0","1","N","","","","","","","","","","","","10","  ","","",""
"0105","1","0","0","0","0","0","0","0","0","6","0","","36","12","2017","2018000958","5","40.049","-76.3059","0043","08","0","0","0","0","0","0","0","0","1","0","0","0","00","3","0","00","1","40 02:56.465","4","00","76 18:21.212","9","0","0","0","36301","0","0","0","N","0","0","0","1","36301","0","","6","01","N","N","0","","0","0","1","0","0","N","0041","0","2","0","0","0","0","1","3","0","2","N","","","","","","","","","","","","03","  ","","",""
"0222","1","0","0","0","0","0","0","0","0","4","0","","36","12","2017","2018000960","6","40.0435","-76.298","0220","08","0","0","0","0","0","0","0","0","1","0","0","0","02","3","0","01","1","40 02:36.501","4","00","76 17:52.632","9","0","0","0","36301","0","0","0","N","0","0","0","1","36301","0","","2","01","N","N","0","","0","0","1","0","0","N","0217","0","2","0","0","0","0","1","3","0","2","N","","","","","","","","","","","","03","  ","","",""
"1558","2","0","0","0","0","0","0","0","0","5","0","","36","12","2017","2018001025","5","40.0309","-76.3243","1554","08","0","0","0","1","0","0","0","0","1","0","0","0","14","1","0","00","2","40 01:51.230","2","00","76 19:27.580","0","0","0","0","36220","1","0","0","N","0","0","0","2","36101","0","","6","01","N","N","0","","0","0","0","0","0","Y","1453","0","2","0","0","0","0","0","3","0","2","N","","","","","","","","","","","","03","  ","","",""
"2149","0","0","0","0","0","0","0","0","0","4","0","","36","12","2017","2018001026","6","40.0569","-76.3112","2144","08","0","0","0","0","0","1","0","0","","0","0","0","21","3","0","01","0","40 03:24.706","","00","76 18:40.172","0","0","0","0","36101","0","0","0","","0","0","0","3","36101","0","","1","09","N","N","0","","0","0","1","3","2","","2142","0","2","0","0","0","0","0","3","1","2","N","","","","","","","","","","","","07","  ","","",""
"1358","3","0","0","0","0","0","0","0","0","1","0","","36","12","2017","2018001027","4","40.0914","-76.3039","1356","08","0","0","0","0","0","0","0","0","2","0","0","0","13","1","0","00","1","40 05:29.201","2","00","76 18:13.997","0","0","0","0","36101","0","0","0","","0","0","0","8","36101","0","","1","01","N","N","0","","0","0","0","0","0","N","1354","0","3","0","0","0","0","0","3","0","3","N","","","","","","","","","","","","03","  ","","",""
"1333","2","0","0","0","0","0","0","0","0","1","0","","36","12","2017","2018001028","5","40.0961","-76.305","1330","08","0","0","0","0","0","0","0","0","","0","0","0","13","1","2","00","0","40 05:45.898","","00","76 18:17.983","4","0","0","0","36101","0","0","0","","0","0","0","3","36101","2","","1","01","N","N","0","","0","0","0","0","0","","1326","2","2","0","0","0","0","0","3","0","2","N","","","","","","","","","","","","03","  ","","",""
"2330","0","0","0","0","0","0","0","0","0","7","0","","36","12","2017","2018001029","7","40.0454","-76.2486","2323","08","0","0","0","1","0","0","0","0","1","0","0","0","23","3","2","00","1","40 02:43.420","4","00","76 14:54.791","4","0","0","0","36215","0","0","0","","0","0","0","2","36215","1","","4","07","N","N","0","","0","0","2","0","0","N","2323","2","2","0","0","1","1","0","1","0","2","N","","","","","","","","","","","","10","  ","","",""
"2237","0","0","0","0","0","0","0","0","0","7","0","","36","12","2017","2018001030","4","40.0874","-76.2475","2230","08","0","0","0","0","0","0","0","0","2","0","0","0","22","2","0","00","2","40 05:14.557","6","00","76 14:50.863","0","0","0","0","36234","0","0","0","","0","0","0","1","36215","0","","4","07","N","N","0","","0","0","1","0","0","N","2230","0","1","0","0","0","0","0","1","0","1","N","","","","","","","","","","","","10","  ","","",""
"0931","0","0","0","0","0","0","0","0","0","4","0","","36","12","2017","2018001031","5","40.031","-76.2354","0928","08","0","0","0","0","0","2","0","0","2","0","0","0","09","1","0","01","1","40 01:50.123","3","00","76 14:03.641","0","0","0","0","36215","0","0","0","","0","0","0","3","36215","0","","1","01","N","N","0","","0","0","2","3","2","N","0927","0","2","0","0","0","0","0","1","0","2","N","","","","","","","","","","","","03","  ","","",""
"1932","0","0","0","0","0","0","0","0","0","4","0","","36","12","2017","2018001032","2","40.0306","-76.2343","1926","08","0","0","0","0","0","1","0","0","","0","0","0","19","3","1","01","0","40 01:50.123","","00","76 14:03.641","4","0","0","0","36215","0","0","0","N","0","0","0","3","36215","1","","1","01","N","N","0","","0","0","1","3","2","","1924","1","2","0","0","0","0","0","1","1","2","N","","","","","","","","","","","","03","  ","","",""
"0242","1","0","0","0","0","0","0","0","0","7","0","","36","12","2017","2018001033","3","40.0319","-76.2398","0242","08","0","0","0","1","0","0","0","0","","0","0","0","02","3","0","10","0","40 01:54.765","","07","76 14:23.331","0","0","0","0","36215","0","0","0","","0","0","0","1","36215","0","","5","01","N","N","0","","0","0","0","0","0","","0242","0","1","0","0","0","0","0","1","0","1","N","","","","","","","","","","","","03","  ","","",""
"1628","2","0","0","0","0","0","1","0","1","4","1","","36","12","2017","2018001034","3","40.0327","-76.2431","1626","08","0","0","0","1","0","1","0","0","2","0","0","0","16","1","7","02","2","40 01:58.021","7","02","76 14:34.844","2","0","0","0","36215","0","0","0","N","0","0","0","15","36215","5","","1","01","N","N","0","","0","1","0","3","2","Y","1626","7","3","0","0","0","1","0","1","0","3","N","","","","","","","","","","","","03","  ","","",""
"1753","1","0","0","0","0","0","0","0","0","7","0","","36","12","2017","2018001035","4","40.0776","-76.2587","1737","08","0","0","0","0","0","1","0","0","2","0","0","0","17","3","0","02","1","40 04:39.294","3","00","76 15:31.416","0","0","0","0","36215","0","0","0","","0","0","0","3","36215","0","","5","01","N","N","0","","0","0","1","3","3","N","1737","0","2","0","0","0","0","0","1","0","2","N","","","","","","","","","","","","03","  ","","",""
"1536","2","0","0","0","0","0","0","0","0","1","0","","36","12","2017","2018001036","3","40.0397","-76.2154","1531","08","0","0","0","0","0","2","0","0","2","0","0","0","15","1","0","00","2","40 02:22.900","6","00","76 12:55.304","0","0","0","0","36215","0","0","0","","0","0","0","4","36215","0","","1","01","N","N","0","","0","0","1","0","0","N","1531","0","4","0","0","0","0","0","1","1","4","N","","","","","","","","","","","","03","  ","","",""
"1553","1","0","0","0","0","0","0","0","0","7","0","","36","12","2017","2018001037","3","40.0154","-76.1573","1542","08","0","0","0","0","0","0","0","0","1","0","0","0","15","1","1","00","1","40 00:55.573","3","00","76 09:26.220","4","0","0","0","36215","0","0","0","","0","0","0","1","36215","1","","4","01","N","N","0","","0","0","0","0","0","N","1541","1","1","0","0","0","0","0","1","0","1","N","","","","","","","","","","","","03","  ","","",""
"0519","0","0","0","0","0","0","0","0","0","9","0","","36","12","2017","2018001038","4","40.0737","-76.1482","0514","08","0","0","0","0","0","0","0","0","1","0","0","0","05","2","0","00","2","40 04:25.390","6","00","76 08:53.440","0","0","0","0","36234","0","0","0","N","0","0","0","1","36215","0","","1","01","N","N","0","","0","0","1","0","0","Y","0511","0","1","0","0","0","0","0","1","0","1","N","","","","","","","","","","","","03","  ","","",""
"1605","0","0","0","0","0","0","0","0","0","1","0","","36","12","2017","2018001039","6","40.0342","-76.2424","1600","08","0","0","0","0","0","0","0","0","2","0","0","0","15","1","2","07","2","40 02:03.087","3","02","76 14:32.709","4","0","0","0","36215","0","0","0","","0","0","0","4","36215","2","","1","01","N","N","1","","0","0","1","0","0","N","1558","2","2","0","0","0","0","0","1","0","2","N","","","","","","","","","","","","03","  ","","",""
"1708","2","0","0","0","0","0","0","0","0","4","0","","36","12","2017","2018001040","7","40.0279","-76.2237","1708","08","0","0","0","0","0","0","0","0","2","0","0","0","17","3","3","02","1","40 01:40.475","3","00","76 13:25.360","4","0","0","0","36215","0","0","0","","0","0","0","5","36215","3","","1","09","N","N","0","","0","0","0","0","0","N","1705","3","2","0","0","0","0","0","1","0","2","N","","","","","","","","","","","","03","  ","","",""
"0955","0","0","0","0","0","0","0","0","0","7","0","","36","12","2017","2018001204","2","40.2032","-76.1883","0950","08","0","0","1","0","0","0","0","0","2","0","0","0","09","1","0","00","2","40 12:11.500","6","00","76 11:17.800","0","0","0","0","36218","0","0","0","N","0","0","0","2","36408","0","","4","02","N","N","0","","0","0","1","0","0","Y","0945","0","1","0","0","0","0","0","1","0","1","N","","","","","","","","","","","","07","  ","","",""
"1119","2","0","0","0","0","0","0","0","0","4","0","","36","12","2017","2018001265","1","40.0404","-76.3132","1117","08","0","0","0","0","0","0","0","0","1","0","0","0","11","1","1","01","1","40 02:25.530","7","00","76 18:47.429","3","0","0","0","36301","0","0","0","N","0","0","0","2","36301","0","","1","06","N","N","0","","1","0","0","3","2","Y","1114","1","2","0","0","0","0","0","3","0","2","N","","","","","","","","","","","","03","  ","","",""
"2027","0","0","0","0","0","0","0","0","0","5","0","","36","12","2017","2018001309","2","40.1086","-76.518","2022","08","0","0","0","0","0","0","0","0","","0","0","0","20","3","0","00","0","40 06:31.067","","00","76 31:04.685","0","0","0","0","36413","0","0","0","N","0","0","0","1","36413","0","","4","09","N","N","2","","0","0","0","0","0","","2020","0","2","0","0","1","0","0","2","0","2","N","","","","","","","","","","","","07","  ","","",""
"1254","1","0","0","0","0","0","0","0","0","4","0","","36","12","2017","2018001342","1","39.8925","-76.1631","1252","08","0","0","0","0","1","0","0","0","2","0","0","0","12","1","2","01","2","39 53:33.066","7","00","76 09:47.087","3","0","0","0","36416","0","0","0","N","0","0","0","3","36416","1","","1","01","N","N","0","","1","0","1","3","2","Y","1250","2","2","0","0","2","0","0","1","0","2","N","","","","","","","","","","","","03","  ","","",""
"1714","1","0","0","0","0","0","0","0","0","4","0","","36","12","2017","2018001377","1","40.1903","-76.1787","1711","08","0","0","0","1","0","0","0","1","","0","0","0","16","4","0","02","0","40 11:30.968","","00","76 10:34.993","0","0","0","0","36218","0","0","0","N","0","0","0","3","36408","0","","1","01","N","N","0","","0","0","1","3","2","","1659","0","2","0","0","1","0","0","1","0","2","N","","","","","","","","","","","","03","  ","","",""
"1330","2","0","0","0","0","0","0","0","0","1","0","","36","12","2017","2018001432","5","40.072","-76.334","1326","08","0","0","0","0","0","1","0","0","","0","0","0","13","1","1","01","0","40 04:19.279","","00","76 20:03.125","4","0","0","0","36101","0","0","0","","0","0","0","3","36101","1","","1","01","N","N","0","","0","0","0","3","2","","1325","1","2","0","0","0","0","0","3","0","2","N","","","","","","","","","","","","03","  ","","",""
"0530","1","0","0","0","0","0","0","0","0","7","0","","36","12","2017","2018001620","6","40.0537","-76.2612","0522","08","0","0","0","0","0","0","0","0","2","0","0","0","05","2","0","00","1","40 03:13.402","1","00","76 15:40.480","0","0","0","0","36301","0","0","0","N","0","0","0","2","36301","0","","2","01","N","N","0","","0","0","0","0","0","N","0508","0","1","0","0","0","0","0","3","0","1","N","","","","","","","","","","","","03","  ","","",""
"1340","0","0","0","0","0","0","0","0","0","7","0","","36","12","2017","2018001664","1","39.7715","-76.0713","1314","08","0","0","0","0","0","0","1","0","","0","0","0","13","1","0","00","0","39 46:17.224","","00","76 04:16.859","0","0","0","0","36222","0","0","0","","0","0","0","1","68J01","0","","5","01","N","N","0","","0","0","0","0","0","","1313","0","1","0","0","0","0","0","1","1","1","N","","","","","","","","","","","","03","  ","","",""
"1030","0","0","0","0","0","0","0","0","0","7","0","","36","12","2017","2018001685","7","40.0575","-76.3983","1030","08","0","0","0","0","0","0","1","0","2","0","0","0","10","1","0","01","1","40 03:26.963","4","00","76 23:53.840","0","0","0","0","36214","0","0","0","","0","0","0","1","36214","0","","4","07","N","N","0","","0","0","1","3","2","N","1030","0","1","0","0","0","0","0","3","0","1","N","","","","","","","","","","","","10","  ","","",""
"1313","0","0","1","0","0","0","0","0","0","4","0","","36","12","2017","2018001693","7","39.8201","-76.3209","1302","08","0","0","0","1","0","0","0","0","3","0","0","0","12","1","5","00","2","39 49:12.268","6","03","76 19:15.138","2","0","0","0","36224","0","0","0","","0","0","0","5","68J01","2","","1","02","N","N","1","","2","1","1","3","8","Y","1256","5","2","0","0","0","0","0","1","0","2","N","","","","","","","","","","","","10","  ","","",""
"2318","2","0","0","0","0","0","0","0","0","1","0","","36","12","2017","2018001702","7","40.2196","-76.2586","2258","08","0","0","0","0","0","1","0","0","","0","0","0","22","2","0","00","0","40 13:10.702","","00","76 15:30.823","0","0","0","0","36217","0","0","0","N","0","0","0","5","68J01","0","","1","01","N","N","0","","0","0","0","0","0","","2243","0","2","0","0","0","0","0","1","0","2","N","","","","","","","","","","","","03","  ","","",""
"0518","1","0","0","0","0","0","0","0","0","7","0","","36","12","2017","2018001743","1","40.2231","-76.4183","0501","08","0","0","0","0","0","0","0","0","2","0","0","0","05","2","1","00","1","40 13:23.534","4","00","76 25:07.838","8","0","0","0","36227","0","0","0","","0","0","0","1","68T06","0","","4","02","N","N","0","","0","0","0","0","0","N","0501","1","1","0","0","0","1","0","1","0","1","N","","","","","","","","","","","","03","  ","","",""
"0737","1","0","0","0","0","0","0","0","0","0","0","","36","12","2017","2018001899","7","40.2299","-76.1971","0715","08","0","0","1","0","0","0","0","0","2","0","0","0","06","2","0","00","1","40 13:47.600","3","00","76 11:49.500","0","0","0","0","36236","0","0","0","N","0","0","0","1","36408","0","","4","07","N","N","0","","0","0","0","0","0","N","0655","0","1","0","0","0","0","0","1","0","1","N","","","","","","","","","","","","10","  ","","",""
"1628","0","0","0","0","0","0","0","0","0","4","0","","36","12","2017","2018001916","1","40.1774","-76.5906","1623","08","0","0","1","0","0","0","0","0","2","0","0","0","16","4","0","00","1","40 10:38.796","1","07","76 35:26.103","0","0","0","0","36225","0","0","0","N","0","0","0","5","36505","0","","1","01","N","N","0","","0","0","2","0","0","N","1620","0","2","0","0","0","0","0","2","0","2","N","","","","","","","","","","","","03","  ","","",""
"1940","1","0","0","0","0","0","0","0","0","1","0","","36","11","2017","2018002036","5","39.9928","-76.0767","1935","08","0","0","0","0","0","0","0","0","2","0","0","1","19","2","4","00","2","39 59:34.200","5","00","76 04:36.180","3","0","0","0","36226","4","0","0","N","0","0","0","5","68J01","0","","1","01","N","N","0","","4","0","0","0","0","Y","1923","4","2","0","0","0","0","0","1","0","1","N","","","","","","","","","","","","03","  ","","",""
"0155","0","0","0","0","0","0","0","0","0","7","0","","36","12","2017","2018002053","5","39.9813","-76.2039","0121","08","0","0","0","0","0","0","0","0","","0","0","0","01","3","1","00","0","39 58:52.640","","00","76 12:13.989","8","0","0","0","36233","0","0","0","N","0","0","0","2","68J01","0","","4","02","N","N","1","","0","0","0","0","0","","0119","1","1","0","0","0","1","0","1","0","1","N","","","","","","","","","","","","10","  ","","",""
"0424","2","0","0","0","0","0","0","0","0","5","0","","36","12","2017","2018002165","1","40.1813","-76.1755","0419","08","0","0","0","0","0","0","0","0","1","0","0","0","04","3","0","00","1","40 10:52.577","2","00","76 10:31.642","9","0","0","0","36408","0","0","0","N","0","0","0","1","36408","0","","6","01","N","N","0","","0","0","1","0","0","N","0414","0","3","0","0","0","0","1","2","0","3","N","","","","","","","","","","","","03","  ","","",""
"1954","2","0","0","0","0","0","0","0","0","2","0","","36","12","2017","2018002235","5","40.0431","-76.3284","1945","08","0","0","0","1","0","0","0","0","2","0","0","0","19","3","0","01","2","40 02:35.307","6","00","76 19:42.329","0","0","0","0","36220","0","0","0","","0","0","0","4","36101","0","","1","01","N","N","0","","0","0","0","3","2","Y","1943","0","2","0","0","0","0","0","3","0","2","N","","","","","","","","","","","","03","  ","","",""
"1904","0","0","0","0","0","0","0","0","0","8","0","","36","12","2017","2018002236","5","40.1161","-76.2993","1900","08","0","0","0","0","0","0","0","0","2","0","0","0","18","2","1","00","1","40 06:57.880","3","00","76 17:57.590","2","0","0","0","36101","1","0","1","N","1","0","1","2","36101","0","","1","01","N","N","0","","0","1","1","0","0","N","1858","1","2","0","0","0","0","0","3","0","1","N","","","","","","","","","","","","03","  ","","",""
"1331","0","0","0","0","0","0","0","0","0","1","0","","36","12","2017","2018002238","5","40.0393","-76.1929","1326","08","0","0","0","0","0","0","0","0","","0","0","0","13","1","2","00","0","40 02:21.300","","00","76 11:34.330","4","0","0","0","36215","0","0","0","N","0","0","0","3","36215","2","","1","01","N","N","0","","0","0","2","0","0","","1324","2","2","0","0","0","0","0","1","0","2","N","","","","","","","","","","","","03","  ","","",""
"0032","0","0","0","0","0","0","0","0","0","7","0","","36","12","2017","2018002566","7","39.7361","-76.1292","0026","08","0","0","0","0","0","1","0","0","","0","0","0","23","2","0","00","0","39 44:09.990","","00","76 07:45.200","0","0","0","0","36219","0","0","0","N","0","0","0","1","68J01","0","","4","06","N","N","0","","0","0","0","0","0","","2346","0","1","0","0","0","0","0","1","1","1","N","","","","","","","","","","","","03","  ","","",""
"2146","2","0","0","0","0","0","0","0","0","5","0","","36","12","2017","2018002736","6","40.0366","-76.355","2141","08","0","0","1","0","0","0","0","0","","0","0","0","21","3","0","00","0","40 02:11.690","","00","76 21:18.090","0","0","0","0","36223","0","0","0","N","0","0","0","1","36223","0","","6","01","N","N","0","","0","0","0","0","0","","2140","0","2","0","0","0","0","0","1","0","2","N","","","","","","","","","","","","03","  ","","",""
"0643","0","0","0","0","0","0","0","0","0","5","0","","36","12","2017","2018002737","1","40.0287","-76.3611","0641","08","0","0","0","0","0","1","0","0","2","0","0","0","06","6","0","00","1","40 01:43.359","1","00","76 21:40.026","0","0","0","0","36223","0","0","0","","0","0","0","2","36223","0","","1","02","N","N","0","","0","0","2","0","0","N","0640","0","2","0","0","0","0","0","1","0","2","N","","","","","","","","","","","","98","  ","","",""