"ARRIVAL_TM","AUTOMOBILE_COUNT","BELTED_DEATH_COUNT","BELTED_SUSP_SERIOUS_INJ_COUNT","BICYCLE_COUNT","BICYCLE_DEATH_COUNT","BICYCLE_SUSP_SERIOUS_INJ_COUNT","BUS_COUNT","CHLDPAS_DEATH_COUNT","CHLDPAS_SUSP_SERIOUS_INJ_COUNT","COLLISION_TYPE","COMM_VEH_COUNT","CONS_ZONE_SPD_LIM","COUNTY","CRASH_MONTH","CRASH_YEAR","CRN","DAY_OF_WEEK","DEC_LAT","DEC_LONG","DISPATCH_TM","DISTRICT","DRIVER_COUNT_16YR","DRIVER_COUNT_17YR","DRIVER_COUNT_18YR","DRIVER_COUNT_19YR","DRIVER_COUNT_20YR","DRIVER_COUNT_50_64YR","DRIVER_COUNT_65_74YR","DRIVER_COUNT_75PLUS","EST_HRS_CLOSED","FATAL_COUNT","HEAVY_TRUCK_COUNT","HORSE_BUGGY_COUNT","HOUR_OF_DAY","ILLUMINATION","INJURY_COUNT","INTERSECT_TYPE","LANE_CLOSED","LATITUDE","LN_CLOSE_DIR","LOCATION_TYPE","LONGITUDE","MAX_SEVERITY_LEVEL","MCYCLE_DEATH_COUNT","MCYCLE_SUSP_SERIOUS_INJ_COUNT","MOTORCYCLE_COUNT","MUNICIPALITY","NONMOTR_COUNT","NONMOTR_DEATH_COUNT","NONMOTR_SUSP_SERIOUS_INJ_COUNT","NTFY_HIWY_MAINT","PED_COUNT","PED_DEATH_COUNT","PED_SUSP_SERIOUS_INJ_COUNT","PERSON_COUNT","POLICE_AGCY","POSSIBLE_INJ_COUNT","RDWY_SURF_TYPE_CD","RELATION_TO_ROAD","ROAD_CONDITION","SCH_BUS_IND","SCH_ZONE_IND","SMALL_TRUCK_COUNT","SPEC_JURIS_CD","SUSP_MINOR_INJ_COUNT","SUSP_SERIOUS_INJ_COUNT","SUV_COUNT","TCD_FUNC_CD","TCD_TYPE","TFC_DETOUR_IND","TIME_OF_DAY","TOT_INJ_COUNT","TOTAL_UNITS","UNB_DEATH_COUNT","UNB_SUSP_SERIOUS_INJ_COUNT","UNBELTED_OCC_COUNT","UNK_INJ_DEG_COUNT","UNK_INJ_PER_COUNT","URBAN_RURAL","VAN_COUNT","VEHICLE_COUNT","WORK_ZONE_IND","WORK_ZONE_LOC","WORK_ZONE_TYPE","WORKERS_PRES","WZ_CLOSE_DETOUR","WZ_FLAGGER","WZ_LAW_OFFCR_IND","WZ_LN_CLOSURE","WZ_MOVING","WZ_OTHER","WZ_SHLDER_MDN","ROADWAY_CLEARED","WEATHER1","WEATHER2","WZ_WORKERS_INJ_KILLED","SECONDARY_CRASH","INTERSECTION_RELATED"
"0906","0","0","0","0","0","0","0","0","0","7","0","","36","12","2017","2018002794","7","40.1553","-76.1562","0857","08","0","0","0","0","0","1","0","0","","0","0","0","08","1","2","00","0","40 09:19.174","","00","76 09:22.217","8","0","0","0","36238","0","0","0","Y","0","0","0","5","36238","0","","4","07","N","N","1","","0","0","0","0","0","","0854","2","1","0","0","0","2","0","3","0","1","N","","","","","","","","","","","","10","  ","","",""
"0856","2","0","0","0","0","0","0","0","0","4","0","","36","12","2017","2018002817","4","40.0522","-76.3084","0846","08","0","0","0","0","0","0","0","0","","0","0","0","08","1","0","01","0","40 03:07.752","","00","76 18:30.128","0","0","0","0","36301","0","0","0","N","0","0","0","2","36301","0","","1","01","N","N","0","","0","0","0","3","2","","0844","0","2","0","0","0","0","0","3","0","2","N","","","","","","","","","","","","03","  ","","",""
"0545","0","0","0","0","0","0","0","0","0","2","0","","36","12","2017","2018002913","4","39.9819","-76.2498","0537","08","0","0","0","0","0","1","0","0","2","0","0","0","05","2","1","00","2","39 58:54.734","5","00","76 14:59.156","3","0","0","0","36240","0","0","0","N","0","0","0","2","36240","0","","1","01","N","N","1","","1","0","1","0","0","Y","0536","1","2","0","0","0","0","0","1","0","2","N","","","","","","","","","","","","03","  ","","",""
"1109","1","0","0","0","0","0","0","0","0","6","0","","36","12","2017","2018002991","7","40.122","-75.9146","1100","08","0","0","0","0","0","1","0","0","1","0","0","0","10","1","2","00","2","40 07:19.082","1","00","75 54:52.671","3","0","0","0","36203","0","0","0","","0","0","0","3","68J03","0","","1","07","N","N","1","","1","0","0","0","0","N","1055","2","2","0","0","0","1","0","1","0","2","N","","","","","","","","","","","","10","  ","","",""
"1410","2","0","0","0","0","0","0","0","0","4","0","","36","12","2017","2018003083","4","40.034","-76.3295","1403","08","0","0","0","0","0","1","1","0","","0","0","0","13","1","0","01","0","40 02:02.454","","00","76 19:46.124","0","0","0","0","36220","0","0","0","N","0","0","0","2","36101","0","","1","01","N","N","0","","0","0","0","3","3","","1335","0","2","0","0","0","0","0","3","0","2","N","","","","","","","","","","","","03","  ","","",""
"1710","0","0","0","0","0","0","0","0","0","5","1","","36","12","2017","2018003084","5","40.0635","-76.3402","1700","08","0","0","1","0","0","0","0","0","","0","1","0","16","3","0","00","0","40 03:48.424","","00","76 20:24.720","0","0","0","0","36101","0","0","0","N","0","0","0","3","36101","0","","1","01","N","N","0","","0","0","1","0","0","","1655","0","2","0","0","0","0","0","3","0","2","N","","","","","","","","","","","","03","  ","","",""
"2110","1","0","0","0","0","0","0","0","0","1","0","","36","12","2017","2018003447","7","40.0691","-76.624","2105","08","0","0","1","0","0","0","0","0","","0","0","0","21","2","0","00","0","40 04:08.933","","00","76 37:26.326","0","0","0","0","36211","0","0","0","N","0","0","0","2","36504","0","","1","07","N","N","1","","0","0","0","0","0","","2100","0","2","0","0","0","0","0","1","0","2","N","","","","","","","","","","","","10","  ","","",""
"1921","2","0","0","0","0","0","0","0","0","2","0","","36","12","2017","2018003454","7","40.0776","-76.5542","1913","08","1","0","0","0","0","0","0","0","2","0","0","0","19","6","2","00","2","40 04:39.393","6","00","76 33:14.959","8","0","0","0","36211","0","0","0","N","0","0","0","2","36504","0","","1","07","N","N","0","","0","0","0","0","0","Y","1913","2","2","0","0","0","2","0","1","0","2","N","","","","","","","","","","","","10","  ","","",""
"1223","1","0","0","0","0","0","0","0","0","1","0","","36","09","2017","2018003782","5","40.0434","-76.3288","1214","08","0","0","0","0","0","0","0","0","","0","0","0","12","1","0","00","0","40 02:36.193","","00","76 19:43.804","0","0","0","0","36220","0","0","0","","0","0","0","2","36101","0","","1","01","N","N","0","","0","0","1","3","2","","1212","0","2","0","0","0","0","0","3","0","2","N","","","","","","","","","","","","03","  ","","",""
"1729","1","0","0","0","0","0","0","0","0","4","0","","36","10","2017","2018003783","2","40.0606","-76.2768","1725","08","0","0","0","0","0","0","1","0","","0","0","0","17","1","1","01","0","40 03:38.397","","08","76 16:37.303","4","0","0","0","36101","0","0","0","N","0","0","0","4","36101","1","","1","01","N","N","0","","0","0","1","3","2","","1722","1","2","0","0","0","0","3","3","0","2","N","","","","","","","","","","","","03","  ","","",""
"1814","0","0","0","0","0","0","0","0","0","7","0","","36","12","2017","2018003974","1","40.1969","-76.4193","1810","08","0","0","1","0","0","0","0","0","4","1","0","0","18","2","3","00","2","40 11:48.994","5","00","76 25:09.491","1","0","0","0","36230","0","0","0","N","0","0","0","4","36410","2","2","4","01","N","N","0","0","0","1","1","0","0","Y","1807","3","1","1","1","2","0","0","1","0","1","N","","","","","","","","","","","","03","  ","","",""
"1810","2","0","0","0","0","0","0","0","0","1","0","","36","12","2017","2018003986","7","40.0476","-76.2953","1804","08","0","0","0","0","0","0","0","0","1","0","0","0","18","3","0","00","1","40 02:51.230","3","00","76 17:42.945","0","0","0","0","36301","0","0","0","N","0","0","0","2","36301","0","","1","06","N","N","0","","0","0","0","0","0","N","1804","0","2","0","0","0","0","0","3","0","2","N","","","","","","","","","","","","10","  ","","",""
"1000","1","0","0","0","0","0","0","0","0","5","1","","36","12","2017","2018004125","5","40.1011","-76.4173","0956","08","0","0","0","0","0","0","0","0","2","0","1","0","09","1","0","00","2","40 06:03.997","4","00","76 25:02.434","0","0","0","0","36214","0","0","0","N","0","0","0","4","36214","0","","1","01","N","N","0","","0","0","1","0","0","Y","0952","0","4","0","0","0","0","0","3","1","4","N","","","","","","","","","","","","03","  ","","",""
"0425","2","0","0","0","0","0","0","0","0","1","0","","36","12","2017","2018004126","4","40.0475","-76.3629","0421","08","0","0","0","0","0","1","0","0","1","0","0","0","04","3","1","01","2","40 02:50.996","1","00","76 21:46.341","4","0","0","0","36214","0","0","0","","0","0","0","2","36214","1","","1","01","N","N","0","","0","0","0","3","2","N","0419","1","2","0","0","0","0","0","3","0","2","N","","","","","","","","","","","","03","  ","","",""
"0022","1","0","0","0","0","0","0","0","0","1","0","","36","12","2017","2018004127","7","40.0754","-76.4112","0020","08","0","0","0","0","0","0","0","0","1","0","0","0","00","2","0","00","1","40 04:31.360","3","00","76 24:40.250","0","0","0","0","36214","0","0","0","N","0","0","0","1","36214","0","","6","01","N","N","0","","0","0","1","0","0","N","0018","0","2","0","0","0","0","0","3","0","2","N","","","","","","","","","","","","03","  ","","",""
"0230","1","0","0","0","0","0","0","0","0","1","0","","36","12","2017","2018004128","7","40.0518","-76.3967","0222","08","0","0","0","1","0","0","0","0","","0","0","0","02","2","0","00","0","40 03:06.605","","00","76 23:48.126","0","0","0","0","36214","0","0","0","","0","0","0","2","36214","0","","1","01","N","N","0","","0","0","0","0","0","","0213","0","2","0","0","0","0","0","3","0","2","N","","","","","","","","","","","","03","  ","","",""
"0158","1","0","0","0","0","0","0","0","0","7","0","","36","12","2017","2018004130","3","40.0398","-76.3897","0154","08","0","0","0","0","0","0","0","0","","0","0","0","01","3","1","02","0","40 02:23.315","","07","76 23:22.812","4","0","0","0","36223","0","0","0","N","0","0","0","1","36223","1","","4","01","N","N","0","","0","0","0","0","0","","0151","1","1","0","0","1","0","0","1","0","1","N","","","","","","","","","","","","03","  ","","",""
"2234","1","0","0","0","0","0","0","0","0","2","0","","36","12","2017","2018004449","5","40.091","-76.347","2233","08","0","0","0","0","0","1","0","0","2","0","0","0","22","2","2","00","2","40 05:27.730","5","00","76 20:49.259","4","0","0","0","36406","0","0","0","","0","0","0","2","36101","2","","1","01","N","N","0","","0","0","1","0","0","Y","2230","2","2","0","0","0","0","0","3","0","2","N","","","","","","","","","","","","03","  ","","",""
"1717","1","0","0","0","0","0","0","0","0","1","0","","36","12","2017","2018004791","4","40.0653","-76.3357","1714","08","0","0","0","0","0","0","0","0","","0","0","0","16","3","0","00","0","40 03:55.140","","00","76 20:08.616","0","0","0","0","36301","0","0","0","N","0","0","0","3","36301","0","","1","01","N","N","0","","0","0","1","0","0","","1642","0","2","0","0","0","0","0","3","0","2","N","","","","","","","","","","","","03","  ","","",""
"1828","0","0","0","0","0","0","0","0","0","1","0","","36","12","2017","2018004903","3","39.9808","-76.0126","1811","08","0","0","0","0","0","0","1","0","","0","0","0","18","2","1","00","0","39 58:50.957","","00","76 00:45.419","3","0","0","0","36231","0","0","0","","0","0","0","4","68J01","0","","1","01","N","N","1","","1","0","1","0","0","","1808","1","3","0","0","0","0","0","1","1","3","N","","","","","","","","","","","","03","  ","","",""
"2123","1","0","0","0","0","0","0","0","0","2","0","","36","12","2017","2018004907","4","40.0118","-76.1048","2109","08","0","0","0","0","0","0","1","1","3","0","0","0","21","2","3","00","2","40 00:42.344","5","03","76 06:17.196","4","0","0","0","36226","0","0","0","","0","0","0","4","68J01","3","","1","01","N","N","0","","0","0","1","3","8","Y","2107","3","2","0","0","1","0","0","1","0","2","N","","","","","","","","","","","","03","  ","","",""
"1246","2","0","0","0","0","0","0","0","0","4","0","","36","12","2017","2018005336","4","40.1161","-76.4503","1235","08","0","0","0","0","0","2","0","0","1","0","0","0","12","1","1","01","1","40 06:57.990","2","02","76 27:01.135","8","0","0","0","36230","0","0","0","N","0","0","0","3","36410","0","","1","01","N","N","0","","0","0","0","3","3","N","1235","1","2","0","0","0","1","0","1","0","2","N","","","","","","","","","","","","03","  ","","",""
"1936","1","0","0","0","0","0","0","0","0","7","0","","36","12","2017","2018005362","1","40.1857","-76.4599","1932","08","0","0","0","1","0","0","0","0","1","0","0","0","19","2","1","00","1","40 11:08.594","4","00","76 27:35.772","8","0","0","0","36230","0","0","0","N","0","0","0","1","36410","0","","4","07","N","N","0","","0","0","0","0","0","Y","1932","1","1","0","0","0","1","0","1","0","1","N","","","","","","","","","","","","10","  ","","",""
"1402","0","0","0","0","0","0","0","0","0","7","0","","36","12","2017","2018005846","7","40.0563","-76.2556","1358","08","0","0","0","0","0","1","0","0","","0","0","0","13","1","0","00","0","40 03:22.800","","00","76 15:20.000","0","0","0","0","36215","0","0","0","N","0","0","0","1","36215","0","","4","01","N","N","0","","0","0","0","0","0","","1356","0","1","0","0","0","0","0","1","1","1","N","","","","","","","","","","","","03","  ","","",""
"1651","1","0","0","0","0","0","0","0","0","7","0","","36","12","2017","2018005847","6","40.0365","-76.2581","1646","08","0","0","0","0","0","0","0","0","2","0","0","0","16","1","0","00","1","40 02:11.420","3","00","76 15:29.285","0","0","0","0","36215","0","0","0","","0","0","0","1","36215","0","","2","01","N","N","0","","0","0","0","0","0","N","1645","0","1","0","0","0","0","0","1","0","1","N","","","","","","","","","","","","03","  ","","",""
"1326","2","0","0","0","0","0","0","0","0","1","0","","36","12","2017","2018005848","1","40.0233","-76.1971","1314","08","0","0","0","0","0","0","0","0","","0","0","0","13","1","3","00","0","40 01:23.809","","00","76 11:49.592","8","0","0","0","36215","0","0","0","","0","0","0","5","36215","0","","1","01","N","N","0","","0","0","0","0","0","","1314","3","2","0","0","0","3","0","1","0","2","N","","","","","","","","","","","","03","  ","","",""
"0523","0","0","0","0","0","0","0","0","0","1","1","","36","12","2017","2018007250","6","40.0052","-76.1066","0512","08","0","0","0","0","0","0","0","0","2","0","1","0","05","2","1","00","2","40 00:18.589","3","00","76 06:23.810","3","0","0","0","36226","0","0","0","N","0","0","0","2","68J01","0","","1","01","N","N","1","","1","0","0","3","2","N","0502","1","2","0","0","0","0","0","1","0","2","N","","","","","","","","","","","","03","  ","","",""
"1108","1","0","0","0","0","0","0","0","0","6","0","","36","12","2017","2018007263","7","40.0649","-76.0197","1046","08","0","0","0","0","0","0","0","0","2","0","0","0","10","1","0","00","1","40 03:53.614","6","00","76 01:10.942","0","0","0","0","36232","0","0","0","N","0","0","0","4","68J01","0","","1","06","N","N","1","","0","0","0","0","0","Y","1045","0","2","0","0","0","0","0","1","0","2","N","","","","","","","","","","","","10","  ","","",""
"1526","0","0","0","0","0","0","0","0","0","7","0","","36","12","2017","2018007458","1","40.1864","-76.4595","1521","08","0","0","0","1","0","0","0","0","2","0","0","0","15","1","0","00","2","40 11:11.021","3","00","76 27:34.168","0","0","0","0","36230","0","0","0","","0","0","0","1","36410","0","","5","07","N","N","1","","0","0","0","0","0","N","1518","0","1","0","0","0","0","0","1","0","1","N","","","","","","","","","","","","03","  ","","",""
"0134","0","0","1","0","0","0","0","0","0","7","0","","36","12","2017","2018007776","6","40.0465","-76.3348","0131","08","0","0","0","0","0","0","0","0","2","0","0","0","01","2","1","00","2","40 02:47.309","6","00","76 20:05.151","2","0","0","0","36220","0","0","0","","0","0","0","1","36101","0","","5","01","N","N","0","","0","1","1","0","0","Y","0131","1","1","0","0","0","0","0","3","0","1","N","","","","","","","","","","","","03","  ","","",""
"1431","1","0","1","0","0","0","0","0","0","7","1","","36","12","2017","2018007777","7","40.0706","-76.3179","1429","08","0","0","0","0","0","1","0","0","","0","1","0","14","1","1","03","0","40 04:14.038","","00","76 19:04.413","2","0","0","0","36101","0","0","0","Y","0","0","0","5","36101","0","","3","09","N","N","0","","0","1","0","0","0","","1424","1","2","0","0","0","0","0","3","0","2","N","","","","","","","","","","","","10","  ","","",""
"1400","0","0","0","0","0","0","0","0","0","7","1","","36","11","2017","2018007789","3","39.8199","-76.1979","1351","08","0","0","0","0","0","0","0","0","3","0","1","0","13","1","2","00","2","39 49:11.553","7","00","76 11:52.613","2","0","0","0","36212","0","0","0","","0","0","0","2","68J01","0","","4","01","N","N","0","","1","1","0","0","0","Y","1351","2","1","0","1","2","0","0","1","0","1","N","","","","","","","","","","","","03","  ","","",""
"1526","0","0","0","0","0","0","0","0","0","7","0","","36","11","2017","2018007790","4","40.029","-75.999","1512","08","0","0","0","0","0","0","0","0","2","0","0","0","15","1","1","00","1","40 01:44.497","2","00","75 59:56.344","2","0","1","1","36232","0","0","0","N","0","0","0","1","68J01","0","","4","01","N","N","0","","0","1","0","0","0","N","1510","1","1","0","0","0","0","0","1","0","1","N","","","","","","","","","","","","03","  ","","",""
"0331","1","0","0","0","0","0","0","0","0","7","0","","36","12","2017","2018007792","6","40.1333","-75.9647","0305","08","0","0","0","0","0","0","0","0","2","0","0","0","03","2","2","02","1","40 07:59.728","3","00","75 57:52.783","3","0","0","0","36203","0","0","0","N","0","0","0","2","68J01","1","","4","09","N","N","0","","1","0","0","3","3","N","0303","2","1","0","0","1","0","0","1","0","1","N","","","","","","","","","","","","05","  ","","",""
"1434","0","0","0","0","0","0","0","0","0","7","0","","36","12","2017","2018007806","5","39.913","-76.1875","1426","08","0","0","0","0","0","0","1","0","2","0","0","0","14","1","1","00","2","39 54:46.630","5","00","76 11:14.856","3","0","0","0","36229","0","0","0","N","0","0","0","1","68J01","0","","4","01","N","N","0","","1","0","1","0","0","Y","1400","1","1","0","0","0","0","0","1","0","1","N","","","","","","","","","","","","03","  ","","",""
"0708","2","1","0","0","0","0","0","0","0","5","1","","36","12","2017","2018007946","5","40.0413","-76.4806","0703","08","0","0","0","0","0","1","0","0","6","1","1","0","07","5","1","00","2","40 02:28.601","6","00","76 28:50.253","1","0","0","0","36239","0","0","0","N","0","0","0","4","36239","0","2","1","01","N","N","0","0","1","0","0","0","0","Y","0703","1","4","0","0","0","0","0","3","1","4","N","","","","","","","","","","","","03","  ","","",""
"1345","0","0","0","0","0","0","0","0","0","1","0","90","36","12","2017","2018007961","6","40.0494","-76.4574","1341","08","0","0","0","0","0","1","0","0","2","0","0","0","13","1","0","00","2","40 02:57.785","2","00","76 27:26.685","0","0","0","0","36239","0","0","0","N","0","0","0","3","36239","0","","1","01","N","N","1","","0","0","1","3","7","N","1339","0","3","0","0","0","0","0","3","1","3","Y","4","3","Y","","Y","N","Y","","","Y","","03","  ","","",""
"1637","2","0","0","0","0","0","0","0","0","4","0","","36","12","2017","2018008192","4","40.2124","-76.1288","1635","08","0","0","0","0","0","0","2","0","","0","0","0","16","1","0","01","0","40 12:49.356","","00","76 07:35.127","0","0","0","0","36210","0","0","0","N","0","0","0","3","36210","0","","1","01","N","N","0","","0","0","0","3","2","","1633","0","2","0","0","1","0","0","1","0","2","N","","","","","","","","","","","","03","  ","","",""
"2200","1","0","0","0","0","0","0","0","0","4","0","","36","12","2017","2018008211","1","40.0326","-76.3123","2154","08","0","0","0","0","0","0","0","0","","0","0","0","21","3","0","01","0","40 01:57.478","","00","76 18:44.412","0","0","0","0","36301","0","0","0","N","0","0","0","3","36301","0","","1","09","N","N","0","","0","0","1","3","3","","2154","0","2","0","0","0","0","0","3","0","2","N","","","","","","","","","","","","07","  ","","",""
"1952","0","0","0","0","0","0","0","0","0","8","0","","36","12","2017","2018008230","4","40.0406","-76.3111","1952","08","0","0","0","0","0","0","0","0","","0","0","0","17","1","1","01","0","40 02:26.239","","00","76 18:39.805","3","0","0","0","36301","1","0","0","N","1","0","0","2","36301","0","","1","98","N","N","0","","1","0","0","0","0","","1710","1","2","0","0","0","0","1","3","0","1","N","","","","","","","","","","","","99","  ","","",""
"1121","0","0","0","0","0","0","0","0","0","4","0","","36","12","2017","2018008899","4","39.9593","-76.0996","1115","08","0","0","0","0","0","0","0","0","","0","0","0","11","1","0","01","0","39 57:33.444","","00","76 05:58.443","0","0","0","0","36226","0","0","0","","0","0","0","9","68J01","0","","1","01","N","N","0","","0","0","0","3","3","","1112","0","2","0","0","0","0","0","1","2","2","N","","","","","","","","","","","","03","  ","","",""
"0650","0","0","0","0","0","0","0","0","0","7","0","","36","12","2017","2018008901","3","39.7766","-76.1521","0617","08","0","0","0","0","0","0","0","1","2","0","0","0","06","3","0","00","1","39 46:35.667","3","00","76 09:07.728","0","0","0","0","36219","0","0","0","N","0","0","0","1","68J01","0","","4","01","N","N","0","","0","0","1","0","0","N","0607","0","1","0","0","0","0","0","1","0","1","N","","","","","","","","","","","","03","  ","","",""
"0914","1","0","0","0","0","0","0","0","0","2","0","","36","12","2017","2018010256","2","40.201","-76.4958","0901","08","0","0","0","0","0","2","0","0","1","0","0","0","09","1","1","00","2","40 12:03.738","5","00","76 29:44.856","8","0","0","0","36230","0","0","0","N","0","0","0","2","36410","0","","1","01","N","N","1","","0","0","0","0","0","Y","0901","1","2","0","0","0","1","0","1","0","2","N","","","","","","","","","","","","03","  ","","",""
"0930","0","0","0","0","0","0","0","0","0","5","0","","36","12","2017","2018011565","7","40.0505","-76.2956","0925","08","0","0","0","0","0","0","0","0","","0","0","0","03","3","0","00","0","40 03:01.800","","00","76 17:44.100","9","0","0","0","36301","0","0","0","N","0","0","0","1","36301","0","","6","01","N","N","1","","0","0","0","0","0","N","0300","0","2","0","0","0","0","1","3","0","2","N","","","","","","","","","","","","03","  ","","",""
"0204","0","0","0","0","0","0","0","0","0","7","0","","36","11","2017","2018012271","7","40.2504","-76.3064","0135","08","0","0","0","1","0","0","0","0","","0","0","0","01","2","0","00","0","40 15:01.532","","00","76 18:22.913","0","0","0","0","36217","0","0","0","","0","0","0","1","68J01","0","","2","01","N","N","1","","0","0","0","0","0","","0135","0","1","0","0","0","0","0","1","0","1","N","","","","","","","","","","","","03","  ","","",""
"1020","1","0","0","0","0","0","0","0","0","7","1","","36","12","2017","2018012275","1","40.1722","-75.9744","0958","08","0","0","0","0","0","0","0","0","","0","0","0","09","1","0","00","0","40 10:19.513","","00","75 58:29.761","0","0","0","0","36202","0","0","0","","0","0","0","4","68T06","0","","4","01","N","N","1","","0","0","0","0","0","","0957","0","2","0","0","0","0","0","1","0","2","N","","","","","","","","","","","","03","  ","","",""
"0849","1","0","0","0","0","0","0","0","0","6","1","","36","12","2017","2018012374","1","40.0603","-76.4676","0839","08","0","0","0","0","0","1","0","0","2","0","1","0","08","1","0","00","2","40 03:37.100","5","00","76 28:03.200","0","0","0","0","36239","0","0","0","N","0","0","0","3","36239","0","","1","02","N","N","0","","0","0","0","0","0","Y","0839","0","2","0","0","1","0","0","3","0","2","N","","","","","","","","","","","","03","  ","","",""
"1222","1","0","0","0","0","0","0","0","0","4","0","","36","12","2017","2018012528","7","39.8825","-76.2489","1216","08","0","0","1","0","0","0","0","0","","0","0","0","12","1","0","01","0","39 52:56.875","","00","76 14:56.203","0","0","0","0","36229","0","0","0","N","0","0","0","2","68J01","0","","1","07","N","N","1","","0","0","0","0","0","","1203","0","2","0","0","0","0","0","1","0","2","N","","","","","","","","","","","","10","  ","","",""
"1310","1","0","0","0","0","0","0","0","0","6","1","","36","12","2017","2018013919","7","40.1055","-76.2496","1259","08","0","0","0","0","0","0","0","0","1","0","1","0","12","1","1","00","2","40 06:19.890","4","00","76 14:58.390","8","0","0","0","36101","0","0","0","N","0","0","0","2","36101","0","","1","09","N","N","0","","0","0","0","0","0","N","1257","1","2","0","0","0","1","0","3","0","2","N","","","","","","","","","","","","03","  ","","",""
"1658","2","0","0","0","0","0","0","0","0","1","0","","36","12","2017","2018013920","7","40.076","-76.2649","1650","08","0","0","0","0","0","1","0","0","1","0","0","0","16","4","3","00","1","40 04:33.549","3","00","76 15:53.647","4","0","0","0","36101","0","0","0","N","0","0","0","5","36101","3","","1","01","N","N","0","","0","0","1","3","2","N","1648","3","3","0","0","0","0","0","3","0","3","N","","","","","","","","","","","","03","  ","","",""
"1916","0","0","0","0","0","0","0","0","0","4","0","","36","12","2017","2018014354","7","39.9436","-76.0526","1916","08","0","0","0","0","0","0","0","0","3","0","0","0","19","2","0","00","2","39 56:36.980","7","00","76 03:09.181","9","0","0","0","36231","5","0","0","N","0","0","0","8","68J01","0","","4","07","N","N","1","","0","0","1","0","0","Y","1916","0","2","0","0","2","0","5","1","0","2","N","","","","","","","","","","","","10","  ","","",""
"0737","2","0","0","0","0","0","0","0","0","4","0","","36","11","2017","2018017874","7","40.0698","-76.3168","0732","08","0","0","0","0","0","2","0","0","1","0","0","0","07","1","0","01","1","40 04:11.336","1","00","76 19:00.464","0","0","0","0","36101","0","0","0","N","0","0","0","2","36101","0","","1","01","N","N","0","","0","0","0","3","2","N","0721","0","2","0","0","0","0","0","3","0","2","N","","","","","","","","","","","","03","  ","","",""
"0040","1","0","0","0","0","0","0","0","0","7","0","","36","12","2017","2018019367","6","40.0226","-75.9857","0020","08","0","0","0","0","0","0","0","0","","0","0","0","00","2","1","00","0","40 01:21.380","","00","75 59:08.640","8","0","0","0","36232","0","0","0","N","0","0","0","1","68J01","0","","5","01","N","N","0","","0","0","0","0","0","","0017","1","1","0","0","0","1","0","1","0","1","N","","","","","","","","","","","","03","  ","","",""
"0850","2","0","0","0","0","0","0","0","0","1","0","","36","11","2017","2018019970","3","40.1542","-76.1287","0843","08","0","0","0","0","0","0","0","0","1","0","0","0","08","1","0","00","1","40 09:15.068","4","00","76 07:43.447","0","0","0","0","36218","0","0","0","N","0","0","0","4","36408","0","","1","01","N","N","0","","0","0","0","0","0","N","0843","0","2","0","0","0","0","0","1","0","2","N","","","","","","","","","","","","03","  ","","",""
"1225","2","0","0","0","0","0","0","0","0","4","0","","36","01","2017","2018020831","1","40.1711","-76.394","1215","08","2","0","0","0","0","0","0","0","","0","0","0","12","1","0","00","0","40 10:16.130","","07","76 23:38.430","0","0","0","0","36410","0","0","0","N","0","0","0","4","36410","0","","1","02","N","Y","0","","0","0","0","3","3","","1200","0","2","0","0","0","0","0","2","0","2","N","","","","","","","","","","","","09","  ","","",""
"0312","1","0","0","0","0","0","0","0","0","7","0","","36","11","2017","2018025395","7","40.1852","-76.1695","0310","08","0","0","0","0","0","0","0","0","2","0","0","0","03","3","0","00","1","40 11:06.594","1","00","76 10:10.146","0","0","0","0","36408","0","0","0","N","0","0","0","1","36408","0","","5","01","N","N","0","","0","0","0","0","0","N","0309","0","1","0","0","0","0","0","2","0","1","N","","","","","","","","","","","","03","  ","","",""
"2005","2","0","0","0","0","0","0","0","0","5","0","","36","11","2017","2018031148","4","40.0772","-76.3377","2005","08","0","0","0","0","0","0","0","0","","0","0","0","19","3","0","06","0","40 04:37.954","","02","76 20:15.551","0","0","0","0","36101","0","0","0","N","0","0","0","3","68J01","0","","1","01","N","N","0","","0","0","0","3","4","","1957","0","2","0","0","2","0","0","3","0","2","N","","","","","","","","","","","","03","  ","","",""
"9999","1","0","0","0","0","0","0","0","0","1","0","","36","07","2017","2018035309","7","40.04","-76.1234","9999","08","0","0","1","0","0","1","0","0","","0","0","0","16","1","0","00","0","40 02:23.895","","00","76 07:24.267","0","0","0","0","36221","0","0","0","N","0","0","0","2","00000","0","","1","09","N","N","1","","0","0","0","0","0","","1610","0","2","0","0","0","0","0","1","0","2","N","","","","","","","","","","","","07","  ","","",""
"","0","0","0","0","0","0","0","0","0","1","0","","36","11","2017","2018038046","1","40.1811","-76.6051","","08","0","0","0","0","0","1","0","0","","0","0","0","08","1","1","00","0","40 10:52.092","","00","76 36:18.412","4","0","0","0","36407","0","0","0","N","0","0","0","2","00000","1","","1","01","N","N","0","","0","0","1","0","0","","0815","1","2","0","0","0","0","0","2","0","2","N","","","","","","","","","","","","03","  ","","",""
"","0","0","0","0","0","0","0","0","0","4","0","","36","12","2017","2018039958","7","40.0386","-76.1734","","08","0","0","0","0","0","1","1","0","","0","0","0","18","3","0","01","0","40 02:18.836","","00","76 10:24.111","0","0","0","0","36221","0","0","0","N","0","0","0","2","00000","0","","1","01","N","N","0","","0","0","1","3","2","","1845","0","2","0","0","0","0","0","1","0","2","N","","","","","","","","","","","","03","  ","","",""